1 done chncxr resnet50 CHNCXR_0006_0 rise_budget_256 seed=3 1.12s
2 done chncxr resnet50 CHNCXR_0006_0 rise_budget_2048 seed=3 9.77s
3 done chncxr resnet50 CHNCXR_0006_0 lime_budget_2048 seed=4 4.94s
4 done chncxr resnet50 CHNCXR_0006_0 kernel_shap_budget_2048 seed=4 5.13s
5 done chncxr resnet50 CHNCXR_0006_0 lime_budget_2048 seed=0 4.86s
6 done chncxr resnet50 CHNCXR_0006_0 lime_budget_512 seed=0 1.31s
7 done chncxr resnet50 CHNCXR_0006_0 kernel_shap_budget_1024 seed=4 2.26s
8 done chncxr resnet50 CHNCXR_0006_0 kernel_shap_budget_1024 seed=0 2.25s
9 done chncxr resnet50 CHNCXR_0006_0 rise_budget_2048 seed=2 10.52s
10 done chncxr resnet50 CHNCXR_0006_0 lime_budget_256 seed=4 0.83s
11 done chncxr resnet50 CHNCXR_0006_0 rise_budget_1024 seed=0 5.28s
12 done chncxr resnet50 CHNCXR_0006_0 lime_budget_1024 seed=3 2.59s
13 done chncxr resnet50 CHNCXR_0006_0 rise_budget_1024 seed=2 4.76s
14 done chncxr resnet50 CHNCXR_0006_0 rise_budget_1024 seed=1 5.59s
15 done chncxr resnet50 CHNCXR_0006_0 kernel_shap_budget_1024 seed=2 2.29s
16 done chncxr resnet50 CHNCXR_0006_0 kernel_shap_budget_512 seed=2 1.14s
17 done chncxr resnet50 CHNCXR_0006_0 kernel_shap_budget_256 seed=2 0.57s
18 done chncxr resnet50 CHNCXR_0006_0 rise_budget_256 seed=2 1.11s
19 done chncxr resnet50 CHNCXR_0006_0 rise_budget_512 seed=4 2.19s
20 done chncxr resnet50 CHNCXR_0006_0 kernel_shap_budget_2048 seed=0 4.51s
21 done chncxr resnet50 CHNCXR_0006_0 lime_budget_2048 seed=2 4.97s
22 done chncxr resnet50 CHNCXR_0006_0 kernel_shap_budget_256 seed=4 0.63s
23 done chncxr resnet50 CHNCXR_0006_0 lime_budget_1024 seed=2 2.23s
24 done chncxr resnet50 CHNCXR_0006_0 kernel_shap_budget_2048 seed=2 4.66s
25 done chncxr resnet50 CHNCXR_0006_0 rise_budget_256 seed=1 1.33s
26 done chncxr resnet50 CHNCXR_0006_0 kernel_shap_budget_1024 seed=3 2.49s
27 done chncxr resnet50 CHNCXR_0006_0 kernel_shap_budget_256 seed=1 0.70s
28 done chncxr resnet50 CHNCXR_0006_0 kernel_shap_budget_512 seed=3 1.17s
29 done chncxr resnet50 CHNCXR_0006_0 rise_budget_2048 seed=1 10.60s
30 done chncxr resnet50 CHNCXR_0006_0 kernel_shap_budget_512 seed=4 1.18s
31 done chncxr resnet50 CHNCXR_0006_0 kernel_shap_budget_512 seed=0 1.24s
32 done chncxr resnet50 CHNCXR_0006_0 lime_budget_256 seed=1 0.62s
33 done chncxr resnet50 CHNCXR_0006_0 lime_budget_512 seed=3 1.28s
34 done chncxr resnet50 CHNCXR_0006_0 rise_budget_512 seed=2 2.54s
35 done chncxr resnet50 CHNCXR_0006_0 kernel_shap_budget_256 seed=3 0.72s
36 done chncxr resnet50 CHNCXR_0006_0 kernel_shap_budget_256 seed=0 0.61s
37 done chncxr resnet50 CHNCXR_0006_0 kernel_shap_budget_2048 seed=1 4.86s
38 done chncxr resnet50 CHNCXR_0006_0 lime_budget_2048 seed=1 5.03s
39 done chncxr resnet50 CHNCXR_0006_0 rise_budget_2048 seed=4 10.15s
40 done chncxr resnet50 CHNCXR_0006_0 lime_budget_1024 seed=1 2.57s
41 done chncxr resnet50 CHNCXR_0006_0 lime_budget_512 seed=2 1.26s
42 done chncxr resnet50 CHNCXR_0006_0 lime_budget_1024 seed=4 2.47s
43 done chncxr resnet50 CHNCXR_0006_0 rise_budget_1024 seed=4 4.81s
44 done chncxr resnet50 CHNCXR_0006_0 lime_budget_256 seed=3 0.59s
45 done chncxr resnet50 CHNCXR_0006_0 kernel_shap_budget_2048 seed=3 4.78s
46 done chncxr resnet50 CHNCXR_0006_0 kernel_shap_budget_512 seed=1 1.20s
47 done chncxr resnet50 CHNCXR_0006_0 lime_budget_2048 seed=3 4.95s
48 done chncxr resnet50 CHNCXR_0006_0 rise_budget_1024 seed=3 4.71s
49 done chncxr resnet50 CHNCXR_0006_0 rise_budget_2048 seed=0 10.16s
50 done chncxr resnet50 CHNCXR_0006_0 rise_budget_512 seed=3 2.68s
51 done chncxr resnet50 CHNCXR_0006_0 rise_budget_512 seed=0 2.47s
52 done chncxr resnet50 CHNCXR_0006_0 lime_budget_256 seed=2 0.61s
53 done chncxr resnet50 CHNCXR_0006_0 rise_budget_512 seed=1 2.29s
54 done chncxr resnet50 CHNCXR_0006_0 lime_budget_512 seed=4 1.18s
55 done chncxr resnet50 CHNCXR_0006_0 lime_budget_256 seed=0 0.55s
56 done chncxr resnet50 CHNCXR_0006_0 kernel_shap_budget_1024 seed=1 2.27s
57 done chncxr resnet50 CHNCXR_0006_0 rise_budget_256 seed=0 1.26s
58 done chncxr resnet50 CHNCXR_0006_0 ablation_default seed=None 0.16s
59 done chncxr resnet50 CHNCXR_0006_0 lime_budget_1024 seed=0 2.40s
60 done chncxr resnet50 CHNCXR_0006_0 lime_budget_512 seed=1 1.29s
61 done chncxr resnet50 CHNCXR_0006_0 rise_budget_256 seed=4 1.19s
62 done chncxr resnet50 CHNCXR_0011_0 kernel_shap_budget_1024 seed=4 2.30s
63 done chncxr resnet50 CHNCXR_0011_0 lime_budget_256 seed=2 0.71s
64 done chncxr resnet50 CHNCXR_0011_0 kernel_shap_budget_2048 seed=2 4.60s
65 done chncxr resnet50 CHNCXR_0011_0 lime_budget_512 seed=0 1.32s
66 done chncxr resnet50 CHNCXR_0011_0 rise_budget_1024 seed=4 5.17s
67 done chncxr resnet50 CHNCXR_0011_0 ablation_default seed=None 0.16s
68 done chncxr resnet50 CHNCXR_0011_0 rise_budget_256 seed=2 1.33s
69 done chncxr resnet50 CHNCXR_0011_0 rise_budget_2048 seed=1 9.67s
70 done chncxr resnet50 CHNCXR_0011_0 rise_budget_256 seed=1 1.15s
71 done chncxr resnet50 CHNCXR_0011_0 kernel_shap_budget_2048 seed=3 4.91s
72 done chncxr resnet50 CHNCXR_0011_0 lime_budget_512 seed=1 1.32s
73 done chncxr resnet50 CHNCXR_0011_0 kernel_shap_budget_1024 seed=0 2.37s
74 done chncxr resnet50 CHNCXR_0011_0 lime_budget_256 seed=1 0.68s
75 done chncxr resnet50 CHNCXR_0011_0 rise_budget_2048 seed=2 10.07s
76 done chncxr resnet50 CHNCXR_0011_0 rise_budget_1024 seed=2 5.16s
77 done chncxr resnet50 CHNCXR_0011_0 lime_budget_1024 seed=3 2.55s
78 done chncxr resnet50 CHNCXR_0011_0 rise_budget_256 seed=3 1.32s
79 done chncxr resnet50 CHNCXR_0011_0 lime_budget_512 seed=4 1.26s
80 done chncxr resnet50 CHNCXR_0011_0 rise_budget_512 seed=0 2.51s
81 done chncxr resnet50 CHNCXR_0011_0 rise_budget_512 seed=2 2.36s
82 done chncxr resnet50 CHNCXR_0011_0 rise_budget_1024 seed=3 3.50s
83 done chncxr resnet50 CHNCXR_0011_0 rise_budget_1024 seed=0 4.40s
84 done chncxr resnet50 CHNCXR_0011_0 kernel_shap_budget_512 seed=2 1.24s
85 done chncxr resnet50 CHNCXR_0011_0 lime_budget_256 seed=3 0.63s
86 done chncxr resnet50 CHNCXR_0011_0 lime_budget_512 seed=2 1.44s
87 done chncxr resnet50 CHNCXR_0011_0 lime_budget_512 seed=3 1.57s
88 done chncxr resnet50 CHNCXR_0011_0 lime_budget_2048 seed=2 5.26s
89 done chncxr resnet50 CHNCXR_0011_0 lime_budget_2048 seed=4 4.85s
90 done chncxr resnet50 CHNCXR_0011_0 kernel_shap_budget_512 seed=1 1.27s
91 done chncxr resnet50 CHNCXR_0011_0 rise_budget_2048 seed=0 10.87s
92 done chncxr resnet50 CHNCXR_0011_0 kernel_shap_budget_256 seed=4 0.62s
93 done chncxr resnet50 CHNCXR_0011_0 rise_budget_256 seed=4 1.16s
94 done chncxr resnet50 CHNCXR_0011_0 lime_budget_256 seed=0 0.57s
95 done chncxr resnet50 CHNCXR_0011_0 kernel_shap_budget_256 seed=2 0.57s
96 done chncxr resnet50 CHNCXR_0011_0 lime_budget_1024 seed=2 2.28s
97 done chncxr resnet50 CHNCXR_0011_0 rise_budget_512 seed=3 2.27s
98 done chncxr resnet50 CHNCXR_0011_0 rise_budget_1024 seed=1 4.16s
99 done chncxr resnet50 CHNCXR_0011_0 lime_budget_2048 seed=1 4.69s
100 done chncxr resnet50 CHNCXR_0011_0 rise_budget_2048 seed=3 10.60s
101 done chncxr resnet50 CHNCXR_0011_0 kernel_shap_budget_512 seed=4 1.32s
102 done chncxr resnet50 CHNCXR_0011_0 lime_budget_1024 seed=1 2.40s
103 done chncxr resnet50 CHNCXR_0011_0 lime_budget_2048 seed=3 4.70s
104 done chncxr resnet50 CHNCXR_0011_0 rise_budget_256 seed=0 1.50s
105 done chncxr resnet50 CHNCXR_0011_0 lime_budget_1024 seed=4 2.45s
106 done chncxr resnet50 CHNCXR_0011_0 kernel_shap_budget_2048 seed=1 5.04s
107 done chncxr resnet50 CHNCXR_0011_0 kernel_shap_budget_256 seed=0 0.62s
108 done chncxr resnet50 CHNCXR_0011_0 kernel_shap_budget_1024 seed=2 2.33s
109 done chncxr resnet50 CHNCXR_0011_0 kernel_shap_budget_2048 seed=4 4.54s
110 done chncxr resnet50 CHNCXR_0011_0 kernel_shap_budget_1024 seed=3 2.46s
111 done chncxr resnet50 CHNCXR_0011_0 rise_budget_512 seed=1 2.68s
112 done chncxr resnet50 CHNCXR_0011_0 kernel_shap_budget_512 seed=3 1.23s
113 done chncxr resnet50 CHNCXR_0011_0 lime_budget_1024 seed=0 2.49s
114 done chncxr resnet50 CHNCXR_0011_0 kernel_shap_budget_256 seed=1 0.64s
115 done chncxr resnet50 CHNCXR_0011_0 kernel_shap_budget_2048 seed=0 4.94s
116 done chncxr resnet50 CHNCXR_0011_0 rise_budget_512 seed=4 2.85s
117 done chncxr resnet50 CHNCXR_0011_0 lime_budget_256 seed=4 0.80s
118 done chncxr resnet50 CHNCXR_0011_0 lime_budget_2048 seed=0 4.60s
119 done chncxr resnet50 CHNCXR_0011_0 kernel_shap_budget_512 seed=0 1.19s
120 done chncxr resnet50 CHNCXR_0011_0 kernel_shap_budget_256 seed=3 0.62s
121 done chncxr resnet50 CHNCXR_0011_0 kernel_shap_budget_1024 seed=1 2.43s
122 done chncxr resnet50 CHNCXR_0011_0 rise_budget_2048 seed=4 10.20s
123 done chncxr resnet50 CHNCXR_0019_0 lime_budget_2048 seed=2 4.48s
124 done chncxr resnet50 CHNCXR_0019_0 kernel_shap_budget_512 seed=4 1.21s
125 done chncxr resnet50 CHNCXR_0019_0 rise_budget_512 seed=2 2.72s
126 done chncxr resnet50 CHNCXR_0019_0 lime_budget_256 seed=2 0.74s
127 done chncxr resnet50 CHNCXR_0019_0 kernel_shap_budget_1024 seed=1 2.52s
128 done chncxr resnet50 CHNCXR_0019_0 rise_budget_512 seed=0 1.90s
129 done chncxr resnet50 CHNCXR_0019_0 rise_budget_2048 seed=4 10.49s
130 done chncxr resnet50 CHNCXR_0019_0 rise_budget_1024 seed=4 5.07s
131 done chncxr resnet50 CHNCXR_0019_0 lime_budget_1024 seed=2 2.78s
132 done chncxr resnet50 CHNCXR_0019_0 rise_budget_1024 seed=0 5.03s
133 done chncxr resnet50 CHNCXR_0019_0 rise_budget_2048 seed=1 9.95s
134 done chncxr resnet50 CHNCXR_0019_0 kernel_shap_budget_2048 seed=3 5.05s
135 done chncxr resnet50 CHNCXR_0019_0 kernel_shap_budget_256 seed=1 0.83s
136 done chncxr resnet50 CHNCXR_0019_0 rise_budget_2048 seed=2 10.10s
137 done chncxr resnet50 CHNCXR_0019_0 rise_budget_1024 seed=1 5.50s
138 done chncxr resnet50 CHNCXR_0019_0 lime_budget_1024 seed=1 2.33s
139 done chncxr resnet50 CHNCXR_0019_0 kernel_shap_budget_1024 seed=3 2.22s
140 done chncxr resnet50 CHNCXR_0019_0 lime_budget_512 seed=1 1.09s
141 done chncxr resnet50 CHNCXR_0019_0 rise_budget_1024 seed=3 4.44s
142 done chncxr resnet50 CHNCXR_0019_0 lime_budget_256 seed=4 0.64s
143 done chncxr resnet50 CHNCXR_0019_0 lime_budget_2048 seed=3 4.50s
144 done chncxr resnet50 CHNCXR_0019_0 kernel_shap_budget_256 seed=2 0.56s
145 done chncxr resnet50 CHNCXR_0019_0 kernel_shap_budget_2048 seed=4 4.72s
146 done chncxr resnet50 CHNCXR_0019_0 kernel_shap_budget_512 seed=1 1.24s
147 done chncxr resnet50 CHNCXR_0019_0 lime_budget_1024 seed=4 2.59s
148 done chncxr resnet50 CHNCXR_0019_0 lime_budget_256 seed=3 0.84s
149 done chncxr resnet50 CHNCXR_0019_0 lime_budget_512 seed=2 1.31s
150 done chncxr resnet50 CHNCXR_0019_0 rise_budget_256 seed=0 1.29s
151 done chncxr resnet50 CHNCXR_0019_0 kernel_shap_budget_2048 seed=1 4.93s
152 done chncxr resnet50 CHNCXR_0019_0 kernel_shap_budget_1024 seed=0 2.36s
153 done chncxr resnet50 CHNCXR_0019_0 rise_budget_2048 seed=0 10.24s
154 done chncxr resnet50 CHNCXR_0019_0 kernel_shap_budget_256 seed=3 0.63s
155 done chncxr resnet50 CHNCXR_0019_0 lime_budget_512 seed=3 1.47s
156 done chncxr resnet50 CHNCXR_0019_0 lime_budget_1024 seed=0 2.56s
157 done chncxr resnet50 CHNCXR_0019_0 kernel_shap_budget_1024 seed=4 2.47s
158 done chncxr resnet50 CHNCXR_0019_0 kernel_shap_budget_512 seed=3 1.39s
159 done chncxr resnet50 CHNCXR_0019_0 kernel_shap_budget_256 seed=0 0.62s
160 done chncxr resnet50 CHNCXR_0019_0 kernel_shap_budget_256 seed=4 0.73s
161 done chncxr resnet50 CHNCXR_0019_0 lime_budget_512 seed=0 1.51s
162 done chncxr resnet50 CHNCXR_0019_0 rise_budget_512 seed=4 2.66s
163 done chncxr resnet50 CHNCXR_0019_0 kernel_shap_budget_512 seed=0 1.34s
164 done chncxr resnet50 CHNCXR_0019_0 rise_budget_512 seed=3 2.85s
165 done chncxr resnet50 CHNCXR_0019_0 rise_budget_256 seed=2 1.30s
166 done chncxr resnet50 CHNCXR_0019_0 rise_budget_512 seed=1 2.66s
167 done chncxr resnet50 CHNCXR_0019_0 rise_budget_256 seed=3 1.14s
168 done chncxr resnet50 CHNCXR_0019_0 lime_budget_1024 seed=3 2.19s
169 done chncxr resnet50 CHNCXR_0019_0 lime_budget_2048 seed=4 4.43s
170 done chncxr resnet50 CHNCXR_0019_0 rise_budget_2048 seed=3 8.13s
171 done chncxr resnet50 CHNCXR_0019_0 lime_budget_2048 seed=1 4.82s
172 done chncxr resnet50 CHNCXR_0019_0 kernel_shap_budget_2048 seed=0 4.61s
173 done chncxr resnet50 CHNCXR_0019_0 ablation_default seed=None 0.17s
174 done chncxr resnet50 CHNCXR_0019_0 rise_budget_256 seed=1 1.19s
175 done chncxr resnet50 CHNCXR_0019_0 rise_budget_256 seed=4 1.43s
176 done chncxr resnet50 CHNCXR_0019_0 kernel_shap_budget_2048 seed=2 4.93s
177 done chncxr resnet50 CHNCXR_0019_0 lime_budget_2048 seed=0 4.96s
178 done chncxr resnet50 CHNCXR_0019_0 lime_budget_256 seed=0 0.75s
179 done chncxr resnet50 CHNCXR_0019_0 rise_budget_1024 seed=2 4.81s
180 done chncxr resnet50 CHNCXR_0019_0 kernel_shap_budget_512 seed=2 1.16s
181 done chncxr resnet50 CHNCXR_0019_0 lime_budget_512 seed=4 1.36s
182 done chncxr resnet50 CHNCXR_0019_0 kernel_shap_budget_1024 seed=2 2.17s
183 done chncxr resnet50 CHNCXR_0019_0 lime_budget_256 seed=1 0.79s
184 done chncxr resnet50 CHNCXR_0043_0 rise_budget_512 seed=4 2.21s
185 done chncxr resnet50 CHNCXR_0043_0 rise_budget_2048 seed=2 8.95s
186 done chncxr resnet50 CHNCXR_0043_0 kernel_shap_budget_2048 seed=0 4.36s
187 done chncxr resnet50 CHNCXR_0043_0 lime_budget_256 seed=4 0.53s
188 done chncxr resnet50 CHNCXR_0043_0 rise_budget_256 seed=1 0.83s
189 done chncxr resnet50 CHNCXR_0043_0 rise_budget_2048 seed=4 6.95s
190 done chncxr resnet50 CHNCXR_0043_0 rise_budget_512 seed=0 1.62s
191 done chncxr resnet50 CHNCXR_0043_0 rise_budget_256 seed=3 1.00s
192 done chncxr resnet50 CHNCXR_0043_0 kernel_shap_budget_512 seed=0 1.18s
193 done chncxr resnet50 CHNCXR_0043_0 lime_budget_512 seed=4 1.33s
194 done chncxr resnet50 CHNCXR_0043_0 rise_budget_1024 seed=4 5.09s
195 done chncxr resnet50 CHNCXR_0043_0 kernel_shap_budget_512 seed=2 1.22s
196 done chncxr resnet50 CHNCXR_0043_0 lime_budget_2048 seed=0 4.88s
197 done chncxr resnet50 CHNCXR_0043_0 rise_budget_1024 seed=0 5.41s
198 done chncxr resnet50 CHNCXR_0043_0 rise_budget_256 seed=2 1.37s
199 done chncxr resnet50 CHNCXR_0043_0 lime_budget_1024 seed=0 2.54s
200 done chncxr resnet50 CHNCXR_0043_0 kernel_shap_budget_2048 seed=2 4.56s
201 done chncxr resnet50 CHNCXR_0043_0 lime_budget_256 seed=0 0.63s
202 done chncxr resnet50 CHNCXR_0043_0 kernel_shap_budget_1024 seed=2 2.42s
203 done chncxr resnet50 CHNCXR_0043_0 kernel_shap_budget_256 seed=4 0.57s
204 done chncxr resnet50 CHNCXR_0043_0 lime_budget_1024 seed=3 2.32s
205 done chncxr resnet50 CHNCXR_0043_0 lime_budget_2048 seed=4 4.40s
206 done chncxr resnet50 CHNCXR_0043_0 kernel_shap_budget_256 seed=0 0.55s
207 done chncxr resnet50 CHNCXR_0043_0 kernel_shap_budget_2048 seed=4 4.44s
208 done chncxr resnet50 CHNCXR_0043_0 lime_budget_1024 seed=2 2.45s
209 done chncxr resnet50 CHNCXR_0043_0 rise_budget_1024 seed=2 5.32s
210 done chncxr resnet50 CHNCXR_0043_0 lime_budget_256 seed=1 0.54s
211 done chncxr resnet50 CHNCXR_0043_0 kernel_shap_budget_1024 seed=0 2.29s
212 done chncxr resnet50 CHNCXR_0043_0 rise_budget_2048 seed=3 9.56s
213 done chncxr resnet50 CHNCXR_0043_0 lime_budget_512 seed=2 1.07s
214 done chncxr resnet50 CHNCXR_0043_0 lime_budget_512 seed=1 1.11s
215 done chncxr resnet50 CHNCXR_0043_0 kernel_shap_budget_512 seed=1 1.08s
216 done chncxr resnet50 CHNCXR_0043_0 lime_budget_256 seed=3 0.61s
217 done chncxr resnet50 CHNCXR_0043_0 lime_budget_1024 seed=4 2.25s
218 done chncxr resnet50 CHNCXR_0043_0 kernel_shap_budget_512 seed=3 1.11s
219 done chncxr resnet50 CHNCXR_0043_0 kernel_shap_budget_256 seed=2 0.55s
220 done chncxr resnet50 CHNCXR_0043_0 rise_budget_1024 seed=3 4.99s
221 done chncxr resnet50 CHNCXR_0043_0 rise_budget_512 seed=3 2.53s
222 done chncxr resnet50 CHNCXR_0043_0 lime_budget_2048 seed=2 4.65s
223 done chncxr resnet50 CHNCXR_0043_0 kernel_shap_budget_1024 seed=1 2.42s
224 done chncxr resnet50 CHNCXR_0043_0 kernel_shap_budget_2048 seed=3 5.16s
225 done chncxr resnet50 CHNCXR_0043_0 kernel_shap_budget_256 seed=1 0.60s
226 done chncxr resnet50 CHNCXR_0043_0 lime_budget_2048 seed=3 4.53s
227 done chncxr resnet50 CHNCXR_0043_0 lime_budget_2048 seed=1 5.01s
228 done chncxr resnet50 CHNCXR_0043_0 kernel_shap_budget_512 seed=4 1.25s
229 done chncxr resnet50 CHNCXR_0043_0 rise_budget_256 seed=4 1.26s
230 done chncxr resnet50 CHNCXR_0043_0 kernel_shap_budget_2048 seed=1 4.69s
231 done chncxr resnet50 CHNCXR_0043_0 rise_budget_2048 seed=0 8.99s
232 done chncxr resnet50 CHNCXR_0043_0 lime_budget_512 seed=0 1.29s
233 done chncxr resnet50 CHNCXR_0043_0 kernel_shap_budget_1024 seed=4 2.45s
234 done chncxr resnet50 CHNCXR_0043_0 kernel_shap_budget_1024 seed=3 2.58s
235 done chncxr resnet50 CHNCXR_0043_0 lime_budget_1024 seed=1 2.82s
236 done chncxr resnet50 CHNCXR_0043_0 rise_budget_512 seed=1 2.76s
237 done chncxr resnet50 CHNCXR_0043_0 ablation_default seed=None 0.19s
238 done chncxr resnet50 CHNCXR_0043_0 lime_budget_256 seed=2 0.73s
239 done chncxr resnet50 CHNCXR_0043_0 rise_budget_1024 seed=1 4.92s
240 done chncxr resnet50 CHNCXR_0043_0 rise_budget_512 seed=2 2.51s
241 done chncxr resnet50 CHNCXR_0043_0 kernel_shap_budget_256 seed=3 0.66s
242 done chncxr resnet50 CHNCXR_0043_0 rise_budget_256 seed=0 1.24s
243 done chncxr resnet50 CHNCXR_0043_0 lime_budget_512 seed=3 1.44s
244 done chncxr resnet50 CHNCXR_0043_0 rise_budget_2048 seed=1 8.74s
245 done chncxr resnet50 CHNCXR_0070_0 rise_budget_2048 seed=3 9.34s
246 done chncxr resnet50 CHNCXR_0070_0 kernel_shap_budget_2048 seed=3 4.75s
247 done chncxr resnet50 CHNCXR_0070_0 kernel_shap_budget_2048 seed=4 4.61s
248 done chncxr resnet50 CHNCXR_0070_0 kernel_shap_budget_1024 seed=4 2.35s
249 done chncxr resnet50 CHNCXR_0070_0 kernel_shap_budget_256 seed=2 0.67s
250 done chncxr resnet50 CHNCXR_0070_0 lime_budget_1024 seed=1 2.55s
251 done chncxr resnet50 CHNCXR_0070_0 kernel_shap_budget_512 seed=1 1.22s
252 done chncxr resnet50 CHNCXR_0070_0 lime_budget_256 seed=3 0.90s
253 done chncxr resnet50 CHNCXR_0070_0 rise_budget_1024 seed=0 5.36s
254 done chncxr resnet50 CHNCXR_0070_0 rise_budget_2048 seed=1 9.83s
255 done chncxr resnet50 CHNCXR_0070_0 lime_budget_2048 seed=3 4.70s
256 done chncxr resnet50 CHNCXR_0070_0 rise_budget_512 seed=4 2.35s
257 done chncxr resnet50 CHNCXR_0070_0 lime_budget_2048 seed=2 4.39s
258 done chncxr resnet50 CHNCXR_0070_0 kernel_shap_budget_512 seed=3 1.10s
259 done chncxr resnet50 CHNCXR_0070_0 kernel_shap_budget_512 seed=2 1.11s
260 done chncxr resnet50 CHNCXR_0070_0 rise_budget_512 seed=1 2.21s
261 done chncxr resnet50 CHNCXR_0070_0 rise_budget_2048 seed=2 10.27s
262 done chncxr resnet50 CHNCXR_0070_0 kernel_shap_budget_256 seed=1 0.63s
263 done chncxr resnet50 CHNCXR_0070_0 rise_budget_256 seed=0 1.24s
264 done chncxr resnet50 CHNCXR_0070_0 rise_budget_1024 seed=3 4.59s
265 done chncxr resnet50 CHNCXR_0070_0 kernel_shap_budget_256 seed=4 0.62s
266 done chncxr resnet50 CHNCXR_0070_0 kernel_shap_budget_256 seed=0 0.61s
267 done chncxr resnet50 CHNCXR_0070_0 lime_budget_2048 seed=1 4.60s
268 done chncxr resnet50 CHNCXR_0070_0 rise_budget_512 seed=0 2.11s
269 done chncxr resnet50 CHNCXR_0070_0 ablation_default seed=None 0.16s
270 done chncxr resnet50 CHNCXR_0070_0 rise_budget_256 seed=1 1.10s
271 done chncxr resnet50 CHNCXR_0070_0 rise_budget_2048 seed=0 10.41s
272 done chncxr resnet50 CHNCXR_0070_0 kernel_shap_budget_256 seed=3 0.64s
273 done chncxr resnet50 CHNCXR_0070_0 rise_budget_256 seed=2 1.45s
274 done chncxr resnet50 CHNCXR_0070_0 rise_budget_1024 seed=4 4.99s
275 done chncxr resnet50 CHNCXR_0070_0 lime_budget_1024 seed=4 2.32s
276 done chncxr resnet50 CHNCXR_0070_0 lime_budget_1024 seed=3 2.52s
277 done chncxr resnet50 CHNCXR_0070_0 rise_budget_256 seed=4 1.18s
278 done chncxr resnet50 CHNCXR_0070_0 rise_budget_256 seed=3 1.26s
279 done chncxr resnet50 CHNCXR_0070_0 lime_budget_256 seed=2 0.69s
280 done chncxr resnet50 CHNCXR_0070_0 lime_budget_512 seed=0 1.28s
281 done chncxr resnet50 CHNCXR_0070_0 kernel_shap_budget_1024 seed=1 2.43s
282 done chncxr resnet50 CHNCXR_0070_0 lime_budget_1024 seed=0 2.62s
283 done chncxr resnet50 CHNCXR_0070_0 kernel_shap_budget_1024 seed=3 2.48s
284 done chncxr resnet50 CHNCXR_0070_0 lime_budget_256 seed=4 0.56s
285 done chncxr resnet50 CHNCXR_0070_0 lime_budget_256 seed=0 0.56s
286 done chncxr resnet50 CHNCXR_0070_0 kernel_shap_budget_2048 seed=0 4.71s
287 done chncxr resnet50 CHNCXR_0070_0 lime_budget_256 seed=1 0.69s
288 done chncxr resnet50 CHNCXR_0070_0 lime_budget_512 seed=2 1.33s
289 done chncxr resnet50 CHNCXR_0070_0 kernel_shap_budget_1024 seed=0 2.44s
290 done chncxr resnet50 CHNCXR_0070_0 lime_budget_2048 seed=4 4.95s
291 done chncxr resnet50 CHNCXR_0070_0 rise_budget_2048 seed=4 9.98s
292 done chncxr resnet50 CHNCXR_0070_0 kernel_shap_budget_1024 seed=2 2.38s
293 done chncxr resnet50 CHNCXR_0070_0 rise_budget_1024 seed=2 4.85s
294 done chncxr resnet50 CHNCXR_0070_0 lime_budget_1024 seed=2 2.30s
295 done chncxr resnet50 CHNCXR_0070_0 rise_budget_512 seed=2 2.38s
296 done chncxr resnet50 CHNCXR_0070_0 rise_budget_512 seed=3 2.87s
297 done chncxr resnet50 CHNCXR_0070_0 kernel_shap_budget_2048 seed=1 4.66s
298 done chncxr resnet50 CHNCXR_0070_0 rise_budget_1024 seed=1 4.41s
299 done chncxr resnet50 CHNCXR_0070_0 lime_budget_512 seed=3 1.19s
300 done chncxr resnet50 CHNCXR_0070_0 kernel_shap_budget_512 seed=0 1.31s
301 done chncxr resnet50 CHNCXR_0070_0 lime_budget_2048 seed=0 4.96s
302 done chncxr resnet50 CHNCXR_0070_0 lime_budget_512 seed=4 1.40s
303 done chncxr resnet50 CHNCXR_0070_0 kernel_shap_budget_2048 seed=2 4.74s
304 done chncxr resnet50 CHNCXR_0070_0 lime_budget_512 seed=1 1.37s
305 done chncxr resnet50 CHNCXR_0070_0 kernel_shap_budget_512 seed=4 1.18s
306 done chncxr resnet50 CHNCXR_0116_0 rise_budget_256 seed=1 1.30s
307 done chncxr resnet50 CHNCXR_0116_0 rise_budget_2048 seed=2 9.75s
308 done chncxr resnet50 CHNCXR_0116_0 kernel_shap_budget_1024 seed=1 2.44s
309 done chncxr resnet50 CHNCXR_0116_0 rise_budget_1024 seed=0 5.50s
310 done chncxr resnet50 CHNCXR_0116_0 lime_budget_1024 seed=1 2.35s
311 done chncxr resnet50 CHNCXR_0116_0 rise_budget_256 seed=2 1.10s
312 done chncxr resnet50 CHNCXR_0116_0 kernel_shap_budget_1024 seed=4 2.25s
313 done chncxr resnet50 CHNCXR_0116_0 lime_budget_256 seed=4 0.61s
314 done chncxr resnet50 CHNCXR_0116_0 kernel_shap_budget_2048 seed=0 4.85s
315 done chncxr resnet50 CHNCXR_0116_0 rise_budget_2048 seed=3 8.90s
316 done chncxr resnet50 CHNCXR_0116_0 rise_budget_512 seed=2 2.56s
317 done chncxr resnet50 CHNCXR_0116_0 rise_budget_512 seed=3 2.33s
318 done chncxr resnet50 CHNCXR_0116_0 lime_budget_512 seed=2 1.23s
319 done chncxr resnet50 CHNCXR_0116_0 lime_budget_2048 seed=3 4.94s
320 done chncxr resnet50 CHNCXR_0116_0 kernel_shap_budget_1024 seed=2 2.24s
321 done chncxr resnet50 CHNCXR_0116_0 lime_budget_256 seed=3 0.60s
322 done chncxr resnet50 CHNCXR_0116_0 kernel_shap_budget_512 seed=2 1.29s
323 done chncxr resnet50 CHNCXR_0116_0 kernel_shap_budget_256 seed=0 0.68s
324 done chncxr resnet50 CHNCXR_0116_0 kernel_shap_budget_2048 seed=3 4.67s
325 done chncxr resnet50 CHNCXR_0116_0 lime_budget_512 seed=4 1.12s
326 done chncxr resnet50 CHNCXR_0116_0 lime_budget_256 seed=0 0.55s
327 done chncxr resnet50 CHNCXR_0116_0 lime_budget_2048 seed=4 4.57s
328 done chncxr resnet50 CHNCXR_0116_0 rise_budget_1024 seed=1 5.53s
329 done chncxr resnet50 CHNCXR_0116_0 lime_budget_256 seed=1 0.88s
330 done chncxr resnet50 CHNCXR_0116_0 rise_budget_256 seed=0 1.52s
331 done chncxr resnet50 CHNCXR_0116_0 rise_budget_512 seed=0 2.77s
332 done chncxr resnet50 CHNCXR_0116_0 kernel_shap_budget_1024 seed=3 2.30s
333 done chncxr resnet50 CHNCXR_0116_0 lime_budget_1024 seed=2 2.28s
334 done chncxr resnet50 CHNCXR_0116_0 kernel_shap_budget_256 seed=3 0.60s
335 done chncxr resnet50 CHNCXR_0116_0 rise_budget_256 seed=3 1.05s
336 done chncxr resnet50 CHNCXR_0116_0 kernel_shap_budget_2048 seed=1 4.77s
337 done chncxr resnet50 CHNCXR_0116_0 kernel_shap_budget_256 seed=4 0.55s
338 done chncxr resnet50 CHNCXR_0116_0 rise_budget_1024 seed=4 4.61s
339 done chncxr resnet50 CHNCXR_0116_0 rise_budget_512 seed=4 2.50s
340 done chncxr resnet50 CHNCXR_0116_0 lime_budget_256 seed=2 0.69s
341 done chncxr resnet50 CHNCXR_0116_0 lime_budget_2048 seed=0 4.91s
342 done chncxr resnet50 CHNCXR_0116_0 rise_budget_2048 seed=1 10.21s
343 done chncxr resnet50 CHNCXR_0116_0 kernel_shap_budget_512 seed=4 1.14s
344 done chncxr resnet50 CHNCXR_0116_0 rise_budget_2048 seed=0 10.05s
345 done chncxr resnet50 CHNCXR_0116_0 lime_budget_1024 seed=4 2.50s
346 done chncxr resnet50 CHNCXR_0116_0 kernel_shap_budget_2048 seed=4 4.95s
347 done chncxr resnet50 CHNCXR_0116_0 kernel_shap_budget_512 seed=0 1.16s
348 done chncxr resnet50 CHNCXR_0116_0 kernel_shap_budget_512 seed=1 1.19s
349 done chncxr resnet50 CHNCXR_0116_0 ablation_default seed=None 0.18s
350 done chncxr resnet50 CHNCXR_0116_0 rise_budget_1024 seed=2 5.13s
351 done chncxr resnet50 CHNCXR_0116_0 lime_budget_2048 seed=1 4.52s
352 done chncxr resnet50 CHNCXR_0116_0 lime_budget_512 seed=0 1.25s
353 done chncxr resnet50 CHNCXR_0116_0 lime_budget_1024 seed=0 2.31s
354 done chncxr resnet50 CHNCXR_0116_0 rise_budget_512 seed=1 2.32s
355 done chncxr resnet50 CHNCXR_0116_0 lime_budget_2048 seed=2 4.75s
356 done chncxr resnet50 CHNCXR_0116_0 kernel_shap_budget_2048 seed=2 4.48s
357 done chncxr resnet50 CHNCXR_0116_0 lime_budget_512 seed=1 1.14s
358 done chncxr resnet50 CHNCXR_0116_0 rise_budget_1024 seed=3 4.92s
359 done chncxr resnet50 CHNCXR_0116_0 kernel_shap_budget_256 seed=1 0.63s
360 done chncxr resnet50 CHNCXR_0116_0 rise_budget_2048 seed=4 9.34s
361 done chncxr resnet50 CHNCXR_0116_0 lime_budget_1024 seed=3 2.32s
362 done chncxr resnet50 CHNCXR_0116_0 kernel_shap_budget_1024 seed=0 2.52s
363 done chncxr resnet50 CHNCXR_0116_0 kernel_shap_budget_256 seed=2 0.75s
364 done chncxr resnet50 CHNCXR_0116_0 kernel_shap_budget_512 seed=3 1.32s
365 done chncxr resnet50 CHNCXR_0116_0 lime_budget_512 seed=3 1.22s
366 done chncxr resnet50 CHNCXR_0116_0 rise_budget_256 seed=4 1.25s
367 done chncxr resnet50 CHNCXR_0142_0 lime_budget_512 seed=3 1.34s
368 done chncxr resnet50 CHNCXR_0142_0 rise_budget_512 seed=4 2.51s
369 done chncxr resnet50 CHNCXR_0142_0 lime_budget_1024 seed=4 2.32s
370 done chncxr resnet50 CHNCXR_0142_0 lime_budget_1024 seed=0 2.44s
371 done chncxr resnet50 CHNCXR_0142_0 kernel_shap_budget_256 seed=1 0.61s
372 done chncxr resnet50 CHNCXR_0142_0 lime_budget_256 seed=3 0.77s
373 done chncxr resnet50 CHNCXR_0142_0 kernel_shap_budget_256 seed=2 0.61s
374 done chncxr resnet50 CHNCXR_0142_0 rise_budget_512 seed=2 2.43s
375 done chncxr resnet50 CHNCXR_0142_0 lime_budget_1024 seed=1 2.47s
376 done chncxr resnet50 CHNCXR_0142_0 rise_budget_256 seed=1 1.24s
377 done chncxr resnet50 CHNCXR_0142_0 lime_budget_2048 seed=4 4.54s
378 done chncxr resnet50 CHNCXR_0142_0 lime_budget_2048 seed=1 4.89s
379 done chncxr resnet50 CHNCXR_0142_0 kernel_shap_budget_1024 seed=0 2.25s
380 done chncxr resnet50 CHNCXR_0142_0 kernel_shap_budget_512 seed=0 1.12s
381 done chncxr resnet50 CHNCXR_0142_0 rise_budget_512 seed=3 2.18s
382 done chncxr resnet50 CHNCXR_0142_0 rise_budget_2048 seed=3 8.54s
383 done chncxr resnet50 CHNCXR_0142_0 rise_budget_2048 seed=1 9.93s
384 done chncxr resnet50 CHNCXR_0142_0 lime_budget_1024 seed=3 2.43s
385 done chncxr resnet50 CHNCXR_0142_0 rise_budget_1024 seed=0 5.23s
386 done chncxr resnet50 CHNCXR_0142_0 rise_budget_1024 seed=1 5.27s
387 done chncxr resnet50 CHNCXR_0142_0 rise_budget_512 seed=1 2.81s
388 done chncxr resnet50 CHNCXR_0142_0 rise_budget_256 seed=3 1.26s
389 done chncxr resnet50 CHNCXR_0142_0 kernel_shap_budget_256 seed=4 0.66s
390 done chncxr resnet50 CHNCXR_0142_0 rise_budget_1024 seed=2 5.42s
391 done chncxr resnet50 CHNCXR_0142_0 kernel_shap_budget_2048 seed=2 5.13s
392 done chncxr resnet50 CHNCXR_0142_0 lime_budget_512 seed=0 1.21s
393 done chncxr resnet50 CHNCXR_0142_0 lime_budget_512 seed=2 1.13s
394 done chncxr resnet50 CHNCXR_0142_0 kernel_shap_budget_1024 seed=2 2.39s
395 done chncxr resnet50 CHNCXR_0142_0 lime_budget_256 seed=4 0.68s
396 done chncxr resnet50 CHNCXR_0142_0 rise_budget_2048 seed=2 10.51s
397 done chncxr resnet50 CHNCXR_0142_0 ablation_default seed=None 0.20s
398 done chncxr resnet50 CHNCXR_0142_0 kernel_shap_budget_2048 seed=4 4.98s
399 done chncxr resnet50 CHNCXR_0142_0 rise_budget_256 seed=0 1.16s
400 done chncxr resnet50 CHNCXR_0142_0 kernel_shap_budget_256 seed=3 0.56s
401 done chncxr resnet50 CHNCXR_0142_0 rise_budget_256 seed=4 1.18s
402 done chncxr resnet50 CHNCXR_0142_0 kernel_shap_budget_2048 seed=0 5.06s
403 done chncxr resnet50 CHNCXR_0142_0 kernel_shap_budget_512 seed=2 1.14s
404 done chncxr resnet50 CHNCXR_0142_0 lime_budget_512 seed=4 1.17s
405 done chncxr resnet50 CHNCXR_0142_0 kernel_shap_budget_1024 seed=3 2.54s
406 done chncxr resnet50 CHNCXR_0142_0 rise_budget_256 seed=2 1.30s
407 done chncxr resnet50 CHNCXR_0142_0 kernel_shap_budget_1024 seed=4 2.34s
408 done chncxr resnet50 CHNCXR_0142_0 rise_budget_1024 seed=4 4.97s
409 done chncxr resnet50 CHNCXR_0142_0 lime_budget_256 seed=2 0.61s
410 done chncxr resnet50 CHNCXR_0142_0 kernel_shap_budget_512 seed=3 1.18s
411 done chncxr resnet50 CHNCXR_0142_0 lime_budget_2048 seed=0 5.02s
412 done chncxr resnet50 CHNCXR_0142_0 rise_budget_512 seed=0 2.22s
413 done chncxr resnet50 CHNCXR_0142_0 lime_budget_2048 seed=3 4.54s
414 done chncxr resnet50 CHNCXR_0142_0 lime_budget_512 seed=1 1.23s
415 done chncxr resnet50 CHNCXR_0142_0 rise_budget_1024 seed=3 5.12s
416 done chncxr resnet50 CHNCXR_0142_0 kernel_shap_budget_512 seed=1 1.41s
417 done chncxr resnet50 CHNCXR_0142_0 lime_budget_1024 seed=2 2.55s
418 done chncxr resnet50 CHNCXR_0142_0 kernel_shap_budget_2048 seed=1 4.49s
419 done chncxr resnet50 CHNCXR_0142_0 kernel_shap_budget_512 seed=4 1.12s
420 done chncxr resnet50 CHNCXR_0142_0 lime_budget_256 seed=1 0.65s
421 done chncxr resnet50 CHNCXR_0142_0 kernel_shap_budget_2048 seed=3 4.64s
422 done chncxr resnet50 CHNCXR_0142_0 lime_budget_2048 seed=2 4.53s
423 done chncxr resnet50 CHNCXR_0142_0 rise_budget_2048 seed=0 9.30s
424 done chncxr resnet50 CHNCXR_0142_0 rise_budget_2048 seed=4 10.96s
425 done chncxr resnet50 CHNCXR_0142_0 kernel_shap_budget_256 seed=0 0.70s
426 done chncxr resnet50 CHNCXR_0142_0 kernel_shap_budget_1024 seed=1 2.52s
427 done chncxr resnet50 CHNCXR_0142_0 lime_budget_256 seed=0 0.74s
428 done chncxr resnet50 CHNCXR_0161_0 rise_budget_2048 seed=3 9.89s
429 done chncxr resnet50 CHNCXR_0161_0 rise_budget_256 seed=1 1.18s
430 done chncxr resnet50 CHNCXR_0161_0 lime_budget_1024 seed=1 2.25s
431 done chncxr resnet50 CHNCXR_0161_0 rise_budget_2048 seed=1 11.01s
432 done chncxr resnet50 CHNCXR_0161_0 lime_budget_512 seed=1 1.17s
433 done chncxr resnet50 CHNCXR_0161_0 lime_budget_2048 seed=2 4.54s
434 done chncxr resnet50 CHNCXR_0161_0 rise_budget_512 seed=3 2.44s
435 done chncxr resnet50 CHNCXR_0161_0 rise_budget_512 seed=2 2.52s
436 done chncxr resnet50 CHNCXR_0161_0 lime_budget_2048 seed=1 4.90s
437 done chncxr resnet50 CHNCXR_0161_0 lime_budget_2048 seed=0 4.84s
438 done chncxr resnet50 CHNCXR_0161_0 lime_budget_256 seed=0 0.75s
439 done chncxr resnet50 CHNCXR_0161_0 kernel_shap_budget_256 seed=3 0.66s
440 done chncxr resnet50 CHNCXR_0161_0 kernel_shap_budget_512 seed=3 1.28s
441 done chncxr resnet50 CHNCXR_0161_0 lime_budget_2048 seed=4 4.82s
442 done chncxr resnet50 CHNCXR_0161_0 kernel_shap_budget_512 seed=2 1.25s
443 done chncxr resnet50 CHNCXR_0161_0 kernel_shap_budget_2048 seed=1 4.79s
444 done chncxr resnet50 CHNCXR_0161_0 kernel_shap_budget_256 seed=0 0.61s
445 done chncxr resnet50 CHNCXR_0161_0 kernel_shap_budget_256 seed=4 0.63s
446 done chncxr resnet50 CHNCXR_0161_0 kernel_shap_budget_1024 seed=1 2.79s
447 done chncxr resnet50 CHNCXR_0161_0 lime_budget_512 seed=2 1.28s
448 done chncxr resnet50 CHNCXR_0161_0 lime_budget_256 seed=1 0.76s
449 done chncxr resnet50 CHNCXR_0161_0 lime_budget_256 seed=4 0.82s
450 done chncxr resnet50 CHNCXR_0161_0 kernel_shap_budget_256 seed=2 0.61s
451 done chncxr resnet50 CHNCXR_0161_0 lime_budget_512 seed=0 1.44s
452 done chncxr resnet50 CHNCXR_0161_0 rise_budget_256 seed=4 1.41s
453 done chncxr resnet50 CHNCXR_0161_0 rise_budget_1024 seed=2 4.89s
454 done chncxr resnet50 CHNCXR_0161_0 rise_budget_256 seed=2 1.11s
455 done chncxr resnet50 CHNCXR_0161_0 rise_budget_2048 seed=0 9.98s
456 done chncxr resnet50 CHNCXR_0161_0 rise_budget_512 seed=4 2.07s
457 done chncxr resnet50 CHNCXR_0161_0 lime_budget_1024 seed=3 2.53s
458 done chncxr resnet50 CHNCXR_0161_0 lime_budget_1024 seed=4 2.55s
459 done chncxr resnet50 CHNCXR_0161_0 rise_budget_256 seed=0 1.15s
460 done chncxr resnet50 CHNCXR_0161_0 rise_budget_512 seed=0 2.40s
461 done chncxr resnet50 CHNCXR_0161_0 lime_budget_2048 seed=3 4.82s
462 done chncxr resnet50 CHNCXR_0161_0 kernel_shap_budget_2048 seed=2 4.70s
463 done chncxr resnet50 CHNCXR_0161_0 kernel_shap_budget_512 seed=1 1.15s
464 done chncxr resnet50 CHNCXR_0161_0 lime_budget_512 seed=3 1.20s
465 done chncxr resnet50 CHNCXR_0161_0 lime_budget_256 seed=2 0.61s
466 done chncxr resnet50 CHNCXR_0161_0 kernel_shap_budget_2048 seed=0 4.54s
467 done chncxr resnet50 CHNCXR_0161_0 kernel_shap_budget_1024 seed=3 2.28s
468 done chncxr resnet50 CHNCXR_0161_0 lime_budget_1024 seed=2 2.52s
469 done chncxr resnet50 CHNCXR_0161_0 rise_budget_256 seed=3 1.23s
470 done chncxr resnet50 CHNCXR_0161_0 rise_budget_1024 seed=1 3.81s
471 done chncxr resnet50 CHNCXR_0161_0 rise_budget_512 seed=1 1.73s
472 done chncxr resnet50 CHNCXR_0161_0 kernel_shap_budget_1024 seed=4 2.35s
473 done chncxr resnet50 CHNCXR_0161_0 rise_budget_1024 seed=4 5.47s
474 done chncxr resnet50 CHNCXR_0161_0 lime_budget_256 seed=3 0.63s
475 done chncxr resnet50 CHNCXR_0161_0 kernel_shap_budget_512 seed=4 1.12s
476 done chncxr resnet50 CHNCXR_0161_0 rise_budget_1024 seed=0 3.57s
477 done chncxr resnet50 CHNCXR_0161_0 kernel_shap_budget_512 seed=0 1.11s
478 done chncxr resnet50 CHNCXR_0161_0 kernel_shap_budget_2048 seed=4 4.88s
479 done chncxr resnet50 CHNCXR_0161_0 ablation_default seed=None 0.17s
480 done chncxr resnet50 CHNCXR_0161_0 kernel_shap_budget_2048 seed=3 4.41s
481 done chncxr resnet50 CHNCXR_0161_0 rise_budget_1024 seed=3 4.62s
482 done chncxr resnet50 CHNCXR_0161_0 lime_budget_1024 seed=0 2.34s
483 done chncxr resnet50 CHNCXR_0161_0 kernel_shap_budget_1024 seed=2 2.23s
484 done chncxr resnet50 CHNCXR_0161_0 lime_budget_512 seed=4 1.18s
485 done chncxr resnet50 CHNCXR_0161_0 rise_budget_2048 seed=4 10.13s
486 done chncxr resnet50 CHNCXR_0161_0 rise_budget_2048 seed=2 9.24s
487 done chncxr resnet50 CHNCXR_0161_0 kernel_shap_budget_1024 seed=0 2.24s
488 done chncxr resnet50 CHNCXR_0161_0 kernel_shap_budget_256 seed=1 0.67s
489 done chncxr resnet50 CHNCXR_0165_0 lime_budget_512 seed=3 1.26s
490 done chncxr resnet50 CHNCXR_0165_0 rise_budget_256 seed=1 1.42s
491 done chncxr resnet50 CHNCXR_0165_0 kernel_shap_budget_2048 seed=4 4.59s
492 done chncxr resnet50 CHNCXR_0165_0 lime_budget_1024 seed=4 2.84s
493 done chncxr resnet50 CHNCXR_0165_0 rise_budget_512 seed=0 2.73s
494 done chncxr resnet50 CHNCXR_0165_0 rise_budget_256 seed=0 1.35s
495 done chncxr resnet50 CHNCXR_0165_0 lime_budget_2048 seed=1 4.80s
496 done chncxr resnet50 CHNCXR_0165_0 rise_budget_512 seed=3 2.31s
497 done chncxr resnet50 CHNCXR_0165_0 rise_budget_512 seed=4 2.22s
498 done chncxr resnet50 CHNCXR_0165_0 kernel_shap_budget_1024 seed=3 2.23s
499 done chncxr resnet50 CHNCXR_0165_0 kernel_shap_budget_512 seed=3 1.30s
500 done chncxr resnet50 CHNCXR_0165_0 kernel_shap_budget_1024 seed=1 2.62s
501 done chncxr resnet50 CHNCXR_0165_0 lime_budget_256 seed=1 0.77s
502 done chncxr resnet50 CHNCXR_0165_0 kernel_shap_budget_512 seed=4 1.28s
503 done chncxr resnet50 CHNCXR_0165_0 lime_budget_256 seed=2 0.76s
504 done chncxr resnet50 CHNCXR_0165_0 lime_budget_512 seed=0 1.34s
505 done chncxr resnet50 CHNCXR_0165_0 rise_budget_2048 seed=3 8.66s
506 done chncxr resnet50 CHNCXR_0165_0 rise_budget_2048 seed=1 9.12s
507 done chncxr resnet50 CHNCXR_0165_0 lime_budget_1024 seed=0 2.61s
508 done chncxr resnet50 CHNCXR_0165_0 kernel_shap_budget_256 seed=0 0.62s
509 done chncxr resnet50 CHNCXR_0165_0 ablation_default seed=None 0.19s
510 done chncxr resnet50 CHNCXR_0165_0 rise_budget_1024 seed=3 4.90s
511 done chncxr resnet50 CHNCXR_0165_0 rise_budget_1024 seed=2 4.52s
512 done chncxr resnet50 CHNCXR_0165_0 rise_budget_1024 seed=1 4.23s
513 done chncxr resnet50 CHNCXR_0165_0 kernel_shap_budget_512 seed=1 1.11s
514 done chncxr resnet50 CHNCXR_0165_0 kernel_shap_budget_2048 seed=2 4.54s
515 done chncxr resnet50 CHNCXR_0165_0 kernel_shap_budget_256 seed=3 0.59s
516 done chncxr resnet50 CHNCXR_0165_0 lime_budget_256 seed=3 0.70s
517 done chncxr resnet50 CHNCXR_0165_0 rise_budget_512 seed=1 2.21s
518 done chncxr resnet50 CHNCXR_0165_0 rise_budget_2048 seed=4 9.91s
519 done chncxr resnet50 CHNCXR_0165_0 lime_budget_1024 seed=3 2.51s
520 done chncxr resnet50 CHNCXR_0165_0 rise_budget_256 seed=4 1.01s
521 done chncxr resnet50 CHNCXR_0165_0 lime_budget_2048 seed=4 5.04s
522 done chncxr resnet50 CHNCXR_0165_0 kernel_shap_budget_1024 seed=4 2.43s
523 done chncxr resnet50 CHNCXR_0165_0 lime_budget_2048 seed=2 5.10s
524 done chncxr resnet50 CHNCXR_0165_0 lime_budget_256 seed=0 0.62s
525 done chncxr resnet50 CHNCXR_0165_0 lime_budget_2048 seed=3 4.99s
526 done chncxr resnet50 CHNCXR_0165_0 rise_budget_2048 seed=2 9.95s
527 done chncxr resnet50 CHNCXR_0165_0 rise_budget_512 seed=2 2.73s
528 done chncxr resnet50 CHNCXR_0165_0 kernel_shap_budget_256 seed=4 0.68s
529 done chncxr resnet50 CHNCXR_0165_0 rise_budget_256 seed=3 1.34s
530 done chncxr resnet50 CHNCXR_0165_0 rise_budget_1024 seed=0 4.69s
531 done chncxr resnet50 CHNCXR_0165_0 lime_budget_2048 seed=0 4.91s
532 done chncxr resnet50 CHNCXR_0165_0 kernel_shap_budget_1024 seed=0 2.59s
533 done chncxr resnet50 CHNCXR_0165_0 kernel_shap_budget_2048 seed=0 4.78s
534 done chncxr resnet50 CHNCXR_0165_0 kernel_shap_budget_512 seed=2 1.25s
535 done chncxr resnet50 CHNCXR_0165_0 lime_budget_1024 seed=1 2.66s
536 done chncxr resnet50 CHNCXR_0165_0 kernel_shap_budget_512 seed=0 1.30s
537 done chncxr resnet50 CHNCXR_0165_0 kernel_shap_budget_2048 seed=1 5.01s
538 done chncxr resnet50 CHNCXR_0165_0 lime_budget_1024 seed=2 2.99s
539 done chncxr resnet50 CHNCXR_0165_0 lime_budget_512 seed=1 1.28s
540 done chncxr resnet50 CHNCXR_0165_0 lime_budget_512 seed=2 1.18s
541 done chncxr resnet50 CHNCXR_0165_0 kernel_shap_budget_256 seed=1 0.63s
542 done chncxr resnet50 CHNCXR_0165_0 lime_budget_512 seed=4 1.26s
543 done chncxr resnet50 CHNCXR_0165_0 rise_budget_2048 seed=0 8.99s
544 done chncxr resnet50 CHNCXR_0165_0 rise_budget_1024 seed=4 4.75s
545 done chncxr resnet50 CHNCXR_0165_0 lime_budget_256 seed=4 0.62s
546 done chncxr resnet50 CHNCXR_0165_0 kernel_shap_budget_256 seed=2 0.59s
547 done chncxr resnet50 CHNCXR_0165_0 rise_budget_256 seed=2 1.15s
548 done chncxr resnet50 CHNCXR_0165_0 kernel_shap_budget_2048 seed=3 4.49s
549 done chncxr resnet50 CHNCXR_0165_0 kernel_shap_budget_1024 seed=2 2.25s
550 done chncxr resnet50 CHNCXR_0175_0 kernel_shap_budget_256 seed=0 0.58s
551 done chncxr resnet50 CHNCXR_0175_0 rise_budget_512 seed=2 2.58s
552 done chncxr resnet50 CHNCXR_0175_0 rise_budget_1024 seed=1 5.14s
553 done chncxr resnet50 CHNCXR_0175_0 kernel_shap_budget_256 seed=2 0.61s
554 done chncxr resnet50 CHNCXR_0175_0 lime_budget_1024 seed=3 2.33s
555 done chncxr resnet50 CHNCXR_0175_0 kernel_shap_budget_2048 seed=2 4.75s
556 done chncxr resnet50 CHNCXR_0175_0 lime_budget_2048 seed=2 4.78s
557 done chncxr resnet50 CHNCXR_0175_0 kernel_shap_budget_1024 seed=0 2.47s
558 done chncxr resnet50 CHNCXR_0175_0 lime_budget_256 seed=3 0.63s
559 done chncxr resnet50 CHNCXR_0175_0 lime_budget_2048 seed=3 4.90s
560 done chncxr resnet50 CHNCXR_0175_0 rise_budget_2048 seed=0 10.01s
561 done chncxr resnet50 CHNCXR_0175_0 rise_budget_1024 seed=4 5.41s
562 done chncxr resnet50 CHNCXR_0175_0 rise_budget_2048 seed=3 10.87s
563 done chncxr resnet50 CHNCXR_0175_0 rise_budget_512 seed=0 2.27s
564 done chncxr resnet50 CHNCXR_0175_0 kernel_shap_budget_2048 seed=1 4.78s
565 done chncxr resnet50 CHNCXR_0175_0 rise_budget_256 seed=4 1.09s
566 done chncxr resnet50 CHNCXR_0175_0 lime_budget_256 seed=1 0.62s
567 done chncxr resnet50 CHNCXR_0175_0 kernel_shap_budget_2048 seed=4 4.64s
568 done chncxr resnet50 CHNCXR_0175_0 rise_budget_2048 seed=1 9.22s
569 done chncxr resnet50 CHNCXR_0175_0 ablation_default seed=None 0.18s
570 done chncxr resnet50 CHNCXR_0175_0 lime_budget_512 seed=3 1.29s
571 done chncxr resnet50 CHNCXR_0175_0 lime_budget_1024 seed=1 2.32s
572 done chncxr resnet50 CHNCXR_0175_0 kernel_shap_budget_1024 seed=4 2.26s
573 done chncxr resnet50 CHNCXR_0175_0 kernel_shap_budget_256 seed=3 0.57s
574 done chncxr resnet50 CHNCXR_0175_0 rise_budget_1024 seed=3 4.90s
575 done chncxr resnet50 CHNCXR_0175_0 rise_budget_512 seed=4 2.60s
576 done chncxr resnet50 CHNCXR_0175_0 lime_budget_256 seed=4 0.74s
577 done chncxr resnet50 CHNCXR_0175_0 kernel_shap_budget_1024 seed=3 2.57s
578 done chncxr resnet50 CHNCXR_0175_0 lime_budget_2048 seed=4 4.92s
579 done chncxr resnet50 CHNCXR_0175_0 kernel_shap_budget_256 seed=1 0.62s
580 done chncxr resnet50 CHNCXR_0175_0 kernel_shap_budget_512 seed=0 1.35s
581 done chncxr resnet50 CHNCXR_0175_0 lime_budget_512 seed=0 1.38s
582 done chncxr resnet50 CHNCXR_0175_0 lime_budget_256 seed=2 0.62s
583 done chncxr resnet50 CHNCXR_0175_0 kernel_shap_budget_1024 seed=1 2.54s
584 done chncxr resnet50 CHNCXR_0175_0 rise_budget_512 seed=3 2.08s
585 done chncxr resnet50 CHNCXR_0175_0 rise_budget_256 seed=1 0.90s
586 done chncxr resnet50 CHNCXR_0175_0 rise_budget_256 seed=0 1.15s
587 done chncxr resnet50 CHNCXR_0175_0 kernel_shap_budget_2048 seed=0 4.94s
588 done chncxr resnet50 CHNCXR_0175_0 kernel_shap_budget_2048 seed=3 4.60s
589 done chncxr resnet50 CHNCXR_0175_0 kernel_shap_budget_256 seed=4 0.56s
590 done chncxr resnet50 CHNCXR_0175_0 rise_budget_2048 seed=4 9.77s
591 done chncxr resnet50 CHNCXR_0175_0 rise_budget_2048 seed=2 9.37s
592 done chncxr resnet50 CHNCXR_0175_0 lime_budget_256 seed=0 0.78s
593 done chncxr resnet50 CHNCXR_0175_0 kernel_shap_budget_512 seed=1 1.27s
594 done chncxr resnet50 CHNCXR_0175_0 lime_budget_1024 seed=0 2.57s
595 done chncxr resnet50 CHNCXR_0175_0 lime_budget_512 seed=4 1.24s
596 done chncxr resnet50 CHNCXR_0175_0 rise_budget_256 seed=3 1.19s
597 done chncxr resnet50 CHNCXR_0175_0 rise_budget_512 seed=1 2.27s
598 done chncxr resnet50 CHNCXR_0175_0 lime_budget_512 seed=2 1.11s
599 done chncxr resnet50 CHNCXR_0175_0 kernel_shap_budget_512 seed=4 1.11s
600 done chncxr resnet50 CHNCXR_0175_0 lime_budget_1024 seed=4 2.47s
601 done chncxr resnet50 CHNCXR_0175_0 rise_budget_256 seed=2 1.35s
602 done chncxr resnet50 CHNCXR_0175_0 kernel_shap_budget_512 seed=2 1.34s
603 done chncxr resnet50 CHNCXR_0175_0 lime_budget_2048 seed=0 4.89s
604 done chncxr resnet50 CHNCXR_0175_0 rise_budget_1024 seed=2 3.86s
605 done chncxr resnet50 CHNCXR_0175_0 kernel_shap_budget_512 seed=3 1.10s
606 done chncxr resnet50 CHNCXR_0175_0 lime_budget_512 seed=1 1.12s
607 done chncxr resnet50 CHNCXR_0175_0 lime_budget_1024 seed=2 2.29s
608 done chncxr resnet50 CHNCXR_0175_0 rise_budget_1024 seed=0 4.20s
609 done chncxr resnet50 CHNCXR_0175_0 kernel_shap_budget_1024 seed=2 2.36s
610 done chncxr resnet50 CHNCXR_0175_0 lime_budget_2048 seed=1 4.48s
611 done chncxr resnet50 CHNCXR_0194_0 rise_budget_256 seed=3 1.10s
612 done chncxr resnet50 CHNCXR_0194_0 kernel_shap_budget_1024 seed=1 2.35s
613 done chncxr resnet50 CHNCXR_0194_0 kernel_shap_budget_256 seed=4 0.62s
614 done chncxr resnet50 CHNCXR_0194_0 rise_budget_2048 seed=0 9.21s
615 done chncxr resnet50 CHNCXR_0194_0 rise_budget_1024 seed=3 4.71s
616 done chncxr resnet50 CHNCXR_0194_0 kernel_shap_budget_512 seed=0 1.21s
617 done chncxr resnet50 CHNCXR_0194_0 kernel_shap_budget_2048 seed=3 4.90s
618 done chncxr resnet50 CHNCXR_0194_0 kernel_shap_budget_512 seed=3 1.22s
619 done chncxr resnet50 CHNCXR_0194_0 lime_budget_256 seed=3 0.73s
620 done chncxr resnet50 CHNCXR_0194_0 rise_budget_256 seed=2 1.27s
621 done chncxr resnet50 CHNCXR_0194_0 rise_budget_256 seed=0 1.28s
622 done chncxr resnet50 CHNCXR_0194_0 rise_budget_256 seed=4 1.29s
623 done chncxr resnet50 CHNCXR_0194_0 lime_budget_256 seed=1 0.86s
624 done chncxr resnet50 CHNCXR_0194_0 rise_budget_1024 seed=0 5.41s
625 done chncxr resnet50 CHNCXR_0194_0 kernel_shap_budget_256 seed=3 0.73s
626 done chncxr resnet50 CHNCXR_0194_0 rise_budget_2048 seed=4 9.73s
627 done chncxr resnet50 CHNCXR_0194_0 rise_budget_2048 seed=1 9.26s
628 done chncxr resnet50 CHNCXR_0194_0 kernel_shap_budget_512 seed=2 1.22s
629 done chncxr resnet50 CHNCXR_0194_0 rise_budget_2048 seed=3 9.80s
630 done chncxr resnet50 CHNCXR_0194_0 lime_budget_256 seed=2 0.57s
631 done chncxr resnet50 CHNCXR_0194_0 lime_budget_512 seed=3 1.11s
632 done chncxr resnet50 CHNCXR_0194_0 lime_budget_512 seed=0 1.11s
633 done chncxr resnet50 CHNCXR_0194_0 lime_budget_256 seed=4 0.55s
634 done chncxr resnet50 CHNCXR_0194_0 rise_budget_1024 seed=1 4.66s
635 done chncxr resnet50 CHNCXR_0194_0 lime_budget_256 seed=0 0.77s
636 done chncxr resnet50 CHNCXR_0194_0 kernel_shap_budget_512 seed=4 1.31s
637 done chncxr resnet50 CHNCXR_0194_0 kernel_shap_budget_256 seed=0 0.70s
638 done chncxr resnet50 CHNCXR_0194_0 lime_budget_1024 seed=3 2.72s
639 done chncxr resnet50 CHNCXR_0194_0 rise_budget_512 seed=0 2.16s
640 done chncxr resnet50 CHNCXR_0194_0 lime_budget_2048 seed=4 4.92s
641 done chncxr resnet50 CHNCXR_0194_0 kernel_shap_budget_256 seed=2 0.62s
642 done chncxr resnet50 CHNCXR_0194_0 lime_budget_1024 seed=0 2.34s
643 done chncxr resnet50 CHNCXR_0194_0 kernel_shap_budget_256 seed=1 0.57s
644 done chncxr resnet50 CHNCXR_0194_0 rise_budget_2048 seed=2 10.23s
645 done chncxr resnet50 CHNCXR_0194_0 kernel_shap_budget_1024 seed=2 2.54s
646 done chncxr resnet50 CHNCXR_0194_0 lime_budget_2048 seed=0 5.06s
647 done chncxr resnet50 CHNCXR_0194_0 rise_budget_512 seed=3 2.22s
648 done chncxr resnet50 CHNCXR_0194_0 kernel_shap_budget_2048 seed=4 4.43s
649 done chncxr resnet50 CHNCXR_0194_0 lime_budget_2048 seed=3 4.97s
650 done chncxr resnet50 CHNCXR_0194_0 ablation_default seed=None 0.20s
651 done chncxr resnet50 CHNCXR_0194_0 rise_budget_512 seed=4 2.66s
652 done chncxr resnet50 CHNCXR_0194_0 lime_budget_1024 seed=1 2.26s
653 done chncxr resnet50 CHNCXR_0194_0 lime_budget_1024 seed=2 2.33s
654 done chncxr resnet50 CHNCXR_0194_0 kernel_shap_budget_1024 seed=3 2.24s
655 done chncxr resnet50 CHNCXR_0194_0 kernel_shap_budget_1024 seed=0 2.50s
656 done chncxr resnet50 CHNCXR_0194_0 lime_budget_512 seed=1 1.36s
657 done chncxr resnet50 CHNCXR_0194_0 rise_budget_1024 seed=2 4.81s
658 done chncxr resnet50 CHNCXR_0194_0 kernel_shap_budget_512 seed=1 1.32s
659 done chncxr resnet50 CHNCXR_0194_0 lime_budget_2048 seed=1 4.99s
660 done chncxr resnet50 CHNCXR_0194_0 rise_budget_512 seed=1 2.53s
661 done chncxr resnet50 CHNCXR_0194_0 lime_budget_512 seed=4 1.44s
662 done chncxr resnet50 CHNCXR_0194_0 lime_budget_2048 seed=2 5.11s
663 done chncxr resnet50 CHNCXR_0194_0 lime_budget_512 seed=2 1.17s
664 done chncxr resnet50 CHNCXR_0194_0 kernel_shap_budget_2048 seed=2 4.42s
665 done chncxr resnet50 CHNCXR_0194_0 rise_budget_256 seed=1 1.15s
666 done chncxr resnet50 CHNCXR_0194_0 kernel_shap_budget_2048 seed=1 4.56s
667 done chncxr resnet50 CHNCXR_0194_0 kernel_shap_budget_2048 seed=0 4.75s
668 done chncxr resnet50 CHNCXR_0194_0 rise_budget_512 seed=2 2.24s
669 done chncxr resnet50 CHNCXR_0194_0 kernel_shap_budget_1024 seed=4 2.42s
670 done chncxr resnet50 CHNCXR_0194_0 lime_budget_1024 seed=4 2.44s
671 done chncxr resnet50 CHNCXR_0194_0 rise_budget_1024 seed=4 4.89s
672 done chncxr resnet50 CHNCXR_0209_0 kernel_shap_budget_512 seed=1 1.32s
673 done chncxr resnet50 CHNCXR_0209_0 lime_budget_2048 seed=3 4.92s
674 done chncxr resnet50 CHNCXR_0209_0 lime_budget_2048 seed=1 4.89s
675 done chncxr resnet50 CHNCXR_0209_0 rise_budget_2048 seed=3 8.97s
676 done chncxr resnet50 CHNCXR_0209_0 lime_budget_256 seed=4 0.56s
677 done chncxr resnet50 CHNCXR_0209_0 kernel_shap_budget_1024 seed=4 2.24s
678 done chncxr resnet50 CHNCXR_0209_0 rise_budget_256 seed=1 1.09s
679 done chncxr resnet50 CHNCXR_0209_0 lime_budget_1024 seed=4 2.29s
680 done chncxr resnet50 CHNCXR_0209_0 kernel_shap_budget_1024 seed=0 2.41s
681 done chncxr resnet50 CHNCXR_0209_0 lime_budget_256 seed=1 0.72s
682 done chncxr resnet50 CHNCXR_0209_0 lime_budget_1024 seed=0 2.42s
683 done chncxr resnet50 CHNCXR_0209_0 kernel_shap_budget_2048 seed=3 4.64s
684 done chncxr resnet50 CHNCXR_0209_0 kernel_shap_budget_512 seed=4 1.31s
685 done chncxr resnet50 CHNCXR_0209_0 rise_budget_256 seed=4 1.14s
686 done chncxr resnet50 CHNCXR_0209_0 kernel_shap_budget_256 seed=1 0.55s
687 done chncxr resnet50 CHNCXR_0209_0 ablation_default seed=None 0.15s
688 done chncxr resnet50 CHNCXR_0209_0 kernel_shap_budget_256 seed=3 0.58s
689 done chncxr resnet50 CHNCXR_0209_0 lime_budget_1024 seed=2 2.52s
690 done chncxr resnet50 CHNCXR_0209_0 kernel_shap_budget_256 seed=4 0.80s
691 done chncxr resnet50 CHNCXR_0209_0 kernel_shap_budget_2048 seed=1 4.88s
692 done chncxr resnet50 CHNCXR_0209_0 lime_budget_512 seed=1 1.40s
693 done chncxr resnet50 CHNCXR_0209_0 rise_budget_1024 seed=3 5.19s
694 done chncxr resnet50 CHNCXR_0209_0 rise_budget_512 seed=2 2.25s
695 done chncxr resnet50 CHNCXR_0209_0 rise_budget_512 seed=1 2.38s
696 done chncxr resnet50 CHNCXR_0209_0 lime_budget_2048 seed=2 4.83s
697 done chncxr resnet50 CHNCXR_0209_0 lime_budget_2048 seed=4 4.66s
698 done chncxr resnet50 CHNCXR_0209_0 lime_budget_256 seed=3 0.75s
699 done chncxr resnet50 CHNCXR_0209_0 rise_budget_256 seed=3 1.38s
700 done chncxr resnet50 CHNCXR_0209_0 kernel_shap_budget_2048 seed=0 4.77s
701 done chncxr resnet50 CHNCXR_0209_0 rise_budget_2048 seed=2 10.01s
702 done chncxr resnet50 CHNCXR_0209_0 rise_budget_1024 seed=0 4.87s
703 done chncxr resnet50 CHNCXR_0209_0 lime_budget_256 seed=0 0.64s
704 done chncxr resnet50 CHNCXR_0209_0 kernel_shap_budget_1024 seed=1 2.38s
705 done chncxr resnet50 CHNCXR_0209_0 rise_budget_1024 seed=2 5.09s
706 done chncxr resnet50 CHNCXR_0209_0 lime_budget_512 seed=2 1.33s
707 done chncxr resnet50 CHNCXR_0209_0 lime_budget_1024 seed=1 2.48s
708 done chncxr resnet50 CHNCXR_0209_0 rise_budget_2048 seed=4 9.52s
709 done chncxr resnet50 CHNCXR_0209_0 rise_budget_2048 seed=0 10.01s
710 done chncxr resnet50 CHNCXR_0209_0 lime_budget_2048 seed=0 4.53s
711 done chncxr resnet50 CHNCXR_0209_0 kernel_shap_budget_2048 seed=2 4.94s
712 done chncxr resnet50 CHNCXR_0209_0 lime_budget_512 seed=4 1.23s
713 done chncxr resnet50 CHNCXR_0209_0 rise_budget_512 seed=0 2.12s
714 done chncxr resnet50 CHNCXR_0209_0 lime_budget_1024 seed=3 2.31s
715 done chncxr resnet50 CHNCXR_0209_0 kernel_shap_budget_256 seed=0 0.65s
716 done chncxr resnet50 CHNCXR_0209_0 lime_budget_512 seed=3 1.46s
717 done chncxr resnet50 CHNCXR_0209_0 rise_budget_512 seed=3 2.27s
718 done chncxr resnet50 CHNCXR_0209_0 rise_budget_256 seed=0 1.16s
719 done chncxr resnet50 CHNCXR_0209_0 kernel_shap_budget_1024 seed=3 2.28s
720 done chncxr resnet50 CHNCXR_0209_0 rise_budget_2048 seed=1 9.39s
721 done chncxr resnet50 CHNCXR_0209_0 kernel_shap_budget_2048 seed=4 4.76s
722 done chncxr resnet50 CHNCXR_0209_0 lime_budget_512 seed=0 1.26s
723 done chncxr resnet50 CHNCXR_0209_0 kernel_shap_budget_512 seed=2 1.22s
724 done chncxr resnet50 CHNCXR_0209_0 kernel_shap_budget_1024 seed=2 2.42s
725 done chncxr resnet50 CHNCXR_0209_0 kernel_shap_budget_256 seed=2 0.57s
726 done chncxr resnet50 CHNCXR_0209_0 kernel_shap_budget_512 seed=3 1.16s
727 done chncxr resnet50 CHNCXR_0209_0 kernel_shap_budget_512 seed=0 1.12s
728 done chncxr resnet50 CHNCXR_0209_0 rise_budget_512 seed=4 2.68s
729 done chncxr resnet50 CHNCXR_0209_0 rise_budget_256 seed=2 1.16s
730 done chncxr resnet50 CHNCXR_0209_0 lime_budget_256 seed=2 0.56s
731 done chncxr resnet50 CHNCXR_0209_0 rise_budget_1024 seed=4 4.60s
732 done chncxr resnet50 CHNCXR_0209_0 rise_budget_1024 seed=1 5.19s
733 done chncxr resnet50 CHNCXR_0218_0 rise_budget_2048 seed=0 8.19s
734 done chncxr resnet50 CHNCXR_0218_0 rise_budget_2048 seed=2 9.18s
735 done chncxr resnet50 CHNCXR_0218_0 rise_budget_256 seed=3 1.23s
736 done chncxr resnet50 CHNCXR_0218_0 rise_budget_2048 seed=4 10.59s
737 done chncxr resnet50 CHNCXR_0218_0 lime_budget_1024 seed=2 2.72s
738 done chncxr resnet50 CHNCXR_0218_0 kernel_shap_budget_256 seed=3 0.75s
739 done chncxr resnet50 CHNCXR_0218_0 lime_budget_1024 seed=1 2.70s
740 done chncxr resnet50 CHNCXR_0218_0 lime_budget_256 seed=4 1.00s
741 done chncxr resnet50 CHNCXR_0218_0 kernel_shap_budget_512 seed=3 1.22s
742 done chncxr resnet50 CHNCXR_0218_0 kernel_shap_budget_2048 seed=2 4.63s
743 done chncxr resnet50 CHNCXR_0218_0 kernel_shap_budget_1024 seed=0 2.46s
744 done chncxr resnet50 CHNCXR_0218_0 rise_budget_256 seed=4 1.26s
745 done chncxr resnet50 CHNCXR_0218_0 kernel_shap_budget_256 seed=0 0.71s
746 done chncxr resnet50 CHNCXR_0218_0 kernel_shap_budget_1024 seed=4 2.57s
747 done chncxr resnet50 CHNCXR_0218_0 lime_budget_512 seed=4 1.10s
748 done chncxr resnet50 CHNCXR_0218_0 lime_budget_512 seed=3 1.31s
749 done chncxr resnet50 CHNCXR_0218_0 kernel_shap_budget_512 seed=1 1.20s
750 done chncxr resnet50 CHNCXR_0218_0 rise_budget_512 seed=3 2.21s
751 done chncxr resnet50 CHNCXR_0218_0 lime_budget_2048 seed=1 5.02s
752 done chncxr resnet50 CHNCXR_0218_0 rise_budget_2048 seed=3 8.88s
753 done chncxr resnet50 CHNCXR_0218_0 lime_budget_512 seed=2 1.16s
754 done chncxr resnet50 CHNCXR_0218_0 rise_budget_1024 seed=0 4.66s
755 done chncxr resnet50 CHNCXR_0218_0 kernel_shap_budget_2048 seed=4 4.43s
756 done chncxr resnet50 CHNCXR_0218_0 kernel_shap_budget_512 seed=0 1.24s
757 done chncxr resnet50 CHNCXR_0218_0 lime_budget_512 seed=1 1.30s
758 done chncxr resnet50 CHNCXR_0218_0 kernel_shap_budget_512 seed=2 1.26s
759 done chncxr resnet50 CHNCXR_0218_0 kernel_shap_budget_2048 seed=3 4.68s
760 done chncxr resnet50 CHNCXR_0218_0 rise_budget_512 seed=4 1.95s
761 done chncxr resnet50 CHNCXR_0218_0 kernel_shap_budget_1024 seed=2 2.27s
762 done chncxr resnet50 CHNCXR_0218_0 rise_budget_256 seed=2 0.95s
763 done chncxr resnet50 CHNCXR_0218_0 lime_budget_256 seed=1 0.63s
764 done chncxr resnet50 CHNCXR_0218_0 rise_budget_512 seed=1 2.10s
765 done chncxr resnet50 CHNCXR_0218_0 rise_budget_1024 seed=4 4.67s
766 done chncxr resnet50 CHNCXR_0218_0 lime_budget_2048 seed=0 4.97s
767 done chncxr resnet50 CHNCXR_0218_0 kernel_shap_budget_256 seed=1 0.66s
768 done chncxr resnet50 CHNCXR_0218_0 rise_budget_1024 seed=2 5.44s
769 done chncxr resnet50 CHNCXR_0218_0 lime_budget_2048 seed=2 5.15s
770 done chncxr resnet50 CHNCXR_0218_0 rise_budget_256 seed=0 1.16s
771 done chncxr resnet50 CHNCXR_0218_0 ablation_default seed=None 0.16s
772 done chncxr resnet50 CHNCXR_0218_0 kernel_shap_budget_512 seed=4 1.10s
773 done chncxr resnet50 CHNCXR_0218_0 lime_budget_256 seed=0 0.56s
774 done chncxr resnet50 CHNCXR_0218_0 rise_budget_512 seed=0 2.32s
775 done chncxr resnet50 CHNCXR_0218_0 rise_budget_512 seed=2 2.49s
776 done chncxr resnet50 CHNCXR_0218_0 kernel_shap_budget_1024 seed=3 2.42s
777 done chncxr resnet50 CHNCXR_0218_0 lime_budget_2048 seed=3 4.36s
778 done chncxr resnet50 CHNCXR_0218_0 lime_budget_1024 seed=4 2.51s
779 done chncxr resnet50 CHNCXR_0218_0 rise_budget_1024 seed=1 4.93s
780 done chncxr resnet50 CHNCXR_0218_0 lime_budget_256 seed=3 0.64s
781 done chncxr resnet50 CHNCXR_0218_0 lime_budget_1024 seed=0 2.27s
782 done chncxr resnet50 CHNCXR_0218_0 kernel_shap_budget_256 seed=4 0.58s
783 done chncxr resnet50 CHNCXR_0218_0 lime_budget_2048 seed=4 4.59s
784 done chncxr resnet50 CHNCXR_0218_0 kernel_shap_budget_256 seed=2 0.57s
785 done chncxr resnet50 CHNCXR_0218_0 rise_budget_1024 seed=3 4.68s
786 done chncxr resnet50 CHNCXR_0218_0 kernel_shap_budget_2048 seed=1 4.70s
787 done chncxr resnet50 CHNCXR_0218_0 lime_budget_256 seed=2 0.72s
788 done chncxr resnet50 CHNCXR_0218_0 rise_budget_2048 seed=1 9.71s
789 done chncxr resnet50 CHNCXR_0218_0 lime_budget_512 seed=0 1.27s
790 done chncxr resnet50 CHNCXR_0218_0 rise_budget_256 seed=1 1.14s
791 done chncxr resnet50 CHNCXR_0218_0 kernel_shap_budget_2048 seed=0 4.59s
792 done chncxr resnet50 CHNCXR_0218_0 kernel_shap_budget_1024 seed=1 2.23s
793 done chncxr resnet50 CHNCXR_0218_0 lime_budget_1024 seed=3 2.31s
794 done chncxr resnet50 CHNCXR_0230_0 rise_budget_512 seed=3 2.33s
795 done chncxr resnet50 CHNCXR_0230_0 lime_budget_1024 seed=3 2.51s
796 done chncxr resnet50 CHNCXR_0230_0 rise_budget_1024 seed=4 4.73s
797 done chncxr resnet50 CHNCXR_0230_0 lime_budget_2048 seed=4 4.97s
798 done chncxr resnet50 CHNCXR_0230_0 rise_budget_1024 seed=3 5.05s
799 done chncxr resnet50 CHNCXR_0230_0 rise_budget_256 seed=0 1.27s
800 done chncxr resnet50 CHNCXR_0230_0 rise_budget_1024 seed=2 4.74s
801 done chncxr resnet50 CHNCXR_0230_0 kernel_shap_budget_512 seed=2 1.14s
802 done chncxr resnet50 CHNCXR_0230_0 lime_budget_256 seed=0 0.57s
803 done chncxr resnet50 CHNCXR_0230_0 lime_budget_2048 seed=1 4.92s
804 done chncxr resnet50 CHNCXR_0230_0 kernel_shap_budget_1024 seed=1 2.23s
805 done chncxr resnet50 CHNCXR_0230_0 lime_budget_2048 seed=0 4.70s
806 done chncxr resnet50 CHNCXR_0230_0 lime_budget_512 seed=0 1.36s
807 done chncxr resnet50 CHNCXR_0230_0 kernel_shap_budget_1024 seed=2 2.57s
808 done chncxr resnet50 CHNCXR_0230_0 lime_budget_1024 seed=2 2.58s
809 done chncxr resnet50 CHNCXR_0230_0 lime_budget_2048 seed=2 4.43s
810 done chncxr resnet50 CHNCXR_0230_0 lime_budget_512 seed=2 1.11s
811 done chncxr resnet50 CHNCXR_0230_0 rise_budget_256 seed=2 0.83s
812 done chncxr resnet50 CHNCXR_0230_0 rise_budget_256 seed=1 1.04s
813 done chncxr resnet50 CHNCXR_0230_0 lime_budget_1024 seed=1 2.17s
814 done chncxr resnet50 CHNCXR_0230_0 lime_budget_512 seed=3 1.15s
815 done chncxr resnet50 CHNCXR_0230_0 lime_budget_256 seed=2 0.56s
816 done chncxr resnet50 CHNCXR_0230_0 lime_budget_1024 seed=0 2.36s
817 done chncxr resnet50 CHNCXR_0230_0 ablation_default seed=None 0.22s
818 done chncxr resnet50 CHNCXR_0230_0 kernel_shap_budget_2048 seed=2 5.15s
819 done chncxr resnet50 CHNCXR_0230_0 kernel_shap_budget_1024 seed=3 2.55s
820 done chncxr resnet50 CHNCXR_0230_0 kernel_shap_budget_256 seed=2 0.84s
821 done chncxr resnet50 CHNCXR_0230_0 rise_budget_1024 seed=0 4.89s
822 done chncxr resnet50 CHNCXR_0230_0 rise_budget_512 seed=1 2.50s
823 done chncxr resnet50 CHNCXR_0230_0 rise_budget_2048 seed=0 10.19s
824 done chncxr resnet50 CHNCXR_0230_0 lime_budget_2048 seed=3 4.85s
825 done chncxr resnet50 CHNCXR_0230_0 kernel_shap_budget_256 seed=1 0.66s
826 done chncxr resnet50 CHNCXR_0230_0 kernel_shap_budget_2048 seed=0 4.92s
827 done chncxr resnet50 CHNCXR_0230_0 kernel_shap_budget_512 seed=3 1.29s
828 done chncxr resnet50 CHNCXR_0230_0 kernel_shap_budget_256 seed=0 0.68s
829 done chncxr resnet50 CHNCXR_0230_0 rise_budget_2048 seed=2 11.03s
830 done chncxr resnet50 CHNCXR_0230_0 rise_budget_2048 seed=1 9.42s
831 done chncxr resnet50 CHNCXR_0230_0 rise_budget_1024 seed=1 4.63s
832 done chncxr resnet50 CHNCXR_0230_0 lime_budget_512 seed=1 1.11s
833 done chncxr resnet50 CHNCXR_0230_0 kernel_shap_budget_512 seed=1 1.10s
834 done chncxr resnet50 CHNCXR_0230_0 lime_budget_512 seed=4 1.18s
835 done chncxr resnet50 CHNCXR_0230_0 rise_budget_512 seed=4 2.16s
836 done chncxr resnet50 CHNCXR_0230_0 kernel_shap_budget_256 seed=3 0.60s
837 done chncxr resnet50 CHNCXR_0230_0 kernel_shap_budget_1024 seed=0 2.46s
838 done chncxr resnet50 CHNCXR_0230_0 kernel_shap_budget_2048 seed=1 5.05s
839 done chncxr resnet50 CHNCXR_0230_0 rise_budget_512 seed=2 2.24s
840 done chncxr resnet50 CHNCXR_0230_0 kernel_shap_budget_1024 seed=4 2.47s
841 done chncxr resnet50 CHNCXR_0230_0 rise_budget_256 seed=4 1.30s
842 done chncxr resnet50 CHNCXR_0230_0 kernel_shap_budget_512 seed=0 1.34s
843 done chncxr resnet50 CHNCXR_0230_0 rise_budget_2048 seed=4 10.17s
844 done chncxr resnet50 CHNCXR_0230_0 lime_budget_256 seed=1 0.58s
845 done chncxr resnet50 CHNCXR_0230_0 lime_budget_1024 seed=4 2.25s
846 done chncxr resnet50 CHNCXR_0230_0 kernel_shap_budget_256 seed=4 0.57s
847 done chncxr resnet50 CHNCXR_0230_0 kernel_shap_budget_512 seed=4 1.14s
848 done chncxr resnet50 CHNCXR_0230_0 lime_budget_256 seed=3 0.63s
849 done chncxr resnet50 CHNCXR_0230_0 kernel_shap_budget_2048 seed=3 4.98s
850 done chncxr resnet50 CHNCXR_0230_0 lime_budget_256 seed=4 0.87s
851 done chncxr resnet50 CHNCXR_0230_0 rise_budget_256 seed=3 1.39s
852 done chncxr resnet50 CHNCXR_0230_0 rise_budget_2048 seed=3 9.49s
853 done chncxr resnet50 CHNCXR_0230_0 kernel_shap_budget_2048 seed=4 4.58s
854 done chncxr resnet50 CHNCXR_0230_0 rise_budget_512 seed=0 2.36s
855 done chncxr resnet50 CHNCXR_0257_0 kernel_shap_budget_256 seed=2 0.62s
856 done chncxr resnet50 CHNCXR_0257_0 lime_budget_1024 seed=3 2.29s
857 done chncxr resnet50 CHNCXR_0257_0 rise_budget_1024 seed=3 4.57s
858 done chncxr resnet50 CHNCXR_0257_0 kernel_shap_budget_1024 seed=4 2.57s
859 done chncxr resnet50 CHNCXR_0257_0 rise_budget_1024 seed=4 4.98s
860 done chncxr resnet50 CHNCXR_0257_0 lime_budget_1024 seed=0 2.33s
861 done chncxr resnet50 CHNCXR_0257_0 rise_budget_1024 seed=0 4.44s
862 done chncxr resnet50 CHNCXR_0257_0 kernel_shap_budget_512 seed=3 1.13s
863 done chncxr resnet50 CHNCXR_0257_0 rise_budget_2048 seed=4 9.28s
864 done chncxr resnet50 CHNCXR_0257_0 kernel_shap_budget_2048 seed=3 4.88s
865 done chncxr resnet50 CHNCXR_0257_0 rise_budget_2048 seed=0 9.00s
866 done chncxr resnet50 CHNCXR_0257_0 lime_budget_512 seed=1 1.26s
867 done chncxr resnet50 CHNCXR_0257_0 kernel_shap_budget_512 seed=2 1.14s
868 done chncxr resnet50 CHNCXR_0257_0 lime_budget_2048 seed=4 4.58s
869 done chncxr resnet50 CHNCXR_0257_0 kernel_shap_budget_256 seed=1 0.60s
870 done chncxr resnet50 CHNCXR_0257_0 lime_budget_2048 seed=2 4.92s
871 done chncxr resnet50 CHNCXR_0257_0 lime_budget_256 seed=1 0.70s
872 done chncxr resnet50 CHNCXR_0257_0 rise_budget_512 seed=0 2.57s
873 done chncxr resnet50 CHNCXR_0257_0 rise_budget_512 seed=3 2.36s
874 done chncxr resnet50 CHNCXR_0257_0 rise_budget_2048 seed=1 10.05s
875 done chncxr resnet50 CHNCXR_0257_0 lime_budget_1024 seed=4 2.47s
876 done chncxr resnet50 CHNCXR_0257_0 lime_budget_512 seed=2 1.26s
877 done chncxr resnet50 CHNCXR_0257_0 rise_budget_2048 seed=2 9.54s
878 done chncxr resnet50 CHNCXR_0257_0 lime_budget_256 seed=4 0.61s
879 done chncxr resnet50 CHNCXR_0257_0 rise_budget_512 seed=2 2.38s
880 done chncxr resnet50 CHNCXR_0257_0 lime_budget_2048 seed=3 4.54s
881 done chncxr resnet50 CHNCXR_0257_0 rise_budget_256 seed=4 1.28s
882 done chncxr resnet50 CHNCXR_0257_0 rise_budget_2048 seed=3 9.89s
883 done chncxr resnet50 CHNCXR_0257_0 rise_budget_256 seed=1 1.03s
884 done chncxr resnet50 CHNCXR_0257_0 kernel_shap_budget_2048 seed=2 4.39s
885 done chncxr resnet50 CHNCXR_0257_0 lime_budget_256 seed=0 0.62s
886 done chncxr resnet50 CHNCXR_0257_0 lime_budget_512 seed=3 1.31s
887 done chncxr resnet50 CHNCXR_0257_0 ablation_default seed=None 0.18s
888 done chncxr resnet50 CHNCXR_0257_0 kernel_shap_budget_512 seed=4 1.24s
889 done chncxr resnet50 CHNCXR_0257_0 lime_budget_1024 seed=2 2.70s
890 done chncxr resnet50 CHNCXR_0257_0 lime_budget_256 seed=3 0.79s
891 done chncxr resnet50 CHNCXR_0257_0 rise_budget_256 seed=2 1.18s
892 done chncxr resnet50 CHNCXR_0257_0 lime_budget_1024 seed=1 2.63s
893 done chncxr resnet50 CHNCXR_0257_0 rise_budget_256 seed=0 1.39s
894 done chncxr resnet50 CHNCXR_0257_0 lime_budget_2048 seed=0 4.89s
895 done chncxr resnet50 CHNCXR_0257_0 lime_budget_256 seed=2 0.56s
896 done chncxr resnet50 CHNCXR_0257_0 kernel_shap_budget_256 seed=0 0.56s
897 done chncxr resnet50 CHNCXR_0257_0 rise_budget_256 seed=3 1.11s
898 done chncxr resnet50 CHNCXR_0257_0 kernel_shap_budget_2048 seed=0 4.42s
899 done chncxr resnet50 CHNCXR_0257_0 lime_budget_512 seed=0 1.15s
900 done chncxr resnet50 CHNCXR_0257_0 kernel_shap_budget_2048 seed=1 4.81s
901 done chncxr resnet50 CHNCXR_0257_0 kernel_shap_budget_512 seed=0 1.19s
902 done chncxr resnet50 CHNCXR_0257_0 rise_budget_1024 seed=2 5.37s
903 done chncxr resnet50 CHNCXR_0257_0 lime_budget_2048 seed=1 4.63s
904 done chncxr resnet50 CHNCXR_0257_0 kernel_shap_budget_256 seed=3 0.55s
905 done chncxr resnet50 CHNCXR_0257_0 rise_budget_512 seed=4 2.38s
906 done chncxr resnet50 CHNCXR_0257_0 kernel_shap_budget_256 seed=4 0.63s
907 done chncxr resnet50 CHNCXR_0257_0 kernel_shap_budget_512 seed=1 1.30s
908 done chncxr resnet50 CHNCXR_0257_0 rise_budget_1024 seed=1 4.97s
909 done chncxr resnet50 CHNCXR_0257_0 lime_budget_512 seed=4 1.15s
910 done chncxr resnet50 CHNCXR_0257_0 kernel_shap_budget_1024 seed=0 2.21s
911 done chncxr resnet50 CHNCXR_0257_0 rise_budget_512 seed=1 2.05s
912 done chncxr resnet50 CHNCXR_0257_0 kernel_shap_budget_1024 seed=2 2.14s
913 done chncxr resnet50 CHNCXR_0257_0 kernel_shap_budget_1024 seed=1 2.39s
914 done chncxr resnet50 CHNCXR_0257_0 kernel_shap_budget_1024 seed=3 2.25s
915 done chncxr resnet50 CHNCXR_0257_0 kernel_shap_budget_2048 seed=4 4.56s
916 done chncxr resnet50 CHNCXR_0275_0 kernel_shap_budget_2048 seed=2 5.13s
917 done chncxr resnet50 CHNCXR_0275_0 kernel_shap_budget_256 seed=4 0.63s
918 done chncxr resnet50 CHNCXR_0275_0 kernel_shap_budget_1024 seed=1 2.47s
919 done chncxr resnet50 CHNCXR_0275_0 kernel_shap_budget_512 seed=3 1.40s
920 done chncxr resnet50 CHNCXR_0275_0 lime_budget_256 seed=0 0.76s
921 done chncxr resnet50 CHNCXR_0275_0 kernel_shap_budget_512 seed=0 1.26s
922 done chncxr resnet50 CHNCXR_0275_0 kernel_shap_budget_2048 seed=0 4.60s
923 done chncxr resnet50 CHNCXR_0275_0 kernel_shap_budget_256 seed=2 0.70s
924 done chncxr resnet50 CHNCXR_0275_0 rise_budget_2048 seed=0 8.12s
925 done chncxr resnet50 CHNCXR_0275_0 lime_budget_512 seed=4 1.21s
926 done chncxr resnet50 CHNCXR_0275_0 rise_budget_256 seed=2 1.18s
927 done chncxr resnet50 CHNCXR_0275_0 rise_budget_1024 seed=3 4.95s
928 done chncxr resnet50 CHNCXR_0275_0 lime_budget_256 seed=4 0.64s
929 done chncxr resnet50 CHNCXR_0275_0 kernel_shap_budget_256 seed=0 0.54s
930 done chncxr resnet50 CHNCXR_0275_0 rise_budget_1024 seed=2 4.73s
931 done chncxr resnet50 CHNCXR_0275_0 lime_budget_2048 seed=2 5.00s
932 done chncxr resnet50 CHNCXR_0275_0 rise_budget_2048 seed=1 10.22s
933 done chncxr resnet50 CHNCXR_0275_0 rise_budget_256 seed=4 1.23s
934 done chncxr resnet50 CHNCXR_0275_0 kernel_shap_budget_512 seed=1 1.27s
935 done chncxr resnet50 CHNCXR_0275_0 lime_budget_1024 seed=2 2.30s
936 done chncxr resnet50 CHNCXR_0275_0 rise_budget_2048 seed=2 8.14s
937 done chncxr resnet50 CHNCXR_0275_0 rise_budget_512 seed=3 2.33s
938 done chncxr resnet50 CHNCXR_0275_0 lime_budget_1024 seed=4 2.33s
939 done chncxr resnet50 CHNCXR_0275_0 kernel_shap_budget_256 seed=3 0.61s
940 done chncxr resnet50 CHNCXR_0275_0 kernel_shap_budget_2048 seed=1 4.42s
941 done chncxr resnet50 CHNCXR_0275_0 lime_budget_2048 seed=0 4.36s
942 done chncxr resnet50 CHNCXR_0275_0 kernel_shap_budget_2048 seed=3 4.37s
943 done chncxr resnet50 CHNCXR_0275_0 rise_budget_512 seed=2 2.25s
944 done chncxr resnet50 CHNCXR_0275_0 kernel_shap_budget_256 seed=1 0.56s
945 done chncxr resnet50 CHNCXR_0275_0 lime_budget_1024 seed=3 2.47s
946 done chncxr resnet50 CHNCXR_0275_0 kernel_shap_budget_2048 seed=4 4.84s
947 done chncxr resnet50 CHNCXR_0275_0 rise_budget_2048 seed=3 10.57s
948 done chncxr resnet50 CHNCXR_0275_0 kernel_shap_budget_1024 seed=2 2.58s
949 done chncxr resnet50 CHNCXR_0275_0 rise_budget_1024 seed=4 5.00s
950 done chncxr resnet50 CHNCXR_0275_0 lime_budget_512 seed=2 1.43s
951 done chncxr resnet50 CHNCXR_0275_0 lime_budget_256 seed=1 0.67s
952 done chncxr resnet50 CHNCXR_0275_0 rise_budget_1024 seed=0 4.93s
953 done chncxr resnet50 CHNCXR_0275_0 lime_budget_512 seed=0 1.31s
954 done chncxr resnet50 CHNCXR_0275_0 lime_budget_256 seed=2 0.61s
955 done chncxr resnet50 CHNCXR_0275_0 rise_budget_512 seed=4 2.62s
956 done chncxr resnet50 CHNCXR_0275_0 rise_budget_256 seed=3 1.26s
957 done chncxr resnet50 CHNCXR_0275_0 lime_budget_1024 seed=0 2.41s
958 done chncxr resnet50 CHNCXR_0275_0 lime_budget_1024 seed=1 2.29s
959 done chncxr resnet50 CHNCXR_0275_0 kernel_shap_budget_512 seed=2 1.26s
960 done chncxr resnet50 CHNCXR_0275_0 kernel_shap_budget_1024 seed=0 2.46s
961 done chncxr resnet50 CHNCXR_0275_0 rise_budget_256 seed=0 1.24s
962 done chncxr resnet50 CHNCXR_0275_0 kernel_shap_budget_512 seed=4 1.18s
963 done chncxr resnet50 CHNCXR_0275_0 lime_budget_2048 seed=4 4.40s
964 done chncxr resnet50 CHNCXR_0275_0 lime_budget_512 seed=3 1.11s
965 done chncxr resnet50 CHNCXR_0275_0 kernel_shap_budget_1024 seed=3 2.21s
966 done chncxr resnet50 CHNCXR_0275_0 ablation_default seed=None 0.18s
967 done chncxr resnet50 CHNCXR_0275_0 lime_budget_2048 seed=1 4.73s
968 done chncxr resnet50 CHNCXR_0275_0 lime_budget_2048 seed=3 4.93s
969 done chncxr resnet50 CHNCXR_0275_0 rise_budget_1024 seed=1 4.72s
970 done chncxr resnet50 CHNCXR_0275_0 lime_budget_256 seed=3 0.62s
971 done chncxr resnet50 CHNCXR_0275_0 rise_budget_2048 seed=4 9.22s
972 done chncxr resnet50 CHNCXR_0275_0 kernel_shap_budget_1024 seed=4 2.48s
973 done chncxr resnet50 CHNCXR_0275_0 lime_budget_512 seed=1 1.33s
974 done chncxr resnet50 CHNCXR_0275_0 rise_budget_256 seed=1 1.38s
975 done chncxr resnet50 CHNCXR_0275_0 rise_budget_512 seed=0 2.44s
976 done chncxr resnet50 CHNCXR_0275_0 rise_budget_512 seed=1 2.24s
977 done chncxr resnet50 CHNCXR_0301_0 rise_budget_512 seed=4 2.43s
978 done chncxr resnet50 CHNCXR_0301_0 rise_budget_1024 seed=3 5.42s
979 done chncxr resnet50 CHNCXR_0301_0 kernel_shap_budget_512 seed=3 1.20s
980 done chncxr resnet50 CHNCXR_0301_0 rise_budget_256 seed=2 1.23s
981 done chncxr resnet50 CHNCXR_0301_0 kernel_shap_budget_512 seed=1 1.30s
982 done chncxr resnet50 CHNCXR_0301_0 kernel_shap_budget_1024 seed=0 2.37s
983 done chncxr resnet50 CHNCXR_0301_0 kernel_shap_budget_256 seed=0 0.61s
984 done chncxr resnet50 CHNCXR_0301_0 rise_budget_2048 seed=0 9.77s
985 done chncxr resnet50 CHNCXR_0301_0 kernel_shap_budget_2048 seed=1 4.94s
986 done chncxr resnet50 CHNCXR_0301_0 kernel_shap_budget_2048 seed=4 4.90s
987 done chncxr resnet50 CHNCXR_0301_0 rise_budget_256 seed=0 1.17s
988 done chncxr resnet50 CHNCXR_0301_0 lime_budget_512 seed=1 1.18s
989 done chncxr resnet50 CHNCXR_0301_0 kernel_shap_budget_1024 seed=2 2.39s
990 done chncxr resnet50 CHNCXR_0301_0 rise_budget_512 seed=1 2.46s
991 done chncxr resnet50 CHNCXR_0301_0 lime_budget_2048 seed=1 4.71s
992 done chncxr resnet50 CHNCXR_0301_0 lime_budget_256 seed=2 0.74s
993 done chncxr resnet50 CHNCXR_0301_0 lime_budget_512 seed=0 1.32s
994 done chncxr resnet50 CHNCXR_0301_0 rise_budget_512 seed=2 2.37s
995 done chncxr resnet50 CHNCXR_0301_0 rise_budget_1024 seed=1 4.93s
996 done chncxr resnet50 CHNCXR_0301_0 lime_budget_1024 seed=4 2.58s
997 done chncxr resnet50 CHNCXR_0301_0 kernel_shap_budget_1024 seed=1 2.38s
998 done chncxr resnet50 CHNCXR_0301_0 kernel_shap_budget_2048 seed=3 4.59s
999 done chncxr resnet50 CHNCXR_0301_0 lime_budget_512 seed=2 1.27s
1000 done chncxr resnet50 CHNCXR_0301_0 rise_budget_2048 seed=1 8.39s
1001 done chncxr resnet50 CHNCXR_0301_0 rise_budget_2048 seed=4 9.28s
1002 done chncxr resnet50 CHNCXR_0301_0 rise_budget_1024 seed=2 4.89s
1003 done chncxr resnet50 CHNCXR_0301_0 kernel_shap_budget_1024 seed=4 2.21s
1004 done chncxr resnet50 CHNCXR_0301_0 kernel_shap_budget_512 seed=0 1.11s
1005 done chncxr resnet50 CHNCXR_0301_0 lime_budget_256 seed=3 0.64s
1006 done chncxr resnet50 CHNCXR_0301_0 lime_budget_1024 seed=2 2.42s
1007 done chncxr resnet50 CHNCXR_0301_0 rise_budget_1024 seed=4 4.81s
1008 done chncxr resnet50 CHNCXR_0301_0 lime_budget_512 seed=4 1.20s
1009 done chncxr resnet50 CHNCXR_0301_0 kernel_shap_budget_256 seed=4 0.55s
1010 done chncxr resnet50 CHNCXR_0301_0 rise_budget_1024 seed=0 4.69s
1011 done chncxr resnet50 CHNCXR_0301_0 lime_budget_2048 seed=0 4.50s
1012 done chncxr resnet50 CHNCXR_0301_0 kernel_shap_budget_256 seed=2 0.61s
1013 done chncxr resnet50 CHNCXR_0301_0 rise_budget_2048 seed=2 9.88s
1014 done chncxr resnet50 CHNCXR_0301_0 rise_budget_512 seed=0 2.35s
1015 done chncxr resnet50 CHNCXR_0301_0 rise_budget_2048 seed=3 9.25s
1016 done chncxr resnet50 CHNCXR_0301_0 kernel_shap_budget_256 seed=1 0.56s
1017 done chncxr resnet50 CHNCXR_0301_0 kernel_shap_budget_512 seed=2 1.11s
1018 done chncxr resnet50 CHNCXR_0301_0 lime_budget_1024 seed=0 2.23s
1019 done chncxr resnet50 CHNCXR_0301_0 rise_budget_256 seed=4 1.14s
1020 done chncxr resnet50 CHNCXR_0301_0 lime_budget_2048 seed=2 4.81s
1021 done chncxr resnet50 CHNCXR_0301_0 rise_budget_256 seed=1 1.20s
1022 done chncxr resnet50 CHNCXR_0301_0 lime_budget_256 seed=4 0.61s
1023 done chncxr resnet50 CHNCXR_0301_0 lime_budget_256 seed=1 0.71s
1024 done chncxr resnet50 CHNCXR_0301_0 lime_budget_1024 seed=1 2.44s
1025 done chncxr resnet50 CHNCXR_0301_0 lime_budget_2048 seed=4 4.93s
1026 done chncxr resnet50 CHNCXR_0301_0 rise_budget_256 seed=3 1.27s
1027 done chncxr resnet50 CHNCXR_0301_0 kernel_shap_budget_2048 seed=2 5.17s
1028 done chncxr resnet50 CHNCXR_0301_0 lime_budget_512 seed=3 1.16s
1029 done chncxr resnet50 CHNCXR_0301_0 ablation_default seed=None 0.15s
1030 done chncxr resnet50 CHNCXR_0301_0 kernel_shap_budget_256 seed=3 0.53s
1031 done chncxr resnet50 CHNCXR_0301_0 kernel_shap_budget_512 seed=4 1.08s
1032 done chncxr resnet50 CHNCXR_0301_0 rise_budget_512 seed=3 2.36s
1033 done chncxr resnet50 CHNCXR_0301_0 lime_budget_256 seed=0 0.75s
1034 done chncxr resnet50 CHNCXR_0301_0 kernel_shap_budget_2048 seed=0 4.85s
1035 done chncxr resnet50 CHNCXR_0301_0 lime_budget_2048 seed=3 4.83s
1036 done chncxr resnet50 CHNCXR_0301_0 lime_budget_1024 seed=3 2.36s
1037 done chncxr resnet50 CHNCXR_0301_0 kernel_shap_budget_1024 seed=3 2.28s
1038 done chncxr resnet50 CHNCXR_0342_1 rise_budget_512 seed=3 2.22s
1039 done chncxr resnet50 CHNCXR_0342_1 lime_budget_2048 seed=0 4.82s
1040 done chncxr resnet50 CHNCXR_0342_1 rise_budget_256 seed=3 1.07s
1041 done chncxr resnet50 CHNCXR_0342_1 rise_budget_2048 seed=1 9.17s
1042 done chncxr resnet50 CHNCXR_0342_1 lime_budget_1024 seed=0 2.41s
1043 done chncxr resnet50 CHNCXR_0342_1 lime_budget_2048 seed=1 4.60s
1044 done chncxr resnet50 CHNCXR_0342_1 kernel_shap_budget_1024 seed=2 2.41s
1045 done chncxr resnet50 CHNCXR_0342_1 lime_budget_256 seed=2 0.67s
1046 done chncxr resnet50 CHNCXR_0342_1 kernel_shap_budget_512 seed=0 1.18s
1047 done chncxr resnet50 CHNCXR_0342_1 rise_budget_2048 seed=2 9.89s
1048 done chncxr resnet50 CHNCXR_0342_1 lime_budget_2048 seed=2 4.83s
1049 done chncxr resnet50 CHNCXR_0342_1 rise_budget_1024 seed=0 4.94s
1050 done chncxr resnet50 CHNCXR_0342_1 rise_budget_512 seed=0 2.36s
1051 done chncxr resnet50 CHNCXR_0342_1 kernel_shap_budget_512 seed=2 1.18s
1052 done chncxr resnet50 CHNCXR_0342_1 kernel_shap_budget_1024 seed=0 2.30s
1053 done chncxr resnet50 CHNCXR_0342_1 rise_budget_512 seed=2 2.20s
1054 done chncxr resnet50 CHNCXR_0342_1 rise_budget_512 seed=1 2.27s
1055 done chncxr resnet50 CHNCXR_0342_1 rise_budget_1024 seed=1 5.04s
1056 done chncxr resnet50 CHNCXR_0342_1 lime_budget_256 seed=1 0.67s
1057 done chncxr resnet50 CHNCXR_0342_1 rise_budget_2048 seed=4 10.30s
1058 done chncxr resnet50 CHNCXR_0342_1 rise_budget_1024 seed=4 5.22s
1059 done chncxr resnet50 CHNCXR_0342_1 rise_budget_1024 seed=3 4.75s
1060 done chncxr resnet50 CHNCXR_0342_1 lime_budget_512 seed=3 1.36s
1061 done chncxr resnet50 CHNCXR_0342_1 lime_budget_2048 seed=4 4.98s
1062 done chncxr resnet50 CHNCXR_0342_1 lime_budget_1024 seed=1 2.30s
1063 done chncxr resnet50 CHNCXR_0342_1 lime_budget_512 seed=2 1.15s
1064 done chncxr resnet50 CHNCXR_0342_1 rise_budget_256 seed=4 1.00s
1065 done chncxr resnet50 CHNCXR_0342_1 kernel_shap_budget_512 seed=4 1.15s
1066 done chncxr resnet50 CHNCXR_0342_1 kernel_shap_budget_512 seed=3 1.10s
1067 done chncxr resnet50 CHNCXR_0342_1 kernel_shap_budget_2048 seed=0 4.65s
1068 done chncxr resnet50 CHNCXR_0342_1 kernel_shap_budget_2048 seed=4 4.96s
1069 done chncxr resnet50 CHNCXR_0342_1 rise_budget_1024 seed=2 3.57s
1070 done chncxr resnet50 CHNCXR_0342_1 kernel_shap_budget_256 seed=3 0.56s
1071 done chncxr resnet50 CHNCXR_0342_1 kernel_shap_budget_2048 seed=2 4.54s
1072 done chncxr resnet50 CHNCXR_0342_1 lime_budget_256 seed=0 0.60s
1073 done chncxr resnet50 CHNCXR_0342_1 kernel_shap_budget_512 seed=1 1.23s
1074 done chncxr resnet50 CHNCXR_0342_1 kernel_shap_budget_1024 seed=4 2.24s
1075 done chncxr resnet50 CHNCXR_0342_1 rise_budget_256 seed=2 1.11s
1076 done chncxr resnet50 CHNCXR_0342_1 lime_budget_512 seed=0 1.16s
1077 done chncxr resnet50 CHNCXR_0342_1 lime_budget_512 seed=4 1.33s
1078 done chncxr resnet50 CHNCXR_0342_1 lime_budget_2048 seed=3 4.52s
1079 done chncxr resnet50 CHNCXR_0342_1 rise_budget_256 seed=1 1.10s
1080 done chncxr resnet50 CHNCXR_0342_1 rise_budget_2048 seed=0 9.63s
1081 done chncxr resnet50 CHNCXR_0342_1 kernel_shap_budget_1024 seed=1 2.24s
1082 done chncxr resnet50 CHNCXR_0342_1 rise_budget_512 seed=4 2.35s
1083 done chncxr resnet50 CHNCXR_0342_1 lime_budget_256 seed=4 0.64s
1084 done chncxr resnet50 CHNCXR_0342_1 kernel_shap_budget_256 seed=4 0.59s
1085 done chncxr resnet50 CHNCXR_0342_1 ablation_default seed=None 0.16s
1086 done chncxr resnet50 CHNCXR_0342_1 lime_budget_256 seed=3 0.61s
1087 done chncxr resnet50 CHNCXR_0342_1 rise_budget_2048 seed=3 9.29s
1088 done chncxr resnet50 CHNCXR_0342_1 kernel_shap_budget_256 seed=0 0.61s
1089 done chncxr resnet50 CHNCXR_0342_1 lime_budget_1024 seed=3 2.51s
1090 done chncxr resnet50 CHNCXR_0342_1 lime_budget_1024 seed=4 2.20s
1091 done chncxr resnet50 CHNCXR_0342_1 kernel_shap_budget_2048 seed=1 4.91s
1092 done chncxr resnet50 CHNCXR_0342_1 lime_budget_512 seed=1 1.31s
1093 done chncxr resnet50 CHNCXR_0342_1 lime_budget_1024 seed=2 2.47s
1094 done chncxr resnet50 CHNCXR_0342_1 kernel_shap_budget_256 seed=1 0.71s
1095 done chncxr resnet50 CHNCXR_0342_1 kernel_shap_budget_2048 seed=3 5.04s
1096 done chncxr resnet50 CHNCXR_0342_1 rise_budget_256 seed=0 1.26s
1097 done chncxr resnet50 CHNCXR_0342_1 kernel_shap_budget_256 seed=2 0.64s
1098 done chncxr resnet50 CHNCXR_0342_1 kernel_shap_budget_1024 seed=3 2.53s
1099 done chncxr resnet50 CHNCXR_0347_1 lime_budget_256 seed=1 0.69s
1100 done chncxr resnet50 CHNCXR_0347_1 lime_budget_512 seed=1 1.33s
1101 done chncxr resnet50 CHNCXR_0347_1 kernel_shap_budget_512 seed=1 1.21s
1102 done chncxr resnet50 CHNCXR_0347_1 kernel_shap_budget_512 seed=4 1.18s
1103 done chncxr resnet50 CHNCXR_0347_1 lime_budget_1024 seed=2 2.43s
1104 done chncxr resnet50 CHNCXR_0347_1 rise_budget_2048 seed=1 7.59s
1105 done chncxr resnet50 CHNCXR_0347_1 kernel_shap_budget_1024 seed=2 2.24s
1106 done chncxr resnet50 CHNCXR_0347_1 kernel_shap_budget_1024 seed=1 2.26s
1107 done chncxr resnet50 CHNCXR_0347_1 rise_budget_1024 seed=2 4.90s
1108 done chncxr resnet50 CHNCXR_0347_1 lime_budget_256 seed=4 0.63s
1109 done chncxr resnet50 CHNCXR_0347_1 kernel_shap_budget_512 seed=3 1.13s
1110 done chncxr resnet50 CHNCXR_0347_1 rise_budget_2048 seed=0 10.14s
1111 done chncxr resnet50 CHNCXR_0347_1 kernel_shap_budget_1024 seed=3 2.48s
1112 done chncxr resnet50 CHNCXR_0347_1 kernel_shap_budget_1024 seed=4 2.45s
1113 done chncxr resnet50 CHNCXR_0347_1 lime_budget_2048 seed=1 5.03s
1114 done chncxr resnet50 CHNCXR_0347_1 kernel_shap_budget_2048 seed=2 4.83s
1115 done chncxr resnet50 CHNCXR_0347_1 lime_budget_512 seed=0 1.31s
1116 done chncxr resnet50 CHNCXR_0347_1 rise_budget_256 seed=3 1.32s
1117 done chncxr resnet50 CHNCXR_0347_1 kernel_shap_budget_256 seed=1 0.64s
1118 done chncxr resnet50 CHNCXR_0347_1 rise_budget_512 seed=3 2.56s
1119 done chncxr resnet50 CHNCXR_0347_1 rise_budget_256 seed=2 1.27s
1120 done chncxr resnet50 CHNCXR_0347_1 rise_budget_1024 seed=3 5.45s
1121 done chncxr resnet50 CHNCXR_0347_1 rise_budget_1024 seed=4 4.90s
1122 done chncxr resnet50 CHNCXR_0347_1 rise_budget_512 seed=0 2.47s
1123 done chncxr resnet50 CHNCXR_0347_1 kernel_shap_budget_2048 seed=4 4.80s
1124 done chncxr resnet50 CHNCXR_0347_1 rise_budget_256 seed=4 1.11s
1125 done chncxr resnet50 CHNCXR_0347_1 lime_budget_512 seed=3 1.12s
1126 done chncxr resnet50 CHNCXR_0347_1 rise_budget_1024 seed=0 3.96s
1127 done chncxr resnet50 CHNCXR_0347_1 lime_budget_1024 seed=1 2.39s
1128 done chncxr resnet50 CHNCXR_0347_1 rise_budget_2048 seed=4 9.33s
1129 done chncxr resnet50 CHNCXR_0347_1 kernel_shap_budget_2048 seed=0 4.90s
1130 done chncxr resnet50 CHNCXR_0347_1 kernel_shap_budget_512 seed=0 1.35s
1131 done chncxr resnet50 CHNCXR_0347_1 kernel_shap_budget_256 seed=4 0.73s
1132 done chncxr resnet50 CHNCXR_0347_1 lime_budget_2048 seed=2 5.04s
1133 done chncxr resnet50 CHNCXR_0347_1 kernel_shap_budget_256 seed=0 0.66s
1134 done chncxr resnet50 CHNCXR_0347_1 kernel_shap_budget_256 seed=2 0.58s
1135 done chncxr resnet50 CHNCXR_0347_1 lime_budget_2048 seed=4 4.58s
1136 done chncxr resnet50 CHNCXR_0347_1 kernel_shap_budget_512 seed=2 1.25s
1137 done chncxr resnet50 CHNCXR_0347_1 lime_budget_1024 seed=4 2.65s
1138 done chncxr resnet50 CHNCXR_0347_1 rise_budget_512 seed=2 2.67s
1139 done chncxr resnet50 CHNCXR_0347_1 rise_budget_256 seed=0 1.34s
1140 done chncxr resnet50 CHNCXR_0347_1 kernel_shap_budget_2048 seed=3 4.85s
1141 done chncxr resnet50 CHNCXR_0347_1 rise_budget_256 seed=1 1.22s
1142 done chncxr resnet50 CHNCXR_0347_1 kernel_shap_budget_256 seed=3 0.57s
1143 done chncxr resnet50 CHNCXR_0347_1 rise_budget_2048 seed=3 9.45s
1144 done chncxr resnet50 CHNCXR_0347_1 lime_budget_1024 seed=3 2.53s
1145 done chncxr resnet50 CHNCXR_0347_1 ablation_default seed=None 0.20s
1146 done chncxr resnet50 CHNCXR_0347_1 lime_budget_256 seed=2 0.71s
1147 done chncxr resnet50 CHNCXR_0347_1 rise_budget_512 seed=1 2.15s
1148 done chncxr resnet50 CHNCXR_0347_1 kernel_shap_budget_2048 seed=1 4.57s
1149 done chncxr resnet50 CHNCXR_0347_1 lime_budget_1024 seed=0 2.22s
1150 done chncxr resnet50 CHNCXR_0347_1 lime_budget_256 seed=3 0.62s
1151 done chncxr resnet50 CHNCXR_0347_1 lime_budget_512 seed=4 1.29s
1152 done chncxr resnet50 CHNCXR_0347_1 lime_budget_512 seed=2 1.24s
1153 done chncxr resnet50 CHNCXR_0347_1 rise_budget_512 seed=4 2.22s
1154 done chncxr resnet50 CHNCXR_0347_1 lime_budget_256 seed=0 0.63s
1155 done chncxr resnet50 CHNCXR_0347_1 lime_budget_2048 seed=3 4.82s
1156 done chncxr resnet50 CHNCXR_0347_1 lime_budget_2048 seed=0 5.31s
1157 done chncxr resnet50 CHNCXR_0347_1 rise_budget_1024 seed=1 5.42s
1158 done chncxr resnet50 CHNCXR_0347_1 rise_budget_2048 seed=2 9.94s
1159 done chncxr resnet50 CHNCXR_0347_1 kernel_shap_budget_1024 seed=0 2.54s
1160 done chncxr resnet50 CHNCXR_0353_1 lime_budget_2048 seed=2 4.71s
1161 done chncxr resnet50 CHNCXR_0353_1 kernel_shap_budget_512 seed=0 1.15s
1162 done chncxr resnet50 CHNCXR_0353_1 kernel_shap_budget_2048 seed=3 5.04s
1163 done chncxr resnet50 CHNCXR_0353_1 lime_budget_256 seed=3 0.74s
1164 done chncxr resnet50 CHNCXR_0353_1 rise_budget_512 seed=3 2.61s
1165 done chncxr resnet50 CHNCXR_0353_1 rise_budget_1024 seed=4 4.57s
1166 done chncxr resnet50 CHNCXR_0353_1 lime_budget_512 seed=4 1.30s
1167 done chncxr resnet50 CHNCXR_0353_1 lime_budget_256 seed=0 0.75s
1168 done chncxr resnet50 CHNCXR_0353_1 rise_budget_512 seed=2 2.50s
1169 done chncxr resnet50 CHNCXR_0353_1 rise_budget_512 seed=1 2.24s
1170 done chncxr resnet50 CHNCXR_0353_1 rise_budget_1024 seed=3 5.12s
1171 done chncxr resnet50 CHNCXR_0353_1 lime_budget_2048 seed=1 4.59s
1172 done chncxr resnet50 CHNCXR_0353_1 rise_budget_1024 seed=0 4.02s
1173 done chncxr resnet50 CHNCXR_0353_1 rise_budget_256 seed=2 1.16s
1174 done chncxr resnet50 CHNCXR_0353_1 kernel_shap_budget_256 seed=4 0.60s
1175 done chncxr resnet50 CHNCXR_0353_1 kernel_shap_budget_512 seed=4 1.17s
1176 done chncxr resnet50 CHNCXR_0353_1 ablation_default seed=None 0.19s
1177 done chncxr resnet50 CHNCXR_0353_1 rise_budget_256 seed=3 1.17s
1178 done chncxr resnet50 CHNCXR_0353_1 rise_budget_256 seed=4 1.29s
1179 done chncxr resnet50 CHNCXR_0353_1 kernel_shap_budget_512 seed=2 1.16s
1180 done chncxr resnet50 CHNCXR_0353_1 kernel_shap_budget_1024 seed=2 2.33s
1181 done chncxr resnet50 CHNCXR_0353_1 kernel_shap_budget_512 seed=3 1.15s
1182 done chncxr resnet50 CHNCXR_0353_1 kernel_shap_budget_2048 seed=1 4.79s
1183 done chncxr resnet50 CHNCXR_0353_1 rise_budget_512 seed=0 2.45s
1184 done chncxr resnet50 CHNCXR_0353_1 kernel_shap_budget_2048 seed=0 4.86s
1185 done chncxr resnet50 CHNCXR_0353_1 lime_budget_512 seed=2 1.33s
1186 done chncxr resnet50 CHNCXR_0353_1 lime_budget_2048 seed=3 4.57s
1187 done chncxr resnet50 CHNCXR_0353_1 kernel_shap_budget_256 seed=3 0.62s
1188 done chncxr resnet50 CHNCXR_0353_1 lime_budget_1024 seed=1 2.48s
1189 done chncxr resnet50 CHNCXR_0353_1 rise_budget_256 seed=1 1.30s
1190 done chncxr resnet50 CHNCXR_0353_1 kernel_shap_budget_1024 seed=0 2.57s
1191 done chncxr resnet50 CHNCXR_0353_1 rise_budget_2048 seed=0 9.69s
1192 done chncxr resnet50 CHNCXR_0353_1 lime_budget_1024 seed=3 2.62s
1193 done chncxr resnet50 CHNCXR_0353_1 kernel_shap_budget_1024 seed=1 2.36s
1194 done chncxr resnet50 CHNCXR_0353_1 lime_budget_256 seed=2 0.67s
1195 done chncxr resnet50 CHNCXR_0353_1 lime_budget_2048 seed=0 4.67s
1196 done chncxr resnet50 CHNCXR_0353_1 kernel_shap_budget_256 seed=1 0.60s
1197 done chncxr resnet50 CHNCXR_0353_1 rise_budget_1024 seed=2 4.93s
1198 done chncxr resnet50 CHNCXR_0353_1 lime_budget_2048 seed=4 4.55s
1199 done chncxr resnet50 CHNCXR_0353_1 kernel_shap_budget_256 seed=0 0.55s
1200 done chncxr resnet50 CHNCXR_0353_1 rise_budget_2048 seed=4 9.52s
1201 done chncxr resnet50 CHNCXR_0353_1 kernel_shap_budget_2048 seed=4 4.61s
1202 done chncxr resnet50 CHNCXR_0353_1 lime_budget_512 seed=0 1.17s
1203 done chncxr resnet50 CHNCXR_0353_1 rise_budget_512 seed=4 2.43s
1204 done chncxr resnet50 CHNCXR_0353_1 lime_budget_1024 seed=2 2.37s
1205 done chncxr resnet50 CHNCXR_0353_1 rise_budget_2048 seed=3 8.00s
1206 done chncxr resnet50 CHNCXR_0353_1 lime_budget_1024 seed=4 2.69s
1207 done chncxr resnet50 CHNCXR_0353_1 lime_budget_1024 seed=0 2.62s
1208 done chncxr resnet50 CHNCXR_0353_1 rise_budget_1024 seed=1 5.29s
1209 done chncxr resnet50 CHNCXR_0353_1 kernel_shap_budget_1024 seed=3 2.30s
1210 done chncxr resnet50 CHNCXR_0353_1 lime_budget_256 seed=1 0.72s
1211 done chncxr resnet50 CHNCXR_0353_1 kernel_shap_budget_512 seed=1 1.22s
1212 done chncxr resnet50 CHNCXR_0353_1 lime_budget_512 seed=1 1.14s
1213 done chncxr resnet50 CHNCXR_0353_1 rise_budget_256 seed=0 1.30s
1214 done chncxr resnet50 CHNCXR_0353_1 lime_budget_512 seed=3 1.41s
1215 done chncxr resnet50 CHNCXR_0353_1 kernel_shap_budget_256 seed=2 0.63s
1216 done chncxr resnet50 CHNCXR_0353_1 kernel_shap_budget_2048 seed=2 4.83s
1217 done chncxr resnet50 CHNCXR_0353_1 rise_budget_2048 seed=1 9.57s
1218 done chncxr resnet50 CHNCXR_0353_1 lime_budget_256 seed=4 0.60s
1219 done chncxr resnet50 CHNCXR_0353_1 kernel_shap_budget_1024 seed=4 2.43s
1220 done chncxr resnet50 CHNCXR_0353_1 rise_budget_2048 seed=2 8.62s
1221 done chncxr resnet50 CHNCXR_0398_1 kernel_shap_budget_1024 seed=1 2.24s
1222 done chncxr resnet50 CHNCXR_0398_1 lime_budget_512 seed=4 1.10s
1223 done chncxr resnet50 CHNCXR_0398_1 rise_budget_2048 seed=0 9.80s
1224 done chncxr resnet50 CHNCXR_0398_1 kernel_shap_budget_256 seed=2 0.57s
1225 done chncxr resnet50 CHNCXR_0398_1 lime_budget_512 seed=3 1.22s
1226 done chncxr resnet50 CHNCXR_0398_1 kernel_shap_budget_1024 seed=0 2.30s
1227 done chncxr resnet50 CHNCXR_0398_1 rise_budget_2048 seed=2 7.59s
1228 done chncxr resnet50 CHNCXR_0398_1 lime_budget_512 seed=0 1.10s
1229 done chncxr resnet50 CHNCXR_0398_1 kernel_shap_budget_512 seed=4 1.12s
1230 done chncxr resnet50 CHNCXR_0398_1 lime_budget_2048 seed=1 4.58s
1231 done chncxr resnet50 CHNCXR_0398_1 ablation_default seed=None 0.18s
1232 done chncxr resnet50 CHNCXR_0398_1 lime_budget_512 seed=2 1.14s
1233 done chncxr resnet50 CHNCXR_0398_1 rise_budget_512 seed=4 2.65s
1234 done chncxr resnet50 CHNCXR_0398_1 rise_budget_256 seed=0 1.26s
1235 done chncxr resnet50 CHNCXR_0398_1 kernel_shap_budget_256 seed=4 0.61s
1236 done chncxr resnet50 CHNCXR_0398_1 kernel_shap_budget_2048 seed=0 4.85s
1237 done chncxr resnet50 CHNCXR_0398_1 kernel_shap_budget_1024 seed=4 2.43s
1238 done chncxr resnet50 CHNCXR_0398_1 kernel_shap_budget_1024 seed=2 2.52s
1239 done chncxr resnet50 CHNCXR_0398_1 lime_budget_1024 seed=4 2.58s
1240 done chncxr resnet50 CHNCXR_0398_1 lime_budget_2048 seed=3 4.61s
1241 done chncxr resnet50 CHNCXR_0398_1 lime_budget_256 seed=0 0.71s
1242 done chncxr resnet50 CHNCXR_0398_1 kernel_shap_budget_2048 seed=2 5.03s
1243 done chncxr resnet50 CHNCXR_0398_1 lime_budget_256 seed=4 0.64s
1244 done chncxr resnet50 CHNCXR_0398_1 rise_budget_1024 seed=4 5.16s
1245 done chncxr resnet50 CHNCXR_0398_1 kernel_shap_budget_512 seed=1 1.28s
1246 done chncxr resnet50 CHNCXR_0398_1 lime_budget_512 seed=1 1.25s
1247 done chncxr resnet50 CHNCXR_0398_1 kernel_shap_budget_256 seed=0 0.70s
1248 done chncxr resnet50 CHNCXR_0398_1 lime_budget_2048 seed=0 4.75s
1249 done chncxr resnet50 CHNCXR_0398_1 kernel_shap_budget_512 seed=0 1.15s
1250 done chncxr resnet50 CHNCXR_0398_1 lime_budget_1024 seed=3 2.27s
1251 done chncxr resnet50 CHNCXR_0398_1 rise_budget_2048 seed=4 9.66s
1252 done chncxr resnet50 CHNCXR_0398_1 rise_budget_512 seed=0 2.27s
1253 done chncxr resnet50 CHNCXR_0398_1 kernel_shap_budget_256 seed=3 0.73s
1254 done chncxr resnet50 CHNCXR_0398_1 rise_budget_2048 seed=1 9.96s
1255 done chncxr resnet50 CHNCXR_0398_1 rise_budget_256 seed=4 1.15s
1256 done chncxr resnet50 CHNCXR_0398_1 rise_budget_1024 seed=2 4.90s
1257 done chncxr resnet50 CHNCXR_0398_1 lime_budget_1024 seed=1 2.63s
1258 done chncxr resnet50 CHNCXR_0398_1 rise_budget_2048 seed=3 9.59s
1259 done chncxr resnet50 CHNCXR_0398_1 lime_budget_2048 seed=4 4.40s
1260 done chncxr resnet50 CHNCXR_0398_1 lime_budget_2048 seed=2 4.89s
1261 done chncxr resnet50 CHNCXR_0398_1 rise_budget_512 seed=1 2.61s
1262 done chncxr resnet50 CHNCXR_0398_1 lime_budget_1024 seed=2 2.40s
1263 done chncxr resnet50 CHNCXR_0398_1 rise_budget_256 seed=1 1.39s
1264 done chncxr resnet50 CHNCXR_0398_1 lime_budget_256 seed=3 0.65s
1265 done chncxr resnet50 CHNCXR_0398_1 lime_budget_256 seed=1 0.70s
1266 done chncxr resnet50 CHNCXR_0398_1 rise_budget_512 seed=3 2.56s
1267 done chncxr resnet50 CHNCXR_0398_1 kernel_shap_budget_2048 seed=4 4.94s
1268 done chncxr resnet50 CHNCXR_0398_1 kernel_shap_budget_512 seed=3 1.29s
1269 done chncxr resnet50 CHNCXR_0398_1 rise_budget_256 seed=3 1.31s
1270 done chncxr resnet50 CHNCXR_0398_1 lime_budget_1024 seed=0 2.58s
1271 done chncxr resnet50 CHNCXR_0398_1 rise_budget_1024 seed=0 5.17s
1272 done chncxr resnet50 CHNCXR_0398_1 rise_budget_1024 seed=1 4.45s
1273 done chncxr resnet50 CHNCXR_0398_1 kernel_shap_budget_256 seed=1 0.64s
1274 done chncxr resnet50 CHNCXR_0398_1 kernel_shap_budget_512 seed=2 1.15s
1275 done chncxr resnet50 CHNCXR_0398_1 lime_budget_256 seed=2 0.56s
1276 done chncxr resnet50 CHNCXR_0398_1 rise_budget_1024 seed=3 4.58s
1277 done chncxr resnet50 CHNCXR_0398_1 kernel_shap_budget_1024 seed=3 2.30s
1278 done chncxr resnet50 CHNCXR_0398_1 kernel_shap_budget_2048 seed=3 4.81s
1279 done chncxr resnet50 CHNCXR_0398_1 rise_budget_256 seed=2 1.12s
1280 done chncxr resnet50 CHNCXR_0398_1 rise_budget_512 seed=2 1.96s
1281 done chncxr resnet50 CHNCXR_0398_1 kernel_shap_budget_2048 seed=1 4.46s
1282 done chncxr resnet50 CHNCXR_0405_1 kernel_shap_budget_256 seed=0 0.56s
1283 done chncxr resnet50 CHNCXR_0405_1 rise_budget_1024 seed=2 4.31s
1284 done chncxr resnet50 CHNCXR_0405_1 lime_budget_1024 seed=0 2.19s
1285 done chncxr resnet50 CHNCXR_0405_1 rise_budget_256 seed=3 1.11s
1286 done chncxr resnet50 CHNCXR_0405_1 rise_budget_2048 seed=1 9.74s
1287 done chncxr resnet50 CHNCXR_0405_1 rise_budget_1024 seed=4 5.08s
1288 done chncxr resnet50 CHNCXR_0405_1 rise_budget_512 seed=0 2.67s
1289 done chncxr resnet50 CHNCXR_0405_1 kernel_shap_budget_2048 seed=3 4.95s
1290 done chncxr resnet50 CHNCXR_0405_1 rise_budget_512 seed=3 2.04s
1291 done chncxr resnet50 CHNCXR_0405_1 kernel_shap_budget_2048 seed=0 4.40s
1292 done chncxr resnet50 CHNCXR_0405_1 kernel_shap_budget_1024 seed=0 2.29s
1293 done chncxr resnet50 CHNCXR_0405_1 lime_budget_2048 seed=4 5.13s
1294 done chncxr resnet50 CHNCXR_0405_1 lime_budget_1024 seed=1 2.38s
1295 done chncxr resnet50 CHNCXR_0405_1 rise_budget_256 seed=2 1.34s
1296 done chncxr resnet50 CHNCXR_0405_1 rise_budget_512 seed=2 2.51s
1297 done chncxr resnet50 CHNCXR_0405_1 kernel_shap_budget_1024 seed=4 2.64s
1298 done chncxr resnet50 CHNCXR_0405_1 rise_budget_2048 seed=0 10.74s
1299 done chncxr resnet50 CHNCXR_0405_1 kernel_shap_budget_2048 seed=1 4.78s
1300 done chncxr resnet50 CHNCXR_0405_1 rise_budget_256 seed=0 1.11s
1301 done chncxr resnet50 CHNCXR_0405_1 kernel_shap_budget_512 seed=0 1.15s
1302 done chncxr resnet50 CHNCXR_0405_1 rise_budget_2048 seed=4 8.67s
1303 done chncxr resnet50 CHNCXR_0405_1 rise_budget_1024 seed=3 3.86s
1304 done chncxr resnet50 CHNCXR_0405_1 kernel_shap_budget_2048 seed=2 4.97s
1305 done chncxr resnet50 CHNCXR_0405_1 lime_budget_256 seed=3 0.69s
1306 done chncxr resnet50 CHNCXR_0405_1 kernel_shap_budget_1024 seed=1 2.23s
1307 done chncxr resnet50 CHNCXR_0405_1 kernel_shap_budget_1024 seed=2 2.37s
1308 done chncxr resnet50 CHNCXR_0405_1 rise_budget_512 seed=1 2.31s
1309 done chncxr resnet50 CHNCXR_0405_1 lime_budget_512 seed=1 1.29s
1310 done chncxr resnet50 CHNCXR_0405_1 kernel_shap_budget_512 seed=3 1.28s
1311 done chncxr resnet50 CHNCXR_0405_1 lime_budget_512 seed=2 1.32s
1312 done chncxr resnet50 CHNCXR_0405_1 lime_budget_256 seed=0 0.62s
1313 done chncxr resnet50 CHNCXR_0405_1 kernel_shap_budget_256 seed=1 0.61s
1314 done chncxr resnet50 CHNCXR_0405_1 kernel_shap_budget_2048 seed=4 4.45s
1315 done chncxr resnet50 CHNCXR_0405_1 kernel_shap_budget_256 seed=4 0.55s
1316 done chncxr resnet50 CHNCXR_0405_1 lime_budget_512 seed=3 1.21s
1317 done chncxr resnet50 CHNCXR_0405_1 kernel_shap_budget_256 seed=2 0.61s
1318 done chncxr resnet50 CHNCXR_0405_1 kernel_shap_budget_256 seed=3 0.58s
1319 done chncxr resnet50 CHNCXR_0405_1 kernel_shap_budget_1024 seed=3 2.36s
1320 done chncxr resnet50 CHNCXR_0405_1 rise_budget_256 seed=1 1.32s
1321 done chncxr resnet50 CHNCXR_0405_1 lime_budget_256 seed=2 0.78s
1322 done chncxr resnet50 CHNCXR_0405_1 ablation_default seed=None 0.22s
1323 done chncxr resnet50 CHNCXR_0405_1 kernel_shap_budget_512 seed=1 1.28s
1324 done chncxr resnet50 CHNCXR_0405_1 kernel_shap_budget_512 seed=2 1.25s
1325 done chncxr resnet50 CHNCXR_0405_1 lime_budget_2048 seed=1 4.74s
1326 done chncxr resnet50 CHNCXR_0405_1 lime_budget_512 seed=0 1.26s
1327 done chncxr resnet50 CHNCXR_0405_1 lime_budget_2048 seed=0 4.80s
1328 done chncxr resnet50 CHNCXR_0405_1 rise_budget_2048 seed=3 10.46s
1329 done chncxr resnet50 CHNCXR_0405_1 lime_budget_1024 seed=4 2.47s
1330 done chncxr resnet50 CHNCXR_0405_1 lime_budget_1024 seed=3 2.38s
1331 done chncxr resnet50 CHNCXR_0405_1 lime_budget_256 seed=4 0.55s
1332 done chncxr resnet50 CHNCXR_0405_1 rise_budget_512 seed=4 2.17s
1333 done chncxr resnet50 CHNCXR_0405_1 rise_budget_256 seed=4 0.86s
1334 done chncxr resnet50 CHNCXR_0405_1 rise_budget_1024 seed=0 5.02s
1335 done chncxr resnet50 CHNCXR_0405_1 lime_budget_512 seed=4 1.22s
1336 done chncxr resnet50 CHNCXR_0405_1 rise_budget_2048 seed=2 10.29s
1337 done chncxr resnet50 CHNCXR_0405_1 lime_budget_1024 seed=2 2.63s
1338 done chncxr resnet50 CHNCXR_0405_1 lime_budget_2048 seed=2 4.86s
1339 done chncxr resnet50 CHNCXR_0405_1 lime_budget_256 seed=1 0.67s
1340 done chncxr resnet50 CHNCXR_0405_1 rise_budget_1024 seed=1 4.66s
1341 done chncxr resnet50 CHNCXR_0405_1 kernel_shap_budget_512 seed=4 1.21s
1342 done chncxr resnet50 CHNCXR_0405_1 lime_budget_2048 seed=3 5.04s
1343 done chncxr resnet50 CHNCXR_0408_1 rise_budget_512 seed=1 2.75s
1344 done chncxr resnet50 CHNCXR_0408_1 lime_budget_256 seed=4 0.79s
1345 done chncxr resnet50 CHNCXR_0408_1 kernel_shap_budget_256 seed=4 0.79s
1346 done chncxr resnet50 CHNCXR_0408_1 lime_budget_512 seed=1 1.40s
1347 done chncxr resnet50 CHNCXR_0408_1 lime_budget_256 seed=2 0.65s
1348 done chncxr resnet50 CHNCXR_0408_1 lime_budget_2048 seed=0 4.80s
1349 done chncxr resnet50 CHNCXR_0408_1 rise_budget_1024 seed=4 4.54s
1350 done chncxr resnet50 CHNCXR_0408_1 lime_budget_256 seed=3 0.75s
1351 done chncxr resnet50 CHNCXR_0408_1 lime_budget_1024 seed=0 2.62s
1352 done chncxr resnet50 CHNCXR_0408_1 kernel_shap_budget_1024 seed=4 2.40s
1353 done chncxr resnet50 CHNCXR_0408_1 rise_budget_512 seed=4 2.23s
1354 done chncxr resnet50 CHNCXR_0408_1 lime_budget_512 seed=0 1.09s
1355 done chncxr resnet50 CHNCXR_0408_1 rise_budget_2048 seed=3 9.92s
1356 done chncxr resnet50 CHNCXR_0408_1 kernel_shap_budget_512 seed=4 1.22s
1357 done chncxr resnet50 CHNCXR_0408_1 rise_budget_2048 seed=1 7.69s
1358 done chncxr resnet50 CHNCXR_0408_1 ablation_default seed=None 0.16s
1359 done chncxr resnet50 CHNCXR_0408_1 lime_budget_1024 seed=2 2.39s
1360 done chncxr resnet50 CHNCXR_0408_1 lime_budget_512 seed=4 1.23s
1361 done chncxr resnet50 CHNCXR_0408_1 kernel_shap_budget_2048 seed=4 4.62s
1362 done chncxr resnet50 CHNCXR_0408_1 lime_budget_1024 seed=1 2.53s
1363 done chncxr resnet50 CHNCXR_0408_1 rise_budget_256 seed=0 1.43s
1364 done chncxr resnet50 CHNCXR_0408_1 kernel_shap_budget_1024 seed=3 2.56s
1365 done chncxr resnet50 CHNCXR_0408_1 rise_budget_256 seed=2 1.32s
1366 done chncxr resnet50 CHNCXR_0408_1 rise_budget_256 seed=4 1.28s
1367 done chncxr resnet50 CHNCXR_0408_1 rise_budget_1024 seed=2 4.67s
1368 done chncxr resnet50 CHNCXR_0408_1 rise_budget_512 seed=3 2.31s
1369 done chncxr resnet50 CHNCXR_0408_1 lime_budget_512 seed=2 1.18s
1370 done chncxr resnet50 CHNCXR_0408_1 rise_budget_1024 seed=3 5.04s
1371 done chncxr resnet50 CHNCXR_0408_1 kernel_shap_budget_256 seed=1 0.64s
1372 done chncxr resnet50 CHNCXR_0408_1 kernel_shap_budget_512 seed=2 1.29s
1373 done chncxr resnet50 CHNCXR_0408_1 kernel_shap_budget_256 seed=0 0.63s
1374 done chncxr resnet50 CHNCXR_0408_1 rise_budget_1024 seed=1 4.64s
1375 done chncxr resnet50 CHNCXR_0408_1 kernel_shap_budget_512 seed=0 1.28s
1376 done chncxr resnet50 CHNCXR_0408_1 kernel_shap_budget_1024 seed=0 2.40s
1377 done chncxr resnet50 CHNCXR_0408_1 rise_budget_1024 seed=0 4.94s
1378 done chncxr resnet50 CHNCXR_0408_1 kernel_shap_budget_256 seed=3 0.55s
1379 done chncxr resnet50 CHNCXR_0408_1 rise_budget_512 seed=2 2.25s
1380 done chncxr resnet50 CHNCXR_0408_1 rise_budget_256 seed=1 1.21s
1381 done chncxr resnet50 CHNCXR_0408_1 kernel_shap_budget_2048 seed=2 4.87s
1382 done chncxr resnet50 CHNCXR_0408_1 rise_budget_2048 seed=0 9.19s
1383 done chncxr resnet50 CHNCXR_0408_1 lime_budget_1024 seed=3 2.69s
1384 done chncxr resnet50 CHNCXR_0408_1 lime_budget_256 seed=0 0.69s
1385 done chncxr resnet50 CHNCXR_0408_1 lime_budget_2048 seed=4 4.63s
1386 done chncxr resnet50 CHNCXR_0408_1 lime_budget_2048 seed=2 5.06s
1387 done chncxr resnet50 CHNCXR_0408_1 rise_budget_2048 seed=4 9.39s
1388 done chncxr resnet50 CHNCXR_0408_1 kernel_shap_budget_1024 seed=1 2.25s
1389 done chncxr resnet50 CHNCXR_0408_1 lime_budget_2048 seed=3 4.72s
1390 done chncxr resnet50 CHNCXR_0408_1 lime_budget_2048 seed=1 4.82s
1391 done chncxr resnet50 CHNCXR_0408_1 rise_budget_2048 seed=2 9.21s
1392 done chncxr resnet50 CHNCXR_0408_1 kernel_shap_budget_2048 seed=1 4.44s
1393 done chncxr resnet50 CHNCXR_0408_1 kernel_shap_budget_2048 seed=3 4.65s
1394 done chncxr resnet50 CHNCXR_0408_1 lime_budget_1024 seed=4 2.36s
1395 done chncxr resnet50 CHNCXR_0408_1 kernel_shap_budget_2048 seed=0 4.81s
1396 done chncxr resnet50 CHNCXR_0408_1 kernel_shap_budget_512 seed=1 1.14s
1397 done chncxr resnet50 CHNCXR_0408_1 kernel_shap_budget_1024 seed=2 2.23s
1398 done chncxr resnet50 CHNCXR_0408_1 rise_budget_256 seed=3 0.90s
1399 done chncxr resnet50 CHNCXR_0408_1 rise_budget_512 seed=0 2.07s
1400 done chncxr resnet50 CHNCXR_0408_1 lime_budget_512 seed=3 1.38s
1401 done chncxr resnet50 CHNCXR_0408_1 lime_budget_256 seed=1 0.65s
1402 done chncxr resnet50 CHNCXR_0408_1 kernel_shap_budget_512 seed=3 1.24s
1403 done chncxr resnet50 CHNCXR_0408_1 kernel_shap_budget_256 seed=2 0.57s
1404 done chncxr resnet50 CHNCXR_0428_1 rise_budget_2048 seed=3 9.03s
1405 done chncxr resnet50 CHNCXR_0428_1 rise_budget_2048 seed=0 10.05s
1406 done chncxr resnet50 CHNCXR_0428_1 kernel_shap_budget_256 seed=0 0.62s
1407 done chncxr resnet50 CHNCXR_0428_1 rise_budget_2048 seed=1 10.46s
1408 done chncxr resnet50 CHNCXR_0428_1 rise_budget_2048 seed=2 10.75s
1409 done chncxr resnet50 CHNCXR_0428_1 lime_budget_256 seed=2 0.82s
1410 done chncxr resnet50 CHNCXR_0428_1 kernel_shap_budget_512 seed=3 1.34s
1411 done chncxr resnet50 CHNCXR_0428_1 rise_budget_256 seed=2 1.29s
1412 done chncxr resnet50 CHNCXR_0428_1 lime_budget_512 seed=1 1.38s
1413 done chncxr resnet50 CHNCXR_0428_1 rise_budget_512 seed=0 2.59s
1414 done chncxr resnet50 CHNCXR_0428_1 rise_budget_256 seed=0 1.18s
1415 done chncxr resnet50 CHNCXR_0428_1 lime_budget_2048 seed=3 4.68s
1416 done chncxr resnet50 CHNCXR_0428_1 lime_budget_256 seed=1 0.56s
1417 done chncxr resnet50 CHNCXR_0428_1 rise_budget_1024 seed=4 4.10s
1418 done chncxr resnet50 CHNCXR_0428_1 kernel_shap_budget_1024 seed=3 2.23s
1419 done chncxr resnet50 CHNCXR_0428_1 rise_budget_512 seed=4 1.77s
1420 done chncxr resnet50 CHNCXR_0428_1 ablation_default seed=None 0.15s
1421 done chncxr resnet50 CHNCXR_0428_1 rise_budget_256 seed=3 1.11s
1422 done chncxr resnet50 CHNCXR_0428_1 kernel_shap_budget_512 seed=2 1.13s
1423 done chncxr resnet50 CHNCXR_0428_1 kernel_shap_budget_256 seed=1 0.56s
1424 done chncxr resnet50 CHNCXR_0428_1 rise_budget_256 seed=1 1.02s
1425 done chncxr resnet50 CHNCXR_0428_1 kernel_shap_budget_2048 seed=2 4.75s
1426 done chncxr resnet50 CHNCXR_0428_1 kernel_shap_budget_1024 seed=4 2.37s
1427 done chncxr resnet50 CHNCXR_0428_1 rise_budget_512 seed=2 2.44s
1428 done chncxr resnet50 CHNCXR_0428_1 lime_budget_256 seed=4 0.72s
1429 done chncxr resnet50 CHNCXR_0428_1 kernel_shap_budget_2048 seed=3 4.82s
1430 done chncxr resnet50 CHNCXR_0428_1 kernel_shap_budget_256 seed=4 0.60s
1431 done chncxr resnet50 CHNCXR_0428_1 lime_budget_2048 seed=2 4.70s
1432 done chncxr resnet50 CHNCXR_0428_1 kernel_shap_budget_512 seed=4 1.12s
1433 done chncxr resnet50 CHNCXR_0428_1 lime_budget_1024 seed=2 2.22s
1434 done chncxr resnet50 CHNCXR_0428_1 kernel_shap_budget_2048 seed=0 4.46s
1435 done chncxr resnet50 CHNCXR_0428_1 kernel_shap_budget_1024 seed=0 2.25s
1436 done chncxr resnet50 CHNCXR_0428_1 lime_budget_512 seed=2 1.11s
1437 done chncxr resnet50 CHNCXR_0428_1 rise_budget_2048 seed=4 7.63s
1438 done chncxr resnet50 CHNCXR_0428_1 lime_budget_1024 seed=3 2.76s
1439 done chncxr resnet50 CHNCXR_0428_1 lime_budget_2048 seed=4 4.97s
1440 done chncxr resnet50 CHNCXR_0428_1 kernel_shap_budget_256 seed=2 0.71s
1441 done chncxr resnet50 CHNCXR_0428_1 lime_budget_2048 seed=1 4.55s
1442 done chncxr resnet50 CHNCXR_0428_1 rise_budget_512 seed=1 2.52s
1443 done chncxr resnet50 CHNCXR_0428_1 lime_budget_512 seed=4 1.21s
1444 done chncxr resnet50 CHNCXR_0428_1 lime_budget_1024 seed=4 2.19s
1445 done chncxr resnet50 CHNCXR_0428_1 lime_budget_2048 seed=0 4.76s
1446 done chncxr resnet50 CHNCXR_0428_1 kernel_shap_budget_1024 seed=2 2.44s
1447 done chncxr resnet50 CHNCXR_0428_1 rise_budget_1024 seed=2 4.82s
1448 done chncxr resnet50 CHNCXR_0428_1 kernel_shap_budget_2048 seed=4 4.87s
1449 done chncxr resnet50 CHNCXR_0428_1 kernel_shap_budget_512 seed=1 1.26s
1450 done chncxr resnet50 CHNCXR_0428_1 lime_budget_1024 seed=0 2.54s
1451 done chncxr resnet50 CHNCXR_0428_1 lime_budget_256 seed=3 0.79s
1452 done chncxr resnet50 CHNCXR_0428_1 rise_budget_1024 seed=3 5.35s
1453 done chncxr resnet50 CHNCXR_0428_1 lime_budget_512 seed=3 1.32s
1454 done chncxr resnet50 CHNCXR_0428_1 kernel_shap_budget_256 seed=3 0.70s
1455 done chncxr resnet50 CHNCXR_0428_1 lime_budget_1024 seed=1 2.36s
1456 done chncxr resnet50 CHNCXR_0428_1 rise_budget_512 seed=3 2.51s
1457 done chncxr resnet50 CHNCXR_0428_1 kernel_shap_budget_2048 seed=1 5.05s
1458 done chncxr resnet50 CHNCXR_0428_1 kernel_shap_budget_1024 seed=1 2.33s
1459 done chncxr resnet50 CHNCXR_0428_1 kernel_shap_budget_512 seed=0 1.13s
1460 done chncxr resnet50 CHNCXR_0428_1 rise_budget_1024 seed=1 4.80s
1461 done chncxr resnet50 CHNCXR_0428_1 rise_budget_256 seed=4 1.24s
1462 done chncxr resnet50 CHNCXR_0428_1 lime_budget_512 seed=0 1.37s
1463 done chncxr resnet50 CHNCXR_0428_1 lime_budget_256 seed=0 0.69s
1464 done chncxr resnet50 CHNCXR_0428_1 rise_budget_1024 seed=0 5.05s
1465 done chncxr resnet50 CHNCXR_0433_1 kernel_shap_budget_1024 seed=0 2.45s
1466 done chncxr resnet50 CHNCXR_0433_1 rise_budget_1024 seed=3 4.85s
1467 done chncxr resnet50 CHNCXR_0433_1 rise_budget_512 seed=0 2.28s
1468 done chncxr resnet50 CHNCXR_0433_1 kernel_shap_budget_256 seed=3 0.56s
1469 done chncxr resnet50 CHNCXR_0433_1 kernel_shap_budget_2048 seed=2 4.76s
1470 done chncxr resnet50 CHNCXR_0433_1 rise_budget_256 seed=0 1.17s
1471 done chncxr resnet50 CHNCXR_0433_1 kernel_shap_budget_256 seed=4 0.78s
1472 done chncxr resnet50 CHNCXR_0433_1 kernel_shap_budget_2048 seed=0 4.52s
1473 done chncxr resnet50 CHNCXR_0433_1 rise_budget_1024 seed=4 4.79s
1474 done chncxr resnet50 CHNCXR_0433_1 lime_budget_1024 seed=2 2.42s
1475 done chncxr resnet50 CHNCXR_0433_1 lime_budget_256 seed=1 0.64s
1476 done chncxr resnet50 CHNCXR_0433_1 lime_budget_1024 seed=3 2.39s
1477 done chncxr resnet50 CHNCXR_0433_1 rise_budget_2048 seed=2 9.00s
1478 done chncxr resnet50 CHNCXR_0433_1 rise_budget_256 seed=4 1.21s
1479 done chncxr resnet50 CHNCXR_0433_1 lime_budget_256 seed=2 0.67s
1480 done chncxr resnet50 CHNCXR_0433_1 lime_budget_512 seed=2 1.30s
1481 done chncxr resnet50 CHNCXR_0433_1 kernel_shap_budget_256 seed=0 0.66s
1482 done chncxr resnet50 CHNCXR_0433_1 lime_budget_1024 seed=4 2.62s
1483 done chncxr resnet50 CHNCXR_0433_1 kernel_shap_budget_2048 seed=3 5.10s
1484 done chncxr resnet50 CHNCXR_0433_1 rise_budget_512 seed=3 2.68s
1485 done chncxr resnet50 CHNCXR_0433_1 lime_budget_256 seed=3 0.57s
1486 done chncxr resnet50 CHNCXR_0433_1 kernel_shap_budget_512 seed=3 1.11s
1487 done chncxr resnet50 CHNCXR_0433_1 kernel_shap_budget_512 seed=2 1.11s
1488 done chncxr resnet50 CHNCXR_0433_1 rise_budget_1024 seed=0 3.81s
1489 done chncxr resnet50 CHNCXR_0433_1 lime_budget_2048 seed=4 4.46s
1490 done chncxr resnet50 CHNCXR_0433_1 kernel_shap_budget_1024 seed=3 2.24s
1491 done chncxr resnet50 CHNCXR_0433_1 lime_budget_2048 seed=3 4.59s
1492 done chncxr resnet50 CHNCXR_0433_1 rise_budget_2048 seed=4 9.65s
1493 done chncxr resnet50 CHNCXR_0433_1 rise_budget_2048 seed=1 10.21s
1494 done chncxr resnet50 CHNCXR_0433_1 rise_budget_512 seed=4 2.45s
1495 done chncxr resnet50 CHNCXR_0433_1 rise_budget_256 seed=3 1.10s
1496 done chncxr resnet50 CHNCXR_0433_1 kernel_shap_budget_2048 seed=4 5.00s
1497 done chncxr resnet50 CHNCXR_0433_1 lime_budget_2048 seed=1 4.67s
1498 done chncxr resnet50 CHNCXR_0433_1 lime_budget_512 seed=4 1.18s
1499 done chncxr resnet50 CHNCXR_0433_1 kernel_shap_budget_512 seed=0 1.10s
1500 done chncxr resnet50 CHNCXR_0433_1 rise_budget_512 seed=1 2.33s
1501 done chncxr resnet50 CHNCXR_0433_1 kernel_shap_budget_512 seed=1 1.11s
1502 done chncxr resnet50 CHNCXR_0433_1 lime_budget_256 seed=0 0.63s
1503 done chncxr resnet50 CHNCXR_0433_1 lime_budget_512 seed=0 1.15s
1504 done chncxr resnet50 CHNCXR_0433_1 rise_budget_256 seed=2 1.15s
1505 done chncxr resnet50 CHNCXR_0433_1 lime_budget_2048 seed=0 4.45s
1506 done chncxr resnet50 CHNCXR_0433_1 kernel_shap_budget_512 seed=4 1.44s
1507 done chncxr resnet50 CHNCXR_0433_1 rise_budget_2048 seed=3 11.24s
1508 done chncxr resnet50 CHNCXR_0433_1 rise_budget_256 seed=1 1.28s
1509 done chncxr resnet50 CHNCXR_0433_1 kernel_shap_budget_2048 seed=1 4.53s
1510 done chncxr resnet50 CHNCXR_0433_1 lime_budget_512 seed=1 1.18s
1511 done chncxr resnet50 CHNCXR_0433_1 lime_budget_1024 seed=1 2.60s
1512 done chncxr resnet50 CHNCXR_0433_1 rise_budget_1024 seed=1 4.66s
1513 done chncxr resnet50 CHNCXR_0433_1 kernel_shap_budget_1024 seed=1 2.31s
1514 done chncxr resnet50 CHNCXR_0433_1 ablation_default seed=None 0.15s
1515 done chncxr resnet50 CHNCXR_0433_1 lime_budget_512 seed=3 1.09s
1516 done chncxr resnet50 CHNCXR_0433_1 kernel_shap_budget_256 seed=1 0.64s
1517 done chncxr resnet50 CHNCXR_0433_1 kernel_shap_budget_256 seed=2 0.67s
1518 done chncxr resnet50 CHNCXR_0433_1 rise_budget_512 seed=2 2.57s
1519 done chncxr resnet50 CHNCXR_0433_1 lime_budget_2048 seed=2 4.73s
1520 done chncxr resnet50 CHNCXR_0433_1 lime_budget_1024 seed=0 2.25s
1521 done chncxr resnet50 CHNCXR_0433_1 rise_budget_1024 seed=2 4.64s
1522 done chncxr resnet50 CHNCXR_0433_1 kernel_shap_budget_1024 seed=4 2.26s
1523 done chncxr resnet50 CHNCXR_0433_1 rise_budget_2048 seed=0 9.75s
1524 done chncxr resnet50 CHNCXR_0433_1 kernel_shap_budget_1024 seed=2 2.48s
1525 done chncxr resnet50 CHNCXR_0433_1 lime_budget_256 seed=4 0.59s
1526 done chncxr resnet50 CHNCXR_0436_1 kernel_shap_budget_2048 seed=1 4.62s
1527 done chncxr resnet50 CHNCXR_0436_1 rise_budget_1024 seed=1 4.76s
1528 done chncxr resnet50 CHNCXR_0436_1 kernel_shap_budget_1024 seed=2 2.38s
1529 done chncxr resnet50 CHNCXR_0436_1 kernel_shap_budget_2048 seed=0 4.94s
1530 done chncxr resnet50 CHNCXR_0436_1 rise_budget_2048 seed=2 9.13s
1531 done chncxr resnet50 CHNCXR_0436_1 rise_budget_256 seed=1 1.08s
1532 done chncxr resnet50 CHNCXR_0436_1 lime_budget_512 seed=3 1.16s
1533 done chncxr resnet50 CHNCXR_0436_1 rise_budget_512 seed=2 2.62s
1534 done chncxr resnet50 CHNCXR_0436_1 rise_budget_1024 seed=4 5.13s
1535 done chncxr resnet50 CHNCXR_0436_1 rise_budget_256 seed=4 1.41s
1536 done chncxr resnet50 CHNCXR_0436_1 kernel_shap_budget_1024 seed=3 2.64s
1537 done chncxr resnet50 CHNCXR_0436_1 lime_budget_2048 seed=0 4.86s
1538 done chncxr resnet50 CHNCXR_0436_1 lime_budget_512 seed=1 1.25s
1539 done chncxr resnet50 CHNCXR_0436_1 lime_budget_256 seed=4 0.61s
1540 done chncxr resnet50 CHNCXR_0436_1 rise_budget_256 seed=0 1.22s
1541 done chncxr resnet50 CHNCXR_0436_1 kernel_shap_budget_512 seed=2 1.24s
1542 done chncxr resnet50 CHNCXR_0436_1 kernel_shap_budget_512 seed=3 1.29s
1543 done chncxr resnet50 CHNCXR_0436_1 kernel_shap_budget_2048 seed=2 4.46s
1544 done chncxr resnet50 CHNCXR_0436_1 rise_budget_2048 seed=0 9.33s
1545 done chncxr resnet50 CHNCXR_0436_1 lime_budget_2048 seed=1 4.93s
1546 done chncxr resnet50 CHNCXR_0436_1 kernel_shap_budget_512 seed=4 1.11s
1547 done chncxr resnet50 CHNCXR_0436_1 rise_budget_2048 seed=1 9.09s
1548 done chncxr resnet50 CHNCXR_0436_1 rise_budget_1024 seed=3 5.29s
1549 done chncxr resnet50 CHNCXR_0436_1 rise_budget_512 seed=1 2.42s
1550 done chncxr resnet50 CHNCXR_0436_1 kernel_shap_budget_256 seed=0 0.59s
1551 done chncxr resnet50 CHNCXR_0436_1 lime_budget_512 seed=2 1.20s
1552 done chncxr resnet50 CHNCXR_0436_1 lime_budget_512 seed=4 1.15s
1553 done chncxr resnet50 CHNCXR_0436_1 lime_budget_1024 seed=1 2.44s
1554 done chncxr resnet50 CHNCXR_0436_1 kernel_shap_budget_1024 seed=1 2.40s
1555 done chncxr resnet50 CHNCXR_0436_1 rise_budget_2048 seed=3 9.83s
1556 done chncxr resnet50 CHNCXR_0436_1 rise_budget_1024 seed=2 5.02s
1557 done chncxr resnet50 CHNCXR_0436_1 kernel_shap_budget_256 seed=4 0.68s
1558 done chncxr resnet50 CHNCXR_0436_1 rise_budget_512 seed=3 2.40s
1559 done chncxr resnet50 CHNCXR_0436_1 rise_budget_1024 seed=0 5.12s
1560 done chncxr resnet50 CHNCXR_0436_1 lime_budget_1024 seed=4 2.59s
1561 done chncxr resnet50 CHNCXR_0436_1 lime_budget_256 seed=2 0.69s
1562 done chncxr resnet50 CHNCXR_0436_1 lime_budget_2048 seed=3 4.98s
1563 done chncxr resnet50 CHNCXR_0436_1 kernel_shap_budget_2048 seed=3 4.86s
1564 done chncxr resnet50 CHNCXR_0436_1 lime_budget_256 seed=0 0.56s
1565 done chncxr resnet50 CHNCXR_0436_1 rise_budget_512 seed=0 2.23s
1566 done chncxr resnet50 CHNCXR_0436_1 ablation_default seed=None 0.19s
1567 done chncxr resnet50 CHNCXR_0436_1 kernel_shap_budget_1024 seed=0 2.25s
1568 done chncxr resnet50 CHNCXR_0436_1 lime_budget_256 seed=3 0.70s
1569 done chncxr resnet50 CHNCXR_0436_1 rise_budget_256 seed=2 1.36s
1570 done chncxr resnet50 CHNCXR_0436_1 kernel_shap_budget_256 seed=1 0.59s
1571 done chncxr resnet50 CHNCXR_0436_1 kernel_shap_budget_2048 seed=4 4.44s
1572 done chncxr resnet50 CHNCXR_0436_1 kernel_shap_budget_256 seed=3 0.55s
1573 done chncxr resnet50 CHNCXR_0436_1 rise_budget_2048 seed=4 9.37s
1574 done chncxr resnet50 CHNCXR_0436_1 lime_budget_1024 seed=3 2.23s
1575 done chncxr resnet50 CHNCXR_0436_1 kernel_shap_budget_256 seed=2 0.62s
1576 done chncxr resnet50 CHNCXR_0436_1 lime_budget_1024 seed=0 2.22s
1577 done chncxr resnet50 CHNCXR_0436_1 lime_budget_2048 seed=4 4.56s
1578 done chncxr resnet50 CHNCXR_0436_1 rise_budget_512 seed=4 2.28s
1579 done chncxr resnet50 CHNCXR_0436_1 rise_budget_256 seed=3 1.14s
1580 done chncxr resnet50 CHNCXR_0436_1 lime_budget_2048 seed=2 4.94s
1581 done chncxr resnet50 CHNCXR_0436_1 lime_budget_1024 seed=2 2.61s
1582 done chncxr resnet50 CHNCXR_0436_1 kernel_shap_budget_512 seed=0 1.24s
1583 done chncxr resnet50 CHNCXR_0436_1 kernel_shap_budget_1024 seed=4 2.34s
1584 done chncxr resnet50 CHNCXR_0436_1 lime_budget_256 seed=1 0.65s
1585 done chncxr resnet50 CHNCXR_0436_1 kernel_shap_budget_512 seed=1 1.10s
1586 done chncxr resnet50 CHNCXR_0436_1 lime_budget_512 seed=0 1.12s
1587 done chncxr resnet50 CHNCXR_0444_1 kernel_shap_budget_1024 seed=1 2.29s
1588 done chncxr resnet50 CHNCXR_0444_1 lime_budget_1024 seed=2 2.35s
1589 done chncxr resnet50 CHNCXR_0444_1 kernel_shap_budget_2048 seed=1 4.77s
1590 done chncxr resnet50 CHNCXR_0444_1 kernel_shap_budget_1024 seed=3 2.58s
1591 done chncxr resnet50 CHNCXR_0444_1 lime_budget_2048 seed=4 5.03s
1592 done chncxr resnet50 CHNCXR_0444_1 kernel_shap_budget_1024 seed=2 2.63s
1593 done chncxr resnet50 CHNCXR_0444_1 kernel_shap_budget_2048 seed=0 4.97s
1594 done chncxr resnet50 CHNCXR_0444_1 lime_budget_512 seed=1 1.39s
1595 done chncxr resnet50 CHNCXR_0444_1 rise_budget_1024 seed=3 5.23s
1596 done chncxr resnet50 CHNCXR_0444_1 rise_budget_256 seed=0 1.23s
1597 done chncxr resnet50 CHNCXR_0444_1 lime_budget_256 seed=2 0.60s
1598 done chncxr resnet50 CHNCXR_0444_1 rise_budget_2048 seed=3 10.53s
1599 done chncxr resnet50 CHNCXR_0444_1 rise_budget_512 seed=1 1.82s
1600 done chncxr resnet50 CHNCXR_0444_1 kernel_shap_budget_2048 seed=3 4.66s
1601 done chncxr resnet50 CHNCXR_0444_1 lime_budget_2048 seed=2 4.80s
1602 done chncxr resnet50 CHNCXR_0444_1 rise_budget_2048 seed=4 10.18s
1603 done chncxr resnet50 CHNCXR_0444_1 lime_budget_1024 seed=4 2.43s
1604 done chncxr resnet50 CHNCXR_0444_1 rise_budget_256 seed=1 1.38s
1605 done chncxr resnet50 CHNCXR_0444_1 lime_budget_256 seed=1 0.68s
1606 done chncxr resnet50 CHNCXR_0444_1 kernel_shap_budget_1024 seed=4 2.48s
1607 done chncxr resnet50 CHNCXR_0444_1 lime_budget_512 seed=4 1.30s
1608 done chncxr resnet50 CHNCXR_0444_1 lime_budget_1024 seed=1 2.38s
1609 done chncxr resnet50 CHNCXR_0444_1 rise_budget_512 seed=0 2.29s
1610 done chncxr resnet50 CHNCXR_0444_1 rise_budget_2048 seed=2 9.63s
1611 done chncxr resnet50 CHNCXR_0444_1 kernel_shap_budget_256 seed=2 0.61s
1612 done chncxr resnet50 CHNCXR_0444_1 lime_budget_256 seed=0 0.60s
1613 done chncxr resnet50 CHNCXR_0444_1 rise_budget_256 seed=2 1.11s
1614 done chncxr resnet50 CHNCXR_0444_1 kernel_shap_budget_256 seed=0 0.58s
1615 done chncxr resnet50 CHNCXR_0444_1 lime_budget_2048 seed=1 5.27s
1616 done chncxr resnet50 CHNCXR_0444_1 rise_budget_1024 seed=1 5.65s
1617 done chncxr resnet50 CHNCXR_0444_1 kernel_shap_budget_512 seed=1 1.11s
1618 done chncxr resnet50 CHNCXR_0444_1 rise_budget_256 seed=3 1.14s
1619 done chncxr resnet50 CHNCXR_0444_1 lime_budget_512 seed=3 1.18s
1620 done chncxr resnet50 CHNCXR_0444_1 kernel_shap_budget_512 seed=0 1.16s
1621 done chncxr resnet50 CHNCXR_0444_1 lime_budget_1024 seed=0 2.41s
1622 done chncxr resnet50 CHNCXR_0444_1 rise_budget_512 seed=4 2.63s
1623 done chncxr resnet50 CHNCXR_0444_1 lime_budget_1024 seed=3 2.49s
1624 done chncxr resnet50 CHNCXR_0444_1 ablation_default seed=None 0.20s
1625 done chncxr resnet50 CHNCXR_0444_1 rise_budget_1024 seed=0 5.11s
1626 done chncxr resnet50 CHNCXR_0444_1 lime_budget_512 seed=2 1.23s
1627 done chncxr resnet50 CHNCXR_0444_1 rise_budget_256 seed=4 1.26s
1628 done chncxr resnet50 CHNCXR_0444_1 rise_budget_512 seed=2 2.46s
1629 done chncxr resnet50 CHNCXR_0444_1 rise_budget_1024 seed=4 4.62s
1630 done chncxr resnet50 CHNCXR_0444_1 lime_budget_2048 seed=0 4.55s
1631 done chncxr resnet50 CHNCXR_0444_1 kernel_shap_budget_2048 seed=4 4.44s
1632 done chncxr resnet50 CHNCXR_0444_1 kernel_shap_budget_1024 seed=0 2.31s
1633 done chncxr resnet50 CHNCXR_0444_1 kernel_shap_budget_256 seed=1 0.62s
1634 done chncxr resnet50 CHNCXR_0444_1 lime_budget_2048 seed=3 4.97s
1635 done chncxr resnet50 CHNCXR_0444_1 rise_budget_1024 seed=2 4.60s
1636 done chncxr resnet50 CHNCXR_0444_1 kernel_shap_budget_2048 seed=2 5.04s
1637 done chncxr resnet50 CHNCXR_0444_1 rise_budget_2048 seed=0 11.57s
1638 done chncxr resnet50 CHNCXR_0444_1 rise_budget_512 seed=3 2.65s
1639 done chncxr resnet50 CHNCXR_0444_1 kernel_shap_budget_256 seed=4 0.63s
1640 done chncxr resnet50 CHNCXR_0444_1 lime_budget_256 seed=3 0.56s
1641 done chncxr resnet50 CHNCXR_0444_1 kernel_shap_budget_512 seed=3 1.10s
1642 done chncxr resnet50 CHNCXR_0444_1 lime_budget_512 seed=0 1.11s
1643 done chncxr resnet50 CHNCXR_0444_1 rise_budget_2048 seed=1 9.71s
1644 done chncxr resnet50 CHNCXR_0444_1 kernel_shap_budget_512 seed=4 1.10s
1645 done chncxr resnet50 CHNCXR_0444_1 kernel_shap_budget_256 seed=3 0.56s
1646 done chncxr resnet50 CHNCXR_0444_1 kernel_shap_budget_512 seed=2 1.11s
1647 done chncxr resnet50 CHNCXR_0444_1 lime_budget_256 seed=4 0.56s
1648 done chncxr resnet50 CHNCXR_0453_1 kernel_shap_budget_2048 seed=3 4.67s
1649 done chncxr resnet50 CHNCXR_0453_1 kernel_shap_budget_256 seed=1 0.57s
1650 done chncxr resnet50 CHNCXR_0453_1 rise_budget_2048 seed=3 7.85s
1651 done chncxr resnet50 CHNCXR_0453_1 kernel_shap_budget_1024 seed=4 2.31s
1652 done chncxr resnet50 CHNCXR_0453_1 lime_budget_2048 seed=2 4.79s
1653 done chncxr resnet50 CHNCXR_0453_1 kernel_shap_budget_256 seed=4 0.68s
1654 done chncxr resnet50 CHNCXR_0453_1 rise_budget_2048 seed=4 9.17s
1655 done chncxr resnet50 CHNCXR_0453_1 kernel_shap_budget_256 seed=3 0.57s
1656 done chncxr resnet50 CHNCXR_0453_1 lime_budget_256 seed=4 0.58s
1657 done chncxr resnet50 CHNCXR_0453_1 rise_budget_256 seed=3 0.90s
1658 done chncxr resnet50 CHNCXR_0453_1 ablation_default seed=None 0.16s
1659 done chncxr resnet50 CHNCXR_0453_1 rise_budget_256 seed=0 1.14s
1660 done chncxr resnet50 CHNCXR_0453_1 kernel_shap_budget_1024 seed=1 2.42s
1661 done chncxr resnet50 CHNCXR_0453_1 rise_budget_1024 seed=3 4.78s
1662 done chncxr resnet50 CHNCXR_0453_1 kernel_shap_budget_256 seed=2 0.62s
1663 done chncxr resnet50 CHNCXR_0453_1 lime_budget_1024 seed=2 2.23s
1664 done chncxr resnet50 CHNCXR_0453_1 kernel_shap_budget_2048 seed=1 4.90s
1665 done chncxr resnet50 CHNCXR_0453_1 rise_budget_2048 seed=2 10.80s
1666 done chncxr resnet50 CHNCXR_0453_1 lime_budget_2048 seed=3 4.50s
1667 done chncxr resnet50 CHNCXR_0453_1 rise_budget_1024 seed=0 4.69s
1668 done chncxr resnet50 CHNCXR_0453_1 rise_budget_256 seed=4 1.22s
1669 done chncxr resnet50 CHNCXR_0453_1 rise_budget_256 seed=2 1.10s
1670 done chncxr resnet50 CHNCXR_0453_1 rise_budget_256 seed=1 1.08s
1671 done chncxr resnet50 CHNCXR_0453_1 rise_budget_512 seed=0 2.36s
1672 done chncxr resnet50 CHNCXR_0453_1 rise_budget_2048 seed=1 11.11s
1673 done chncxr resnet50 CHNCXR_0453_1 lime_budget_2048 seed=4 4.89s
1674 done chncxr resnet50 CHNCXR_0453_1 kernel_shap_budget_2048 seed=0 4.62s
1675 done chncxr resnet50 CHNCXR_0453_1 kernel_shap_budget_512 seed=1 1.25s
1676 done chncxr resnet50 CHNCXR_0453_1 kernel_shap_budget_2048 seed=4 4.46s
1677 done chncxr resnet50 CHNCXR_0453_1 lime_budget_1024 seed=0 2.30s
1678 done chncxr resnet50 CHNCXR_0453_1 kernel_shap_budget_1024 seed=2 2.53s
1679 done chncxr resnet50 CHNCXR_0453_1 rise_budget_1024 seed=1 5.66s
1680 done chncxr resnet50 CHNCXR_0453_1 rise_budget_512 seed=3 2.46s
1681 done chncxr resnet50 CHNCXR_0453_1 lime_budget_1024 seed=4 2.53s
1682 done chncxr resnet50 CHNCXR_0453_1 rise_budget_512 seed=1 2.58s
1683 done chncxr resnet50 CHNCXR_0453_1 rise_budget_2048 seed=0 10.94s
1684 done chncxr resnet50 CHNCXR_0453_1 lime_budget_256 seed=3 0.79s
1685 done chncxr resnet50 CHNCXR_0453_1 lime_budget_512 seed=0 1.18s
1686 done chncxr resnet50 CHNCXR_0453_1 kernel_shap_budget_512 seed=2 1.41s
1687 done chncxr resnet50 CHNCXR_0453_1 lime_budget_512 seed=3 1.28s
1688 done chncxr resnet50 CHNCXR_0453_1 kernel_shap_budget_1024 seed=0 2.50s
1689 done chncxr resnet50 CHNCXR_0453_1 rise_budget_512 seed=2 2.51s
1690 done chncxr resnet50 CHNCXR_0453_1 lime_budget_256 seed=0 0.56s
1691 done chncxr resnet50 CHNCXR_0453_1 rise_budget_1024 seed=2 3.80s
1692 done chncxr resnet50 CHNCXR_0453_1 lime_budget_512 seed=2 1.19s
1693 done chncxr resnet50 CHNCXR_0453_1 kernel_shap_budget_2048 seed=2 4.57s
1694 done chncxr resnet50 CHNCXR_0453_1 lime_budget_256 seed=2 0.62s
1695 done chncxr resnet50 CHNCXR_0453_1 kernel_shap_budget_512 seed=0 1.19s
1696 done chncxr resnet50 CHNCXR_0453_1 rise_budget_1024 seed=4 5.10s
1697 done chncxr resnet50 CHNCXR_0453_1 lime_budget_512 seed=1 1.34s
1698 done chncxr resnet50 CHNCXR_0453_1 kernel_shap_budget_1024 seed=3 2.58s
1699 done chncxr resnet50 CHNCXR_0453_1 lime_budget_1024 seed=3 2.53s
1700 done chncxr resnet50 CHNCXR_0453_1 rise_budget_512 seed=4 2.37s
1701 done chncxr resnet50 CHNCXR_0453_1 lime_budget_2048 seed=0 4.50s
1702 done chncxr resnet50 CHNCXR_0453_1 lime_budget_256 seed=1 0.64s
1703 done chncxr resnet50 CHNCXR_0453_1 kernel_shap_budget_512 seed=4 1.10s
1704 done chncxr resnet50 CHNCXR_0453_1 kernel_shap_budget_512 seed=3 1.11s
1705 done chncxr resnet50 CHNCXR_0453_1 lime_budget_512 seed=4 1.12s
1706 done chncxr resnet50 CHNCXR_0453_1 lime_budget_1024 seed=1 2.51s
1707 done chncxr resnet50 CHNCXR_0453_1 lime_budget_2048 seed=1 4.88s
1708 done chncxr resnet50 CHNCXR_0453_1 kernel_shap_budget_256 seed=0 0.63s
1709 done chncxr resnet50 CHNCXR_0468_1 lime_budget_2048 seed=4 5.17s
1710 done chncxr resnet50 CHNCXR_0468_1 rise_budget_256 seed=1 1.37s
1711 done chncxr resnet50 CHNCXR_0468_1 kernel_shap_budget_512 seed=3 1.23s
1712 done chncxr resnet50 CHNCXR_0468_1 lime_budget_256 seed=0 0.77s
1713 done chncxr resnet50 CHNCXR_0468_1 lime_budget_512 seed=3 1.39s
1714 done chncxr resnet50 CHNCXR_0468_1 rise_budget_2048 seed=3 10.12s
1715 done chncxr resnet50 CHNCXR_0468_1 lime_budget_256 seed=1 0.67s
1716 done chncxr resnet50 CHNCXR_0468_1 rise_budget_256 seed=0 1.31s
1717 done chncxr resnet50 CHNCXR_0468_1 rise_budget_2048 seed=2 9.21s
1718 done chncxr resnet50 CHNCXR_0468_1 kernel_shap_budget_2048 seed=1 4.49s
1719 done chncxr resnet50 CHNCXR_0468_1 kernel_shap_budget_512 seed=4 1.23s
1720 done chncxr resnet50 CHNCXR_0468_1 rise_budget_2048 seed=4 10.21s
1721 done chncxr resnet50 CHNCXR_0468_1 rise_budget_512 seed=2 2.61s
1722 done chncxr resnet50 CHNCXR_0468_1 rise_budget_256 seed=3 1.39s
1723 done chncxr resnet50 CHNCXR_0468_1 rise_budget_1024 seed=2 4.89s
1724 done chncxr resnet50 CHNCXR_0468_1 rise_budget_2048 seed=1 9.99s
1725 done chncxr resnet50 CHNCXR_0468_1 kernel_shap_budget_2048 seed=2 5.07s
1726 done chncxr resnet50 CHNCXR_0468_1 kernel_shap_budget_512 seed=2 1.23s
1727 done chncxr resnet50 CHNCXR_0468_1 rise_budget_1024 seed=0 4.99s
1728 done chncxr resnet50 CHNCXR_0468_1 kernel_shap_budget_256 seed=0 0.60s
1729 done chncxr resnet50 CHNCXR_0468_1 lime_budget_1024 seed=1 2.52s
1730 done chncxr resnet50 CHNCXR_0468_1 lime_budget_1024 seed=3 2.51s
1731 done chncxr resnet50 CHNCXR_0468_1 lime_budget_2048 seed=0 4.67s
1732 done chncxr resnet50 CHNCXR_0468_1 rise_budget_512 seed=4 1.73s
1733 done chncxr resnet50 CHNCXR_0468_1 rise_budget_2048 seed=0 9.11s
1734 done chncxr resnet50 CHNCXR_0468_1 lime_budget_512 seed=0 1.23s
1735 done chncxr resnet50 CHNCXR_0468_1 lime_budget_1024 seed=4 2.33s
1736 done chncxr resnet50 CHNCXR_0468_1 rise_budget_512 seed=3 1.70s
1737 done chncxr resnet50 CHNCXR_0468_1 lime_budget_512 seed=4 1.15s
1738 done chncxr resnet50 CHNCXR_0468_1 kernel_shap_budget_1024 seed=4 2.28s
1739 done chncxr resnet50 CHNCXR_0468_1 lime_budget_2048 seed=3 4.90s
1740 done chncxr resnet50 CHNCXR_0468_1 kernel_shap_budget_2048 seed=3 4.91s
1741 done chncxr resnet50 CHNCXR_0468_1 ablation_default seed=None 0.20s
1742 done chncxr resnet50 CHNCXR_0468_1 kernel_shap_budget_256 seed=3 0.65s
1743 done chncxr resnet50 CHNCXR_0468_1 kernel_shap_budget_1024 seed=0 2.64s
1744 done chncxr resnet50 CHNCXR_0468_1 lime_budget_256 seed=3 0.98s
1745 done chncxr resnet50 CHNCXR_0468_1 lime_budget_256 seed=4 0.76s
1746 done chncxr resnet50 CHNCXR_0468_1 rise_budget_256 seed=2 1.32s
1747 done chncxr resnet50 CHNCXR_0468_1 kernel_shap_budget_256 seed=1 0.71s
1748 done chncxr resnet50 CHNCXR_0468_1 kernel_shap_budget_2048 seed=0 5.00s
1749 done chncxr resnet50 CHNCXR_0468_1 rise_budget_256 seed=4 1.35s
1750 done chncxr resnet50 CHNCXR_0468_1 lime_budget_1024 seed=2 2.63s
1751 done chncxr resnet50 CHNCXR_0468_1 lime_budget_2048 seed=2 4.81s
1752 done chncxr resnet50 CHNCXR_0468_1 kernel_shap_budget_256 seed=4 0.63s
1753 done chncxr resnet50 CHNCXR_0468_1 rise_budget_1024 seed=3 5.02s
1754 done chncxr resnet50 CHNCXR_0468_1 kernel_shap_budget_1024 seed=3 2.38s
1755 done chncxr resnet50 CHNCXR_0468_1 lime_budget_2048 seed=1 4.93s
1756 done chncxr resnet50 CHNCXR_0468_1 kernel_shap_budget_256 seed=2 0.58s
1757 done chncxr resnet50 CHNCXR_0468_1 lime_budget_1024 seed=0 2.60s
1758 done chncxr resnet50 CHNCXR_0468_1 rise_budget_1024 seed=4 5.23s
1759 done chncxr resnet50 CHNCXR_0468_1 rise_budget_512 seed=1 2.65s
1760 done chncxr resnet50 CHNCXR_0468_1 kernel_shap_budget_2048 seed=4 5.10s
1761 done chncxr resnet50 CHNCXR_0468_1 lime_budget_512 seed=2 1.29s
1762 done chncxr resnet50 CHNCXR_0468_1 rise_budget_512 seed=0 2.30s
1763 done chncxr resnet50 CHNCXR_0468_1 kernel_shap_budget_1024 seed=1 2.71s
1764 done chncxr resnet50 CHNCXR_0468_1 kernel_shap_budget_512 seed=1 1.27s
1765 done chncxr resnet50 CHNCXR_0468_1 kernel_shap_budget_512 seed=0 1.30s
1766 done chncxr resnet50 CHNCXR_0468_1 lime_budget_512 seed=1 1.15s
1767 done chncxr resnet50 CHNCXR_0468_1 lime_budget_256 seed=2 0.72s
1768 done chncxr resnet50 CHNCXR_0468_1 rise_budget_1024 seed=1 4.33s
1769 done chncxr resnet50 CHNCXR_0468_1 kernel_shap_budget_1024 seed=2 2.37s
1770 done chncxr resnet50 CHNCXR_0479_1 ablation_default seed=None 0.19s
1771 done chncxr resnet50 CHNCXR_0479_1 kernel_shap_budget_256 seed=2 0.59s
1772 done chncxr resnet50 CHNCXR_0479_1 rise_budget_256 seed=2 1.16s
1773 done chncxr resnet50 CHNCXR_0479_1 lime_budget_512 seed=3 1.16s
1774 done chncxr resnet50 CHNCXR_0479_1 kernel_shap_budget_512 seed=2 1.15s
1775 done chncxr resnet50 CHNCXR_0479_1 kernel_shap_budget_2048 seed=2 4.52s
1776 done chncxr resnet50 CHNCXR_0479_1 kernel_shap_budget_1024 seed=4 2.29s
1777 done chncxr resnet50 CHNCXR_0479_1 rise_budget_512 seed=1 2.23s
1778 done chncxr resnet50 CHNCXR_0479_1 lime_budget_256 seed=2 0.57s
1779 done chncxr resnet50 CHNCXR_0479_1 lime_budget_1024 seed=3 2.25s
1780 done chncxr resnet50 CHNCXR_0479_1 lime_budget_512 seed=0 1.17s
1781 done chncxr resnet50 CHNCXR_0479_1 rise_budget_256 seed=1 1.28s
1782 done chncxr resnet50 CHNCXR_0479_1 rise_budget_256 seed=4 1.30s
1783 done chncxr resnet50 CHNCXR_0479_1 kernel_shap_budget_1024 seed=1 2.29s
1784 done chncxr resnet50 CHNCXR_0479_1 kernel_shap_budget_1024 seed=0 2.21s
1785 done chncxr resnet50 CHNCXR_0479_1 lime_budget_1024 seed=4 2.35s
1786 done chncxr resnet50 CHNCXR_0479_1 lime_budget_2048 seed=0 4.47s
1787 done chncxr resnet50 CHNCXR_0479_1 rise_budget_512 seed=2 2.26s
1788 done chncxr resnet50 CHNCXR_0479_1 lime_budget_2048 seed=4 4.83s
1789 done chncxr resnet50 CHNCXR_0479_1 rise_budget_256 seed=0 1.13s
1790 done chncxr resnet50 CHNCXR_0479_1 kernel_shap_budget_2048 seed=0 4.75s
1791 done chncxr resnet50 CHNCXR_0479_1 rise_budget_1024 seed=1 3.88s
1792 done chncxr resnet50 CHNCXR_0479_1 kernel_shap_budget_256 seed=4 0.57s
1793 done chncxr resnet50 CHNCXR_0479_1 lime_budget_256 seed=1 0.67s
1794 done chncxr resnet50 CHNCXR_0479_1 kernel_shap_budget_1024 seed=2 2.48s
1795 done chncxr resnet50 CHNCXR_0479_1 kernel_shap_budget_512 seed=0 1.22s
1796 done chncxr resnet50 CHNCXR_0479_1 kernel_shap_budget_512 seed=1 1.22s
1797 done chncxr resnet50 CHNCXR_0479_1 kernel_shap_budget_512 seed=3 1.24s
1798 done chncxr resnet50 CHNCXR_0479_1 rise_budget_1024 seed=0 5.36s
1799 done chncxr resnet50 CHNCXR_0479_1 lime_budget_256 seed=3 0.75s
1800 done chncxr resnet50 CHNCXR_0479_1 rise_budget_512 seed=3 2.67s
1801 done chncxr resnet50 CHNCXR_0479_1 rise_budget_1024 seed=3 4.84s
1802 done chncxr resnet50 CHNCXR_0479_1 rise_budget_2048 seed=2 9.79s
1803 done chncxr resnet50 CHNCXR_0479_1 rise_budget_2048 seed=0 9.87s
1804 done chncxr resnet50 CHNCXR_0479_1 lime_budget_512 seed=1 1.24s
1805 done chncxr resnet50 CHNCXR_0479_1 lime_budget_512 seed=2 1.27s
1806 done chncxr resnet50 CHNCXR_0479_1 kernel_shap_budget_256 seed=1 0.63s
1807 done chncxr resnet50 CHNCXR_0479_1 rise_budget_512 seed=0 2.35s
1808 done chncxr resnet50 CHNCXR_0479_1 lime_budget_512 seed=4 1.31s
1809 done chncxr resnet50 CHNCXR_0479_1 lime_budget_256 seed=4 0.59s
1810 done chncxr resnet50 CHNCXR_0479_1 rise_budget_2048 seed=3 8.97s
1811 done chncxr resnet50 CHNCXR_0479_1 kernel_shap_budget_2048 seed=3 4.70s
1812 done chncxr resnet50 CHNCXR_0479_1 rise_budget_2048 seed=1 8.99s
1813 done chncxr resnet50 CHNCXR_0479_1 lime_budget_1024 seed=0 2.56s
1814 done chncxr resnet50 CHNCXR_0479_1 rise_budget_256 seed=3 1.34s
1815 done chncxr resnet50 CHNCXR_0479_1 rise_budget_512 seed=4 2.85s
1816 done chncxr resnet50 CHNCXR_0479_1 rise_budget_1024 seed=2 5.10s
1817 done chncxr resnet50 CHNCXR_0479_1 kernel_shap_budget_2048 seed=4 4.95s
1818 done chncxr resnet50 CHNCXR_0479_1 kernel_shap_budget_1024 seed=3 2.45s
1819 done chncxr resnet50 CHNCXR_0479_1 kernel_shap_budget_256 seed=0 0.65s
1820 done chncxr resnet50 CHNCXR_0479_1 kernel_shap_budget_2048 seed=1 5.10s
1821 done chncxr resnet50 CHNCXR_0479_1 rise_budget_2048 seed=4 10.41s
1822 done chncxr resnet50 CHNCXR_0479_1 lime_budget_256 seed=0 0.61s
1823 done chncxr resnet50 CHNCXR_0479_1 lime_budget_1024 seed=1 2.30s
1824 done chncxr resnet50 CHNCXR_0479_1 lime_budget_2048 seed=2 5.10s
1825 done chncxr resnet50 CHNCXR_0479_1 kernel_shap_budget_256 seed=3 0.69s
1826 done chncxr resnet50 CHNCXR_0479_1 rise_budget_1024 seed=4 5.32s
1827 done chncxr resnet50 CHNCXR_0479_1 lime_budget_1024 seed=2 2.62s
1828 done chncxr resnet50 CHNCXR_0479_1 lime_budget_2048 seed=1 4.84s
1829 done chncxr resnet50 CHNCXR_0479_1 lime_budget_2048 seed=3 4.77s
1830 done chncxr resnet50 CHNCXR_0479_1 kernel_shap_budget_512 seed=4 1.15s
1831 done chncxr resnet50 CHNCXR_0481_1 lime_budget_512 seed=0 1.32s
1832 done chncxr resnet50 CHNCXR_0481_1 kernel_shap_budget_256 seed=2 0.63s
1833 done chncxr resnet50 CHNCXR_0481_1 kernel_shap_budget_1024 seed=0 2.63s
1834 done chncxr resnet50 CHNCXR_0481_1 lime_budget_512 seed=2 1.29s
1835 done chncxr resnet50 CHNCXR_0481_1 lime_budget_512 seed=4 1.19s
1836 done chncxr resnet50 CHNCXR_0481_1 ablation_default seed=None 0.16s
1837 done chncxr resnet50 CHNCXR_0481_1 kernel_shap_budget_2048 seed=1 4.55s
1838 done chncxr resnet50 CHNCXR_0481_1 lime_budget_256 seed=3 0.71s
1839 done chncxr resnet50 CHNCXR_0481_1 rise_budget_1024 seed=0 5.21s
1840 done chncxr resnet50 CHNCXR_0481_1 kernel_shap_budget_2048 seed=4 4.91s
1841 done chncxr resnet50 CHNCXR_0481_1 rise_budget_512 seed=3 2.76s
1842 done chncxr resnet50 CHNCXR_0481_1 lime_budget_512 seed=3 1.20s
1843 done chncxr resnet50 CHNCXR_0481_1 rise_budget_256 seed=0 1.26s
1844 done chncxr resnet50 CHNCXR_0481_1 kernel_shap_budget_1024 seed=4 2.45s
1845 done chncxr resnet50 CHNCXR_0481_1 kernel_shap_budget_512 seed=1 1.12s
1846 done chncxr resnet50 CHNCXR_0481_1 lime_budget_1024 seed=4 2.25s
1847 done chncxr resnet50 CHNCXR_0481_1 lime_budget_1024 seed=0 2.26s
1848 done chncxr resnet50 CHNCXR_0481_1 lime_budget_1024 seed=1 2.45s
1849 done chncxr resnet50 CHNCXR_0481_1 rise_budget_256 seed=3 1.18s
1850 done chncxr resnet50 CHNCXR_0481_1 kernel_shap_budget_1024 seed=2 2.38s
1851 done chncxr resnet50 CHNCXR_0481_1 rise_budget_2048 seed=3 9.46s
1852 done chncxr resnet50 CHNCXR_0481_1 kernel_shap_budget_256 seed=4 0.58s
1853 done chncxr resnet50 CHNCXR_0481_1 rise_budget_2048 seed=4 10.98s
1854 done chncxr resnet50 CHNCXR_0481_1 kernel_shap_budget_256 seed=3 0.64s
1855 done chncxr resnet50 CHNCXR_0481_1 kernel_shap_budget_1024 seed=1 2.45s
1856 done chncxr resnet50 CHNCXR_0481_1 rise_budget_256 seed=4 1.12s
1857 done chncxr resnet50 CHNCXR_0481_1 rise_budget_1024 seed=3 4.07s
1858 done chncxr resnet50 CHNCXR_0481_1 lime_budget_2048 seed=2 4.90s
1859 done chncxr resnet50 CHNCXR_0481_1 rise_budget_1024 seed=4 5.34s
1860 done chncxr resnet50 CHNCXR_0481_1 kernel_shap_budget_2048 seed=2 4.92s
1861 done chncxr resnet50 CHNCXR_0481_1 lime_budget_1024 seed=3 2.37s
1862 done chncxr resnet50 CHNCXR_0481_1 kernel_shap_budget_1024 seed=3 2.22s
1863 done chncxr resnet50 CHNCXR_0481_1 lime_budget_256 seed=2 0.62s
1864 done chncxr resnet50 CHNCXR_0481_1 lime_budget_2048 seed=0 4.83s
1865 done chncxr resnet50 CHNCXR_0481_1 rise_budget_2048 seed=0 10.18s
1866 done chncxr resnet50 CHNCXR_0481_1 kernel_shap_budget_2048 seed=0 4.63s
1867 done chncxr resnet50 CHNCXR_0481_1 lime_budget_256 seed=4 0.68s
1868 done chncxr resnet50 CHNCXR_0481_1 kernel_shap_budget_512 seed=0 1.14s
1869 done chncxr resnet50 CHNCXR_0481_1 lime_budget_2048 seed=3 4.94s
1870 done chncxr resnet50 CHNCXR_0481_1 lime_budget_1024 seed=2 2.59s
1871 done chncxr resnet50 CHNCXR_0481_1 lime_budget_2048 seed=1 4.92s
1872 done chncxr resnet50 CHNCXR_0481_1 lime_budget_256 seed=0 0.72s
1873 done chncxr resnet50 CHNCXR_0481_1 lime_budget_256 seed=1 0.57s
1874 done chncxr resnet50 CHNCXR_0481_1 kernel_shap_budget_2048 seed=3 4.41s
1875 done chncxr resnet50 CHNCXR_0481_1 rise_budget_2048 seed=2 8.56s
1876 done chncxr resnet50 CHNCXR_0481_1 rise_budget_1024 seed=2 5.43s
1877 done chncxr resnet50 CHNCXR_0481_1 lime_budget_512 seed=1 1.51s
1878 done chncxr resnet50 CHNCXR_0481_1 rise_budget_512 seed=1 2.80s
1879 done chncxr resnet50 CHNCXR_0481_1 rise_budget_256 seed=2 1.26s
1880 done chncxr resnet50 CHNCXR_0481_1 lime_budget_2048 seed=4 5.03s
1881 done chncxr resnet50 CHNCXR_0481_1 rise_budget_256 seed=1 1.41s
1882 done chncxr resnet50 CHNCXR_0481_1 kernel_shap_budget_256 seed=0 0.63s
1883 done chncxr resnet50 CHNCXR_0481_1 kernel_shap_budget_512 seed=2 1.37s
1884 done chncxr resnet50 CHNCXR_0481_1 rise_budget_2048 seed=1 10.83s
1885 done chncxr resnet50 CHNCXR_0481_1 rise_budget_512 seed=0 2.44s
1886 done chncxr resnet50 CHNCXR_0481_1 kernel_shap_budget_512 seed=4 1.12s
1887 done chncxr resnet50 CHNCXR_0481_1 rise_budget_512 seed=2 2.28s
1888 done chncxr resnet50 CHNCXR_0481_1 rise_budget_1024 seed=1 4.26s
1889 done chncxr resnet50 CHNCXR_0481_1 kernel_shap_budget_512 seed=3 1.27s
1890 done chncxr resnet50 CHNCXR_0481_1 rise_budget_512 seed=4 2.67s
1891 done chncxr resnet50 CHNCXR_0481_1 kernel_shap_budget_256 seed=1 0.63s
1892 done chncxr resnet50 CHNCXR_0503_1 rise_budget_512 seed=0 2.33s
1893 done chncxr resnet50 CHNCXR_0503_1 rise_budget_1024 seed=1 5.33s
1894 done chncxr resnet50 CHNCXR_0503_1 rise_budget_1024 seed=3 4.91s
1895 done chncxr resnet50 CHNCXR_0503_1 lime_budget_256 seed=0 0.62s
1896 done chncxr resnet50 CHNCXR_0503_1 kernel_shap_budget_512 seed=4 1.22s
1897 done chncxr resnet50 CHNCXR_0503_1 lime_budget_512 seed=3 1.32s
1898 done chncxr resnet50 CHNCXR_0503_1 kernel_shap_budget_256 seed=4 0.68s
1899 done chncxr resnet50 CHNCXR_0503_1 ablation_default seed=None 0.20s
1900 done chncxr resnet50 CHNCXR_0503_1 rise_budget_2048 seed=2 9.80s
1901 done chncxr resnet50 CHNCXR_0503_1 kernel_shap_budget_256 seed=3 0.73s
1902 done chncxr resnet50 CHNCXR_0503_1 kernel_shap_budget_2048 seed=1 4.88s
1903 done chncxr resnet50 CHNCXR_0503_1 rise_budget_2048 seed=3 10.92s
1904 done chncxr resnet50 CHNCXR_0503_1 rise_budget_256 seed=1 1.25s
1905 done chncxr resnet50 CHNCXR_0503_1 lime_budget_256 seed=1 0.74s
1906 done chncxr resnet50 CHNCXR_0503_1 lime_budget_512 seed=2 1.40s
1907 done chncxr resnet50 CHNCXR_0503_1 lime_budget_512 seed=1 1.32s
1908 done chncxr resnet50 CHNCXR_0503_1 kernel_shap_budget_1024 seed=0 2.51s
1909 done chncxr resnet50 CHNCXR_0503_1 rise_budget_256 seed=4 1.25s
1910 done chncxr resnet50 CHNCXR_0503_1 lime_budget_2048 seed=1 5.06s
1911 done chncxr resnet50 CHNCXR_0503_1 lime_budget_1024 seed=4 2.53s
1912 done chncxr resnet50 CHNCXR_0503_1 lime_budget_512 seed=4 1.12s
1913 done chncxr resnet50 CHNCXR_0503_1 lime_budget_2048 seed=4 4.53s
1914 done chncxr resnet50 CHNCXR_0503_1 kernel_shap_budget_256 seed=0 0.57s
1915 done chncxr resnet50 CHNCXR_0503_1 kernel_shap_budget_512 seed=2 1.13s
1916 done chncxr resnet50 CHNCXR_0503_1 kernel_shap_budget_1024 seed=3 2.22s
1917 done chncxr resnet50 CHNCXR_0503_1 kernel_shap_budget_256 seed=1 0.57s
1918 done chncxr resnet50 CHNCXR_0503_1 rise_budget_512 seed=2 2.12s
1919 done chncxr resnet50 CHNCXR_0503_1 kernel_shap_budget_512 seed=1 1.18s
1920 done chncxr resnet50 CHNCXR_0503_1 kernel_shap_budget_1024 seed=4 2.60s
1921 done chncxr resnet50 CHNCXR_0503_1 rise_budget_1024 seed=4 5.37s
1922 done chncxr resnet50 CHNCXR_0503_1 rise_budget_256 seed=0 1.26s
1923 done chncxr resnet50 CHNCXR_0503_1 lime_budget_256 seed=3 0.63s
1924 done chncxr resnet50 CHNCXR_0503_1 kernel_shap_budget_512 seed=3 1.30s
1925 done chncxr resnet50 CHNCXR_0503_1 lime_budget_1024 seed=2 2.29s
1926 done chncxr resnet50 CHNCXR_0503_1 rise_budget_2048 seed=1 9.75s
1927 done chncxr resnet50 CHNCXR_0503_1 lime_budget_256 seed=2 0.62s
1928 done chncxr resnet50 CHNCXR_0503_1 rise_budget_2048 seed=4 8.84s
1929 done chncxr resnet50 CHNCXR_0503_1 rise_budget_512 seed=3 2.41s
1930 done chncxr resnet50 CHNCXR_0503_1 kernel_shap_budget_2048 seed=3 4.98s
1931 done chncxr resnet50 CHNCXR_0503_1 rise_budget_1024 seed=2 4.58s
1932 done chncxr resnet50 CHNCXR_0503_1 rise_budget_512 seed=4 2.44s
1933 done chncxr resnet50 CHNCXR_0503_1 rise_budget_512 seed=1 2.48s
1934 done chncxr resnet50 CHNCXR_0503_1 lime_budget_2048 seed=2 4.84s
1935 done chncxr resnet50 CHNCXR_0503_1 lime_budget_1024 seed=1 2.49s
1936 done chncxr resnet50 CHNCXR_0503_1 kernel_shap_budget_2048 seed=2 4.99s
1937 done chncxr resnet50 CHNCXR_0503_1 lime_budget_1024 seed=0 2.50s
1938 done chncxr resnet50 CHNCXR_0503_1 rise_budget_2048 seed=0 9.68s
1939 done chncxr resnet50 CHNCXR_0503_1 kernel_shap_budget_2048 seed=0 4.79s
1940 done chncxr resnet50 CHNCXR_0503_1 rise_budget_1024 seed=0 4.60s
1941 done chncxr resnet50 CHNCXR_0503_1 kernel_shap_budget_256 seed=2 0.69s
1942 done chncxr resnet50 CHNCXR_0503_1 kernel_shap_budget_1024 seed=2 2.54s
1943 done chncxr resnet50 CHNCXR_0503_1 kernel_shap_budget_1024 seed=1 2.43s
1944 done chncxr resnet50 CHNCXR_0503_1 lime_budget_2048 seed=0 4.83s
1945 done chncxr resnet50 CHNCXR_0503_1 lime_budget_512 seed=0 1.28s
1946 done chncxr resnet50 CHNCXR_0503_1 lime_budget_256 seed=4 0.61s
1947 done chncxr resnet50 CHNCXR_0503_1 rise_budget_256 seed=2 1.15s
1948 done chncxr resnet50 CHNCXR_0503_1 kernel_shap_budget_512 seed=0 1.12s
1949 done chncxr resnet50 CHNCXR_0503_1 kernel_shap_budget_2048 seed=4 4.62s
1950 done chncxr resnet50 CHNCXR_0503_1 lime_budget_2048 seed=3 5.01s
1951 done chncxr resnet50 CHNCXR_0503_1 rise_budget_256 seed=3 1.16s
1952 done chncxr resnet50 CHNCXR_0503_1 lime_budget_1024 seed=3 2.27s
1953 done chncxr resnet50 CHNCXR_0518_1 rise_budget_1024 seed=4 4.60s
1954 done chncxr resnet50 CHNCXR_0518_1 kernel_shap_budget_1024 seed=0 2.27s
1955 done chncxr resnet50 CHNCXR_0518_1 lime_budget_1024 seed=4 2.33s
1956 done chncxr resnet50 CHNCXR_0518_1 lime_budget_2048 seed=2 4.65s
1957 done chncxr resnet50 CHNCXR_0518_1 lime_budget_1024 seed=0 2.49s
1958 done chncxr resnet50 CHNCXR_0518_1 kernel_shap_budget_1024 seed=3 2.46s
1959 done chncxr resnet50 CHNCXR_0518_1 rise_budget_2048 seed=4 10.66s
1960 done chncxr resnet50 CHNCXR_0518_1 lime_budget_1024 seed=1 2.63s
1961 done chncxr resnet50 CHNCXR_0518_1 rise_budget_1024 seed=2 5.60s
1962 done chncxr resnet50 CHNCXR_0518_1 lime_budget_512 seed=2 1.36s
1963 done chncxr resnet50 CHNCXR_0518_1 kernel_shap_budget_1024 seed=1 2.61s
1964 done chncxr resnet50 CHNCXR_0518_1 lime_budget_256 seed=2 0.79s
1965 done chncxr resnet50 CHNCXR_0518_1 lime_budget_2048 seed=4 5.05s
1966 done chncxr resnet50 CHNCXR_0518_1 rise_budget_1024 seed=0 4.73s
1967 done chncxr resnet50 CHNCXR_0518_1 rise_budget_256 seed=1 1.24s
1968 done chncxr resnet50 CHNCXR_0518_1 lime_budget_2048 seed=1 4.96s
1969 done chncxr resnet50 CHNCXR_0518_1 lime_budget_512 seed=4 1.34s
1970 done chncxr resnet50 CHNCXR_0518_1 kernel_shap_budget_1024 seed=4 2.74s
1971 done chncxr resnet50 CHNCXR_0518_1 rise_budget_512 seed=1 3.04s
1972 done chncxr resnet50 CHNCXR_0518_1 rise_budget_512 seed=4 2.92s
1973 done chncxr resnet50 CHNCXR_0518_1 kernel_shap_budget_2048 seed=3 4.66s
1974 done chncxr resnet50 CHNCXR_0518_1 rise_budget_256 seed=3 0.83s
1975 done chncxr resnet50 CHNCXR_0518_1 kernel_shap_budget_2048 seed=1 4.59s
1976 done chncxr resnet50 CHNCXR_0518_1 kernel_shap_budget_2048 seed=4 4.81s
1977 done chncxr resnet50 CHNCXR_0518_1 ablation_default seed=None 0.18s
1978 done chncxr resnet50 CHNCXR_0518_1 lime_budget_2048 seed=3 4.88s
1979 done chncxr resnet50 CHNCXR_0518_1 kernel_shap_budget_2048 seed=2 4.87s
1980 done chncxr resnet50 CHNCXR_0518_1 kernel_shap_budget_512 seed=2 1.11s
1981 done chncxr resnet50 CHNCXR_0518_1 lime_budget_1024 seed=3 2.20s
1982 done chncxr resnet50 CHNCXR_0518_1 kernel_shap_budget_2048 seed=0 4.52s
1983 done chncxr resnet50 CHNCXR_0518_1 kernel_shap_budget_256 seed=1 0.58s
1984 done chncxr resnet50 CHNCXR_0518_1 lime_budget_256 seed=1 0.68s
1985 done chncxr resnet50 CHNCXR_0518_1 lime_budget_256 seed=0 0.75s
1986 done chncxr resnet50 CHNCXR_0518_1 kernel_shap_budget_512 seed=3 1.28s
1987 done chncxr resnet50 CHNCXR_0518_1 lime_budget_512 seed=3 1.30s
1988 done chncxr resnet50 CHNCXR_0518_1 rise_budget_256 seed=4 1.08s
1989 done chncxr resnet50 CHNCXR_0518_1 rise_budget_512 seed=2 1.77s
1990 done chncxr resnet50 CHNCXR_0518_1 lime_budget_256 seed=3 0.60s
1991 done chncxr resnet50 CHNCXR_0518_1 lime_budget_512 seed=0 1.22s
1992 done chncxr resnet50 CHNCXR_0518_1 rise_budget_512 seed=3 2.35s
1993 done chncxr resnet50 CHNCXR_0518_1 rise_budget_1024 seed=1 4.80s
1994 done chncxr resnet50 CHNCXR_0518_1 rise_budget_2048 seed=0 9.00s
1995 done chncxr resnet50 CHNCXR_0518_1 lime_budget_2048 seed=0 5.06s
1996 done chncxr resnet50 CHNCXR_0518_1 lime_budget_256 seed=4 0.71s
1997 done chncxr resnet50 CHNCXR_0518_1 rise_budget_256 seed=2 1.35s
1998 done chncxr resnet50 CHNCXR_0518_1 rise_budget_2048 seed=1 10.59s
1999 done chncxr resnet50 CHNCXR_0518_1 rise_budget_256 seed=0 1.13s
2000 done chncxr resnet50 CHNCXR_0518_1 rise_budget_512 seed=0 2.48s
2001 done chncxr resnet50 CHNCXR_0518_1 kernel_shap_budget_512 seed=0 1.26s
2002 done chncxr resnet50 CHNCXR_0518_1 lime_budget_1024 seed=2 2.71s
2003 done chncxr resnet50 CHNCXR_0518_1 kernel_shap_budget_256 seed=0 0.73s
2004 done chncxr resnet50 CHNCXR_0518_1 kernel_shap_budget_512 seed=1 1.28s
2005 done chncxr resnet50 CHNCXR_0518_1 lime_budget_512 seed=1 1.28s
2006 done chncxr resnet50 CHNCXR_0518_1 kernel_shap_budget_512 seed=4 1.18s
2007 done chncxr resnet50 CHNCXR_0518_1 kernel_shap_budget_256 seed=2 0.60s
2008 done chncxr resnet50 CHNCXR_0518_1 rise_budget_2048 seed=2 8.81s
2009 done chncxr resnet50 CHNCXR_0518_1 rise_budget_1024 seed=3 5.15s
2010 done chncxr resnet50 CHNCXR_0518_1 kernel_shap_budget_1024 seed=2 2.46s
2011 done chncxr resnet50 CHNCXR_0518_1 kernel_shap_budget_256 seed=3 0.66s
2012 done chncxr resnet50 CHNCXR_0518_1 rise_budget_2048 seed=3 9.98s
2013 done chncxr resnet50 CHNCXR_0518_1 kernel_shap_budget_256 seed=4 0.64s
2014 done chncxr resnet50 CHNCXR_0525_1 lime_budget_256 seed=2 0.61s
2015 done chncxr resnet50 CHNCXR_0525_1 kernel_shap_budget_256 seed=3 0.59s
2016 done chncxr resnet50 CHNCXR_0525_1 lime_budget_256 seed=3 0.70s
2017 done chncxr resnet50 CHNCXR_0525_1 rise_budget_2048 seed=2 9.06s
2018 done chncxr resnet50 CHNCXR_0525_1 rise_budget_256 seed=1 1.14s
2019 done chncxr resnet50 CHNCXR_0525_1 lime_budget_2048 seed=4 4.63s
2020 done chncxr resnet50 CHNCXR_0525_1 rise_budget_1024 seed=4 5.19s
2021 done chncxr resnet50 CHNCXR_0525_1 kernel_shap_budget_2048 seed=1 4.46s
2022 done chncxr resnet50 CHNCXR_0525_1 lime_budget_1024 seed=1 2.34s
2023 done chncxr resnet50 CHNCXR_0525_1 lime_budget_2048 seed=3 5.10s
2024 done chncxr resnet50 CHNCXR_0525_1 rise_budget_512 seed=3 2.94s
2025 done chncxr resnet50 CHNCXR_0525_1 kernel_shap_budget_2048 seed=0 4.98s
2026 done chncxr resnet50 CHNCXR_0525_1 lime_budget_512 seed=4 1.33s
2027 done chncxr resnet50 CHNCXR_0525_1 rise_budget_1024 seed=3 4.68s
2028 done chncxr resnet50 CHNCXR_0525_1 kernel_shap_budget_1024 seed=1 2.32s
2029 done chncxr resnet50 CHNCXR_0525_1 lime_budget_512 seed=0 1.34s
2030 done chncxr resnet50 CHNCXR_0525_1 kernel_shap_budget_256 seed=0 0.74s
2031 done chncxr resnet50 CHNCXR_0525_1 rise_budget_256 seed=3 1.42s
2032 done chncxr resnet50 CHNCXR_0525_1 lime_budget_1024 seed=3 2.33s
2033 done chncxr resnet50 CHNCXR_0525_1 kernel_shap_budget_512 seed=2 1.20s
2034 done chncxr resnet50 CHNCXR_0525_1 lime_budget_256 seed=0 0.65s
2035 done chncxr resnet50 CHNCXR_0525_1 kernel_shap_budget_256 seed=4 0.63s
2036 done chncxr resnet50 CHNCXR_0525_1 lime_budget_512 seed=1 1.57s
2037 done chncxr resnet50 CHNCXR_0525_1 rise_budget_1024 seed=2 5.01s
2038 done chncxr resnet50 CHNCXR_0525_1 rise_budget_1024 seed=1 4.36s
2039 done chncxr resnet50 CHNCXR_0525_1 lime_budget_1024 seed=0 2.17s
2040 done chncxr resnet50 CHNCXR_0525_1 lime_budget_2048 seed=0 5.04s
2041 done chncxr resnet50 CHNCXR_0525_1 lime_budget_1024 seed=4 2.46s
2042 done chncxr resnet50 CHNCXR_0525_1 rise_budget_256 seed=2 1.12s
2043 done chncxr resnet50 CHNCXR_0525_1 lime_budget_2048 seed=2 4.62s
2044 done chncxr resnet50 CHNCXR_0525_1 kernel_shap_budget_2048 seed=3 4.72s
2045 done chncxr resnet50 CHNCXR_0525_1 kernel_shap_budget_512 seed=3 1.32s
2046 done chncxr resnet50 CHNCXR_0525_1 lime_budget_512 seed=2 1.27s
2047 done chncxr resnet50 CHNCXR_0525_1 kernel_shap_budget_1024 seed=2 2.42s
2048 done chncxr resnet50 CHNCXR_0525_1 lime_budget_256 seed=1 0.71s
2049 done chncxr resnet50 CHNCXR_0525_1 lime_budget_1024 seed=2 2.23s
2050 done chncxr resnet50 CHNCXR_0525_1 kernel_shap_budget_2048 seed=4 4.91s
2051 done chncxr resnet50 CHNCXR_0525_1 rise_budget_2048 seed=3 10.65s
2052 done chncxr resnet50 CHNCXR_0525_1 kernel_shap_budget_512 seed=0 1.26s
2053 done chncxr resnet50 CHNCXR_0525_1 rise_budget_2048 seed=1 8.90s
2054 done chncxr resnet50 CHNCXR_0525_1 kernel_shap_budget_512 seed=1 1.25s
2055 done chncxr resnet50 CHNCXR_0525_1 kernel_shap_budget_1024 seed=3 2.51s
2056 done chncxr resnet50 CHNCXR_0525_1 rise_budget_512 seed=0 2.75s
2057 done chncxr resnet50 CHNCXR_0525_1 lime_budget_2048 seed=1 4.75s
2058 done chncxr resnet50 CHNCXR_0525_1 kernel_shap_budget_512 seed=4 1.29s
2059 done chncxr resnet50 CHNCXR_0525_1 kernel_shap_budget_256 seed=1 0.65s
2060 done chncxr resnet50 CHNCXR_0525_1 rise_budget_2048 seed=0 10.50s
2061 done chncxr resnet50 CHNCXR_0525_1 rise_budget_256 seed=4 1.27s
2062 done chncxr resnet50 CHNCXR_0525_1 ablation_default seed=None 0.22s
2063 done chncxr resnet50 CHNCXR_0525_1 kernel_shap_budget_1024 seed=4 2.31s
2064 done chncxr resnet50 CHNCXR_0525_1 rise_budget_256 seed=0 1.30s
2065 done chncxr resnet50 CHNCXR_0525_1 kernel_shap_budget_256 seed=2 0.64s
2066 done chncxr resnet50 CHNCXR_0525_1 rise_budget_2048 seed=4 9.73s
2067 done chncxr resnet50 CHNCXR_0525_1 lime_budget_512 seed=3 1.30s
2068 done chncxr resnet50 CHNCXR_0525_1 kernel_shap_budget_1024 seed=0 2.50s
2069 done chncxr resnet50 CHNCXR_0525_1 kernel_shap_budget_2048 seed=2 4.71s
2070 done chncxr resnet50 CHNCXR_0525_1 rise_budget_512 seed=4 2.51s
2071 done chncxr resnet50 CHNCXR_0525_1 rise_budget_1024 seed=0 4.76s
2072 done chncxr resnet50 CHNCXR_0525_1 lime_budget_256 seed=4 0.80s
2073 done chncxr resnet50 CHNCXR_0525_1 rise_budget_512 seed=2 2.70s
2074 done chncxr resnet50 CHNCXR_0525_1 rise_budget_512 seed=1 2.59s
2075 done chncxr resnet50 CHNCXR_0538_1 lime_budget_256 seed=3 0.60s
2076 done chncxr resnet50 CHNCXR_0538_1 rise_budget_1024 seed=0 4.67s
2077 done chncxr resnet50 CHNCXR_0538_1 rise_budget_1024 seed=1 4.80s
2078 done chncxr resnet50 CHNCXR_0538_1 kernel_shap_budget_256 seed=1 0.59s
2079 done chncxr resnet50 CHNCXR_0538_1 kernel_shap_budget_1024 seed=4 2.28s
2080 done chncxr resnet50 CHNCXR_0538_1 kernel_shap_budget_256 seed=3 0.58s
2081 done chncxr resnet50 CHNCXR_0538_1 kernel_shap_budget_256 seed=4 0.71s
2082 done chncxr resnet50 CHNCXR_0538_1 rise_budget_512 seed=1 2.98s
2083 done chncxr resnet50 CHNCXR_0538_1 rise_budget_256 seed=4 1.46s
2084 done chncxr resnet50 CHNCXR_0538_1 rise_budget_2048 seed=0 9.22s
2085 done chncxr resnet50 CHNCXR_0538_1 lime_budget_2048 seed=2 4.68s
2086 done chncxr resnet50 CHNCXR_0538_1 kernel_shap_budget_512 seed=0 1.23s
2087 done chncxr resnet50 CHNCXR_0538_1 kernel_shap_budget_1024 seed=3 2.54s
2088 done chncxr resnet50 CHNCXR_0538_1 lime_budget_256 seed=2 0.75s
2089 done chncxr resnet50 CHNCXR_0538_1 lime_budget_1024 seed=4 2.62s
2090 done chncxr resnet50 CHNCXR_0538_1 rise_budget_256 seed=1 1.43s
2091 done chncxr resnet50 CHNCXR_0538_1 rise_budget_256 seed=3 1.48s
2092 done chncxr resnet50 CHNCXR_0538_1 kernel_shap_budget_2048 seed=4 5.18s
2093 done chncxr resnet50 CHNCXR_0538_1 rise_budget_2048 seed=1 9.09s
2094 done chncxr resnet50 CHNCXR_0538_1 lime_budget_1024 seed=2 2.37s
2095 done chncxr resnet50 CHNCXR_0538_1 lime_budget_2048 seed=1 4.58s
2096 done chncxr resnet50 CHNCXR_0538_1 kernel_shap_budget_1024 seed=0 2.34s
2097 done chncxr resnet50 CHNCXR_0538_1 kernel_shap_budget_1024 seed=1 2.24s
2098 done chncxr resnet50 CHNCXR_0538_1 lime_budget_512 seed=4 1.45s
2099 done chncxr resnet50 CHNCXR_0538_1 lime_budget_2048 seed=3 4.61s
2100 done chncxr resnet50 CHNCXR_0538_1 lime_budget_1024 seed=0 2.47s
2101 done chncxr resnet50 CHNCXR_0538_1 kernel_shap_budget_2048 seed=2 4.51s
2102 done chncxr resnet50 CHNCXR_0538_1 lime_budget_1024 seed=1 2.35s
2103 done chncxr resnet50 CHNCXR_0538_1 kernel_shap_budget_256 seed=2 0.59s
2104 done chncxr resnet50 CHNCXR_0538_1 kernel_shap_budget_1024 seed=2 2.24s
2105 done chncxr resnet50 CHNCXR_0538_1 lime_budget_512 seed=1 1.23s
2106 done chncxr resnet50 CHNCXR_0538_1 kernel_shap_budget_512 seed=1 1.16s
2107 done chncxr resnet50 CHNCXR_0538_1 lime_budget_256 seed=4 0.56s
2108 done chncxr resnet50 CHNCXR_0538_1 lime_budget_256 seed=1 0.57s
2109 done chncxr resnet50 CHNCXR_0538_1 kernel_shap_budget_2048 seed=1 4.63s
2110 done chncxr resnet50 CHNCXR_0538_1 kernel_shap_budget_2048 seed=3 5.00s
2111 done chncxr resnet50 CHNCXR_0538_1 rise_budget_256 seed=0 1.41s
2112 done chncxr resnet50 CHNCXR_0538_1 ablation_default seed=None 0.16s
2113 done chncxr resnet50 CHNCXR_0538_1 rise_budget_1024 seed=4 4.64s
2114 done chncxr resnet50 CHNCXR_0538_1 rise_budget_512 seed=3 2.44s
2115 done chncxr resnet50 CHNCXR_0538_1 lime_budget_512 seed=2 1.36s
2116 done chncxr resnet50 CHNCXR_0538_1 kernel_shap_budget_512 seed=3 1.39s
2117 done chncxr resnet50 CHNCXR_0538_1 rise_budget_256 seed=2 1.39s
2118 done chncxr resnet50 CHNCXR_0538_1 rise_budget_512 seed=2 2.58s
2119 done chncxr resnet50 CHNCXR_0538_1 lime_budget_1024 seed=3 2.57s
2120 done chncxr resnet50 CHNCXR_0538_1 kernel_shap_budget_512 seed=2 1.30s
2121 done chncxr resnet50 CHNCXR_0538_1 rise_budget_512 seed=0 2.62s
2122 done chncxr resnet50 CHNCXR_0538_1 rise_budget_2048 seed=3 9.12s
2123 done chncxr resnet50 CHNCXR_0538_1 lime_budget_512 seed=3 1.20s
2124 done chncxr resnet50 CHNCXR_0538_1 rise_budget_1024 seed=3 5.19s
2125 done chncxr resnet50 CHNCXR_0538_1 kernel_shap_budget_512 seed=4 1.31s
2126 done chncxr resnet50 CHNCXR_0538_1 rise_budget_2048 seed=2 10.20s
2127 done chncxr resnet50 CHNCXR_0538_1 kernel_shap_budget_2048 seed=0 4.82s
2128 done chncxr resnet50 CHNCXR_0538_1 rise_budget_512 seed=4 2.68s
2129 done chncxr resnet50 CHNCXR_0538_1 lime_budget_256 seed=0 0.84s
2130 done chncxr resnet50 CHNCXR_0538_1 lime_budget_2048 seed=0 4.80s
2131 done chncxr resnet50 CHNCXR_0538_1 rise_budget_2048 seed=4 9.57s
2132 done chncxr resnet50 CHNCXR_0538_1 lime_budget_512 seed=0 1.21s
2133 done chncxr resnet50 CHNCXR_0538_1 rise_budget_1024 seed=2 4.95s
2134 done chncxr resnet50 CHNCXR_0538_1 kernel_shap_budget_256 seed=0 0.55s
2135 done chncxr resnet50 CHNCXR_0538_1 lime_budget_2048 seed=4 4.40s
2136 done chncxr resnet50 CHNCXR_0557_1 lime_budget_1024 seed=0 2.22s
2137 done chncxr resnet50 CHNCXR_0557_1 kernel_shap_budget_256 seed=0 0.58s
2138 done chncxr resnet50 CHNCXR_0557_1 lime_budget_256 seed=1 0.56s
2139 done chncxr resnet50 CHNCXR_0557_1 lime_budget_256 seed=4 0.67s
2140 done chncxr resnet50 CHNCXR_0557_1 rise_budget_512 seed=4 2.27s
2141 done chncxr resnet50 CHNCXR_0557_1 kernel_shap_budget_256 seed=2 0.66s
2142 done chncxr resnet50 CHNCXR_0557_1 rise_budget_1024 seed=0 4.44s
2143 done chncxr resnet50 CHNCXR_0557_1 rise_budget_2048 seed=0 10.37s
2144 done chncxr resnet50 CHNCXR_0557_1 rise_budget_256 seed=3 1.43s
2145 done chncxr resnet50 CHNCXR_0557_1 lime_budget_2048 seed=2 4.94s
2146 done chncxr resnet50 CHNCXR_0557_1 lime_budget_256 seed=0 0.60s
2147 done chncxr resnet50 CHNCXR_0557_1 lime_budget_1024 seed=1 2.34s
2148 done chncxr resnet50 CHNCXR_0557_1 rise_budget_256 seed=2 1.14s
2149 done chncxr resnet50 CHNCXR_0557_1 rise_budget_2048 seed=2 10.48s
2150 done chncxr resnet50 CHNCXR_0557_1 lime_budget_2048 seed=0 4.96s
2151 done chncxr resnet50 CHNCXR_0557_1 lime_budget_1024 seed=4 2.50s
2152 done chncxr resnet50 CHNCXR_0557_1 kernel_shap_budget_256 seed=3 0.62s
2153 done chncxr resnet50 CHNCXR_0557_1 rise_budget_256 seed=4 1.37s
2154 done chncxr resnet50 CHNCXR_0557_1 rise_budget_2048 seed=1 10.39s
2155 done chncxr resnet50 CHNCXR_0557_1 lime_budget_512 seed=4 1.28s
2156 done chncxr resnet50 CHNCXR_0557_1 lime_budget_2048 seed=3 4.54s
2157 done chncxr resnet50 CHNCXR_0557_1 kernel_shap_budget_2048 seed=3 4.49s
2158 done chncxr resnet50 CHNCXR_0557_1 kernel_shap_budget_256 seed=4 0.56s
2159 done chncxr resnet50 CHNCXR_0557_1 rise_budget_256 seed=0 0.83s
2160 done chncxr resnet50 CHNCXR_0557_1 rise_budget_512 seed=2 2.37s
2161 done chncxr resnet50 CHNCXR_0557_1 rise_budget_1024 seed=1 4.73s
2162 done chncxr resnet50 CHNCXR_0557_1 lime_budget_2048 seed=4 4.40s
2163 done chncxr resnet50 CHNCXR_0557_1 kernel_shap_budget_512 seed=0 1.24s
2164 done chncxr resnet50 CHNCXR_0557_1 lime_budget_512 seed=2 1.36s
2165 done chncxr resnet50 CHNCXR_0557_1 lime_budget_512 seed=1 1.21s
2166 done chncxr resnet50 CHNCXR_0557_1 rise_budget_1024 seed=2 5.58s
2167 done chncxr resnet50 CHNCXR_0557_1 rise_budget_512 seed=3 2.40s
2168 done chncxr resnet50 CHNCXR_0557_1 kernel_shap_budget_512 seed=2 1.25s
2169 done chncxr resnet50 CHNCXR_0557_1 kernel_shap_budget_512 seed=1 1.28s
2170 done chncxr resnet50 CHNCXR_0557_1 kernel_shap_budget_2048 seed=0 4.82s
2171 done chncxr resnet50 CHNCXR_0557_1 rise_budget_1024 seed=4 4.18s
2172 done chncxr resnet50 CHNCXR_0557_1 rise_budget_2048 seed=3 9.68s
2173 done chncxr resnet50 CHNCXR_0557_1 lime_budget_256 seed=2 0.59s
2174 done chncxr resnet50 CHNCXR_0557_1 rise_budget_2048 seed=4 8.88s
2175 done chncxr resnet50 CHNCXR_0557_1 kernel_shap_budget_1024 seed=1 2.22s
2176 done chncxr resnet50 CHNCXR_0557_1 lime_budget_1024 seed=2 2.32s
2177 done chncxr resnet50 CHNCXR_0557_1 kernel_shap_budget_256 seed=1 0.58s
2178 done chncxr resnet50 CHNCXR_0557_1 kernel_shap_budget_2048 seed=2 4.59s
2179 done chncxr resnet50 CHNCXR_0557_1 rise_budget_256 seed=1 1.36s
2180 done chncxr resnet50 CHNCXR_0557_1 lime_budget_2048 seed=1 4.80s
2181 done chncxr resnet50 CHNCXR_0557_1 kernel_shap_budget_512 seed=4 1.21s
2182 done chncxr resnet50 CHNCXR_0557_1 rise_budget_1024 seed=3 5.63s
2183 done chncxr resnet50 CHNCXR_0557_1 rise_budget_512 seed=1 2.62s
2184 done chncxr resnet50 CHNCXR_0557_1 lime_budget_512 seed=0 1.18s
2185 done chncxr resnet50 CHNCXR_0557_1 kernel_shap_budget_1024 seed=4 2.66s
2186 done chncxr resnet50 CHNCXR_0557_1 kernel_shap_budget_1024 seed=3 2.65s
2187 done chncxr resnet50 CHNCXR_0557_1 kernel_shap_budget_512 seed=3 1.29s
2188 done chncxr resnet50 CHNCXR_0557_1 lime_budget_1024 seed=3 2.48s
2189 done chncxr resnet50 CHNCXR_0557_1 kernel_shap_budget_1024 seed=2 2.32s
2190 done chncxr resnet50 CHNCXR_0557_1 kernel_shap_budget_2048 seed=4 4.39s
2191 done chncxr resnet50 CHNCXR_0557_1 rise_budget_512 seed=0 2.34s
2192 done chncxr resnet50 CHNCXR_0557_1 ablation_default seed=None 0.18s
2193 done chncxr resnet50 CHNCXR_0557_1 kernel_shap_budget_1024 seed=0 2.30s
2194 done chncxr resnet50 CHNCXR_0557_1 lime_budget_512 seed=3 1.18s
2195 done chncxr resnet50 CHNCXR_0557_1 lime_budget_256 seed=3 0.56s
2196 done chncxr resnet50 CHNCXR_0557_1 kernel_shap_budget_2048 seed=1 4.39s
2197 done chncxr resnet50 CHNCXR_0571_1 kernel_shap_budget_2048 seed=3 4.40s
2198 done chncxr resnet50 CHNCXR_0571_1 kernel_shap_budget_256 seed=0 0.57s
2199 done chncxr resnet50 CHNCXR_0571_1 rise_budget_1024 seed=2 4.73s
2200 done chncxr resnet50 CHNCXR_0571_1 lime_budget_256 seed=2 0.75s
2201 done chncxr resnet50 CHNCXR_0571_1 lime_budget_512 seed=4 1.25s
2202 done chncxr resnet50 CHNCXR_0571_1 rise_budget_1024 seed=1 5.58s
2203 done chncxr resnet50 CHNCXR_0571_1 kernel_shap_budget_1024 seed=2 2.27s
2204 done chncxr resnet50 CHNCXR_0571_1 rise_budget_2048 seed=3 9.67s
2205 done chncxr resnet50 CHNCXR_0571_1 kernel_shap_budget_1024 seed=1 2.54s
2206 done chncxr resnet50 CHNCXR_0571_1 rise_budget_2048 seed=4 9.39s
2207 done chncxr resnet50 CHNCXR_0571_1 lime_budget_2048 seed=0 4.77s
2208 done chncxr resnet50 CHNCXR_0571_1 lime_budget_256 seed=0 0.78s
2209 done chncxr resnet50 CHNCXR_0571_1 rise_budget_256 seed=4 1.29s
2210 done chncxr resnet50 CHNCXR_0571_1 lime_budget_1024 seed=0 2.46s
2211 done chncxr resnet50 CHNCXR_0571_1 rise_budget_512 seed=3 2.73s
2212 done chncxr resnet50 CHNCXR_0571_1 rise_budget_512 seed=4 2.65s
2213 done chncxr resnet50 CHNCXR_0571_1 rise_budget_256 seed=2 1.19s
2214 done chncxr resnet50 CHNCXR_0571_1 kernel_shap_budget_2048 seed=0 4.62s
2215 done chncxr resnet50 CHNCXR_0571_1 lime_budget_2048 seed=2 4.94s
2216 done chncxr resnet50 CHNCXR_0571_1 lime_budget_1024 seed=4 2.54s
2217 done chncxr resnet50 CHNCXR_0571_1 kernel_shap_budget_256 seed=4 0.66s
2218 done chncxr resnet50 CHNCXR_0571_1 rise_budget_512 seed=1 2.51s
2219 done chncxr resnet50 CHNCXR_0571_1 lime_budget_1024 seed=2 2.62s
2220 done chncxr resnet50 CHNCXR_0571_1 kernel_shap_budget_1024 seed=0 2.34s
2221 done chncxr resnet50 CHNCXR_0571_1 lime_budget_512 seed=0 1.13s
2222 done chncxr resnet50 CHNCXR_0571_1 rise_budget_2048 seed=0 10.09s
2223 done chncxr resnet50 CHNCXR_0571_1 kernel_shap_budget_256 seed=3 0.74s
2224 done chncxr resnet50 CHNCXR_0571_1 lime_budget_1024 seed=1 2.63s
2225 done chncxr resnet50 CHNCXR_0571_1 kernel_shap_budget_512 seed=4 1.24s
2226 done chncxr resnet50 CHNCXR_0571_1 lime_budget_512 seed=3 1.39s
2227 done chncxr resnet50 CHNCXR_0571_1 kernel_shap_budget_1024 seed=4 2.47s
2228 done chncxr resnet50 CHNCXR_0571_1 rise_budget_256 seed=1 0.83s
2229 done chncxr resnet50 CHNCXR_0571_1 ablation_default seed=None 0.16s
2230 done chncxr resnet50 CHNCXR_0571_1 rise_budget_1024 seed=3 4.69s
2231 done chncxr resnet50 CHNCXR_0571_1 rise_budget_256 seed=0 1.31s
2232 done chncxr resnet50 CHNCXR_0571_1 rise_budget_2048 seed=1 8.65s
2233 done chncxr resnet50 CHNCXR_0571_1 rise_budget_1024 seed=4 4.37s
2234 done chncxr resnet50 CHNCXR_0571_1 lime_budget_512 seed=2 1.26s
2235 done chncxr resnet50 CHNCXR_0571_1 rise_budget_256 seed=3 1.33s
2236 done chncxr resnet50 CHNCXR_0571_1 lime_budget_1024 seed=3 2.52s
2237 done chncxr resnet50 CHNCXR_0571_1 lime_budget_512 seed=1 1.40s
2238 done chncxr resnet50 CHNCXR_0571_1 lime_budget_2048 seed=3 5.43s
2239 done chncxr resnet50 CHNCXR_0571_1 kernel_shap_budget_2048 seed=1 5.07s
2240 done chncxr resnet50 CHNCXR_0571_1 lime_budget_256 seed=4 0.77s
2241 done chncxr resnet50 CHNCXR_0571_1 lime_budget_256 seed=1 0.83s
2242 done chncxr resnet50 CHNCXR_0571_1 kernel_shap_budget_256 seed=2 0.69s
2243 done chncxr resnet50 CHNCXR_0571_1 lime_budget_256 seed=3 0.72s
2244 done chncxr resnet50 CHNCXR_0571_1 rise_budget_2048 seed=2 11.09s
2245 done chncxr resnet50 CHNCXR_0571_1 lime_budget_2048 seed=1 5.00s
2246 done chncxr resnet50 CHNCXR_0571_1 rise_budget_512 seed=2 2.08s
2247 done chncxr resnet50 CHNCXR_0571_1 kernel_shap_budget_256 seed=1 0.57s
2248 done chncxr resnet50 CHNCXR_0571_1 kernel_shap_budget_512 seed=1 1.23s
2249 done chncxr resnet50 CHNCXR_0571_1 kernel_shap_budget_512 seed=3 1.15s
2250 done chncxr resnet50 CHNCXR_0571_1 rise_budget_1024 seed=0 4.54s
2251 done chncxr resnet50 CHNCXR_0571_1 kernel_shap_budget_2048 seed=4 4.97s
2252 done chncxr resnet50 CHNCXR_0571_1 kernel_shap_budget_512 seed=2 1.27s
2253 done chncxr resnet50 CHNCXR_0571_1 rise_budget_512 seed=0 2.69s
2254 done chncxr resnet50 CHNCXR_0571_1 kernel_shap_budget_2048 seed=2 4.71s
2255 done chncxr resnet50 CHNCXR_0571_1 kernel_shap_budget_1024 seed=3 2.33s
2256 done chncxr resnet50 CHNCXR_0571_1 kernel_shap_budget_512 seed=0 1.27s
2257 done chncxr resnet50 CHNCXR_0571_1 lime_budget_2048 seed=4 4.74s
2258 done chncxr resnet50 CHNCXR_0579_1 lime_budget_512 seed=0 1.32s
2259 done chncxr resnet50 CHNCXR_0579_1 kernel_shap_budget_1024 seed=3 2.22s
2260 done chncxr resnet50 CHNCXR_0579_1 lime_budget_256 seed=0 0.71s
2261 done chncxr resnet50 CHNCXR_0579_1 kernel_shap_budget_512 seed=2 1.30s
2262 done chncxr resnet50 CHNCXR_0579_1 rise_budget_512 seed=1 2.64s
2263 done chncxr resnet50 CHNCXR_0579_1 rise_budget_2048 seed=2 8.73s
2264 done chncxr resnet50 CHNCXR_0579_1 kernel_shap_budget_256 seed=0 0.57s
2265 done chncxr resnet50 CHNCXR_0579_1 lime_budget_256 seed=3 0.57s
2266 done chncxr resnet50 CHNCXR_0579_1 lime_budget_2048 seed=3 4.98s
2267 done chncxr resnet50 CHNCXR_0579_1 kernel_shap_budget_2048 seed=2 5.05s
2268 done chncxr resnet50 CHNCXR_0579_1 kernel_shap_budget_2048 seed=4 4.84s
2269 done chncxr resnet50 CHNCXR_0579_1 lime_budget_1024 seed=3 2.47s
2270 done chncxr resnet50 CHNCXR_0579_1 kernel_shap_budget_256 seed=2 0.56s
2271 done chncxr resnet50 CHNCXR_0579_1 rise_budget_2048 seed=4 9.10s
2272 done chncxr resnet50 CHNCXR_0579_1 lime_budget_1024 seed=1 2.20s
2273 done chncxr resnet50 CHNCXR_0579_1 rise_budget_2048 seed=1 9.51s
2274 done chncxr resnet50 CHNCXR_0579_1 kernel_shap_budget_2048 seed=0 4.96s
2275 done chncxr resnet50 CHNCXR_0579_1 kernel_shap_budget_512 seed=0 1.26s
2276 done chncxr resnet50 CHNCXR_0579_1 lime_budget_1024 seed=0 2.67s
2277 done chncxr resnet50 CHNCXR_0579_1 lime_budget_512 seed=1 1.44s
2278 done chncxr resnet50 CHNCXR_0579_1 rise_budget_1024 seed=1 5.82s
2279 done chncxr resnet50 CHNCXR_0579_1 lime_budget_512 seed=3 1.24s
2280 done chncxr resnet50 CHNCXR_0579_1 kernel_shap_budget_1024 seed=4 2.50s
2281 done chncxr resnet50 CHNCXR_0579_1 lime_budget_256 seed=1 0.78s
2282 done chncxr resnet50 CHNCXR_0579_1 lime_budget_512 seed=2 1.29s
2283 done chncxr resnet50 CHNCXR_0579_1 rise_budget_512 seed=4 2.66s
2284 done chncxr resnet50 CHNCXR_0579_1 kernel_shap_budget_512 seed=3 1.22s
2285 done chncxr resnet50 CHNCXR_0579_1 kernel_shap_budget_2048 seed=3 5.16s
2286 done chncxr resnet50 CHNCXR_0579_1 kernel_shap_budget_256 seed=1 0.64s
2287 done chncxr resnet50 CHNCXR_0579_1 lime_budget_256 seed=2 0.76s
2288 done chncxr resnet50 CHNCXR_0579_1 lime_budget_1024 seed=2 2.42s
2289 done chncxr resnet50 CHNCXR_0579_1 rise_budget_256 seed=4 1.18s
2290 done chncxr resnet50 CHNCXR_0579_1 kernel_shap_budget_512 seed=1 1.25s
2291 done chncxr resnet50 CHNCXR_0579_1 rise_budget_1024 seed=3 5.32s
2292 done chncxr resnet50 CHNCXR_0579_1 rise_budget_256 seed=2 1.08s
2293 done chncxr resnet50 CHNCXR_0579_1 kernel_shap_budget_256 seed=4 0.63s
2294 done chncxr resnet50 CHNCXR_0579_1 ablation_default seed=None 0.19s
2295 done chncxr resnet50 CHNCXR_0579_1 rise_budget_1024 seed=4 4.01s
2296 done chncxr resnet50 CHNCXR_0579_1 lime_budget_512 seed=4 1.18s
2297 done chncxr resnet50 CHNCXR_0579_1 rise_budget_256 seed=1 0.83s
2298 done chncxr resnet50 CHNCXR_0579_1 rise_budget_2048 seed=3 8.87s
2299 done chncxr resnet50 CHNCXR_0579_1 lime_budget_2048 seed=0 5.10s
2300 done chncxr resnet50 CHNCXR_0579_1 rise_budget_2048 seed=0 9.77s
2301 done chncxr resnet50 CHNCXR_0579_1 rise_budget_1024 seed=0 4.77s
2302 done chncxr resnet50 CHNCXR_0579_1 rise_budget_512 seed=0 2.38s
2303 done chncxr resnet50 CHNCXR_0579_1 rise_budget_512 seed=2 2.36s
2304 done chncxr resnet50 CHNCXR_0579_1 lime_budget_1024 seed=4 2.55s
2305 done chncxr resnet50 CHNCXR_0579_1 rise_budget_512 seed=3 2.22s
2306 done chncxr resnet50 CHNCXR_0579_1 lime_budget_2048 seed=1 5.05s
2307 done chncxr resnet50 CHNCXR_0579_1 kernel_shap_budget_512 seed=4 1.35s
2308 done chncxr resnet50 CHNCXR_0579_1 kernel_shap_budget_1024 seed=2 2.47s
2309 done chncxr resnet50 CHNCXR_0579_1 lime_budget_256 seed=4 0.78s
2310 done chncxr resnet50 CHNCXR_0579_1 kernel_shap_budget_2048 seed=1 4.60s
2311 done chncxr resnet50 CHNCXR_0579_1 lime_budget_2048 seed=2 4.83s
2312 done chncxr resnet50 CHNCXR_0579_1 kernel_shap_budget_256 seed=3 0.56s
2313 done chncxr resnet50 CHNCXR_0579_1 rise_budget_1024 seed=2 4.16s
2314 done chncxr resnet50 CHNCXR_0579_1 kernel_shap_budget_1024 seed=0 2.27s
2315 done chncxr resnet50 CHNCXR_0579_1 kernel_shap_budget_1024 seed=1 2.22s
2316 done chncxr resnet50 CHNCXR_0579_1 rise_budget_256 seed=0 0.87s
2317 done chncxr resnet50 CHNCXR_0579_1 lime_budget_2048 seed=4 4.96s
2318 done chncxr resnet50 CHNCXR_0579_1 rise_budget_256 seed=3 1.27s
2319 done chncxr resnet50 CHNCXR_0583_1 lime_budget_256 seed=3 0.82s
2320 done chncxr resnet50 CHNCXR_0583_1 lime_budget_1024 seed=1 2.81s
2321 done chncxr resnet50 CHNCXR_0583_1 kernel_shap_budget_2048 seed=1 5.20s
2322 done chncxr resnet50 CHNCXR_0583_1 ablation_default seed=None 0.17s
2323 done chncxr resnet50 CHNCXR_0583_1 lime_budget_512 seed=3 1.32s
2324 done chncxr resnet50 CHNCXR_0583_1 rise_budget_256 seed=3 1.35s
2325 done chncxr resnet50 CHNCXR_0583_1 lime_budget_512 seed=0 1.19s
2326 done chncxr resnet50 CHNCXR_0583_1 rise_budget_2048 seed=0 10.17s
2327 done chncxr resnet50 CHNCXR_0583_1 kernel_shap_budget_256 seed=3 0.63s
2328 done chncxr resnet50 CHNCXR_0583_1 kernel_shap_budget_256 seed=1 0.59s
2329 done chncxr resnet50 CHNCXR_0583_1 lime_budget_1024 seed=3 2.52s
2330 done chncxr resnet50 CHNCXR_0583_1 rise_budget_512 seed=3 2.51s
2331 done chncxr resnet50 CHNCXR_0583_1 rise_budget_2048 seed=2 9.51s
2332 done chncxr resnet50 CHNCXR_0583_1 lime_budget_2048 seed=2 4.50s
2333 done chncxr resnet50 CHNCXR_0583_1 kernel_shap_budget_2048 seed=4 4.83s
2334 done chncxr resnet50 CHNCXR_0583_1 lime_budget_256 seed=1 0.56s
2335 done chncxr resnet50 CHNCXR_0583_1 kernel_shap_budget_256 seed=0 0.56s
2336 done chncxr resnet50 CHNCXR_0583_1 rise_budget_1024 seed=1 3.46s
2337 done chncxr resnet50 CHNCXR_0583_1 lime_budget_1024 seed=4 2.28s
2338 done chncxr resnet50 CHNCXR_0583_1 kernel_shap_budget_1024 seed=4 2.36s
2339 done chncxr resnet50 CHNCXR_0583_1 lime_budget_2048 seed=0 5.26s
2340 done chncxr resnet50 CHNCXR_0583_1 kernel_shap_budget_1024 seed=0 2.49s
2341 done chncxr resnet50 CHNCXR_0583_1 lime_budget_1024 seed=2 2.32s
2342 done chncxr resnet50 CHNCXR_0583_1 rise_budget_2048 seed=1 10.21s
2343 done chncxr resnet50 CHNCXR_0583_1 rise_budget_2048 seed=4 10.64s
2344 done chncxr resnet50 CHNCXR_0583_1 rise_budget_512 seed=0 2.50s
2345 done chncxr resnet50 CHNCXR_0583_1 kernel_shap_budget_2048 seed=0 4.63s
2346 done chncxr resnet50 CHNCXR_0583_1 kernel_shap_budget_512 seed=3 1.12s
2347 done chncxr resnet50 CHNCXR_0583_1 rise_budget_256 seed=0 1.13s
2348 done chncxr resnet50 CHNCXR_0583_1 lime_budget_2048 seed=4 4.65s
2349 done chncxr resnet50 CHNCXR_0583_1 rise_budget_512 seed=2 2.62s
2350 done chncxr resnet50 CHNCXR_0583_1 rise_budget_512 seed=1 2.53s
2351 done chncxr resnet50 CHNCXR_0583_1 lime_budget_256 seed=4 0.72s
2352 done chncxr resnet50 CHNCXR_0583_1 rise_budget_256 seed=1 1.27s
2353 done chncxr resnet50 CHNCXR_0583_1 kernel_shap_budget_512 seed=0 1.27s
2354 done chncxr resnet50 CHNCXR_0583_1 kernel_shap_budget_256 seed=4 0.64s
2355 done chncxr resnet50 CHNCXR_0583_1 kernel_shap_budget_1024 seed=3 2.37s
2356 done chncxr resnet50 CHNCXR_0583_1 lime_budget_1024 seed=0 2.40s
2357 done chncxr resnet50 CHNCXR_0583_1 rise_budget_256 seed=2 0.90s
2358 done chncxr resnet50 CHNCXR_0583_1 rise_budget_256 seed=4 1.17s
2359 done chncxr resnet50 CHNCXR_0583_1 lime_budget_256 seed=2 0.66s
2360 done chncxr resnet50 CHNCXR_0583_1 rise_budget_512 seed=4 2.48s
2361 done chncxr resnet50 CHNCXR_0583_1 kernel_shap_budget_256 seed=2 0.63s
2362 done chncxr resnet50 CHNCXR_0583_1 kernel_shap_budget_512 seed=1 1.23s
2363 done chncxr resnet50 CHNCXR_0583_1 kernel_shap_budget_512 seed=2 1.34s
2364 done chncxr resnet50 CHNCXR_0583_1 lime_budget_512 seed=1 1.33s
2365 done chncxr resnet50 CHNCXR_0583_1 rise_budget_2048 seed=3 10.40s
2366 done chncxr resnet50 CHNCXR_0583_1 kernel_shap_budget_1024 seed=2 2.49s
2367 done chncxr resnet50 CHNCXR_0583_1 rise_budget_1024 seed=0 4.91s
2368 done chncxr resnet50 CHNCXR_0583_1 rise_budget_1024 seed=2 5.00s
2369 done chncxr resnet50 CHNCXR_0583_1 kernel_shap_budget_2048 seed=2 5.15s
2370 done chncxr resnet50 CHNCXR_0583_1 lime_budget_256 seed=0 0.61s
2371 done chncxr resnet50 CHNCXR_0583_1 kernel_shap_budget_1024 seed=1 2.46s
2372 done chncxr resnet50 CHNCXR_0583_1 lime_budget_512 seed=2 1.43s
2373 done chncxr resnet50 CHNCXR_0583_1 kernel_shap_budget_512 seed=4 1.25s
2374 done chncxr resnet50 CHNCXR_0583_1 lime_budget_512 seed=4 1.21s
2375 done chncxr resnet50 CHNCXR_0583_1 lime_budget_2048 seed=1 4.70s
2376 done chncxr resnet50 CHNCXR_0583_1 lime_budget_2048 seed=3 4.94s
2377 done chncxr resnet50 CHNCXR_0583_1 rise_budget_1024 seed=3 5.49s
2378 done chncxr resnet50 CHNCXR_0583_1 kernel_shap_budget_2048 seed=3 4.86s
2379 done chncxr resnet50 CHNCXR_0583_1 rise_budget_1024 seed=4 4.34s
2380 done chncxr resnet50 CHNCXR_0587_1 kernel_shap_budget_512 seed=2 1.18s
2381 done chncxr resnet50 CHNCXR_0587_1 lime_budget_1024 seed=0 2.77s
2382 done chncxr resnet50 CHNCXR_0587_1 lime_budget_512 seed=3 1.46s
2383 done chncxr resnet50 CHNCXR_0587_1 rise_budget_1024 seed=0 5.53s
2384 done chncxr resnet50 CHNCXR_0587_1 kernel_shap_budget_1024 seed=2 2.30s
2385 done chncxr resnet50 CHNCXR_0587_1 kernel_shap_budget_1024 seed=0 2.26s
2386 done chncxr resnet50 CHNCXR_0587_1 rise_budget_512 seed=4 1.78s
2387 done chncxr resnet50 CHNCXR_0587_1 lime_budget_256 seed=3 0.56s
2388 done chncxr resnet50 CHNCXR_0587_1 kernel_shap_budget_512 seed=3 1.13s
2389 done chncxr resnet50 CHNCXR_0587_1 lime_budget_512 seed=1 1.10s
2390 done chncxr resnet50 CHNCXR_0587_1 kernel_shap_budget_512 seed=1 1.19s
2391 done chncxr resnet50 CHNCXR_0587_1 kernel_shap_budget_1024 seed=1 2.45s
2392 done chncxr resnet50 CHNCXR_0587_1 rise_budget_2048 seed=1 9.24s
2393 done chncxr resnet50 CHNCXR_0587_1 rise_budget_1024 seed=3 3.90s
2394 done chncxr resnet50 CHNCXR_0587_1 kernel_shap_budget_2048 seed=3 4.57s
2395 done chncxr resnet50 CHNCXR_0587_1 lime_budget_256 seed=4 0.64s
2396 done chncxr resnet50 CHNCXR_0587_1 kernel_shap_budget_256 seed=2 0.58s
2397 done chncxr resnet50 CHNCXR_0587_1 lime_budget_512 seed=2 1.29s
2398 done chncxr resnet50 CHNCXR_0587_1 lime_budget_2048 seed=3 4.94s
2399 done chncxr resnet50 CHNCXR_0587_1 rise_budget_512 seed=2 2.66s
2400 done chncxr resnet50 CHNCXR_0587_1 rise_budget_256 seed=0 1.36s
2401 done chncxr resnet50 CHNCXR_0587_1 rise_budget_2048 seed=2 10.68s
2402 done chncxr resnet50 CHNCXR_0587_1 rise_budget_512 seed=1 2.58s
2403 done chncxr resnet50 CHNCXR_0587_1 rise_budget_256 seed=1 1.28s
2404 done chncxr resnet50 CHNCXR_0587_1 kernel_shap_budget_1024 seed=4 2.23s
2405 done chncxr resnet50 CHNCXR_0587_1 lime_budget_256 seed=2 0.56s
2406 done chncxr resnet50 CHNCXR_0587_1 lime_budget_2048 seed=4 5.06s
2407 done chncxr resnet50 CHNCXR_0587_1 lime_budget_1024 seed=1 2.51s
2408 done chncxr resnet50 CHNCXR_0587_1 ablation_default seed=None 0.15s
2409 done chncxr resnet50 CHNCXR_0587_1 kernel_shap_budget_256 seed=3 0.57s
2410 done chncxr resnet50 CHNCXR_0587_1 lime_budget_2048 seed=2 4.58s
2411 done chncxr resnet50 CHNCXR_0587_1 rise_budget_1024 seed=2 4.89s
2412 done chncxr resnet50 CHNCXR_0587_1 rise_budget_512 seed=3 2.31s
2413 done chncxr resnet50 CHNCXR_0587_1 kernel_shap_budget_256 seed=4 0.59s
2414 done chncxr resnet50 CHNCXR_0587_1 lime_budget_512 seed=0 1.14s
2415 done chncxr resnet50 CHNCXR_0587_1 rise_budget_1024 seed=1 4.73s
2416 done chncxr resnet50 CHNCXR_0587_1 rise_budget_2048 seed=0 10.34s
2417 done chncxr resnet50 CHNCXR_0587_1 lime_budget_256 seed=0 0.77s
2418 done chncxr resnet50 CHNCXR_0587_1 lime_budget_1024 seed=3 2.70s
2419 done chncxr resnet50 CHNCXR_0587_1 lime_budget_1024 seed=4 2.61s
2420 done chncxr resnet50 CHNCXR_0587_1 lime_budget_256 seed=1 0.71s
2421 done chncxr resnet50 CHNCXR_0587_1 kernel_shap_budget_512 seed=4 1.34s
2422 done chncxr resnet50 CHNCXR_0587_1 lime_budget_512 seed=4 1.43s
2423 done chncxr resnet50 CHNCXR_0587_1 kernel_shap_budget_2048 seed=4 5.07s
2424 done chncxr resnet50 CHNCXR_0587_1 kernel_shap_budget_256 seed=1 0.57s
2425 done chncxr resnet50 CHNCXR_0587_1 kernel_shap_budget_2048 seed=1 4.44s
2426 done chncxr resnet50 CHNCXR_0587_1 rise_budget_2048 seed=3 9.68s
2427 done chncxr resnet50 CHNCXR_0587_1 kernel_shap_budget_2048 seed=2 4.89s
2428 done chncxr resnet50 CHNCXR_0587_1 lime_budget_1024 seed=2 2.37s
2429 done chncxr resnet50 CHNCXR_0587_1 rise_budget_512 seed=0 2.26s
2430 done chncxr resnet50 CHNCXR_0587_1 rise_budget_256 seed=2 1.41s
2431 done chncxr resnet50 CHNCXR_0587_1 kernel_shap_budget_2048 seed=0 5.16s
2432 done chncxr resnet50 CHNCXR_0587_1 rise_budget_256 seed=3 1.29s
2433 done chncxr resnet50 CHNCXR_0587_1 lime_budget_2048 seed=1 4.70s
2434 done chncxr resnet50 CHNCXR_0587_1 kernel_shap_budget_1024 seed=3 2.38s
2435 done chncxr resnet50 CHNCXR_0587_1 kernel_shap_budget_512 seed=0 1.14s
2436 done chncxr resnet50 CHNCXR_0587_1 rise_budget_2048 seed=4 8.86s
2437 done chncxr resnet50 CHNCXR_0587_1 rise_budget_1024 seed=4 4.82s
2438 done chncxr resnet50 CHNCXR_0587_1 kernel_shap_budget_256 seed=0 0.64s
2439 done chncxr resnet50 CHNCXR_0587_1 rise_budget_256 seed=4 1.35s
2440 done chncxr resnet50 CHNCXR_0587_1 lime_budget_2048 seed=0 5.10s
2441 done chncxr resnet50 CHNCXR_0602_1 kernel_shap_budget_2048 seed=1 4.92s
2442 done chncxr resnet50 CHNCXR_0602_1 rise_budget_512 seed=0 2.57s
2443 done chncxr resnet50 CHNCXR_0602_1 kernel_shap_budget_2048 seed=2 4.45s
2444 done chncxr resnet50 CHNCXR_0602_1 kernel_shap_budget_256 seed=1 0.61s
2445 done chncxr resnet50 CHNCXR_0602_1 kernel_shap_budget_512 seed=2 1.16s
2446 done chncxr resnet50 CHNCXR_0602_1 lime_budget_256 seed=4 0.63s
2447 done chncxr resnet50 CHNCXR_0602_1 lime_budget_256 seed=0 0.62s
2448 done chncxr resnet50 CHNCXR_0602_1 rise_budget_2048 seed=1 10.24s
2449 done chncxr resnet50 CHNCXR_0602_1 lime_budget_512 seed=3 1.25s
2450 done chncxr resnet50 CHNCXR_0602_1 lime_budget_2048 seed=4 5.01s
2451 done chncxr resnet50 CHNCXR_0602_1 kernel_shap_budget_256 seed=3 0.71s
2452 done chncxr resnet50 CHNCXR_0602_1 lime_budget_1024 seed=2 2.58s
2453 done chncxr resnet50 CHNCXR_0602_1 lime_budget_1024 seed=3 2.59s
2454 done chncxr resnet50 CHNCXR_0602_1 rise_budget_512 seed=2 2.40s
2455 done chncxr resnet50 CHNCXR_0602_1 rise_budget_512 seed=1 2.47s
2456 done chncxr resnet50 CHNCXR_0602_1 lime_budget_2048 seed=2 4.85s
2457 done chncxr resnet50 CHNCXR_0602_1 kernel_shap_budget_2048 seed=0 4.41s
2458 done chncxr resnet50 CHNCXR_0602_1 kernel_shap_budget_512 seed=1 1.13s
2459 done chncxr resnet50 CHNCXR_0602_1 kernel_shap_budget_1024 seed=3 2.25s
2460 done chncxr resnet50 CHNCXR_0602_1 kernel_shap_budget_2048 seed=4 4.43s
2461 done chncxr resnet50 CHNCXR_0602_1 lime_budget_256 seed=3 0.61s
2462 done chncxr resnet50 CHNCXR_0602_1 rise_budget_2048 seed=4 9.45s
2463 done chncxr resnet50 CHNCXR_0602_1 rise_budget_512 seed=3 2.59s
2464 done chncxr resnet50 CHNCXR_0602_1 rise_budget_2048 seed=3 8.41s
2465 done chncxr resnet50 CHNCXR_0602_1 lime_budget_1024 seed=1 2.29s
2466 done chncxr resnet50 CHNCXR_0602_1 lime_budget_512 seed=2 1.24s
2467 done chncxr resnet50 CHNCXR_0602_1 ablation_default seed=None 0.19s
2468 done chncxr resnet50 CHNCXR_0602_1 lime_budget_512 seed=1 1.30s
2469 done chncxr resnet50 CHNCXR_0602_1 kernel_shap_budget_256 seed=2 0.72s
2470 done chncxr resnet50 CHNCXR_0602_1 rise_budget_256 seed=1 1.49s
2471 done chncxr resnet50 CHNCXR_0602_1 lime_budget_256 seed=2 0.72s
2472 done chncxr resnet50 CHNCXR_0602_1 rise_budget_1024 seed=4 4.78s
2473 done chncxr resnet50 CHNCXR_0602_1 kernel_shap_budget_512 seed=3 1.30s
2474 done chncxr resnet50 CHNCXR_0602_1 kernel_shap_budget_1024 seed=4 2.71s
2475 done chncxr resnet50 CHNCXR_0602_1 kernel_shap_budget_512 seed=4 1.25s
2476 done chncxr resnet50 CHNCXR_0602_1 kernel_shap_budget_512 seed=0 1.31s
2477 done chncxr resnet50 CHNCXR_0602_1 rise_budget_256 seed=2 1.46s
2478 done chncxr resnet50 CHNCXR_0602_1 lime_budget_512 seed=0 1.33s
2479 done chncxr resnet50 CHNCXR_0602_1 rise_budget_256 seed=4 1.43s
2480 done chncxr resnet50 CHNCXR_0602_1 rise_budget_1024 seed=2 3.98s
2481 done chncxr resnet50 CHNCXR_0602_1 lime_budget_2048 seed=1 4.95s
2482 done chncxr resnet50 CHNCXR_0602_1 lime_budget_2048 seed=0 4.58s
2483 done chncxr resnet50 CHNCXR_0602_1 lime_budget_256 seed=1 0.61s
2484 done chncxr resnet50 CHNCXR_0602_1 kernel_shap_budget_256 seed=4 0.55s
2485 done chncxr resnet50 CHNCXR_0602_1 kernel_shap_budget_1024 seed=1 2.32s
2486 done chncxr resnet50 CHNCXR_0602_1 rise_budget_256 seed=3 1.25s
2487 done chncxr resnet50 CHNCXR_0602_1 lime_budget_1024 seed=4 2.52s
2488 done chncxr resnet50 CHNCXR_0602_1 rise_budget_1024 seed=1 5.59s
2489 done chncxr resnet50 CHNCXR_0602_1 rise_budget_2048 seed=2 9.15s
2490 done chncxr resnet50 CHNCXR_0602_1 lime_budget_1024 seed=0 2.32s
2491 done chncxr resnet50 CHNCXR_0602_1 kernel_shap_budget_1024 seed=0 2.35s
2492 done chncxr resnet50 CHNCXR_0602_1 lime_budget_512 seed=4 1.27s
2493 done chncxr resnet50 CHNCXR_0602_1 kernel_shap_budget_2048 seed=3 4.71s
2494 done chncxr resnet50 CHNCXR_0602_1 lime_budget_2048 seed=3 5.02s
2495 done chncxr resnet50 CHNCXR_0602_1 kernel_shap_budget_256 seed=0 0.67s
2496 done chncxr resnet50 CHNCXR_0602_1 rise_budget_256 seed=0 1.23s
2497 done chncxr resnet50 CHNCXR_0602_1 rise_budget_1024 seed=0 4.83s
2498 done chncxr resnet50 CHNCXR_0602_1 rise_budget_2048 seed=0 9.84s
2499 done chncxr resnet50 CHNCXR_0602_1 rise_budget_1024 seed=3 5.37s
2500 done chncxr resnet50 CHNCXR_0602_1 rise_budget_512 seed=4 2.22s
2501 done chncxr resnet50 CHNCXR_0602_1 kernel_shap_budget_1024 seed=2 2.60s
2502 done chncxr resnet50 CHNCXR_0620_1 lime_budget_256 seed=2 0.71s
2503 done chncxr resnet50 CHNCXR_0620_1 lime_budget_512 seed=2 1.60s
2504 done chncxr resnet50 CHNCXR_0620_1 lime_budget_1024 seed=2 2.58s
2505 done chncxr resnet50 CHNCXR_0620_1 kernel_shap_budget_512 seed=3 1.26s
2506 done chncxr resnet50 CHNCXR_0620_1 kernel_shap_budget_256 seed=1 0.59s
2507 done chncxr resnet50 CHNCXR_0620_1 kernel_shap_budget_256 seed=4 0.70s
2508 done chncxr resnet50 CHNCXR_0620_1 rise_budget_256 seed=1 1.35s
2509 done chncxr resnet50 CHNCXR_0620_1 rise_budget_2048 seed=4 10.28s
2510 done chncxr resnet50 CHNCXR_0620_1 kernel_shap_budget_256 seed=0 0.64s
2511 done chncxr resnet50 CHNCXR_0620_1 lime_budget_512 seed=0 1.49s
2512 done chncxr resnet50 CHNCXR_0620_1 rise_budget_512 seed=1 2.61s
2513 done chncxr resnet50 CHNCXR_0620_1 lime_budget_2048 seed=2 4.98s
2514 done chncxr resnet50 CHNCXR_0620_1 rise_budget_512 seed=4 2.41s
2515 done chncxr resnet50 CHNCXR_0620_1 lime_budget_512 seed=1 1.18s
2516 done chncxr resnet50 CHNCXR_0620_1 lime_budget_256 seed=4 0.57s
2517 done chncxr resnet50 CHNCXR_0620_1 kernel_shap_budget_256 seed=2 0.56s
2518 done chncxr resnet50 CHNCXR_0620_1 kernel_shap_budget_1024 seed=1 2.23s
2519 done chncxr resnet50 CHNCXR_0620_1 kernel_shap_budget_512 seed=2 1.14s
2520 done chncxr resnet50 CHNCXR_0620_1 kernel_shap_budget_512 seed=1 1.17s
2521 done chncxr resnet50 CHNCXR_0620_1 rise_budget_256 seed=2 1.19s
2522 done chncxr resnet50 CHNCXR_0620_1 kernel_shap_budget_2048 seed=3 4.87s
2523 done chncxr resnet50 CHNCXR_0620_1 rise_budget_512 seed=0 2.38s
2524 done chncxr resnet50 CHNCXR_0620_1 lime_budget_512 seed=4 1.25s
2525 done chncxr resnet50 CHNCXR_0620_1 lime_budget_2048 seed=3 4.65s
2526 done chncxr resnet50 CHNCXR_0620_1 kernel_shap_budget_2048 seed=4 4.83s
2527 done chncxr resnet50 CHNCXR_0620_1 rise_budget_1024 seed=1 4.58s
2528 done chncxr resnet50 CHNCXR_0620_1 lime_budget_1024 seed=4 2.27s
2529 done chncxr resnet50 CHNCXR_0620_1 kernel_shap_budget_2048 seed=1 4.52s
2530 done chncxr resnet50 CHNCXR_0620_1 rise_budget_256 seed=4 0.96s
2531 done chncxr resnet50 CHNCXR_0620_1 lime_budget_512 seed=3 1.11s
2532 done chncxr resnet50 CHNCXR_0620_1 kernel_shap_budget_512 seed=0 1.10s
2533 done chncxr resnet50 CHNCXR_0620_1 rise_budget_2048 seed=3 10.07s
2534 done chncxr resnet50 CHNCXR_0620_1 rise_budget_512 seed=2 2.82s
2535 done chncxr resnet50 CHNCXR_0620_1 kernel_shap_budget_1024 seed=4 2.59s
2536 done chncxr resnet50 CHNCXR_0620_1 lime_budget_1024 seed=3 2.64s
2537 done chncxr resnet50 CHNCXR_0620_1 rise_budget_1024 seed=2 5.27s
2538 done chncxr resnet50 CHNCXR_0620_1 lime_budget_2048 seed=4 4.54s
2539 done chncxr resnet50 CHNCXR_0620_1 rise_budget_512 seed=3 1.94s
2540 done chncxr resnet50 CHNCXR_0620_1 rise_budget_2048 seed=0 10.62s
2541 done chncxr resnet50 CHNCXR_0620_1 lime_budget_2048 seed=1 4.72s
2542 done chncxr resnet50 CHNCXR_0620_1 kernel_shap_budget_1024 seed=2 2.24s
2543 done chncxr resnet50 CHNCXR_0620_1 kernel_shap_budget_1024 seed=0 2.45s
2544 done chncxr resnet50 CHNCXR_0620_1 lime_budget_256 seed=1 0.81s
2545 done chncxr resnet50 CHNCXR_0620_1 lime_budget_256 seed=3 0.73s
2546 done chncxr resnet50 CHNCXR_0620_1 kernel_shap_budget_512 seed=4 1.26s
2547 done chncxr resnet50 CHNCXR_0620_1 kernel_shap_budget_2048 seed=0 4.54s
2548 done chncxr resnet50 CHNCXR_0620_1 lime_budget_256 seed=0 0.59s
2549 done chncxr resnet50 CHNCXR_0620_1 ablation_default seed=None 0.16s
2550 done chncxr resnet50 CHNCXR_0620_1 kernel_shap_budget_2048 seed=2 5.03s
2551 done chncxr resnet50 CHNCXR_0620_1 rise_budget_256 seed=3 1.43s
2552 done chncxr resnet50 CHNCXR_0620_1 rise_budget_256 seed=0 1.56s
2553 done chncxr resnet50 CHNCXR_0620_1 kernel_shap_budget_256 seed=3 0.63s
2554 done chncxr resnet50 CHNCXR_0620_1 lime_budget_2048 seed=0 4.87s
2555 done chncxr resnet50 CHNCXR_0620_1 kernel_shap_budget_1024 seed=3 2.43s
2556 done chncxr resnet50 CHNCXR_0620_1 rise_budget_1024 seed=3 5.64s
2557 done chncxr resnet50 CHNCXR_0620_1 rise_budget_2048 seed=1 10.40s
2558 done chncxr resnet50 CHNCXR_0620_1 rise_budget_1024 seed=0 4.52s
2559 done chncxr resnet50 CHNCXR_0620_1 lime_budget_1024 seed=1 2.49s
2560 done chncxr resnet50 CHNCXR_0620_1 rise_budget_2048 seed=2 9.55s
2561 done chncxr resnet50 CHNCXR_0620_1 lime_budget_1024 seed=0 2.53s
2562 done chncxr resnet50 CHNCXR_0620_1 rise_budget_1024 seed=4 4.60s
2563 done chncxr resnet50 CHNCXR_0648_1 rise_budget_512 seed=2 2.65s
2564 done chncxr resnet50 CHNCXR_0648_1 kernel_shap_budget_2048 seed=0 4.77s
2565 done chncxr resnet50 CHNCXR_0648_1 rise_budget_1024 seed=4 5.09s
2566 done chncxr resnet50 CHNCXR_0648_1 rise_budget_512 seed=3 2.32s
2567 done chncxr resnet50 CHNCXR_0648_1 rise_budget_512 seed=1 1.84s
2568 done chncxr resnet50 CHNCXR_0648_1 rise_budget_2048 seed=0 8.80s
2569 done chncxr resnet50 CHNCXR_0648_1 kernel_shap_budget_512 seed=1 1.13s
2570 done chncxr resnet50 CHNCXR_0648_1 rise_budget_1024 seed=2 4.84s
2571 done chncxr resnet50 CHNCXR_0648_1 kernel_shap_budget_2048 seed=1 4.44s
2572 done chncxr resnet50 CHNCXR_0648_1 lime_budget_512 seed=3 1.11s
2573 done chncxr resnet50 CHNCXR_0648_1 lime_budget_1024 seed=0 2.17s
2574 done chncxr resnet50 CHNCXR_0648_1 lime_budget_2048 seed=3 4.19s
2575 done chncxr resnet50 CHNCXR_0648_1 lime_budget_256 seed=0 0.53s
2576 done chncxr resnet50 CHNCXR_0648_1 kernel_shap_budget_512 seed=3 1.06s
2577 done chncxr resnet50 CHNCXR_0648_1 lime_budget_2048 seed=1 4.60s
2578 done chncxr resnet50 CHNCXR_0648_1 lime_budget_512 seed=1 1.10s
2579 done chncxr resnet50 CHNCXR_0648_1 lime_budget_1024 seed=2 2.19s
2580 done chncxr resnet50 CHNCXR_0648_1 kernel_shap_budget_2048 seed=3 4.62s
2581 done chncxr resnet50 CHNCXR_0648_1 kernel_shap_budget_2048 seed=2 4.73s
2582 done chncxr resnet50 CHNCXR_0648_1 rise_budget_2048 seed=1 10.23s
2583 done chncxr resnet50 CHNCXR_0648_1 lime_budget_1024 seed=1 2.16s
2584 done chncxr resnet50 CHNCXR_0648_1 rise_budget_256 seed=0 1.14s
2585 done chncxr resnet50 CHNCXR_0648_1 lime_budget_2048 seed=4 4.33s
2586 done chncxr resnet50 CHNCXR_0648_1 rise_budget_2048 seed=4 9.91s
2587 done chncxr resnet50 CHNCXR_0648_1 kernel_shap_budget_1024 seed=1 2.19s
2588 done chncxr resnet50 CHNCXR_0648_1 lime_budget_512 seed=4 1.06s
2589 done chncxr resnet50 CHNCXR_0648_1 kernel_shap_budget_256 seed=2 0.53s
2590 done chncxr resnet50 CHNCXR_0648_1 kernel_shap_budget_1024 seed=2 2.32s
2591 done chncxr resnet50 CHNCXR_0648_1 lime_budget_512 seed=0 1.41s
2592 done chncxr resnet50 CHNCXR_0648_1 lime_budget_256 seed=2 0.73s
2593 done chncxr resnet50 CHNCXR_0648_1 rise_budget_512 seed=4 2.82s
2594 done chncxr resnet50 CHNCXR_0648_1 lime_budget_512 seed=2 1.40s
2595 done chncxr resnet50 CHNCXR_0648_1 rise_budget_1024 seed=0 5.05s
2596 done chncxr resnet50 CHNCXR_0648_1 rise_budget_256 seed=4 1.05s
2597 done chncxr resnet50 CHNCXR_0648_1 kernel_shap_budget_1024 seed=0 2.14s
2598 done chncxr resnet50 CHNCXR_0648_1 kernel_shap_budget_2048 seed=4 4.70s
2599 done chncxr resnet50 CHNCXR_0648_1 lime_budget_256 seed=1 0.80s
2600 done chncxr resnet50 CHNCXR_0648_1 kernel_shap_budget_512 seed=0 1.29s
2601 done chncxr resnet50 CHNCXR_0648_1 lime_budget_1024 seed=3 2.57s
2602 done chncxr resnet50 CHNCXR_0648_1 rise_budget_2048 seed=2 10.19s
2603 done chncxr resnet50 CHNCXR_0648_1 ablation_default seed=None 0.15s
2604 done chncxr resnet50 CHNCXR_0648_1 rise_budget_256 seed=2 1.17s
2605 done chncxr resnet50 CHNCXR_0648_1 rise_budget_1024 seed=1 4.66s
2606 done chncxr resnet50 CHNCXR_0648_1 rise_budget_512 seed=0 2.52s
2607 done chncxr resnet50 CHNCXR_0648_1 rise_budget_256 seed=3 1.06s
2608 done chncxr resnet50 CHNCXR_0648_1 lime_budget_2048 seed=2 4.82s
2609 done chncxr resnet50 CHNCXR_0648_1 kernel_shap_budget_512 seed=2 1.34s
2610 done chncxr resnet50 CHNCXR_0648_1 kernel_shap_budget_256 seed=1 0.70s
2611 done chncxr resnet50 CHNCXR_0648_1 kernel_shap_budget_1024 seed=3 2.36s
2612 done chncxr resnet50 CHNCXR_0648_1 lime_budget_1024 seed=4 2.21s
2613 done chncxr resnet50 CHNCXR_0648_1 kernel_shap_budget_256 seed=0 0.58s
2614 done chncxr resnet50 CHNCXR_0648_1 lime_budget_256 seed=3 0.70s
2615 done chncxr resnet50 CHNCXR_0648_1 kernel_shap_budget_512 seed=4 1.24s
2616 done chncxr resnet50 CHNCXR_0648_1 lime_budget_2048 seed=0 4.58s
2617 done chncxr resnet50 CHNCXR_0648_1 kernel_shap_budget_256 seed=4 0.64s
2618 done chncxr resnet50 CHNCXR_0648_1 rise_budget_2048 seed=3 10.91s
2619 done chncxr resnet50 CHNCXR_0648_1 rise_budget_1024 seed=3 5.20s
2620 done chncxr resnet50 CHNCXR_0648_1 kernel_shap_budget_256 seed=3 0.61s
2621 done chncxr resnet50 CHNCXR_0648_1 lime_budget_256 seed=4 0.77s
2622 done chncxr resnet50 CHNCXR_0648_1 kernel_shap_budget_1024 seed=4 2.21s
2623 done chncxr resnet50 CHNCXR_0648_1 rise_budget_256 seed=1 1.15s
2624 done chncxr vgg13 CHNCXR_0006_0 rise_budget_256 seed=3 1.14s
2625 done chncxr vgg13 CHNCXR_0006_0 rise_budget_2048 seed=3 9.39s
2626 done chncxr vgg13 CHNCXR_0006_0 lime_budget_2048 seed=4 4.40s
2627 done chncxr vgg13 CHNCXR_0006_0 kernel_shap_budget_2048 seed=4 4.69s
2628 done chncxr vgg13 CHNCXR_0006_0 lime_budget_2048 seed=0 5.10s
2629 done chncxr vgg13 CHNCXR_0006_0 lime_budget_512 seed=0 1.20s
2630 done chncxr vgg13 CHNCXR_0006_0 kernel_shap_budget_1024 seed=4 2.44s
2631 done chncxr vgg13 CHNCXR_0006_0 kernel_shap_budget_1024 seed=0 2.39s
2632 done chncxr vgg13 CHNCXR_0006_0 rise_budget_2048 seed=2 10.11s
2633 done chncxr vgg13 CHNCXR_0006_0 lime_budget_256 seed=4 0.72s
2634 done chncxr vgg13 CHNCXR_0006_0 rise_budget_1024 seed=0 5.27s
2635 done chncxr vgg13 CHNCXR_0006_0 lime_budget_1024 seed=3 2.53s
2636 done chncxr vgg13 CHNCXR_0006_0 rise_budget_1024 seed=2 5.16s
2637 done chncxr vgg13 CHNCXR_0006_0 rise_budget_1024 seed=1 5.09s
2638 done chncxr vgg13 CHNCXR_0006_0 kernel_shap_budget_1024 seed=2 2.33s
2639 done chncxr vgg13 CHNCXR_0006_0 kernel_shap_budget_512 seed=2 1.10s
2640 done chncxr vgg13 CHNCXR_0006_0 kernel_shap_budget_256 seed=2 0.55s
2641 done chncxr vgg13 CHNCXR_0006_0 rise_budget_256 seed=2 1.27s
2642 done chncxr vgg13 CHNCXR_0006_0 rise_budget_512 seed=4 2.53s
2643 done chncxr vgg13 CHNCXR_0006_0 kernel_shap_budget_2048 seed=0 4.83s
2644 done chncxr vgg13 CHNCXR_0006_0 lime_budget_2048 seed=2 5.01s
2645 done chncxr vgg13 CHNCXR_0006_0 kernel_shap_budget_256 seed=4 0.59s
2646 done chncxr vgg13 CHNCXR_0006_0 lime_budget_1024 seed=2 2.39s
2647 done chncxr vgg13 CHNCXR_0006_0 kernel_shap_budget_2048 seed=2 4.46s
2648 done chncxr vgg13 CHNCXR_0006_0 rise_budget_256 seed=1 1.10s
2649 done chncxr vgg13 CHNCXR_0006_0 kernel_shap_budget_1024 seed=3 2.28s
2650 done chncxr vgg13 CHNCXR_0006_0 kernel_shap_budget_256 seed=1 0.58s
2651 done chncxr vgg13 CHNCXR_0006_0 kernel_shap_budget_512 seed=3 1.13s
2652 done chncxr vgg13 CHNCXR_0006_0 rise_budget_2048 seed=1 9.10s
2653 done chncxr vgg13 CHNCXR_0006_0 kernel_shap_budget_512 seed=4 1.25s
2654 done chncxr vgg13 CHNCXR_0006_0 kernel_shap_budget_512 seed=0 1.17s
2655 done chncxr vgg13 CHNCXR_0006_0 lime_budget_256 seed=1 0.61s
2656 done chncxr vgg13 CHNCXR_0006_0 lime_budget_512 seed=3 1.76s
2657 done chncxr vgg13 CHNCXR_0006_0 rise_budget_512 seed=2 2.89s
2658 done chncxr vgg13 CHNCXR_0006_0 kernel_shap_budget_256 seed=3 0.65s
2659 done chncxr vgg13 CHNCXR_0006_0 kernel_shap_budget_256 seed=0 0.66s
2660 done chncxr vgg13 CHNCXR_0006_0 kernel_shap_budget_2048 seed=1 5.10s
2661 done chncxr vgg13 CHNCXR_0006_0 lime_budget_2048 seed=1 5.19s
2662 done chncxr vgg13 CHNCXR_0006_0 rise_budget_2048 seed=4 11.08s
2663 done chncxr vgg13 CHNCXR_0006_0 lime_budget_1024 seed=1 2.34s
2664 done chncxr vgg13 CHNCXR_0006_0 lime_budget_512 seed=2 1.14s
2665 done chncxr vgg13 CHNCXR_0006_0 lime_budget_1024 seed=4 2.56s
2666 done chncxr vgg13 CHNCXR_0006_0 rise_budget_1024 seed=4 4.99s
2667 done chncxr vgg13 CHNCXR_0006_0 lime_budget_256 seed=3 0.56s
2668 done chncxr vgg13 CHNCXR_0006_0 kernel_shap_budget_2048 seed=3 4.84s
2669 done chncxr vgg13 CHNCXR_0006_0 kernel_shap_budget_512 seed=1 1.32s
2670 done chncxr vgg13 CHNCXR_0006_0 lime_budget_2048 seed=3 4.97s
2671 done chncxr vgg13 CHNCXR_0006_0 rise_budget_1024 seed=3 4.89s
2672 done chncxr vgg13 CHNCXR_0006_0 rise_budget_2048 seed=0 9.72s
2673 done chncxr vgg13 CHNCXR_0006_0 rise_budget_512 seed=3 2.23s
2674 done chncxr vgg13 CHNCXR_0006_0 rise_budget_512 seed=0 2.24s
2675 done chncxr vgg13 CHNCXR_0006_0 lime_budget_256 seed=2 0.81s
2676 done chncxr vgg13 CHNCXR_0006_0 rise_budget_512 seed=1 2.67s
2677 done chncxr vgg13 CHNCXR_0006_0 lime_budget_512 seed=4 1.26s
2678 done chncxr vgg13 CHNCXR_0006_0 lime_budget_256 seed=0 0.76s
2679 done chncxr vgg13 CHNCXR_0006_0 kernel_shap_budget_1024 seed=1 2.43s
2680 done chncxr vgg13 CHNCXR_0006_0 rise_budget_256 seed=0 1.27s
2681 done chncxr vgg13 CHNCXR_0006_0 ablation_default seed=None 0.18s
2682 done chncxr vgg13 CHNCXR_0006_0 lime_budget_1024 seed=0 2.27s
2683 done chncxr vgg13 CHNCXR_0006_0 lime_budget_512 seed=1 1.16s
2684 done chncxr vgg13 CHNCXR_0006_0 rise_budget_256 seed=4 1.17s
2685 done chncxr vgg13 CHNCXR_0011_0 kernel_shap_budget_1024 seed=4 2.23s
2686 done chncxr vgg13 CHNCXR_0011_0 lime_budget_256 seed=2 0.72s
2687 done chncxr vgg13 CHNCXR_0011_0 kernel_shap_budget_2048 seed=2 4.92s
2688 done chncxr vgg13 CHNCXR_0011_0 lime_budget_512 seed=0 1.11s
2689 done chncxr vgg13 CHNCXR_0011_0 rise_budget_1024 seed=4 4.36s
2690 done chncxr vgg13 CHNCXR_0011_0 ablation_default seed=None 0.16s
2691 done chncxr vgg13 CHNCXR_0011_0 rise_budget_256 seed=2 1.15s
2692 done chncxr vgg13 CHNCXR_0011_0 rise_budget_2048 seed=1 9.93s
2693 done chncxr vgg13 CHNCXR_0011_0 rise_budget_256 seed=1 1.24s
2694 done chncxr vgg13 CHNCXR_0011_0 kernel_shap_budget_2048 seed=3 4.45s
2695 done chncxr vgg13 CHNCXR_0011_0 lime_budget_512 seed=1 1.27s
2696 done chncxr vgg13 CHNCXR_0011_0 kernel_shap_budget_1024 seed=0 2.45s
2697 done chncxr vgg13 CHNCXR_0011_0 lime_budget_256 seed=1 0.68s
2698 done chncxr vgg13 CHNCXR_0011_0 rise_budget_2048 seed=2 10.82s
2699 done chncxr vgg13 CHNCXR_0011_0 rise_budget_1024 seed=2 5.71s
2700 done chncxr vgg13 CHNCXR_0011_0 lime_budget_1024 seed=3 2.61s
2701 done chncxr vgg13 CHNCXR_0011_0 rise_budget_256 seed=3 1.31s
2702 done chncxr vgg13 CHNCXR_0011_0 lime_budget_512 seed=4 1.22s
2703 done chncxr vgg13 CHNCXR_0011_0 rise_budget_512 seed=0 2.53s
2704 done chncxr vgg13 CHNCXR_0011_0 rise_budget_512 seed=2 2.24s
2705 done chncxr vgg13 CHNCXR_0011_0 rise_budget_1024 seed=3 5.29s
2706 done chncxr vgg13 CHNCXR_0011_0 rise_budget_1024 seed=0 5.27s
2707 done chncxr vgg13 CHNCXR_0011_0 kernel_shap_budget_512 seed=2 1.11s
2708 done chncxr vgg13 CHNCXR_0011_0 lime_budget_256 seed=3 0.56s
2709 done chncxr vgg13 CHNCXR_0011_0 lime_budget_512 seed=2 1.13s
2710 done chncxr vgg13 CHNCXR_0011_0 lime_budget_512 seed=3 1.25s
2711 done chncxr vgg13 CHNCXR_0011_0 lime_budget_2048 seed=2 4.80s
2712 done chncxr vgg13 CHNCXR_0011_0 lime_budget_2048 seed=4 5.04s
2713 done chncxr vgg13 CHNCXR_0011_0 kernel_shap_budget_512 seed=1 1.23s
2714 done chncxr vgg13 CHNCXR_0011_0 rise_budget_2048 seed=0 9.13s
2715 done chncxr vgg13 CHNCXR_0011_0 kernel_shap_budget_256 seed=4 0.71s
2716 done chncxr vgg13 CHNCXR_0011_0 rise_budget_256 seed=4 1.54s
2717 done chncxr vgg13 CHNCXR_0011_0 lime_budget_256 seed=0 0.66s
2718 done chncxr vgg13 CHNCXR_0011_0 kernel_shap_budget_256 seed=2 0.54s
2719 done chncxr vgg13 CHNCXR_0011_0 lime_budget_1024 seed=2 2.14s
2720 done chncxr vgg13 CHNCXR_0011_0 rise_budget_512 seed=3 2.41s
2721 done chncxr vgg13 CHNCXR_0011_0 rise_budget_1024 seed=1 4.58s
2722 done chncxr vgg13 CHNCXR_0011_0 lime_budget_2048 seed=1 4.70s
2723 done chncxr vgg13 CHNCXR_0011_0 rise_budget_2048 seed=3 9.57s
2724 done chncxr vgg13 CHNCXR_0011_0 kernel_shap_budget_512 seed=4 1.11s
2725 done chncxr vgg13 CHNCXR_0011_0 lime_budget_1024 seed=1 2.41s
2726 done chncxr vgg13 CHNCXR_0011_0 lime_budget_2048 seed=3 4.93s
2727 done chncxr vgg13 CHNCXR_0011_0 rise_budget_256 seed=0 1.30s
2728 done chncxr vgg13 CHNCXR_0011_0 lime_budget_1024 seed=4 2.35s
2729 done chncxr vgg13 CHNCXR_0011_0 kernel_shap_budget_2048 seed=1 4.85s
2730 done chncxr vgg13 CHNCXR_0011_0 kernel_shap_budget_256 seed=0 0.61s
2731 done chncxr vgg13 CHNCXR_0011_0 kernel_shap_budget_1024 seed=2 2.41s
2732 done chncxr vgg13 CHNCXR_0011_0 kernel_shap_budget_2048 seed=4 4.80s
2733 done chncxr vgg13 CHNCXR_0011_0 kernel_shap_budget_1024 seed=3 2.21s
2734 done chncxr vgg13 CHNCXR_0011_0 rise_budget_512 seed=1 2.38s
2735 done chncxr vgg13 CHNCXR_0011_0 kernel_shap_budget_512 seed=3 1.10s
2736 done chncxr vgg13 CHNCXR_0011_0 lime_budget_1024 seed=0 2.36s
2737 done chncxr vgg13 CHNCXR_0011_0 kernel_shap_budget_256 seed=1 0.56s
2738 done chncxr vgg13 CHNCXR_0011_0 kernel_shap_budget_2048 seed=0 4.53s
2739 done chncxr vgg13 CHNCXR_0011_0 rise_budget_512 seed=4 2.71s
2740 done chncxr vgg13 CHNCXR_0011_0 lime_budget_256 seed=4 0.93s
2741 done chncxr vgg13 CHNCXR_0011_0 lime_budget_2048 seed=0 4.95s
2742 done chncxr vgg13 CHNCXR_0011_0 kernel_shap_budget_512 seed=0 1.13s
2743 done chncxr vgg13 CHNCXR_0011_0 kernel_shap_budget_256 seed=3 0.62s
2744 done chncxr vgg13 CHNCXR_0011_0 kernel_shap_budget_1024 seed=1 2.50s
2745 done chncxr vgg13 CHNCXR_0011_0 rise_budget_2048 seed=4 9.79s
2746 done chncxr vgg13 CHNCXR_0019_0 lime_budget_2048 seed=2 4.83s
2747 done chncxr vgg13 CHNCXR_0019_0 kernel_shap_budget_512 seed=4 1.25s
2748 done chncxr vgg13 CHNCXR_0019_0 rise_budget_512 seed=2 2.58s
2749 done chncxr vgg13 CHNCXR_0019_0 lime_budget_256 seed=2 0.60s
2750 done chncxr vgg13 CHNCXR_0019_0 kernel_shap_budget_1024 seed=1 2.40s
2751 done chncxr vgg13 CHNCXR_0019_0 rise_budget_512 seed=0 2.47s
2752 done chncxr vgg13 CHNCXR_0019_0 rise_budget_2048 seed=4 10.07s
2753 done chncxr vgg13 CHNCXR_0019_0 rise_budget_1024 seed=4 4.94s
2754 done chncxr vgg13 CHNCXR_0019_0 lime_budget_1024 seed=2 2.57s
2755 done chncxr vgg13 CHNCXR_0019_0 rise_budget_1024 seed=0 5.26s
2756 done chncxr vgg13 CHNCXR_0019_0 rise_budget_2048 seed=1 9.59s
2757 done chncxr vgg13 CHNCXR_0019_0 kernel_shap_budget_2048 seed=3 4.65s
2758 done chncxr vgg13 CHNCXR_0019_0 kernel_shap_budget_256 seed=1 0.63s
2759 done chncxr vgg13 CHNCXR_0019_0 rise_budget_2048 seed=2 9.87s
2760 done chncxr vgg13 CHNCXR_0019_0 rise_budget_1024 seed=1 5.16s
2761 done chncxr vgg13 CHNCXR_0019_0 lime_budget_1024 seed=1 2.16s
2762 done chncxr vgg13 CHNCXR_0019_0 kernel_shap_budget_1024 seed=3 2.17s
2763 done chncxr vgg13 CHNCXR_0019_0 lime_budget_512 seed=1 1.09s
2764 done chncxr vgg13 CHNCXR_0019_0 rise_budget_1024 seed=3 4.89s
2765 done chncxr vgg13 CHNCXR_0019_0 lime_budget_256 seed=4 0.57s
2766 done chncxr vgg13 CHNCXR_0019_0 lime_budget_2048 seed=3 4.70s
2767 done chncxr vgg13 CHNCXR_0019_0 kernel_shap_budget_256 seed=2 0.59s
2768 done chncxr vgg13 CHNCXR_0019_0 kernel_shap_budget_2048 seed=4 4.59s
2769 done chncxr vgg13 CHNCXR_0019_0 kernel_shap_budget_512 seed=1 1.16s
2770 done chncxr vgg13 CHNCXR_0019_0 lime_budget_1024 seed=4 2.32s
2771 done chncxr vgg13 CHNCXR_0019_0 lime_budget_256 seed=3 0.59s
2772 done chncxr vgg13 CHNCXR_0019_0 lime_budget_512 seed=2 1.27s
2773 done chncxr vgg13 CHNCXR_0019_0 rise_budget_256 seed=0 1.19s
2774 done chncxr vgg13 CHNCXR_0019_0 kernel_shap_budget_2048 seed=1 5.22s
2775 done chncxr vgg13 CHNCXR_0019_0 kernel_shap_budget_1024 seed=0 2.53s
2776 done chncxr vgg13 CHNCXR_0019_0 rise_budget_2048 seed=0 9.81s
2777 done chncxr vgg13 CHNCXR_0019_0 kernel_shap_budget_256 seed=3 0.62s
2778 done chncxr vgg13 CHNCXR_0019_0 lime_budget_512 seed=3 1.36s
2779 done chncxr vgg13 CHNCXR_0019_0 lime_budget_1024 seed=0 2.81s
2780 done chncxr vgg13 CHNCXR_0019_0 kernel_shap_budget_1024 seed=4 2.48s
2781 done chncxr vgg13 CHNCXR_0019_0 kernel_shap_budget_512 seed=3 1.24s
2782 done chncxr vgg13 CHNCXR_0019_0 kernel_shap_budget_256 seed=0 0.70s
2783 done chncxr vgg13 CHNCXR_0019_0 kernel_shap_budget_256 seed=4 0.65s
2784 done chncxr vgg13 CHNCXR_0019_0 lime_budget_512 seed=0 1.39s
2785 done chncxr vgg13 CHNCXR_0019_0 rise_budget_512 seed=4 2.76s
2786 done chncxr vgg13 CHNCXR_0019_0 kernel_shap_budget_512 seed=0 1.39s
2787 done chncxr vgg13 CHNCXR_0019_0 rise_budget_512 seed=3 2.94s
2788 done chncxr vgg13 CHNCXR_0019_0 rise_budget_256 seed=2 1.23s
2789 done chncxr vgg13 CHNCXR_0019_0 rise_budget_512 seed=1 2.74s
2790 done chncxr vgg13 CHNCXR_0019_0 rise_budget_256 seed=3 1.25s
2791 done chncxr vgg13 CHNCXR_0019_0 lime_budget_1024 seed=3 2.58s
2792 done chncxr vgg13 CHNCXR_0019_0 lime_budget_2048 seed=4 4.51s
2793 done chncxr vgg13 CHNCXR_0019_0 rise_budget_2048 seed=3 8.80s
2794 done chncxr vgg13 CHNCXR_0019_0 lime_budget_2048 seed=1 4.86s
2795 done chncxr vgg13 CHNCXR_0019_0 kernel_shap_budget_2048 seed=0 4.63s
2796 done chncxr vgg13 CHNCXR_0019_0 ablation_default seed=None 0.19s
2797 done chncxr vgg13 CHNCXR_0019_0 rise_budget_256 seed=1 1.47s
2798 done chncxr vgg13 CHNCXR_0019_0 rise_budget_256 seed=4 1.42s
2799 done chncxr vgg13 CHNCXR_0019_0 kernel_shap_budget_2048 seed=2 4.90s
2800 done chncxr vgg13 CHNCXR_0019_0 lime_budget_2048 seed=0 4.99s
2801 done chncxr vgg13 CHNCXR_0019_0 lime_budget_256 seed=0 0.82s
2802 done chncxr vgg13 CHNCXR_0019_0 rise_budget_1024 seed=2 5.25s
2803 done chncxr vgg13 CHNCXR_0019_0 kernel_shap_budget_512 seed=2 1.25s
2804 done chncxr vgg13 CHNCXR_0019_0 lime_budget_512 seed=4 1.23s
2805 done chncxr vgg13 CHNCXR_0019_0 kernel_shap_budget_1024 seed=2 2.35s
2806 done chncxr vgg13 CHNCXR_0019_0 lime_budget_256 seed=1 0.68s
2807 done chncxr vgg13 CHNCXR_0043_0 rise_budget_512 seed=4 2.32s
2808 done chncxr vgg13 CHNCXR_0043_0 rise_budget_2048 seed=2 9.42s
2809 done chncxr vgg13 CHNCXR_0043_0 kernel_shap_budget_2048 seed=0 4.36s
2810 done chncxr vgg13 CHNCXR_0043_0 lime_budget_256 seed=4 0.61s
2811 done chncxr vgg13 CHNCXR_0043_0 rise_budget_256 seed=1 1.36s
2812 done chncxr vgg13 CHNCXR_0043_0 rise_budget_2048 seed=4 9.66s
2813 done chncxr vgg13 CHNCXR_0043_0 rise_budget_512 seed=0 2.41s
2814 done chncxr vgg13 CHNCXR_0043_0 rise_budget_256 seed=3 1.13s
2815 done chncxr vgg13 CHNCXR_0043_0 kernel_shap_budget_512 seed=0 1.12s
2816 done chncxr vgg13 CHNCXR_0043_0 lime_budget_512 seed=4 1.16s
2817 done chncxr vgg13 CHNCXR_0043_0 rise_budget_1024 seed=4 4.73s
2818 done chncxr vgg13 CHNCXR_0043_0 kernel_shap_budget_512 seed=2 1.30s
2819 done chncxr vgg13 CHNCXR_0043_0 lime_budget_2048 seed=0 5.49s
2820 done chncxr vgg13 CHNCXR_0043_0 rise_budget_1024 seed=0 5.03s
2821 done chncxr vgg13 CHNCXR_0043_0 rise_budget_256 seed=2 1.10s
2822 done chncxr vgg13 CHNCXR_0043_0 lime_budget_1024 seed=0 2.39s
2823 done chncxr vgg13 CHNCXR_0043_0 kernel_shap_budget_2048 seed=2 4.71s
2824 done chncxr vgg13 CHNCXR_0043_0 lime_budget_256 seed=0 0.61s
2825 done chncxr vgg13 CHNCXR_0043_0 kernel_shap_budget_1024 seed=2 2.20s
2826 done chncxr vgg13 CHNCXR_0043_0 kernel_shap_budget_256 seed=4 0.55s
2827 done chncxr vgg13 CHNCXR_0043_0 lime_budget_1024 seed=3 2.78s
2828 done chncxr vgg13 CHNCXR_0043_0 lime_budget_2048 seed=4 5.00s
2829 done chncxr vgg13 CHNCXR_0043_0 kernel_shap_budget_256 seed=0 0.70s
2830 done chncxr vgg13 CHNCXR_0043_0 kernel_shap_budget_2048 seed=4 4.85s
2831 done chncxr vgg13 CHNCXR_0043_0 lime_budget_1024 seed=2 2.30s
2832 done chncxr vgg13 CHNCXR_0043_0 rise_budget_1024 seed=2 4.87s
2833 done chncxr vgg13 CHNCXR_0043_0 lime_budget_256 seed=1 0.65s
2834 done chncxr vgg13 CHNCXR_0043_0 kernel_shap_budget_1024 seed=0 2.12s
2835 done chncxr vgg13 CHNCXR_0043_0 rise_budget_2048 seed=3 9.81s
2836 done chncxr vgg13 CHNCXR_0043_0 lime_budget_512 seed=2 1.31s
2837 done chncxr vgg13 CHNCXR_0043_0 lime_budget_512 seed=1 1.39s
2838 done chncxr vgg13 CHNCXR_0043_0 kernel_shap_budget_512 seed=1 1.20s
2839 done chncxr vgg13 CHNCXR_0043_0 lime_budget_256 seed=3 0.68s
2840 done chncxr vgg13 CHNCXR_0043_0 lime_budget_1024 seed=4 2.32s
2841 done chncxr vgg13 CHNCXR_0043_0 kernel_shap_budget_512 seed=3 1.19s
2842 done chncxr vgg13 CHNCXR_0043_0 kernel_shap_budget_256 seed=2 0.56s
2843 done chncxr vgg13 CHNCXR_0043_0 rise_budget_1024 seed=3 4.66s
2844 done chncxr vgg13 CHNCXR_0043_0 rise_budget_512 seed=3 2.29s
2845 done chncxr vgg13 CHNCXR_0043_0 lime_budget_2048 seed=2 4.99s
2846 done chncxr vgg13 CHNCXR_0043_0 kernel_shap_budget_1024 seed=1 2.55s
2847 done chncxr vgg13 CHNCXR_0043_0 kernel_shap_budget_2048 seed=3 5.02s
2848 done chncxr vgg13 CHNCXR_0043_0 kernel_shap_budget_256 seed=1 0.62s
2849 done chncxr vgg13 CHNCXR_0043_0 lime_budget_2048 seed=3 4.32s
2850 done chncxr vgg13 CHNCXR_0043_0 lime_budget_2048 seed=1 4.57s
2851 done chncxr vgg13 CHNCXR_0043_0 kernel_shap_budget_512 seed=4 1.12s
2852 done chncxr vgg13 CHNCXR_0043_0 rise_budget_256 seed=4 1.20s
2853 done chncxr vgg13 CHNCXR_0043_0 kernel_shap_budget_2048 seed=1 4.86s
2854 done chncxr vgg13 CHNCXR_0043_0 rise_budget_2048 seed=0 10.95s
2855 done chncxr vgg13 CHNCXR_0043_0 lime_budget_512 seed=0 1.13s
2856 done chncxr vgg13 CHNCXR_0043_0 kernel_shap_budget_1024 seed=4 2.44s
2857 done chncxr vgg13 CHNCXR_0043_0 kernel_shap_budget_1024 seed=3 2.25s
2858 done chncxr vgg13 CHNCXR_0043_0 lime_budget_1024 seed=1 2.41s
2859 done chncxr vgg13 CHNCXR_0043_0 rise_budget_512 seed=1 2.56s
2860 done chncxr vgg13 CHNCXR_0043_0 ablation_default seed=None 0.19s
2861 done chncxr vgg13 CHNCXR_0043_0 lime_budget_256 seed=2 0.79s
2862 done chncxr vgg13 CHNCXR_0043_0 rise_budget_1024 seed=1 5.43s
2863 done chncxr vgg13 CHNCXR_0043_0 rise_budget_512 seed=2 2.79s
2864 done chncxr vgg13 CHNCXR_0043_0 kernel_shap_budget_256 seed=3 0.59s
2865 done chncxr vgg13 CHNCXR_0043_0 rise_budget_256 seed=0 1.19s
2866 done chncxr vgg13 CHNCXR_0043_0 lime_budget_512 seed=3 1.47s
2867 done chncxr vgg13 CHNCXR_0043_0 rise_budget_2048 seed=1 11.11s
2868 done chncxr vgg13 CHNCXR_0070_0 rise_budget_2048 seed=3 8.92s
2869 done chncxr vgg13 CHNCXR_0070_0 kernel_shap_budget_2048 seed=3 4.34s
2870 done chncxr vgg13 CHNCXR_0070_0 kernel_shap_budget_2048 seed=4 4.43s
2871 done chncxr vgg13 CHNCXR_0070_0 kernel_shap_budget_1024 seed=4 2.37s
2872 done chncxr vgg13 CHNCXR_0070_0 kernel_shap_budget_256 seed=2 0.62s
2873 done chncxr vgg13 CHNCXR_0070_0 lime_budget_1024 seed=1 2.48s
2874 done chncxr vgg13 CHNCXR_0070_0 kernel_shap_budget_512 seed=1 1.12s
2875 done chncxr vgg13 CHNCXR_0070_0 lime_budget_256 seed=3 0.59s
2876 done chncxr vgg13 CHNCXR_0070_0 rise_budget_1024 seed=0 4.83s
2877 done chncxr vgg13 CHNCXR_0070_0 rise_budget_2048 seed=1 9.95s
2878 done chncxr vgg13 CHNCXR_0070_0 lime_budget_2048 seed=3 4.73s
2879 done chncxr vgg13 CHNCXR_0070_0 rise_budget_512 seed=4 2.74s
2880 done chncxr vgg13 CHNCXR_0070_0 lime_budget_2048 seed=2 4.99s
2881 done chncxr vgg13 CHNCXR_0070_0 kernel_shap_budget_512 seed=3 1.28s
2882 done chncxr vgg13 CHNCXR_0070_0 kernel_shap_budget_512 seed=2 1.29s
2883 done chncxr vgg13 CHNCXR_0070_0 rise_budget_512 seed=1 2.38s
2884 done chncxr vgg13 CHNCXR_0070_0 rise_budget_2048 seed=2 9.75s
2885 done chncxr vgg13 CHNCXR_0070_0 kernel_shap_budget_256 seed=1 0.60s
2886 done chncxr vgg13 CHNCXR_0070_0 rise_budget_256 seed=0 1.13s
2887 done chncxr vgg13 CHNCXR_0070_0 rise_budget_1024 seed=3 4.60s
2888 done chncxr vgg13 CHNCXR_0070_0 kernel_shap_budget_256 seed=4 0.56s
2889 done chncxr vgg13 CHNCXR_0070_0 kernel_shap_budget_256 seed=0 0.56s
2890 done chncxr vgg13 CHNCXR_0070_0 lime_budget_2048 seed=1 4.94s
2891 done chncxr vgg13 CHNCXR_0070_0 rise_budget_512 seed=0 2.63s
2892 done chncxr vgg13 CHNCXR_0070_0 ablation_default seed=None 0.23s
2893 done chncxr vgg13 CHNCXR_0070_0 rise_budget_256 seed=1 1.37s
2894 done chncxr vgg13 CHNCXR_0070_0 rise_budget_2048 seed=0 10.08s
2895 done chncxr vgg13 CHNCXR_0070_0 kernel_shap_budget_256 seed=3 0.54s
2896 done chncxr vgg13 CHNCXR_0070_0 rise_budget_256 seed=2 1.15s
2897 done chncxr vgg13 CHNCXR_0070_0 rise_budget_1024 seed=4 3.58s
2898 done chncxr vgg13 CHNCXR_0070_0 lime_budget_1024 seed=4 2.59s
2899 done chncxr vgg13 CHNCXR_0070_0 lime_budget_1024 seed=3 2.57s
2900 done chncxr vgg13 CHNCXR_0070_0 rise_budget_256 seed=4 1.47s
2901 done chncxr vgg13 CHNCXR_0070_0 rise_budget_256 seed=3 1.32s
2902 done chncxr vgg13 CHNCXR_0070_0 lime_budget_256 seed=2 0.59s
2903 done chncxr vgg13 CHNCXR_0070_0 lime_budget_512 seed=0 1.31s
2904 done chncxr vgg13 CHNCXR_0070_0 kernel_shap_budget_1024 seed=1 2.41s
2905 done chncxr vgg13 CHNCXR_0070_0 lime_budget_1024 seed=0 2.25s
2906 done chncxr vgg13 CHNCXR_0070_0 kernel_shap_budget_1024 seed=3 2.22s
2907 done chncxr vgg13 CHNCXR_0070_0 lime_budget_256 seed=4 0.56s
2908 done chncxr vgg13 CHNCXR_0070_0 lime_budget_256 seed=0 0.56s
2909 done chncxr vgg13 CHNCXR_0070_0 kernel_shap_budget_2048 seed=0 4.88s
2910 done chncxr vgg13 CHNCXR_0070_0 lime_budget_256 seed=1 0.75s
2911 done chncxr vgg13 CHNCXR_0070_0 lime_budget_512 seed=2 1.40s
2912 done chncxr vgg13 CHNCXR_0070_0 kernel_shap_budget_1024 seed=0 2.49s
2913 done chncxr vgg13 CHNCXR_0070_0 lime_budget_2048 seed=4 4.75s
2914 done chncxr vgg13 CHNCXR_0070_0 rise_budget_2048 seed=4 11.18s
2915 done chncxr vgg13 CHNCXR_0070_0 kernel_shap_budget_1024 seed=2 2.44s
2916 done chncxr vgg13 CHNCXR_0070_0 rise_budget_1024 seed=2 5.50s
2917 done chncxr vgg13 CHNCXR_0070_0 lime_budget_1024 seed=2 2.59s
2918 done chncxr vgg13 CHNCXR_0070_0 rise_budget_512 seed=2 2.55s
2919 done chncxr vgg13 CHNCXR_0070_0 rise_budget_512 seed=3 2.34s
2920 done chncxr vgg13 CHNCXR_0070_0 kernel_shap_budget_2048 seed=1 4.62s
2921 done chncxr vgg13 CHNCXR_0070_0 rise_budget_1024 seed=1 4.47s
2922 done chncxr vgg13 CHNCXR_0070_0 lime_budget_512 seed=3 1.35s
2923 done chncxr vgg13 CHNCXR_0070_0 kernel_shap_budget_512 seed=0 1.21s
2924 done chncxr vgg13 CHNCXR_0070_0 lime_budget_2048 seed=0 4.67s
2925 done chncxr vgg13 CHNCXR_0070_0 lime_budget_512 seed=4 1.11s
2926 done chncxr vgg13 CHNCXR_0070_0 kernel_shap_budget_2048 seed=2 4.55s
2927 done chncxr vgg13 CHNCXR_0070_0 lime_budget_512 seed=1 1.34s
2928 done chncxr vgg13 CHNCXR_0070_0 kernel_shap_budget_512 seed=4 1.40s
2929 done chncxr vgg13 CHNCXR_0116_0 rise_budget_256 seed=1 1.50s
2930 done chncxr vgg13 CHNCXR_0116_0 rise_budget_2048 seed=2 9.60s
2931 done chncxr vgg13 CHNCXR_0116_0 kernel_shap_budget_1024 seed=1 2.26s
2932 done chncxr vgg13 CHNCXR_0116_0 rise_budget_1024 seed=0 4.73s
2933 done chncxr vgg13 CHNCXR_0116_0 lime_budget_1024 seed=1 2.36s
2934 done chncxr vgg13 CHNCXR_0116_0 rise_budget_256 seed=2 1.30s
2935 done chncxr vgg13 CHNCXR_0116_0 kernel_shap_budget_1024 seed=4 2.51s
2936 done chncxr vgg13 CHNCXR_0116_0 lime_budget_256 seed=4 0.75s
2937 done chncxr vgg13 CHNCXR_0116_0 kernel_shap_budget_2048 seed=0 4.60s
2938 done chncxr vgg13 CHNCXR_0116_0 rise_budget_2048 seed=3 9.95s
2939 done chncxr vgg13 CHNCXR_0116_0 rise_budget_512 seed=2 2.44s
2940 done chncxr vgg13 CHNCXR_0116_0 rise_budget_512 seed=3 2.45s
2941 done chncxr vgg13 CHNCXR_0116_0 lime_budget_512 seed=2 1.10s
2942 done chncxr vgg13 CHNCXR_0116_0 lime_budget_2048 seed=3 4.42s
2943 done chncxr vgg13 CHNCXR_0116_0 kernel_shap_budget_1024 seed=2 2.39s
2944 done chncxr vgg13 CHNCXR_0116_0 lime_budget_256 seed=3 0.81s
2945 done chncxr vgg13 CHNCXR_0116_0 kernel_shap_budget_512 seed=2 1.19s
2946 done chncxr vgg13 CHNCXR_0116_0 kernel_shap_budget_256 seed=0 0.69s
2947 done chncxr vgg13 CHNCXR_0116_0 kernel_shap_budget_2048 seed=3 4.99s
2948 done chncxr vgg13 CHNCXR_0116_0 lime_budget_512 seed=4 1.22s
2949 done chncxr vgg13 CHNCXR_0116_0 lime_budget_256 seed=0 0.66s
2950 done chncxr vgg13 CHNCXR_0116_0 lime_budget_2048 seed=4 5.04s
2951 done chncxr vgg13 CHNCXR_0116_0 rise_budget_1024 seed=1 4.93s
2952 done chncxr vgg13 CHNCXR_0116_0 lime_budget_256 seed=1 0.57s
2953 done chncxr vgg13 CHNCXR_0116_0 rise_budget_256 seed=0 1.10s
2954 done chncxr vgg13 CHNCXR_0116_0 rise_budget_512 seed=0 2.31s
2955 done chncxr vgg13 CHNCXR_0116_0 kernel_shap_budget_1024 seed=3 2.50s
2956 done chncxr vgg13 CHNCXR_0116_0 lime_budget_1024 seed=2 2.34s
2957 done chncxr vgg13 CHNCXR_0116_0 kernel_shap_budget_256 seed=3 0.61s
2958 done chncxr vgg13 CHNCXR_0116_0 rise_budget_256 seed=3 1.19s
2959 done chncxr vgg13 CHNCXR_0116_0 kernel_shap_budget_2048 seed=1 4.68s
2960 done chncxr vgg13 CHNCXR_0116_0 kernel_shap_budget_256 seed=4 0.70s
2961 done chncxr vgg13 CHNCXR_0116_0 rise_budget_1024 seed=4 5.22s
2962 done chncxr vgg13 CHNCXR_0116_0 rise_budget_512 seed=4 2.60s
2963 done chncxr vgg13 CHNCXR_0116_0 lime_budget_256 seed=2 0.87s
2964 done chncxr vgg13 CHNCXR_0116_0 lime_budget_2048 seed=0 5.05s
2965 done chncxr vgg13 CHNCXR_0116_0 rise_budget_2048 seed=1 10.70s
2966 done chncxr vgg13 CHNCXR_0116_0 kernel_shap_budget_512 seed=4 1.14s
2967 done chncxr vgg13 CHNCXR_0116_0 rise_budget_2048 seed=0 10.31s
2968 done chncxr vgg13 CHNCXR_0116_0 lime_budget_1024 seed=4 2.32s
2969 done chncxr vgg13 CHNCXR_0116_0 kernel_shap_budget_2048 seed=4 4.91s
2970 done chncxr vgg13 CHNCXR_0116_0 kernel_shap_budget_512 seed=0 1.30s
2971 done chncxr vgg13 CHNCXR_0116_0 kernel_shap_budget_512 seed=1 1.25s
2972 done chncxr vgg13 CHNCXR_0116_0 ablation_default seed=None 0.19s
2973 done chncxr vgg13 CHNCXR_0116_0 rise_budget_1024 seed=2 5.16s
2974 done chncxr vgg13 CHNCXR_0116_0 lime_budget_2048 seed=1 4.45s
2975 done chncxr vgg13 CHNCXR_0116_0 lime_budget_512 seed=0 1.12s
2976 done chncxr vgg13 CHNCXR_0116_0 lime_budget_1024 seed=0 2.60s
2977 done chncxr vgg13 CHNCXR_0116_0 rise_budget_512 seed=1 2.74s
2978 done chncxr vgg13 CHNCXR_0116_0 lime_budget_2048 seed=2 4.54s
2979 done chncxr vgg13 CHNCXR_0116_0 kernel_shap_budget_2048 seed=2 4.92s
2980 done chncxr vgg13 CHNCXR_0116_0 lime_budget_512 seed=1 1.53s
2981 done chncxr vgg13 CHNCXR_0116_0 rise_budget_1024 seed=3 5.13s
2982 done chncxr vgg13 CHNCXR_0116_0 kernel_shap_budget_256 seed=1 0.61s
2983 done chncxr vgg13 CHNCXR_0116_0 rise_budget_2048 seed=4 10.14s
2984 done chncxr vgg13 CHNCXR_0116_0 lime_budget_1024 seed=3 2.65s
2985 done chncxr vgg13 CHNCXR_0116_0 kernel_shap_budget_1024 seed=0 2.41s
2986 done chncxr vgg13 CHNCXR_0116_0 kernel_shap_budget_256 seed=2 0.57s
2987 done chncxr vgg13 CHNCXR_0116_0 kernel_shap_budget_512 seed=3 1.13s
2988 done chncxr vgg13 CHNCXR_0116_0 lime_budget_512 seed=3 1.34s
2989 done chncxr vgg13 CHNCXR_0116_0 rise_budget_256 seed=4 1.40s
2990 done chncxr vgg13 CHNCXR_0142_0 lime_budget_512 seed=3 1.34s
2991 done chncxr vgg13 CHNCXR_0142_0 rise_budget_512 seed=4 2.42s
2992 done chncxr vgg13 CHNCXR_0142_0 lime_budget_1024 seed=4 2.67s
2993 done chncxr vgg13 CHNCXR_0142_0 lime_budget_1024 seed=0 2.25s
2994 done chncxr vgg13 CHNCXR_0142_0 kernel_shap_budget_256 seed=1 0.56s
2995 done chncxr vgg13 CHNCXR_0142_0 lime_budget_256 seed=3 0.66s
2996 done chncxr vgg13 CHNCXR_0142_0 kernel_shap_budget_256 seed=2 0.54s
2997 done chncxr vgg13 CHNCXR_0142_0 rise_budget_512 seed=2 2.38s
2998 done chncxr vgg13 CHNCXR_0142_0 lime_budget_1024 seed=1 2.68s
2999 done chncxr vgg13 CHNCXR_0142_0 rise_budget_256 seed=1 1.31s
3000 done chncxr vgg13 CHNCXR_0142_0 lime_budget_2048 seed=4 5.01s
3001 done chncxr vgg13 CHNCXR_0142_0 lime_budget_2048 seed=1 5.47s
3002 done chncxr vgg13 CHNCXR_0142_0 kernel_shap_budget_1024 seed=0 2.38s
3003 done chncxr vgg13 CHNCXR_0142_0 kernel_shap_budget_512 seed=0 1.14s
3004 done chncxr vgg13 CHNCXR_0142_0 rise_budget_512 seed=3 2.28s
3005 done chncxr vgg13 CHNCXR_0142_0 rise_budget_2048 seed=3 9.50s
3006 done chncxr vgg13 CHNCXR_0142_0 rise_budget_2048 seed=1 10.18s
3007 done chncxr vgg13 CHNCXR_0142_0 lime_budget_1024 seed=3 2.46s
3008 done chncxr vgg13 CHNCXR_0142_0 rise_budget_1024 seed=0 4.86s
3009 done chncxr vgg13 CHNCXR_0142_0 rise_budget_1024 seed=1 5.54s
3010 done chncxr vgg13 CHNCXR_0142_0 rise_budget_512 seed=1 2.81s
3011 done chncxr vgg13 CHNCXR_0142_0 rise_budget_256 seed=3 1.14s
3012 done chncxr vgg13 CHNCXR_0142_0 kernel_shap_budget_256 seed=4 0.57s
3013 done chncxr vgg13 CHNCXR_0142_0 rise_budget_1024 seed=2 5.38s
3014 done chncxr vgg13 CHNCXR_0142_0 kernel_shap_budget_2048 seed=2 4.58s
3015 done chncxr vgg13 CHNCXR_0142_0 lime_budget_512 seed=0 1.34s
3016 done chncxr vgg13 CHNCXR_0142_0 lime_budget_512 seed=2 1.48s
3017 done chncxr vgg13 CHNCXR_0142_0 kernel_shap_budget_1024 seed=2 2.40s
3018 done chncxr vgg13 CHNCXR_0142_0 lime_budget_256 seed=4 0.77s
3019 done chncxr vgg13 CHNCXR_0142_0 rise_budget_2048 seed=2 9.56s
3020 done chncxr vgg13 CHNCXR_0142_0 ablation_default seed=None 0.16s
3021 done chncxr vgg13 CHNCXR_0142_0 kernel_shap_budget_2048 seed=4 4.91s
3022 done chncxr vgg13 CHNCXR_0142_0 rise_budget_256 seed=0 1.28s
3023 done chncxr vgg13 CHNCXR_0142_0 kernel_shap_budget_256 seed=3 0.58s
3024 done chncxr vgg13 CHNCXR_0142_0 rise_budget_256 seed=4 1.26s
3025 done chncxr vgg13 CHNCXR_0142_0 kernel_shap_budget_2048 seed=0 4.82s
3026 done chncxr vgg13 CHNCXR_0142_0 kernel_shap_budget_512 seed=2 1.34s
3027 done chncxr vgg13 CHNCXR_0142_0 lime_budget_512 seed=4 1.32s
3028 done chncxr vgg13 CHNCXR_0142_0 kernel_shap_budget_1024 seed=3 2.52s
3029 done chncxr vgg13 CHNCXR_0142_0 rise_budget_256 seed=2 1.34s
3030 done chncxr vgg13 CHNCXR_0142_0 kernel_shap_budget_1024 seed=4 2.27s
3031 done chncxr vgg13 CHNCXR_0142_0 rise_budget_1024 seed=4 4.56s
3032 done chncxr vgg13 CHNCXR_0142_0 lime_budget_256 seed=2 0.67s
3033 done chncxr vgg13 CHNCXR_0142_0 kernel_shap_budget_512 seed=3 1.12s
3034 done chncxr vgg13 CHNCXR_0142_0 lime_budget_2048 seed=0 4.60s
3035 done chncxr vgg13 CHNCXR_0142_0 rise_budget_512 seed=0 2.06s
3036 done chncxr vgg13 CHNCXR_0142_0 lime_budget_2048 seed=3 4.79s
3037 done chncxr vgg13 CHNCXR_0142_0 lime_budget_512 seed=1 1.40s
3038 done chncxr vgg13 CHNCXR_0142_0 rise_budget_1024 seed=3 5.45s
3039 done chncxr vgg13 CHNCXR_0142_0 kernel_shap_budget_512 seed=1 1.49s
3040 done chncxr vgg13 CHNCXR_0142_0 lime_budget_1024 seed=2 2.65s
3041 done chncxr vgg13 CHNCXR_0142_0 kernel_shap_budget_2048 seed=1 4.71s
3042 done chncxr vgg13 CHNCXR_0142_0 kernel_shap_budget_512 seed=4 1.25s
3043 done chncxr vgg13 CHNCXR_0142_0 lime_budget_256 seed=1 0.66s
3044 done chncxr vgg13 CHNCXR_0142_0 kernel_shap_budget_2048 seed=3 4.98s
3045 done chncxr vgg13 CHNCXR_0142_0 lime_budget_2048 seed=2 4.74s
3046 done chncxr vgg13 CHNCXR_0142_0 rise_budget_2048 seed=0 9.31s
3047 done chncxr vgg13 CHNCXR_0142_0 rise_budget_2048 seed=4 9.34s
3048 done chncxr vgg13 CHNCXR_0142_0 kernel_shap_budget_256 seed=0 0.59s
3049 done chncxr vgg13 CHNCXR_0142_0 kernel_shap_budget_1024 seed=1 2.27s
3050 done chncxr vgg13 CHNCXR_0142_0 lime_budget_256 seed=0 0.57s
3051 done chncxr vgg13 CHNCXR_0161_0 rise_budget_2048 seed=3 9.98s
3052 done chncxr vgg13 CHNCXR_0161_0 rise_budget_256 seed=1 1.23s
3053 done chncxr vgg13 CHNCXR_0161_0 lime_budget_1024 seed=1 2.43s
3054 done chncxr vgg13 CHNCXR_0161_0 rise_budget_2048 seed=1 9.61s
3055 done chncxr vgg13 CHNCXR_0161_0 lime_budget_512 seed=1 1.42s
3056 done chncxr vgg13 CHNCXR_0161_0 lime_budget_2048 seed=2 5.34s
3057 done chncxr vgg13 CHNCXR_0161_0 rise_budget_512 seed=3 2.91s
3058 done chncxr vgg13 CHNCXR_0161_0 rise_budget_512 seed=2 2.66s
3059 done chncxr vgg13 CHNCXR_0161_0 lime_budget_2048 seed=1 4.56s
3060 done chncxr vgg13 CHNCXR_0161_0 lime_budget_2048 seed=0 4.70s
3061 done chncxr vgg13 CHNCXR_0161_0 lime_budget_256 seed=0 0.57s
3062 done chncxr vgg13 CHNCXR_0161_0 kernel_shap_budget_256 seed=3 0.58s
3063 done chncxr vgg13 CHNCXR_0161_0 kernel_shap_budget_512 seed=3 1.10s
3064 done chncxr vgg13 CHNCXR_0161_0 lime_budget_2048 seed=4 4.91s
3065 done chncxr vgg13 CHNCXR_0161_0 kernel_shap_budget_512 seed=2 1.21s
3066 done chncxr vgg13 CHNCXR_0161_0 kernel_shap_budget_2048 seed=1 4.42s
3067 done chncxr vgg13 CHNCXR_0161_0 kernel_shap_budget_256 seed=0 0.57s
3068 done chncxr vgg13 CHNCXR_0161_0 kernel_shap_budget_256 seed=4 0.56s
3069 done chncxr vgg13 CHNCXR_0161_0 kernel_shap_budget_1024 seed=1 2.14s
3070 done chncxr vgg13 CHNCXR_0161_0 lime_budget_512 seed=2 1.13s
3071 done chncxr vgg13 CHNCXR_0161_0 lime_budget_256 seed=1 0.56s
3072 done chncxr vgg13 CHNCXR_0161_0 lime_budget_256 seed=4 0.56s
3073 done chncxr vgg13 CHNCXR_0161_0 kernel_shap_budget_256 seed=2 0.56s
3074 done chncxr vgg13 CHNCXR_0161_0 lime_budget_512 seed=0 1.26s
3075 done chncxr vgg13 CHNCXR_0161_0 rise_budget_256 seed=4 1.18s
3076 done chncxr vgg13 CHNCXR_0161_0 rise_budget_1024 seed=2 5.42s
3077 done chncxr vgg13 CHNCXR_0161_0 rise_budget_256 seed=2 1.31s
3078 done chncxr vgg13 CHNCXR_0161_0 rise_budget_2048 seed=0 10.02s
3079 done chncxr vgg13 CHNCXR_0161_0 rise_budget_512 seed=4 2.63s
3080 done chncxr vgg13 CHNCXR_0161_0 lime_budget_1024 seed=3 2.43s
3081 done chncxr vgg13 CHNCXR_0161_0 lime_budget_1024 seed=4 2.26s
3082 done chncxr vgg13 CHNCXR_0161_0 rise_budget_256 seed=0 1.13s
3083 done chncxr vgg13 CHNCXR_0161_0 rise_budget_512 seed=0 2.59s
3084 done chncxr vgg13 CHNCXR_0161_0 lime_budget_2048 seed=3 4.84s
3085 done chncxr vgg13 CHNCXR_0161_0 kernel_shap_budget_2048 seed=2 5.02s
3086 done chncxr vgg13 CHNCXR_0161_0 kernel_shap_budget_512 seed=1 1.36s
3087 done chncxr vgg13 CHNCXR_0161_0 lime_budget_512 seed=3 1.36s
3088 done chncxr vgg13 CHNCXR_0161_0 lime_budget_256 seed=2 0.63s
3089 done chncxr vgg13 CHNCXR_0161_0 kernel_shap_budget_2048 seed=0 5.10s
3090 done chncxr vgg13 CHNCXR_0161_0 kernel_shap_budget_1024 seed=3 2.63s
3091 done chncxr vgg13 CHNCXR_0161_0 lime_budget_1024 seed=2 2.79s
3092 done chncxr vgg13 CHNCXR_0161_0 rise_budget_256 seed=3 1.44s
3093 done chncxr vgg13 CHNCXR_0161_0 rise_budget_1024 seed=1 5.13s
3094 done chncxr vgg13 CHNCXR_0161_0 rise_budget_512 seed=1 3.10s
3095 done chncxr vgg13 CHNCXR_0161_0 kernel_shap_budget_1024 seed=4 2.52s
3096 done chncxr vgg13 CHNCXR_0161_0 rise_budget_1024 seed=4 5.43s
3097 done chncxr vgg13 CHNCXR_0161_0 lime_budget_256 seed=3 0.66s
3098 done chncxr vgg13 CHNCXR_0161_0 kernel_shap_budget_512 seed=4 1.12s
3099 done chncxr vgg13 CHNCXR_0161_0 rise_budget_1024 seed=0 5.33s
3100 done chncxr vgg13 CHNCXR_0161_0 kernel_shap_budget_512 seed=0 1.24s
3101 done chncxr vgg13 CHNCXR_0161_0 kernel_shap_budget_2048 seed=4 4.92s
3102 done chncxr vgg13 CHNCXR_0161_0 ablation_default seed=None 0.19s
3103 done chncxr vgg13 CHNCXR_0161_0 kernel_shap_budget_2048 seed=3 4.67s
3104 done chncxr vgg13 CHNCXR_0161_0 rise_budget_1024 seed=3 4.91s
3105 done chncxr vgg13 CHNCXR_0161_0 lime_budget_1024 seed=0 2.68s
3106 done chncxr vgg13 CHNCXR_0161_0 kernel_shap_budget_1024 seed=2 2.24s
3107 done chncxr vgg13 CHNCXR_0161_0 lime_budget_512 seed=4 1.17s
3108 done chncxr vgg13 CHNCXR_0161_0 rise_budget_2048 seed=4 9.61s
3109 done chncxr vgg13 CHNCXR_0161_0 rise_budget_2048 seed=2 10.20s
3110 done chncxr vgg13 CHNCXR_0161_0 kernel_shap_budget_1024 seed=0 2.24s
3111 done chncxr vgg13 CHNCXR_0161_0 kernel_shap_budget_256 seed=1 0.56s
3112 done chncxr vgg13 CHNCXR_0165_0 lime_budget_512 seed=3 1.20s
3113 done chncxr vgg13 CHNCXR_0165_0 rise_budget_256 seed=1 1.14s
3114 done chncxr vgg13 CHNCXR_0165_0 kernel_shap_budget_2048 seed=4 4.46s
3115 done chncxr vgg13 CHNCXR_0165_0 lime_budget_1024 seed=4 2.53s
3116 done chncxr vgg13 CHNCXR_0165_0 rise_budget_512 seed=0 2.67s
3117 done chncxr vgg13 CHNCXR_0165_0 rise_budget_256 seed=0 1.25s
3118 done chncxr vgg13 CHNCXR_0165_0 lime_budget_2048 seed=1 4.84s
3119 done chncxr vgg13 CHNCXR_0165_0 rise_budget_512 seed=3 2.50s
3120 done chncxr vgg13 CHNCXR_0165_0 rise_budget_512 seed=4 2.45s
3121 done chncxr vgg13 CHNCXR_0165_0 kernel_shap_budget_1024 seed=3 2.51s
3122 done chncxr vgg13 CHNCXR_0165_0 kernel_shap_budget_512 seed=3 1.19s
3123 done chncxr vgg13 CHNCXR_0165_0 kernel_shap_budget_1024 seed=1 2.42s
3124 done chncxr vgg13 CHNCXR_0165_0 lime_budget_256 seed=1 0.72s
3125 done chncxr vgg13 CHNCXR_0165_0 kernel_shap_budget_512 seed=4 1.20s
3126 done chncxr vgg13 CHNCXR_0165_0 lime_budget_256 seed=2 0.63s
3127 done chncxr vgg13 CHNCXR_0165_0 lime_budget_512 seed=0 1.10s
3128 done chncxr vgg13 CHNCXR_0165_0 rise_budget_2048 seed=3 10.27s
3129 done chncxr vgg13 CHNCXR_0165_0 rise_budget_2048 seed=1 10.39s
3130 done chncxr vgg13 CHNCXR_0165_0 lime_budget_1024 seed=0 2.38s
3131 done chncxr vgg13 CHNCXR_0165_0 kernel_shap_budget_256 seed=0 0.59s
3132 done chncxr vgg13 CHNCXR_0165_0 ablation_default seed=None 0.18s
3133 done chncxr vgg13 CHNCXR_0165_0 rise_budget_1024 seed=3 4.35s
3134 done chncxr vgg13 CHNCXR_0165_0 rise_budget_1024 seed=2 5.78s
3135 done chncxr vgg13 CHNCXR_0165_0 rise_budget_1024 seed=1 5.12s
3136 done chncxr vgg13 CHNCXR_0165_0 kernel_shap_budget_512 seed=1 1.23s
3137 done chncxr vgg13 CHNCXR_0165_0 kernel_shap_budget_2048 seed=2 4.84s
3138 done chncxr vgg13 CHNCXR_0165_0 kernel_shap_budget_256 seed=3 0.58s
3139 done chncxr vgg13 CHNCXR_0165_0 lime_budget_256 seed=3 0.65s
3140 done chncxr vgg13 CHNCXR_0165_0 rise_budget_512 seed=1 2.27s
3141 done chncxr vgg13 CHNCXR_0165_0 rise_budget_2048 seed=4 9.27s
3142 done chncxr vgg13 CHNCXR_0165_0 lime_budget_1024 seed=3 2.35s
3143 done chncxr vgg13 CHNCXR_0165_0 rise_budget_256 seed=4 1.14s
3144 done chncxr vgg13 CHNCXR_0165_0 lime_budget_2048 seed=4 4.68s
3145 done chncxr vgg13 CHNCXR_0165_0 kernel_shap_budget_1024 seed=4 2.54s
3146 done chncxr vgg13 CHNCXR_0165_0 lime_budget_2048 seed=2 5.38s
3147 done chncxr vgg13 CHNCXR_0165_0 lime_budget_256 seed=0 0.93s
3148 done chncxr vgg13 CHNCXR_0165_0 lime_budget_2048 seed=3 5.15s
3149 done chncxr vgg13 CHNCXR_0165_0 rise_budget_2048 seed=2 10.09s
3150 done chncxr vgg13 CHNCXR_0165_0 rise_budget_512 seed=2 2.35s
3151 done chncxr vgg13 CHNCXR_0165_0 kernel_shap_budget_256 seed=4 0.57s
3152 done chncxr vgg13 CHNCXR_0165_0 rise_budget_256 seed=3 1.10s
3153 done chncxr vgg13 CHNCXR_0165_0 rise_budget_1024 seed=0 5.08s
3154 done chncxr vgg13 CHNCXR_0165_0 lime_budget_2048 seed=0 5.30s
3155 done chncxr vgg13 CHNCXR_0165_0 kernel_shap_budget_1024 seed=0 2.53s
3156 done chncxr vgg13 CHNCXR_0165_0 kernel_shap_budget_2048 seed=0 5.05s
3157 done chncxr vgg13 CHNCXR_0165_0 kernel_shap_budget_512 seed=2 1.28s
3158 done chncxr vgg13 CHNCXR_0165_0 lime_budget_1024 seed=1 2.31s
3159 done chncxr vgg13 CHNCXR_0165_0 kernel_shap_budget_512 seed=0 1.15s
3160 done chncxr vgg13 CHNCXR_0165_0 kernel_shap_budget_2048 seed=1 4.72s
3161 done chncxr vgg13 CHNCXR_0165_0 lime_budget_1024 seed=2 2.47s
3162 done chncxr vgg13 CHNCXR_0165_0 lime_budget_512 seed=1 1.39s
3163 done chncxr vgg13 CHNCXR_0165_0 lime_budget_512 seed=2 1.53s
3164 done chncxr vgg13 CHNCXR_0165_0 kernel_shap_budget_256 seed=1 0.72s
3165 done chncxr vgg13 CHNCXR_0165_0 lime_budget_512 seed=4 1.50s
3166 done chncxr vgg13 CHNCXR_0165_0 rise_budget_2048 seed=0 10.96s
3167 done chncxr vgg13 CHNCXR_0165_0 rise_budget_1024 seed=4 5.14s
3168 done chncxr vgg13 CHNCXR_0165_0 lime_budget_256 seed=4 0.57s
3169 done chncxr vgg13 CHNCXR_0165_0 kernel_shap_budget_256 seed=2 0.57s
3170 done chncxr vgg13 CHNCXR_0165_0 rise_budget_256 seed=2 1.12s
3171 done chncxr vgg13 CHNCXR_0165_0 kernel_shap_budget_2048 seed=3 4.80s
3172 done chncxr vgg13 CHNCXR_0165_0 kernel_shap_budget_1024 seed=2 2.37s
3173 done chncxr vgg13 CHNCXR_0175_0 kernel_shap_budget_256 seed=0 0.56s
3174 done chncxr vgg13 CHNCXR_0175_0 rise_budget_512 seed=2 2.25s
3175 done chncxr vgg13 CHNCXR_0175_0 rise_budget_1024 seed=1 5.62s
3176 done chncxr vgg13 CHNCXR_0175_0 kernel_shap_budget_256 seed=2 0.61s
3177 done chncxr vgg13 CHNCXR_0175_0 lime_budget_1024 seed=3 2.42s
3178 done chncxr vgg13 CHNCXR_0175_0 kernel_shap_budget_2048 seed=2 4.64s
3179 done chncxr vgg13 CHNCXR_0175_0 lime_budget_2048 seed=2 5.37s
3180 done chncxr vgg13 CHNCXR_0175_0 kernel_shap_budget_1024 seed=0 2.36s
3181 done chncxr vgg13 CHNCXR_0175_0 lime_budget_256 seed=3 0.61s
3182 done chncxr vgg13 CHNCXR_0175_0 lime_budget_2048 seed=3 4.61s
3183 done chncxr vgg13 CHNCXR_0175_0 rise_budget_2048 seed=0 10.80s
3184 done chncxr vgg13 CHNCXR_0175_0 rise_budget_1024 seed=4 5.67s
3185 done chncxr vgg13 CHNCXR_0175_0 rise_budget_2048 seed=3 10.58s
3186 done chncxr vgg13 CHNCXR_0175_0 rise_budget_512 seed=0 2.67s
3187 done chncxr vgg13 CHNCXR_0175_0 kernel_shap_budget_2048 seed=1 5.01s
3188 done chncxr vgg13 CHNCXR_0175_0 rise_budget_256 seed=4 1.15s
3189 done chncxr vgg13 CHNCXR_0175_0 lime_budget_256 seed=1 0.80s
3190 done chncxr vgg13 CHNCXR_0175_0 kernel_shap_budget_2048 seed=4 4.47s
3191 done chncxr vgg13 CHNCXR_0175_0 rise_budget_2048 seed=1 9.09s
3192 done chncxr vgg13 CHNCXR_0175_0 ablation_default seed=None 0.17s
3193 done chncxr vgg13 CHNCXR_0175_0 lime_budget_512 seed=3 1.24s
3194 done chncxr vgg13 CHNCXR_0175_0 lime_budget_1024 seed=1 2.32s
3195 done chncxr vgg13 CHNCXR_0175_0 kernel_shap_budget_1024 seed=4 2.41s
3196 done chncxr vgg13 CHNCXR_0175_0 kernel_shap_budget_256 seed=3 0.62s
3197 done chncxr vgg13 CHNCXR_0175_0 rise_budget_1024 seed=3 5.09s
3198 done chncxr vgg13 CHNCXR_0175_0 rise_budget_512 seed=4 2.36s
3199 done chncxr vgg13 CHNCXR_0175_0 lime_budget_256 seed=4 0.62s
3200 done chncxr vgg13 CHNCXR_0175_0 kernel_shap_budget_1024 seed=3 2.36s
3201 done chncxr vgg13 CHNCXR_0175_0 lime_budget_2048 seed=4 4.67s
3202 done chncxr vgg13 CHNCXR_0175_0 kernel_shap_budget_256 seed=1 0.63s
3203 done chncxr vgg13 CHNCXR_0175_0 kernel_shap_budget_512 seed=0 1.25s
3204 done chncxr vgg13 CHNCXR_0175_0 lime_budget_512 seed=0 1.15s
3205 done chncxr vgg13 CHNCXR_0175_0 lime_budget_256 seed=2 0.57s
3206 done chncxr vgg13 CHNCXR_0175_0 kernel_shap_budget_1024 seed=1 2.29s
3207 done chncxr vgg13 CHNCXR_0175_0 rise_budget_512 seed=3 2.48s
3208 done chncxr vgg13 CHNCXR_0175_0 rise_budget_256 seed=1 1.27s
3209 done chncxr vgg13 CHNCXR_0175_0 rise_budget_256 seed=0 1.21s
3210 done chncxr vgg13 CHNCXR_0175_0 kernel_shap_budget_2048 seed=0 5.00s
3211 done chncxr vgg13 CHNCXR_0175_0 kernel_shap_budget_2048 seed=3 5.16s
3212 done chncxr vgg13 CHNCXR_0175_0 kernel_shap_budget_256 seed=4 0.66s
3213 done chncxr vgg13 CHNCXR_0175_0 rise_budget_2048 seed=4 10.73s
3214 done chncxr vgg13 CHNCXR_0175_0 rise_budget_2048 seed=2 10.55s
3215 done chncxr vgg13 CHNCXR_0175_0 lime_budget_256 seed=0 0.70s
3216 done chncxr vgg13 CHNCXR_0175_0 kernel_shap_budget_512 seed=1 1.21s
3217 done chncxr vgg13 CHNCXR_0175_0 lime_budget_1024 seed=0 2.31s
3218 done chncxr vgg13 CHNCXR_0175_0 lime_budget_512 seed=4 1.12s
3219 done chncxr vgg13 CHNCXR_0175_0 rise_budget_256 seed=3 0.83s
3220 done chncxr vgg13 CHNCXR_0175_0 rise_budget_512 seed=1 1.88s
3221 done chncxr vgg13 CHNCXR_0175_0 lime_budget_512 seed=2 1.14s
3222 done chncxr vgg13 CHNCXR_0175_0 kernel_shap_budget_512 seed=4 1.13s
3223 done chncxr vgg13 CHNCXR_0175_0 lime_budget_1024 seed=4 2.21s
3224 done chncxr vgg13 CHNCXR_0175_0 rise_budget_256 seed=2 1.15s
3225 done chncxr vgg13 CHNCXR_0175_0 kernel_shap_budget_512 seed=2 1.17s
3226 done chncxr vgg13 CHNCXR_0175_0 lime_budget_2048 seed=0 5.14s
3227 done chncxr vgg13 CHNCXR_0175_0 rise_budget_1024 seed=2 5.26s
3228 done chncxr vgg13 CHNCXR_0175_0 kernel_shap_budget_512 seed=3 1.29s
3229 done chncxr vgg13 CHNCXR_0175_0 lime_budget_512 seed=1 1.40s
3230 done chncxr vgg13 CHNCXR_0175_0 lime_budget_1024 seed=2 2.57s
3231 done chncxr vgg13 CHNCXR_0175_0 rise_budget_1024 seed=0 4.79s
3232 done chncxr vgg13 CHNCXR_0175_0 kernel_shap_budget_1024 seed=2 2.23s
3233 done chncxr vgg13 CHNCXR_0175_0 lime_budget_2048 seed=1 4.49s
3234 done chncxr vgg13 CHNCXR_0194_0 rise_budget_256 seed=3 0.86s
3235 done chncxr vgg13 CHNCXR_0194_0 kernel_shap_budget_1024 seed=1 2.23s
3236 done chncxr vgg13 CHNCXR_0194_0 kernel_shap_budget_256 seed=4 0.57s
3237 done chncxr vgg13 CHNCXR_0194_0 rise_budget_2048 seed=0 10.66s
3238 done chncxr vgg13 CHNCXR_0194_0 rise_budget_1024 seed=3 5.27s
3239 done chncxr vgg13 CHNCXR_0194_0 kernel_shap_budget_512 seed=0 1.36s
3240 done chncxr vgg13 CHNCXR_0194_0 kernel_shap_budget_2048 seed=3 5.14s
3241 done chncxr vgg13 CHNCXR_0194_0 kernel_shap_budget_512 seed=3 1.20s
3242 done chncxr vgg13 CHNCXR_0194_0 lime_budget_256 seed=3 0.65s
3243 done chncxr vgg13 CHNCXR_0194_0 rise_budget_256 seed=2 1.17s
3244 done chncxr vgg13 CHNCXR_0194_0 rise_budget_256 seed=0 1.20s
3245 done chncxr vgg13 CHNCXR_0194_0 rise_budget_256 seed=4 1.22s
3246 done chncxr vgg13 CHNCXR_0194_0 lime_budget_256 seed=1 0.76s
3247 done chncxr vgg13 CHNCXR_0194_0 rise_budget_1024 seed=0 5.63s
3248 done chncxr vgg13 CHNCXR_0194_0 kernel_shap_budget_256 seed=3 0.57s
3249 done chncxr vgg13 CHNCXR_0194_0 rise_budget_2048 seed=4 9.78s
3250 done chncxr vgg13 CHNCXR_0194_0 rise_budget_2048 seed=1 10.28s
3251 done chncxr vgg13 CHNCXR_0194_0 kernel_shap_budget_512 seed=2 1.26s
3252 done chncxr vgg13 CHNCXR_0194_0 rise_budget_2048 seed=3 9.81s
3253 done chncxr vgg13 CHNCXR_0194_0 lime_budget_256 seed=2 0.67s
3254 done chncxr vgg13 CHNCXR_0194_0 lime_budget_512 seed=3 1.26s
3255 done chncxr vgg13 CHNCXR_0194_0 lime_budget_512 seed=0 1.13s
3256 done chncxr vgg13 CHNCXR_0194_0 lime_budget_256 seed=4 0.72s
3257 done chncxr vgg13 CHNCXR_0194_0 rise_budget_1024 seed=1 5.03s
3258 done chncxr vgg13 CHNCXR_0194_0 lime_budget_256 seed=0 0.64s
3259 done chncxr vgg13 CHNCXR_0194_0 kernel_shap_budget_512 seed=4 1.13s
3260 done chncxr vgg13 CHNCXR_0194_0 kernel_shap_budget_256 seed=0 0.56s
3261 done chncxr vgg13 CHNCXR_0194_0 lime_budget_1024 seed=3 2.41s
3262 done chncxr vgg13 CHNCXR_0194_0 rise_budget_512 seed=0 2.47s
3263 done chncxr vgg13 CHNCXR_0194_0 lime_budget_2048 seed=4 4.67s
3264 done chncxr vgg13 CHNCXR_0194_0 kernel_shap_budget_256 seed=2 0.58s
3265 done chncxr vgg13 CHNCXR_0194_0 lime_budget_1024 seed=0 2.36s
3266 done chncxr vgg13 CHNCXR_0194_0 kernel_shap_budget_256 seed=1 0.57s
3267 done chncxr vgg13 CHNCXR_0194_0 rise_budget_2048 seed=2 10.49s
3268 done chncxr vgg13 CHNCXR_0194_0 kernel_shap_budget_1024 seed=2 2.46s
3269 done chncxr vgg13 CHNCXR_0194_0 lime_budget_2048 seed=0 4.42s
3270 done chncxr vgg13 CHNCXR_0194_0 rise_budget_512 seed=3 2.39s
3271 done chncxr vgg13 CHNCXR_0194_0 kernel_shap_budget_2048 seed=4 4.73s
3272 done chncxr vgg13 CHNCXR_0194_0 lime_budget_2048 seed=3 5.42s
3273 done chncxr vgg13 CHNCXR_0194_0 ablation_default seed=None 0.18s
3274 done chncxr vgg13 CHNCXR_0194_0 rise_budget_512 seed=4 3.02s
3275 done chncxr vgg13 CHNCXR_0194_0 lime_budget_1024 seed=1 2.64s
3276 done chncxr vgg13 CHNCXR_0194_0 lime_budget_1024 seed=2 2.25s
3277 done chncxr vgg13 CHNCXR_0194_0 kernel_shap_budget_1024 seed=3 2.48s
3278 done chncxr vgg13 CHNCXR_0194_0 kernel_shap_budget_1024 seed=0 2.45s
3279 done chncxr vgg13 CHNCXR_0194_0 lime_budget_512 seed=1 1.35s
3280 done chncxr vgg13 CHNCXR_0194_0 rise_budget_1024 seed=2 5.24s
3281 done chncxr vgg13 CHNCXR_0194_0 kernel_shap_budget_512 seed=1 1.15s
3282 done chncxr vgg13 CHNCXR_0194_0 lime_budget_2048 seed=1 4.96s
3283 done chncxr vgg13 CHNCXR_0194_0 rise_budget_512 seed=1 2.46s
3284 done chncxr vgg13 CHNCXR_0194_0 lime_budget_512 seed=4 1.27s
3285 done chncxr vgg13 CHNCXR_0194_0 lime_budget_2048 seed=2 4.62s
3286 done chncxr vgg13 CHNCXR_0194_0 lime_budget_512 seed=2 1.51s
3287 done chncxr vgg13 CHNCXR_0194_0 kernel_shap_budget_2048 seed=2 4.88s
3288 done chncxr vgg13 CHNCXR_0194_0 rise_budget_256 seed=1 1.34s
3289 done chncxr vgg13 CHNCXR_0194_0 kernel_shap_budget_2048 seed=1 5.03s
3290 done chncxr vgg13 CHNCXR_0194_0 kernel_shap_budget_2048 seed=0 4.99s
3291 done chncxr vgg13 CHNCXR_0194_0 rise_budget_512 seed=2 2.39s
3292 done chncxr vgg13 CHNCXR_0194_0 kernel_shap_budget_1024 seed=4 2.33s
3293 done chncxr vgg13 CHNCXR_0194_0 lime_budget_1024 seed=4 2.45s
3294 done chncxr vgg13 CHNCXR_0194_0 rise_budget_1024 seed=4 4.90s
3295 done chncxr vgg13 CHNCXR_0209_0 kernel_shap_budget_512 seed=1 1.18s
3296 done chncxr vgg13 CHNCXR_0209_0 lime_budget_2048 seed=3 4.91s
3297 done chncxr vgg13 CHNCXR_0209_0 lime_budget_2048 seed=1 4.87s
3298 done chncxr vgg13 CHNCXR_0209_0 rise_budget_2048 seed=3 9.89s
3299 done chncxr vgg13 CHNCXR_0209_0 lime_budget_256 seed=4 0.67s
3300 done chncxr vgg13 CHNCXR_0209_0 kernel_shap_budget_1024 seed=4 2.39s
3301 done chncxr vgg13 CHNCXR_0209_0 rise_budget_256 seed=1 1.23s
3302 done chncxr vgg13 CHNCXR_0209_0 lime_budget_1024 seed=4 2.26s
3303 done chncxr vgg13 CHNCXR_0209_0 kernel_shap_budget_1024 seed=0 2.27s
3304 done chncxr vgg13 CHNCXR_0209_0 lime_budget_256 seed=1 0.63s
3305 done chncxr vgg13 CHNCXR_0209_0 lime_budget_1024 seed=0 2.36s
3306 done chncxr vgg13 CHNCXR_0209_0 kernel_shap_budget_2048 seed=3 4.59s
3307 done chncxr vgg13 CHNCXR_0209_0 kernel_shap_budget_512 seed=4 1.19s
3308 done chncxr vgg13 CHNCXR_0209_0 rise_budget_256 seed=4 1.36s
3309 done chncxr vgg13 CHNCXR_0209_0 kernel_shap_budget_256 seed=1 0.68s
3310 done chncxr vgg13 CHNCXR_0209_0 ablation_default seed=None 0.19s
3311 done chncxr vgg13 CHNCXR_0209_0 kernel_shap_budget_256 seed=3 0.79s
3312 done chncxr vgg13 CHNCXR_0209_0 lime_budget_1024 seed=2 2.71s
3313 done chncxr vgg13 CHNCXR_0209_0 kernel_shap_budget_256 seed=4 0.64s
3314 done chncxr vgg13 CHNCXR_0209_0 kernel_shap_budget_2048 seed=1 4.80s
3315 done chncxr vgg13 CHNCXR_0209_0 lime_budget_512 seed=1 1.28s
3316 done chncxr vgg13 CHNCXR_0209_0 rise_budget_1024 seed=3 5.24s
3317 done chncxr vgg13 CHNCXR_0209_0 rise_budget_512 seed=2 2.70s
3318 done chncxr vgg13 CHNCXR_0209_0 rise_budget_512 seed=1 2.84s
3319 done chncxr vgg13 CHNCXR_0209_0 lime_budget_2048 seed=2 5.17s
3320 done chncxr vgg13 CHNCXR_0209_0 lime_budget_2048 seed=4 5.01s
3321 done chncxr vgg13 CHNCXR_0209_0 lime_budget_256 seed=3 0.80s
3322 done chncxr vgg13 CHNCXR_0209_0 rise_budget_256 seed=3 1.41s
3323 done chncxr vgg13 CHNCXR_0209_0 kernel_shap_budget_2048 seed=0 5.12s
3324 done chncxr vgg13 CHNCXR_0209_0 rise_budget_2048 seed=2 9.74s
3325 done chncxr vgg13 CHNCXR_0209_0 rise_budget_1024 seed=0 4.70s
3326 done chncxr vgg13 CHNCXR_0209_0 lime_budget_256 seed=0 0.63s
3327 done chncxr vgg13 CHNCXR_0209_0 kernel_shap_budget_1024 seed=1 2.41s
3328 done chncxr vgg13 CHNCXR_0209_0 rise_budget_1024 seed=2 4.06s
3329 done chncxr vgg13 CHNCXR_0209_0 lime_budget_512 seed=2 1.38s
3330 done chncxr vgg13 CHNCXR_0209_0 lime_budget_1024 seed=1 2.56s
3331 done chncxr vgg13 CHNCXR_0209_0 rise_budget_2048 seed=4 10.44s
3332 done chncxr vgg13 CHNCXR_0209_0 rise_budget_2048 seed=0 9.99s
3333 done chncxr vgg13 CHNCXR_0209_0 lime_budget_2048 seed=0 4.78s
3334 done chncxr vgg13 CHNCXR_0209_0 kernel_shap_budget_2048 seed=2 4.69s
3335 done chncxr vgg13 CHNCXR_0209_0 lime_budget_512 seed=4 1.19s
3336 done chncxr vgg13 CHNCXR_0209_0 rise_budget_512 seed=0 2.19s
3337 done chncxr vgg13 CHNCXR_0209_0 lime_budget_1024 seed=3 2.31s
3338 done chncxr vgg13 CHNCXR_0209_0 kernel_shap_budget_256 seed=0 0.68s
3339 done chncxr vgg13 CHNCXR_0209_0 lime_budget_512 seed=3 1.14s
3340 done chncxr vgg13 CHNCXR_0209_0 rise_budget_512 seed=3 2.33s
3341 done chncxr vgg13 CHNCXR_0209_0 rise_budget_256 seed=0 1.17s
3342 done chncxr vgg13 CHNCXR_0209_0 kernel_shap_budget_1024 seed=3 2.50s
3343 done chncxr vgg13 CHNCXR_0209_0 rise_budget_2048 seed=1 9.49s
3344 done chncxr vgg13 CHNCXR_0209_0 kernel_shap_budget_2048 seed=4 4.50s
3345 done chncxr vgg13 CHNCXR_0209_0 lime_budget_512 seed=0 1.15s
3346 done chncxr vgg13 CHNCXR_0209_0 kernel_shap_budget_512 seed=2 1.14s
3347 done chncxr vgg13 CHNCXR_0209_0 kernel_shap_budget_1024 seed=2 2.29s
3348 done chncxr vgg13 CHNCXR_0209_0 kernel_shap_budget_256 seed=2 0.57s
3349 done chncxr vgg13 CHNCXR_0209_0 kernel_shap_budget_512 seed=3 1.15s
3350 done chncxr vgg13 CHNCXR_0209_0 kernel_shap_budget_512 seed=0 1.14s
3351 done chncxr vgg13 CHNCXR_0209_0 rise_budget_512 seed=4 2.41s
3352 done chncxr vgg13 CHNCXR_0209_0 rise_budget_256 seed=2 1.10s
3353 done chncxr vgg13 CHNCXR_0209_0 lime_budget_256 seed=2 0.59s
3354 done chncxr vgg13 CHNCXR_0209_0 rise_budget_1024 seed=4 4.95s
3355 done chncxr vgg13 CHNCXR_0209_0 rise_budget_1024 seed=1 4.63s
3356 done chncxr vgg13 CHNCXR_0218_0 rise_budget_2048 seed=0 11.14s
3357 done chncxr vgg13 CHNCXR_0218_0 rise_budget_2048 seed=2 10.71s
3358 done chncxr vgg13 CHNCXR_0218_0 rise_budget_256 seed=3 1.15s
3359 done chncxr vgg13 CHNCXR_0218_0 rise_budget_2048 seed=4 9.16s
3360 done chncxr vgg13 CHNCXR_0218_0 lime_budget_1024 seed=2 2.22s
3361 done chncxr vgg13 CHNCXR_0218_0 kernel_shap_budget_256 seed=3 0.58s
3362 done chncxr vgg13 CHNCXR_0218_0 lime_budget_1024 seed=1 2.26s
3363 done chncxr vgg13 CHNCXR_0218_0 lime_budget_256 seed=4 0.68s
3364 done chncxr vgg13 CHNCXR_0218_0 kernel_shap_budget_512 seed=3 1.18s
3365 done chncxr vgg13 CHNCXR_0218_0 kernel_shap_budget_2048 seed=2 4.69s
3366 done chncxr vgg13 CHNCXR_0218_0 kernel_shap_budget_1024 seed=0 2.35s
3367 done chncxr vgg13 CHNCXR_0218_0 rise_budget_256 seed=4 1.35s
3368 done chncxr vgg13 CHNCXR_0218_0 kernel_shap_budget_256 seed=0 0.66s
3369 done chncxr vgg13 CHNCXR_0218_0 kernel_shap_budget_1024 seed=4 2.58s
3370 done chncxr vgg13 CHNCXR_0218_0 lime_budget_512 seed=4 1.27s
3371 done chncxr vgg13 CHNCXR_0218_0 lime_budget_512 seed=3 1.24s
3372 done chncxr vgg13 CHNCXR_0218_0 kernel_shap_budget_512 seed=1 1.26s
3373 done chncxr vgg13 CHNCXR_0218_0 rise_budget_512 seed=3 2.50s
3374 done chncxr vgg13 CHNCXR_0218_0 lime_budget_2048 seed=1 5.17s
3375 done chncxr vgg13 CHNCXR_0218_0 rise_budget_2048 seed=3 10.75s
3376 done chncxr vgg13 CHNCXR_0218_0 lime_budget_512 seed=2 1.16s
3377 done chncxr vgg13 CHNCXR_0218_0 rise_budget_1024 seed=0 5.01s
3378 done chncxr vgg13 CHNCXR_0218_0 kernel_shap_budget_2048 seed=4 4.82s
3379 done chncxr vgg13 CHNCXR_0218_0 kernel_shap_budget_512 seed=0 1.23s
3380 done chncxr vgg13 CHNCXR_0218_0 lime_budget_512 seed=1 1.32s
3381 done chncxr vgg13 CHNCXR_0218_0 kernel_shap_budget_512 seed=2 1.23s
3382 done chncxr vgg13 CHNCXR_0218_0 kernel_shap_budget_2048 seed=3 4.77s
3383 done chncxr vgg13 CHNCXR_0218_0 rise_budget_512 seed=4 2.60s
3384 done chncxr vgg13 CHNCXR_0218_0 kernel_shap_budget_1024 seed=2 2.57s
3385 done chncxr vgg13 CHNCXR_0218_0 rise_budget_256 seed=2 1.44s
3386 done chncxr vgg13 CHNCXR_0218_0 lime_budget_256 seed=1 0.80s
3387 done chncxr vgg13 CHNCXR_0218_0 rise_budget_512 seed=1 2.71s
3388 done chncxr vgg13 CHNCXR_0218_0 rise_budget_1024 seed=4 4.89s
3389 done chncxr vgg13 CHNCXR_0218_0 lime_budget_2048 seed=0 4.44s
3390 done chncxr vgg13 CHNCXR_0218_0 kernel_shap_budget_256 seed=1 0.57s
3391 done chncxr vgg13 CHNCXR_0218_0 rise_budget_1024 seed=2 4.57s
3392 done chncxr vgg13 CHNCXR_0218_0 lime_budget_2048 seed=2 4.75s
3393 done chncxr vgg13 CHNCXR_0218_0 rise_budget_256 seed=0 1.14s
3394 done chncxr vgg13 CHNCXR_0218_0 ablation_default seed=None 0.19s
3395 done chncxr vgg13 CHNCXR_0218_0 kernel_shap_budget_512 seed=4 1.29s
3396 done chncxr vgg13 CHNCXR_0218_0 lime_budget_256 seed=0 0.73s
3397 done chncxr vgg13 CHNCXR_0218_0 rise_budget_512 seed=0 2.61s
3398 done chncxr vgg13 CHNCXR_0218_0 rise_budget_512 seed=2 2.59s
3399 done chncxr vgg13 CHNCXR_0218_0 kernel_shap_budget_1024 seed=3 2.60s
3400 done chncxr vgg13 CHNCXR_0218_0 lime_budget_2048 seed=3 4.83s
3401 done chncxr vgg13 CHNCXR_0218_0 lime_budget_1024 seed=4 2.40s
3402 done chncxr vgg13 CHNCXR_0218_0 rise_budget_1024 seed=1 5.35s
3403 done chncxr vgg13 CHNCXR_0218_0 lime_budget_256 seed=3 0.75s
3404 done chncxr vgg13 CHNCXR_0218_0 lime_budget_1024 seed=0 2.44s
3405 done chncxr vgg13 CHNCXR_0218_0 kernel_shap_budget_256 seed=4 0.58s
3406 done chncxr vgg13 CHNCXR_0218_0 lime_budget_2048 seed=4 5.05s
3407 done chncxr vgg13 CHNCXR_0218_0 kernel_shap_budget_256 seed=2 0.60s
3408 done chncxr vgg13 CHNCXR_0218_0 rise_budget_1024 seed=3 5.37s
3409 done chncxr vgg13 CHNCXR_0218_0 kernel_shap_budget_2048 seed=1 4.93s
3410 done chncxr vgg13 CHNCXR_0218_0 lime_budget_256 seed=2 0.62s
3411 done chncxr vgg13 CHNCXR_0218_0 rise_budget_2048 seed=1 11.07s
3412 done chncxr vgg13 CHNCXR_0218_0 lime_budget_512 seed=0 1.35s
3413 done chncxr vgg13 CHNCXR_0218_0 rise_budget_256 seed=1 1.28s
3414 done chncxr vgg13 CHNCXR_0218_0 kernel_shap_budget_2048 seed=0 4.76s
3415 done chncxr vgg13 CHNCXR_0218_0 kernel_shap_budget_1024 seed=1 2.37s
3416 done chncxr vgg13 CHNCXR_0218_0 lime_budget_1024 seed=3 2.42s
3417 done chncxr vgg13 CHNCXR_0230_0 rise_budget_512 seed=3 2.24s
3418 done chncxr vgg13 CHNCXR_0230_0 lime_budget_1024 seed=3 2.28s
3419 done chncxr vgg13 CHNCXR_0230_0 rise_budget_1024 seed=4 4.41s
3420 done chncxr vgg13 CHNCXR_0230_0 lime_budget_2048 seed=4 4.87s
3421 done chncxr vgg13 CHNCXR_0230_0 rise_budget_1024 seed=3 5.23s
3422 done chncxr vgg13 CHNCXR_0230_0 rise_budget_256 seed=0 1.30s
3423 done chncxr vgg13 CHNCXR_0230_0 rise_budget_1024 seed=2 5.84s
3424 done chncxr vgg13 CHNCXR_0230_0 kernel_shap_budget_512 seed=2 1.44s
3425 done chncxr vgg13 CHNCXR_0230_0 lime_budget_256 seed=0 0.75s
3426 done chncxr vgg13 CHNCXR_0230_0 lime_budget_2048 seed=1 4.88s
3427 done chncxr vgg13 CHNCXR_0230_0 kernel_shap_budget_1024 seed=1 2.42s
3428 done chncxr vgg13 CHNCXR_0230_0 lime_budget_2048 seed=0 5.01s
3429 done chncxr vgg13 CHNCXR_0230_0 lime_budget_512 seed=0 1.44s
3430 done chncxr vgg13 CHNCXR_0230_0 kernel_shap_budget_1024 seed=2 2.63s
3431 done chncxr vgg13 CHNCXR_0230_0 lime_budget_1024 seed=2 2.51s
3432 done chncxr vgg13 CHNCXR_0230_0 lime_budget_2048 seed=2 4.72s
3433 done chncxr vgg13 CHNCXR_0230_0 lime_budget_512 seed=2 1.19s
3434 done chncxr vgg13 CHNCXR_0230_0 rise_budget_256 seed=2 1.15s
3435 done chncxr vgg13 CHNCXR_0230_0 rise_budget_256 seed=1 1.20s
3436 done chncxr vgg13 CHNCXR_0230_0 lime_budget_1024 seed=1 2.32s
3437 done chncxr vgg13 CHNCXR_0230_0 lime_budget_512 seed=3 1.15s
3438 done chncxr vgg13 CHNCXR_0230_0 lime_budget_256 seed=2 0.67s
3439 done chncxr vgg13 CHNCXR_0230_0 lime_budget_1024 seed=0 2.33s
3440 done chncxr vgg13 CHNCXR_0230_0 ablation_default seed=None 0.16s
3441 done chncxr vgg13 CHNCXR_0230_0 kernel_shap_budget_2048 seed=2 4.62s
3442 done chncxr vgg13 CHNCXR_0230_0 kernel_shap_budget_1024 seed=3 2.37s
3443 done chncxr vgg13 CHNCXR_0230_0 kernel_shap_budget_256 seed=2 0.63s
3444 done chncxr vgg13 CHNCXR_0230_0 rise_budget_1024 seed=0 4.76s
3445 done chncxr vgg13 CHNCXR_0230_0 rise_budget_512 seed=1 2.70s
3446 done chncxr vgg13 CHNCXR_0230_0 rise_budget_2048 seed=0 11.12s
3447 done chncxr vgg13 CHNCXR_0230_0 lime_budget_2048 seed=3 4.69s
3448 done chncxr vgg13 CHNCXR_0230_0 kernel_shap_budget_256 seed=1 0.72s
3449 done chncxr vgg13 CHNCXR_0230_0 kernel_shap_budget_2048 seed=0 5.21s
3450 done chncxr vgg13 CHNCXR_0230_0 kernel_shap_budget_512 seed=3 1.37s
3451 done chncxr vgg13 CHNCXR_0230_0 kernel_shap_budget_256 seed=0 0.66s
3452 done chncxr vgg13 CHNCXR_0230_0 rise_budget_2048 seed=2 9.71s
3453 done chncxr vgg13 CHNCXR_0230_0 rise_budget_2048 seed=1 8.84s
3454 done chncxr vgg13 CHNCXR_0230_0 rise_budget_1024 seed=1 4.98s
3455 done chncxr vgg13 CHNCXR_0230_0 lime_budget_512 seed=1 1.14s
3456 done chncxr vgg13 CHNCXR_0230_0 kernel_shap_budget_512 seed=1 1.12s
3457 done chncxr vgg13 CHNCXR_0230_0 lime_budget_512 seed=4 1.19s
3458 done chncxr vgg13 CHNCXR_0230_0 rise_budget_512 seed=4 2.34s
3459 done chncxr vgg13 CHNCXR_0230_0 kernel_shap_budget_256 seed=3 0.57s
3460 done chncxr vgg13 CHNCXR_0230_0 kernel_shap_budget_1024 seed=0 2.26s
3461 done chncxr vgg13 CHNCXR_0230_0 kernel_shap_budget_2048 seed=1 4.88s
3462 done chncxr vgg13 CHNCXR_0230_0 rise_budget_512 seed=2 2.83s
3463 done chncxr vgg13 CHNCXR_0230_0 kernel_shap_budget_1024 seed=4 2.59s
3464 done chncxr vgg13 CHNCXR_0230_0 rise_budget_256 seed=4 1.31s
3465 done chncxr vgg13 CHNCXR_0230_0 kernel_shap_budget_512 seed=0 1.15s
3466 done chncxr vgg13 CHNCXR_0230_0 rise_budget_2048 seed=4 10.56s
3467 done chncxr vgg13 CHNCXR_0230_0 lime_budget_256 seed=1 0.58s
3468 done chncxr vgg13 CHNCXR_0230_0 lime_budget_1024 seed=4 2.84s
3469 done chncxr vgg13 CHNCXR_0230_0 kernel_shap_budget_256 seed=4 0.66s
3470 done chncxr vgg13 CHNCXR_0230_0 kernel_shap_budget_512 seed=4 1.28s
3471 done chncxr vgg13 CHNCXR_0230_0 lime_budget_256 seed=3 0.61s
3472 done chncxr vgg13 CHNCXR_0230_0 kernel_shap_budget_2048 seed=3 4.72s
3473 done chncxr vgg13 CHNCXR_0230_0 lime_budget_256 seed=4 0.58s
3474 done chncxr vgg13 CHNCXR_0230_0 rise_budget_256 seed=3 1.18s
3475 done chncxr vgg13 CHNCXR_0230_0 rise_budget_2048 seed=3 10.49s
3476 done chncxr vgg13 CHNCXR_0230_0 kernel_shap_budget_2048 seed=4 5.12s
3477 done chncxr vgg13 CHNCXR_0230_0 rise_budget_512 seed=0 2.62s
3478 done chncxr vgg13 CHNCXR_0257_0 kernel_shap_budget_256 seed=2 0.62s
3479 done chncxr vgg13 CHNCXR_0257_0 lime_budget_1024 seed=3 2.62s
3480 done chncxr vgg13 CHNCXR_0257_0 rise_budget_1024 seed=3 4.92s
3481 done chncxr vgg13 CHNCXR_0257_0 kernel_shap_budget_1024 seed=4 2.52s
3482 done chncxr vgg13 CHNCXR_0257_0 rise_budget_1024 seed=4 4.37s
3483 done chncxr vgg13 CHNCXR_0257_0 lime_budget_1024 seed=0 2.37s
3484 done chncxr vgg13 CHNCXR_0257_0 rise_budget_1024 seed=0 4.63s
3485 done chncxr vgg13 CHNCXR_0257_0 kernel_shap_budget_512 seed=3 1.15s
3486 done chncxr vgg13 CHNCXR_0257_0 rise_budget_2048 seed=4 8.37s
3487 done chncxr vgg13 CHNCXR_0257_0 kernel_shap_budget_2048 seed=3 5.03s
3488 done chncxr vgg13 CHNCXR_0257_0 rise_budget_2048 seed=0 10.90s
3489 done chncxr vgg13 CHNCXR_0257_0 lime_budget_512 seed=1 1.41s
3490 done chncxr vgg13 CHNCXR_0257_0 kernel_shap_budget_512 seed=2 1.24s
3491 done chncxr vgg13 CHNCXR_0257_0 lime_budget_2048 seed=4 4.77s
3492 done chncxr vgg13 CHNCXR_0257_0 kernel_shap_budget_256 seed=1 0.61s
3493 done chncxr vgg13 CHNCXR_0257_0 lime_budget_2048 seed=2 4.91s
3494 done chncxr vgg13 CHNCXR_0257_0 lime_budget_256 seed=1 0.79s
3495 done chncxr vgg13 CHNCXR_0257_0 rise_budget_512 seed=0 2.73s
3496 done chncxr vgg13 CHNCXR_0257_0 rise_budget_512 seed=3 2.73s
3497 done chncxr vgg13 CHNCXR_0257_0 rise_budget_2048 seed=1 10.33s
3498 done chncxr vgg13 CHNCXR_0257_0 lime_budget_1024 seed=4 2.29s
3499 done chncxr vgg13 CHNCXR_0257_0 lime_budget_512 seed=2 1.38s
3500 done chncxr vgg13 CHNCXR_0257_0 rise_budget_2048 seed=2 11.44s
3501 done chncxr vgg13 CHNCXR_0257_0 lime_budget_256 seed=4 0.71s
3502 done chncxr vgg13 CHNCXR_0257_0 rise_budget_512 seed=2 2.58s
3503 done chncxr vgg13 CHNCXR_0257_0 lime_budget_2048 seed=3 4.69s
3504 done chncxr vgg13 CHNCXR_0257_0 rise_budget_256 seed=4 1.27s
3505 done chncxr vgg13 CHNCXR_0257_0 rise_budget_2048 seed=3 9.27s
3506 done chncxr vgg13 CHNCXR_0257_0 rise_budget_256 seed=1 1.26s
3507 done chncxr vgg13 CHNCXR_0257_0 kernel_shap_budget_2048 seed=2 4.89s
3508 done chncxr vgg13 CHNCXR_0257_0 lime_budget_256 seed=0 0.68s
3509 done chncxr vgg13 CHNCXR_0257_0 lime_budget_512 seed=3 1.18s
3510 done chncxr vgg13 CHNCXR_0257_0 ablation_default seed=None 0.15s
3511 done chncxr vgg13 CHNCXR_0257_0 kernel_shap_budget_512 seed=4 1.06s
3512 done chncxr vgg13 CHNCXR_0257_0 lime_budget_1024 seed=2 2.29s
3513 done chncxr vgg13 CHNCXR_0257_0 lime_budget_256 seed=3 0.59s
3514 done chncxr vgg13 CHNCXR_0257_0 rise_budget_256 seed=2 1.21s
3515 done chncxr vgg13 CHNCXR_0257_0 lime_budget_1024 seed=1 2.31s
3516 done chncxr vgg13 CHNCXR_0257_0 rise_budget_256 seed=0 1.17s
3517 done chncxr vgg13 CHNCXR_0257_0 lime_budget_2048 seed=0 5.13s
3518 done chncxr vgg13 CHNCXR_0257_0 lime_budget_256 seed=2 0.67s
3519 done chncxr vgg13 CHNCXR_0257_0 kernel_shap_budget_256 seed=0 0.62s
3520 done chncxr vgg13 CHNCXR_0257_0 rise_budget_256 seed=3 1.21s
3521 done chncxr vgg13 CHNCXR_0257_0 kernel_shap_budget_2048 seed=0 5.00s
3522 done chncxr vgg13 CHNCXR_0257_0 lime_budget_512 seed=0 1.39s
3523 done chncxr vgg13 CHNCXR_0257_0 kernel_shap_budget_2048 seed=1 5.07s
3524 done chncxr vgg13 CHNCXR_0257_0 kernel_shap_budget_512 seed=0 1.32s
3525 done chncxr vgg13 CHNCXR_0257_0 rise_budget_1024 seed=2 5.34s
3526 done chncxr vgg13 CHNCXR_0257_0 lime_budget_2048 seed=1 5.12s
3527 done chncxr vgg13 CHNCXR_0257_0 kernel_shap_budget_256 seed=3 0.62s
3528 done chncxr vgg13 CHNCXR_0257_0 rise_budget_512 seed=4 2.42s
3529 done chncxr vgg13 CHNCXR_0257_0 kernel_shap_budget_256 seed=4 0.56s
3530 done chncxr vgg13 CHNCXR_0257_0 kernel_shap_budget_512 seed=1 1.12s
3531 done chncxr vgg13 CHNCXR_0257_0 rise_budget_1024 seed=1 4.75s
3532 done chncxr vgg13 CHNCXR_0257_0 lime_budget_512 seed=4 1.16s
3533 done chncxr vgg13 CHNCXR_0257_0 kernel_shap_budget_1024 seed=0 2.59s
3534 done chncxr vgg13 CHNCXR_0257_0 rise_budget_512 seed=1 2.30s
3535 done chncxr vgg13 CHNCXR_0257_0 kernel_shap_budget_1024 seed=2 2.23s
3536 done chncxr vgg13 CHNCXR_0257_0 kernel_shap_budget_1024 seed=1 2.23s
3537 done chncxr vgg13 CHNCXR_0257_0 kernel_shap_budget_1024 seed=3 2.21s
3538 done chncxr vgg13 CHNCXR_0257_0 kernel_shap_budget_2048 seed=4 4.51s
3539 done chncxr vgg13 CHNCXR_0275_0 kernel_shap_budget_2048 seed=2 4.49s
3540 done chncxr vgg13 CHNCXR_0275_0 kernel_shap_budget_256 seed=4 0.57s
3541 done chncxr vgg13 CHNCXR_0275_0 kernel_shap_budget_1024 seed=1 2.44s
3542 done chncxr vgg13 CHNCXR_0275_0 kernel_shap_budget_512 seed=3 1.28s
3543 done chncxr vgg13 CHNCXR_0275_0 lime_budget_256 seed=0 0.63s
3544 done chncxr vgg13 CHNCXR_0275_0 kernel_shap_budget_512 seed=0 1.25s
3545 done chncxr vgg13 CHNCXR_0275_0 kernel_shap_budget_2048 seed=0 5.13s
3546 done chncxr vgg13 CHNCXR_0275_0 kernel_shap_budget_256 seed=2 0.63s
3547 done chncxr vgg13 CHNCXR_0275_0 rise_budget_2048 seed=0 9.57s
3548 done chncxr vgg13 CHNCXR_0275_0 lime_budget_512 seed=4 1.32s
3549 done chncxr vgg13 CHNCXR_0275_0 rise_budget_256 seed=2 1.17s
3550 done chncxr vgg13 CHNCXR_0275_0 rise_budget_1024 seed=3 4.60s
3551 done chncxr vgg13 CHNCXR_0275_0 lime_budget_256 seed=4 0.57s
3552 done chncxr vgg13 CHNCXR_0275_0 kernel_shap_budget_256 seed=0 0.57s
3553 done chncxr vgg13 CHNCXR_0275_0 rise_budget_1024 seed=2 5.20s
3554 done chncxr vgg13 CHNCXR_0275_0 lime_budget_2048 seed=2 5.53s
3555 done chncxr vgg13 CHNCXR_0275_0 rise_budget_2048 seed=1 11.61s
3556 done chncxr vgg13 CHNCXR_0275_0 rise_budget_256 seed=4 1.48s
3557 done chncxr vgg13 CHNCXR_0275_0 kernel_shap_budget_512 seed=1 1.15s
3558 done chncxr vgg13 CHNCXR_0275_0 lime_budget_1024 seed=2 2.35s
3559 done chncxr vgg13 CHNCXR_0275_0 rise_budget_2048 seed=2 8.73s
3560 done chncxr vgg13 CHNCXR_0275_0 rise_budget_512 seed=3 2.49s
3561 done chncxr vgg13 CHNCXR_0275_0 lime_budget_1024 seed=4 2.66s
3562 done chncxr vgg13 CHNCXR_0275_0 kernel_shap_budget_256 seed=3 0.64s
3563 done chncxr vgg13 CHNCXR_0275_0 kernel_shap_budget_2048 seed=1 4.94s
3564 done chncxr vgg13 CHNCXR_0275_0 lime_budget_2048 seed=0 5.07s
3565 done chncxr vgg13 CHNCXR_0275_0 kernel_shap_budget_2048 seed=3 5.05s
3566 done chncxr vgg13 CHNCXR_0275_0 rise_budget_512 seed=2 2.76s
3567 done chncxr vgg13 CHNCXR_0275_0 kernel_shap_budget_256 seed=1 0.68s
3568 done chncxr vgg13 CHNCXR_0275_0 lime_budget_1024 seed=3 2.32s
3569 done chncxr vgg13 CHNCXR_0275_0 kernel_shap_budget_2048 seed=4 4.71s
3570 done chncxr vgg13 CHNCXR_0275_0 rise_budget_2048 seed=3 9.84s
3571 done chncxr vgg13 CHNCXR_0275_0 kernel_shap_budget_1024 seed=2 2.39s
3572 done chncxr vgg13 CHNCXR_0275_0 rise_budget_1024 seed=4 6.27s
3573 done chncxr vgg13 CHNCXR_0275_0 lime_budget_512 seed=2 1.38s
3574 done chncxr vgg13 CHNCXR_0275_0 lime_budget_256 seed=1 0.76s
3575 done chncxr vgg13 CHNCXR_0275_0 rise_budget_1024 seed=0 4.33s
3576 done chncxr vgg13 CHNCXR_0275_0 lime_budget_512 seed=0 1.19s
3577 done chncxr vgg13 CHNCXR_0275_0 lime_budget_256 seed=2 0.59s
3578 done chncxr vgg13 CHNCXR_0275_0 rise_budget_512 seed=4 2.37s
3579 done chncxr vgg13 CHNCXR_0275_0 rise_budget_256 seed=3 1.16s
3580 done chncxr vgg13 CHNCXR_0275_0 lime_budget_1024 seed=0 2.73s
3581 done chncxr vgg13 CHNCXR_0275_0 lime_budget_1024 seed=1 2.76s
3582 done chncxr vgg13 CHNCXR_0275_0 kernel_shap_budget_512 seed=2 1.15s
3583 done chncxr vgg13 CHNCXR_0275_0 kernel_shap_budget_1024 seed=0 2.37s
3584 done chncxr vgg13 CHNCXR_0275_0 rise_budget_256 seed=0 1.19s
3585 done chncxr vgg13 CHNCXR_0275_0 kernel_shap_budget_512 seed=4 1.19s
3586 done chncxr vgg13 CHNCXR_0275_0 lime_budget_2048 seed=4 4.74s
3587 done chncxr vgg13 CHNCXR_0275_0 lime_budget_512 seed=3 1.27s
3588 done chncxr vgg13 CHNCXR_0275_0 kernel_shap_budget_1024 seed=3 2.37s
3589 done chncxr vgg13 CHNCXR_0275_0 ablation_default seed=None 0.20s
3590 done chncxr vgg13 CHNCXR_0275_0 lime_budget_2048 seed=1 5.19s
3591 done chncxr vgg13 CHNCXR_0275_0 lime_budget_2048 seed=3 5.23s
3592 done chncxr vgg13 CHNCXR_0275_0 rise_budget_1024 seed=1 5.36s
3593 done chncxr vgg13 CHNCXR_0275_0 lime_budget_256 seed=3 0.68s
3594 done chncxr vgg13 CHNCXR_0275_0 rise_budget_2048 seed=4 10.43s
3595 done chncxr vgg13 CHNCXR_0275_0 kernel_shap_budget_1024 seed=4 2.66s
3596 done chncxr vgg13 CHNCXR_0275_0 lime_budget_512 seed=1 1.43s
3597 done chncxr vgg13 CHNCXR_0275_0 rise_budget_256 seed=1 1.40s
3598 done chncxr vgg13 CHNCXR_0275_0 rise_budget_512 seed=0 2.62s
3599 done chncxr vgg13 CHNCXR_0275_0 rise_budget_512 seed=1 2.73s
3600 done chncxr vgg13 CHNCXR_0301_0 rise_budget_512 seed=4 2.78s
3601 done chncxr vgg13 CHNCXR_0301_0 rise_budget_1024 seed=3 5.37s
3602 done chncxr vgg13 CHNCXR_0301_0 kernel_shap_budget_512 seed=3 1.26s
3603 done chncxr vgg13 CHNCXR_0301_0 rise_budget_256 seed=2 1.30s
3604 done chncxr vgg13 CHNCXR_0301_0 kernel_shap_budget_512 seed=1 1.34s
3605 done chncxr vgg13 CHNCXR_0301_0 kernel_shap_budget_1024 seed=0 2.39s
3606 done chncxr vgg13 CHNCXR_0301_0 kernel_shap_budget_256 seed=0 0.70s
3607 done chncxr vgg13 CHNCXR_0301_0 rise_budget_2048 seed=0 10.63s
3608 done chncxr vgg13 CHNCXR_0301_0 kernel_shap_budget_2048 seed=1 4.99s
3609 done chncxr vgg13 CHNCXR_0301_0 kernel_shap_budget_2048 seed=4 5.07s
3610 done chncxr vgg13 CHNCXR_0301_0 rise_budget_256 seed=0 1.54s
3611 done chncxr vgg13 CHNCXR_0301_0 lime_budget_512 seed=1 1.42s
3612 done chncxr vgg13 CHNCXR_0301_0 kernel_shap_budget_1024 seed=2 2.64s
3613 done chncxr vgg13 CHNCXR_0301_0 rise_budget_512 seed=1 2.53s
3614 done chncxr vgg13 CHNCXR_0301_0 lime_budget_2048 seed=1 4.71s
3615 done chncxr vgg13 CHNCXR_0301_0 lime_budget_256 seed=2 0.75s
3616 done chncxr vgg13 CHNCXR_0301_0 lime_budget_512 seed=0 1.50s
3617 done chncxr vgg13 CHNCXR_0301_0 rise_budget_512 seed=2 2.73s
3618 done chncxr vgg13 CHNCXR_0301_0 rise_budget_1024 seed=1 4.85s
3619 done chncxr vgg13 CHNCXR_0301_0 lime_budget_1024 seed=4 2.35s
3620 done chncxr vgg13 CHNCXR_0301_0 kernel_shap_budget_1024 seed=1 2.32s
3621 done chncxr vgg13 CHNCXR_0301_0 kernel_shap_budget_2048 seed=3 4.96s
3622 done chncxr vgg13 CHNCXR_0301_0 lime_budget_512 seed=2 1.30s
3623 done chncxr vgg13 CHNCXR_0301_0 rise_budget_2048 seed=1 10.89s
3624 done chncxr vgg13 CHNCXR_0301_0 rise_budget_2048 seed=4 8.52s
3625 done chncxr vgg13 CHNCXR_0301_0 rise_budget_1024 seed=2 4.94s
3626 done chncxr vgg13 CHNCXR_0301_0 kernel_shap_budget_1024 seed=4 2.32s
3627 done chncxr vgg13 CHNCXR_0301_0 kernel_shap_budget_512 seed=0 1.16s
3628 done chncxr vgg13 CHNCXR_0301_0 lime_budget_256 seed=3 0.64s
3629 done chncxr vgg13 CHNCXR_0301_0 lime_budget_1024 seed=2 2.70s
3630 done chncxr vgg13 CHNCXR_0301_0 rise_budget_1024 seed=4 5.10s
3631 done chncxr vgg13 CHNCXR_0301_0 lime_budget_512 seed=4 1.23s
3632 done chncxr vgg13 CHNCXR_0301_0 kernel_shap_budget_256 seed=4 0.58s
3633 done chncxr vgg13 CHNCXR_0301_0 rise_budget_1024 seed=0 4.87s
3634 done chncxr vgg13 CHNCXR_0301_0 lime_budget_2048 seed=0 4.53s
3635 done chncxr vgg13 CHNCXR_0301_0 kernel_shap_budget_256 seed=2 0.57s
3636 done chncxr vgg13 CHNCXR_0301_0 rise_budget_2048 seed=2 10.71s
3637 done chncxr vgg13 CHNCXR_0301_0 rise_budget_512 seed=0 2.76s
3638 done chncxr vgg13 CHNCXR_0301_0 rise_budget_2048 seed=3 10.41s
3639 done chncxr vgg13 CHNCXR_0301_0 kernel_shap_budget_256 seed=1 0.57s
3640 done chncxr vgg13 CHNCXR_0301_0 kernel_shap_budget_512 seed=2 1.12s
3641 done chncxr vgg13 CHNCXR_0301_0 lime_budget_1024 seed=0 2.57s
3642 done chncxr vgg13 CHNCXR_0301_0 rise_budget_256 seed=4 1.23s
3643 done chncxr vgg13 CHNCXR_0301_0 lime_budget_2048 seed=2 5.21s
3644 done chncxr vgg13 CHNCXR_0301_0 rise_budget_256 seed=1 1.55s
3645 done chncxr vgg13 CHNCXR_0301_0 lime_budget_256 seed=4 0.80s
3646 done chncxr vgg13 CHNCXR_0301_0 lime_budget_256 seed=1 0.73s
3647 done chncxr vgg13 CHNCXR_0301_0 lime_budget_1024 seed=1 2.90s
3648 done chncxr vgg13 CHNCXR_0301_0 lime_budget_2048 seed=4 4.83s
3649 done chncxr vgg13 CHNCXR_0301_0 rise_budget_256 seed=3 1.16s
3650 done chncxr vgg13 CHNCXR_0301_0 kernel_shap_budget_2048 seed=2 4.65s
3651 done chncxr vgg13 CHNCXR_0301_0 lime_budget_512 seed=3 1.30s
3652 done chncxr vgg13 CHNCXR_0301_0 ablation_default seed=None 0.15s
3653 done chncxr vgg13 CHNCXR_0301_0 kernel_shap_budget_256 seed=3 0.55s
3654 done chncxr vgg13 CHNCXR_0301_0 kernel_shap_budget_512 seed=4 1.09s
3655 done chncxr vgg13 CHNCXR_0301_0 rise_budget_512 seed=3 2.00s
3656 done chncxr vgg13 CHNCXR_0301_0 lime_budget_256 seed=0 0.76s
3657 done chncxr vgg13 CHNCXR_0301_0 kernel_shap_budget_2048 seed=0 4.66s
3658 done chncxr vgg13 CHNCXR_0301_0 lime_budget_2048 seed=3 5.18s
3659 done chncxr vgg13 CHNCXR_0301_0 lime_budget_1024 seed=3 2.30s
3660 done chncxr vgg13 CHNCXR_0301_0 kernel_shap_budget_1024 seed=3 2.44s
3661 done chncxr vgg13 CHNCXR_0342_1 rise_budget_512 seed=3 2.64s
3662 done chncxr vgg13 CHNCXR_0342_1 lime_budget_2048 seed=0 4.66s
3663 done chncxr vgg13 CHNCXR_0342_1 rise_budget_256 seed=3 1.17s
3664 done chncxr vgg13 CHNCXR_0342_1 rise_budget_2048 seed=1 9.80s
3665 done chncxr vgg13 CHNCXR_0342_1 lime_budget_1024 seed=0 2.34s
3666 done chncxr vgg13 CHNCXR_0342_1 lime_budget_2048 seed=1 5.01s
3667 done chncxr vgg13 CHNCXR_0342_1 kernel_shap_budget_1024 seed=2 2.43s
3668 done chncxr vgg13 CHNCXR_0342_1 lime_budget_256 seed=2 0.57s
3669 done chncxr vgg13 CHNCXR_0342_1 kernel_shap_budget_512 seed=0 1.13s
3670 done chncxr vgg13 CHNCXR_0342_1 rise_budget_2048 seed=2 10.12s
3671 done chncxr vgg13 CHNCXR_0342_1 lime_budget_2048 seed=2 4.86s
3672 done chncxr vgg13 CHNCXR_0342_1 rise_budget_1024 seed=0 4.91s
3673 done chncxr vgg13 CHNCXR_0342_1 rise_budget_512 seed=0 2.79s
3674 done chncxr vgg13 CHNCXR_0342_1 kernel_shap_budget_512 seed=2 1.24s
3675 done chncxr vgg13 CHNCXR_0342_1 kernel_shap_budget_1024 seed=0 2.57s
3676 done chncxr vgg13 CHNCXR_0342_1 rise_budget_512 seed=2 2.88s
3677 done chncxr vgg13 CHNCXR_0342_1 rise_budget_512 seed=1 2.87s
3678 done chncxr vgg13 CHNCXR_0342_1 rise_budget_1024 seed=1 5.24s
3679 done chncxr vgg13 CHNCXR_0342_1 lime_budget_256 seed=1 0.83s
3680 done chncxr vgg13 CHNCXR_0342_1 rise_budget_2048 seed=4 9.57s
3681 done chncxr vgg13 CHNCXR_0342_1 rise_budget_1024 seed=4 4.72s
3682 done chncxr vgg13 CHNCXR_0342_1 rise_budget_1024 seed=3 4.34s
3683 done chncxr vgg13 CHNCXR_0342_1 lime_budget_512 seed=3 1.23s
3684 done chncxr vgg13 CHNCXR_0342_1 lime_budget_2048 seed=4 5.21s
3685 done chncxr vgg13 CHNCXR_0342_1 lime_budget_1024 seed=1 2.71s
3686 done chncxr vgg13 CHNCXR_0342_1 lime_budget_512 seed=2 1.39s
3687 done chncxr vgg13 CHNCXR_0342_1 rise_budget_256 seed=4 1.31s
3688 done chncxr vgg13 CHNCXR_0342_1 kernel_shap_budget_512 seed=4 1.30s
3689 done chncxr vgg13 CHNCXR_0342_1 kernel_shap_budget_512 seed=3 1.25s
3690 done chncxr vgg13 CHNCXR_0342_1 kernel_shap_budget_2048 seed=0 4.58s
3691 done chncxr vgg13 CHNCXR_0342_1 kernel_shap_budget_2048 seed=4 4.54s
3692 done chncxr vgg13 CHNCXR_0342_1 rise_budget_1024 seed=2 5.13s
3693 done chncxr vgg13 CHNCXR_0342_1 kernel_shap_budget_256 seed=3 0.69s
3694 done chncxr vgg13 CHNCXR_0342_1 kernel_shap_budget_2048 seed=2 5.13s
3695 done chncxr vgg13 CHNCXR_0342_1 lime_budget_256 seed=0 1.06s
3696 done chncxr vgg13 CHNCXR_0342_1 kernel_shap_budget_512 seed=1 1.20s
3697 done chncxr vgg13 CHNCXR_0342_1 kernel_shap_budget_1024 seed=4 2.53s
3698 done chncxr vgg13 CHNCXR_0342_1 rise_budget_256 seed=2 1.34s
3699 done chncxr vgg13 CHNCXR_0342_1 lime_budget_512 seed=0 1.29s
3700 done chncxr vgg13 CHNCXR_0342_1 lime_budget_512 seed=4 1.17s
3701 done chncxr vgg13 CHNCXR_0342_1 lime_budget_2048 seed=3 5.12s
3702 done chncxr vgg13 CHNCXR_0342_1 rise_budget_256 seed=1 1.36s
3703 done chncxr vgg13 CHNCXR_0342_1 rise_budget_2048 seed=0 10.31s
3704 done chncxr vgg13 CHNCXR_0342_1 kernel_shap_budget_1024 seed=1 2.44s
3705 done chncxr vgg13 CHNCXR_0342_1 rise_budget_512 seed=4 2.47s
3706 done chncxr vgg13 CHNCXR_0342_1 lime_budget_256 seed=4 0.77s
3707 done chncxr vgg13 CHNCXR_0342_1 kernel_shap_budget_256 seed=4 0.58s
3708 done chncxr vgg13 CHNCXR_0342_1 ablation_default seed=None 0.16s
3709 done chncxr vgg13 CHNCXR_0342_1 lime_budget_256 seed=3 0.57s
3710 done chncxr vgg13 CHNCXR_0342_1 rise_budget_2048 seed=3 10.04s
3711 done chncxr vgg13 CHNCXR_0342_1 kernel_shap_budget_256 seed=0 0.58s
3712 done chncxr vgg13 CHNCXR_0342_1 lime_budget_1024 seed=3 2.62s
3713 done chncxr vgg13 CHNCXR_0342_1 lime_budget_1024 seed=4 2.88s
3714 done chncxr vgg13 CHNCXR_0342_1 kernel_shap_budget_2048 seed=1 5.33s
3715 done chncxr vgg13 CHNCXR_0342_1 lime_budget_512 seed=1 1.38s
3716 done chncxr vgg13 CHNCXR_0342_1 lime_budget_1024 seed=2 2.66s
3717 done chncxr vgg13 CHNCXR_0342_1 kernel_shap_budget_256 seed=1 0.61s
3718 done chncxr vgg13 CHNCXR_0342_1 kernel_shap_budget_2048 seed=3 4.74s
3719 done chncxr vgg13 CHNCXR_0342_1 rise_budget_256 seed=0 1.25s
3720 done chncxr vgg13 CHNCXR_0342_1 kernel_shap_budget_256 seed=2 0.56s
3721 done chncxr vgg13 CHNCXR_0342_1 kernel_shap_budget_1024 seed=3 2.21s
3722 done chncxr vgg13 CHNCXR_0347_1 lime_budget_256 seed=1 0.66s
3723 done chncxr vgg13 CHNCXR_0347_1 lime_budget_512 seed=1 1.27s
3724 done chncxr vgg13 CHNCXR_0347_1 kernel_shap_budget_512 seed=1 1.15s
3725 done chncxr vgg13 CHNCXR_0347_1 kernel_shap_budget_512 seed=4 1.25s
3726 done chncxr vgg13 CHNCXR_0347_1 lime_budget_1024 seed=2 2.53s
3727 done chncxr vgg13 CHNCXR_0347_1 rise_budget_2048 seed=1 9.95s
3728 done chncxr vgg13 CHNCXR_0347_1 kernel_shap_budget_1024 seed=2 2.49s
3729 done chncxr vgg13 CHNCXR_0347_1 kernel_shap_budget_1024 seed=1 2.64s
3730 done chncxr vgg13 CHNCXR_0347_1 rise_budget_1024 seed=2 5.69s
3731 done chncxr vgg13 CHNCXR_0347_1 lime_budget_256 seed=4 0.78s
3732 done chncxr vgg13 CHNCXR_0347_1 kernel_shap_budget_512 seed=3 1.27s
3733 done chncxr vgg13 CHNCXR_0347_1 rise_budget_2048 seed=0 11.14s
3734 done chncxr vgg13 CHNCXR_0347_1 kernel_shap_budget_1024 seed=3 2.27s
3735 done chncxr vgg13 CHNCXR_0347_1 kernel_shap_budget_1024 seed=4 2.32s
3736 done chncxr vgg13 CHNCXR_0347_1 lime_budget_2048 seed=1 4.84s
3737 done chncxr vgg13 CHNCXR_0347_1 kernel_shap_budget_2048 seed=2 5.22s
3738 done chncxr vgg13 CHNCXR_0347_1 lime_budget_512 seed=0 1.42s
3739 done chncxr vgg13 CHNCXR_0347_1 rise_budget_256 seed=3 1.44s
3740 done chncxr vgg13 CHNCXR_0347_1 kernel_shap_budget_256 seed=1 0.63s
3741 done chncxr vgg13 CHNCXR_0347_1 rise_budget_512 seed=3 2.74s
3742 done chncxr vgg13 CHNCXR_0347_1 rise_budget_256 seed=2 1.37s
3743 done chncxr vgg13 CHNCXR_0347_1 rise_budget_1024 seed=3 5.40s
3744 done chncxr vgg13 CHNCXR_0347_1 rise_budget_1024 seed=4 5.40s
3745 done chncxr vgg13 CHNCXR_0347_1 rise_budget_512 seed=0 2.42s
3746 done chncxr vgg13 CHNCXR_0347_1 kernel_shap_budget_2048 seed=4 4.75s
3747 done chncxr vgg13 CHNCXR_0347_1 rise_budget_256 seed=4 1.13s
3748 done chncxr vgg13 CHNCXR_0347_1 lime_budget_512 seed=3 1.19s
3749 done chncxr vgg13 CHNCXR_0347_1 rise_budget_1024 seed=0 4.64s
3750 done chncxr vgg13 CHNCXR_0347_1 lime_budget_1024 seed=1 2.44s
3751 done chncxr vgg13 CHNCXR_0347_1 rise_budget_2048 seed=4 9.67s
3752 done chncxr vgg13 CHNCXR_0347_1 kernel_shap_budget_2048 seed=0 4.82s
3753 done chncxr vgg13 CHNCXR_0347_1 kernel_shap_budget_512 seed=0 1.33s
3754 done chncxr vgg13 CHNCXR_0347_1 kernel_shap_budget_256 seed=4 0.64s
3755 done chncxr vgg13 CHNCXR_0347_1 lime_budget_2048 seed=2 5.04s
3756 done chncxr vgg13 CHNCXR_0347_1 kernel_shap_budget_256 seed=0 0.59s
3757 done chncxr vgg13 CHNCXR_0347_1 kernel_shap_budget_256 seed=2 0.57s
3758 done chncxr vgg13 CHNCXR_0347_1 lime_budget_2048 seed=4 5.04s
3759 done chncxr vgg13 CHNCXR_0347_1 kernel_shap_budget_512 seed=2 1.25s
3760 done chncxr vgg13 CHNCXR_0347_1 lime_budget_1024 seed=4 2.48s
3761 done chncxr vgg13 CHNCXR_0347_1 rise_budget_512 seed=2 2.47s
3762 done chncxr vgg13 CHNCXR_0347_1 rise_budget_256 seed=0 1.33s
3763 done chncxr vgg13 CHNCXR_0347_1 kernel_shap_budget_2048 seed=3 4.57s
3764 done chncxr vgg13 CHNCXR_0347_1 rise_budget_256 seed=1 1.10s
3765 done chncxr vgg13 CHNCXR_0347_1 kernel_shap_budget_256 seed=3 0.58s
3766 done chncxr vgg13 CHNCXR_0347_1 rise_budget_2048 seed=3 9.60s
3767 done chncxr vgg13 CHNCXR_0347_1 lime_budget_1024 seed=3 2.75s
3768 done chncxr vgg13 CHNCXR_0347_1 ablation_default seed=None 0.16s
3769 done chncxr vgg13 CHNCXR_0347_1 lime_budget_256 seed=2 0.88s
3770 done chncxr vgg13 CHNCXR_0347_1 rise_budget_512 seed=1 3.03s
3771 done chncxr vgg13 CHNCXR_0347_1 kernel_shap_budget_2048 seed=1 5.15s
3772 done chncxr vgg13 CHNCXR_0347_1 lime_budget_1024 seed=0 2.40s
3773 done chncxr vgg13 CHNCXR_0347_1 lime_budget_256 seed=3 0.83s
3774 done chncxr vgg13 CHNCXR_0347_1 lime_budget_512 seed=4 1.39s
3775 done chncxr vgg13 CHNCXR_0347_1 lime_budget_512 seed=2 1.24s
3776 done chncxr vgg13 CHNCXR_0347_1 rise_budget_512 seed=4 2.30s
3777 done chncxr vgg13 CHNCXR_0347_1 lime_budget_256 seed=0 0.65s
3778 done chncxr vgg13 CHNCXR_0347_1 lime_budget_2048 seed=3 4.57s
3779 done chncxr vgg13 CHNCXR_0347_1 lime_budget_2048 seed=0 4.79s
3780 done chncxr vgg13 CHNCXR_0347_1 rise_budget_1024 seed=1 5.37s
3781 done chncxr vgg13 CHNCXR_0347_1 rise_budget_2048 seed=2 8.45s
3782 done chncxr vgg13 CHNCXR_0347_1 kernel_shap_budget_1024 seed=0 2.25s
3783 done chncxr vgg13 CHNCXR_0353_1 lime_budget_2048 seed=2 4.60s
3784 done chncxr vgg13 CHNCXR_0353_1 kernel_shap_budget_512 seed=0 1.20s
3785 done chncxr vgg13 CHNCXR_0353_1 kernel_shap_budget_2048 seed=3 4.87s
3786 done chncxr vgg13 CHNCXR_0353_1 lime_budget_256 seed=3 0.89s
3787 done chncxr vgg13 CHNCXR_0353_1 rise_budget_512 seed=3 2.97s
3788 done chncxr vgg13 CHNCXR_0353_1 rise_budget_1024 seed=4 5.07s
3789 done chncxr vgg13 CHNCXR_0353_1 lime_budget_512 seed=4 1.28s
3790 done chncxr vgg13 CHNCXR_0353_1 lime_budget_256 seed=0 0.62s
3791 done chncxr vgg13 CHNCXR_0353_1 rise_budget_512 seed=2 2.37s
3792 done chncxr vgg13 CHNCXR_0353_1 rise_budget_512 seed=1 2.62s
3793 done chncxr vgg13 CHNCXR_0353_1 rise_budget_1024 seed=3 4.92s
3794 done chncxr vgg13 CHNCXR_0353_1 lime_budget_2048 seed=1 5.11s
3795 done chncxr vgg13 CHNCXR_0353_1 rise_budget_1024 seed=0 5.50s
3796 done chncxr vgg13 CHNCXR_0353_1 rise_budget_256 seed=2 1.55s
3797 done chncxr vgg13 CHNCXR_0353_1 kernel_shap_budget_256 seed=4 0.68s
3798 done chncxr vgg13 CHNCXR_0353_1 kernel_shap_budget_512 seed=4 1.21s
3799 done chncxr vgg13 CHNCXR_0353_1 ablation_default seed=None 0.16s
3800 done chncxr vgg13 CHNCXR_0353_1 rise_budget_256 seed=3 1.12s
3801 done chncxr vgg13 CHNCXR_0353_1 rise_budget_256 seed=4 1.19s
3802 done chncxr vgg13 CHNCXR_0353_1 kernel_shap_budget_512 seed=2 1.18s
3803 done chncxr vgg13 CHNCXR_0353_1 kernel_shap_budget_1024 seed=2 2.31s
3804 done chncxr vgg13 CHNCXR_0353_1 kernel_shap_budget_512 seed=3 1.18s
3805 done chncxr vgg13 CHNCXR_0353_1 kernel_shap_budget_2048 seed=1 5.41s
3806 done chncxr vgg13 CHNCXR_0353_1 rise_budget_512 seed=0 3.08s
3807 done chncxr vgg13 CHNCXR_0353_1 kernel_shap_budget_2048 seed=0 4.96s
3808 done chncxr vgg13 CHNCXR_0353_1 lime_budget_512 seed=2 1.28s
3809 done chncxr vgg13 CHNCXR_0353_1 lime_budget_2048 seed=3 4.76s
3810 done chncxr vgg13 CHNCXR_0353_1 kernel_shap_budget_256 seed=3 0.56s
3811 done chncxr vgg13 CHNCXR_0353_1 lime_budget_1024 seed=1 2.53s
3812 done chncxr vgg13 CHNCXR_0353_1 rise_budget_256 seed=1 1.22s
3813 done chncxr vgg13 CHNCXR_0353_1 kernel_shap_budget_1024 seed=0 2.33s
3814 done chncxr vgg13 CHNCXR_0353_1 rise_budget_2048 seed=0 11.37s
3815 done chncxr vgg13 CHNCXR_0353_1 lime_budget_1024 seed=3 2.66s
3816 done chncxr vgg13 CHNCXR_0353_1 kernel_shap_budget_1024 seed=1 2.60s
3817 done chncxr vgg13 CHNCXR_0353_1 lime_budget_256 seed=2 0.72s
3818 done chncxr vgg13 CHNCXR_0353_1 lime_budget_2048 seed=0 5.03s
3819 done chncxr vgg13 CHNCXR_0353_1 kernel_shap_budget_256 seed=1 0.64s
3820 done chncxr vgg13 CHNCXR_0353_1 rise_budget_1024 seed=2 5.40s
3821 done chncxr vgg13 CHNCXR_0353_1 lime_budget_2048 seed=4 4.93s
3822 done chncxr vgg13 CHNCXR_0353_1 kernel_shap_budget_256 seed=0 0.67s
3823 done chncxr vgg13 CHNCXR_0353_1 rise_budget_2048 seed=4 7.99s
3824 done chncxr vgg13 CHNCXR_0353_1 kernel_shap_budget_2048 seed=4 4.75s
3825 done chncxr vgg13 CHNCXR_0353_1 lime_budget_512 seed=0 1.33s
3826 done chncxr vgg13 CHNCXR_0353_1 rise_budget_512 seed=4 2.24s
3827 done chncxr vgg13 CHNCXR_0353_1 lime_budget_1024 seed=2 2.37s
3828 done chncxr vgg13 CHNCXR_0353_1 rise_budget_2048 seed=3 8.68s
3829 done chncxr vgg13 CHNCXR_0353_1 lime_budget_1024 seed=4 2.31s
3830 done chncxr vgg13 CHNCXR_0353_1 lime_budget_1024 seed=0 2.27s
3831 done chncxr vgg13 CHNCXR_0353_1 rise_budget_1024 seed=1 4.68s
3832 done chncxr vgg13 CHNCXR_0353_1 kernel_shap_budget_1024 seed=3 2.24s
3833 done chncxr vgg13 CHNCXR_0353_1 lime_budget_256 seed=1 0.60s
3834 done chncxr vgg13 CHNCXR_0353_1 kernel_shap_budget_512 seed=1 1.22s
3835 done chncxr vgg13 CHNCXR_0353_1 lime_budget_512 seed=1 1.37s
3836 done chncxr vgg13 CHNCXR_0353_1 rise_budget_256 seed=0 1.37s
3837 done chncxr vgg13 CHNCXR_0353_1 lime_budget_512 seed=3 1.40s
3838 done chncxr vgg13 CHNCXR_0353_1 kernel_shap_budget_256 seed=2 0.62s
3839 done chncxr vgg13 CHNCXR_0353_1 kernel_shap_budget_2048 seed=2 4.95s
3840 done chncxr vgg13 CHNCXR_0353_1 rise_budget_2048 seed=1 9.80s
3841 done chncxr vgg13 CHNCXR_0353_1 lime_budget_256 seed=4 0.77s
3842 done chncxr vgg13 CHNCXR_0353_1 kernel_shap_budget_1024 seed=4 2.50s
3843 done chncxr vgg13 CHNCXR_0353_1 rise_budget_2048 seed=2 10.09s
3844 done chncxr vgg13 CHNCXR_0398_1 kernel_shap_budget_1024 seed=1 2.22s
3845 done chncxr vgg13 CHNCXR_0398_1 lime_budget_512 seed=4 1.28s
3846 done chncxr vgg13 CHNCXR_0398_1 rise_budget_2048 seed=0 10.36s
3847 done chncxr vgg13 CHNCXR_0398_1 kernel_shap_budget_256 seed=2 0.65s
3848 done chncxr vgg13 CHNCXR_0398_1 lime_budget_512 seed=3 1.43s
3849 done chncxr vgg13 CHNCXR_0398_1 kernel_shap_budget_1024 seed=0 2.39s
3850 done chncxr vgg13 CHNCXR_0398_1 rise_budget_2048 seed=2 9.85s
3851 done chncxr vgg13 CHNCXR_0398_1 lime_budget_512 seed=0 1.35s
3852 done chncxr vgg13 CHNCXR_0398_1 kernel_shap_budget_512 seed=4 1.33s
3853 done chncxr vgg13 CHNCXR_0398_1 lime_budget_2048 seed=1 5.24s
3854 done chncxr vgg13 CHNCXR_0398_1 ablation_default seed=None 0.18s
3855 done chncxr vgg13 CHNCXR_0398_1 lime_budget_512 seed=2 1.63s
3856 done chncxr vgg13 CHNCXR_0398_1 rise_budget_512 seed=4 2.62s
3857 done chncxr vgg13 CHNCXR_0398_1 rise_budget_256 seed=0 1.55s
3858 done chncxr vgg13 CHNCXR_0398_1 kernel_shap_budget_256 seed=4 0.73s
3859 done chncxr vgg13 CHNCXR_0398_1 kernel_shap_budget_2048 seed=0 5.45s
3860 done chncxr vgg13 CHNCXR_0398_1 kernel_shap_budget_1024 seed=4 2.57s
3861 done chncxr vgg13 CHNCXR_0398_1 kernel_shap_budget_1024 seed=2 2.66s
3862 done chncxr vgg13 CHNCXR_0398_1 lime_budget_1024 seed=4 2.55s
3863 done chncxr vgg13 CHNCXR_0398_1 lime_budget_2048 seed=3 4.61s
3864 done chncxr vgg13 CHNCXR_0398_1 lime_budget_256 seed=0 0.58s
3865 done chncxr vgg13 CHNCXR_0398_1 kernel_shap_budget_2048 seed=2 4.60s
3866 done chncxr vgg13 CHNCXR_0398_1 lime_budget_256 seed=4 0.62s
3867 done chncxr vgg13 CHNCXR_0398_1 rise_budget_1024 seed=4 5.10s
3868 done chncxr vgg13 CHNCXR_0398_1 kernel_shap_budget_512 seed=1 1.45s
3869 done chncxr vgg13 CHNCXR_0398_1 lime_budget_512 seed=1 1.53s
3870 done chncxr vgg13 CHNCXR_0398_1 kernel_shap_budget_256 seed=0 0.68s
3871 done chncxr vgg13 CHNCXR_0398_1 lime_budget_2048 seed=0 5.02s
3872 done chncxr vgg13 CHNCXR_0398_1 kernel_shap_budget_512 seed=0 1.16s
3873 done chncxr vgg13 CHNCXR_0398_1 lime_budget_1024 seed=3 2.47s
3874 done chncxr vgg13 CHNCXR_0398_1 rise_budget_2048 seed=4 10.12s
3875 done chncxr vgg13 CHNCXR_0398_1 rise_budget_512 seed=0 2.68s
3876 done chncxr vgg13 CHNCXR_0398_1 kernel_shap_budget_256 seed=3 0.64s
3877 done chncxr vgg13 CHNCXR_0398_1 rise_budget_2048 seed=1 10.01s
3878 done chncxr vgg13 CHNCXR_0398_1 rise_budget_256 seed=4 1.28s
3879 done chncxr vgg13 CHNCXR_0398_1 rise_budget_1024 seed=2 5.41s
3880 done chncxr vgg13 CHNCXR_0398_1 lime_budget_1024 seed=1 2.74s
3881 done chncxr vgg13 CHNCXR_0398_1 rise_budget_2048 seed=3 9.63s
3882 done chncxr vgg13 CHNCXR_0398_1 lime_budget_2048 seed=4 4.69s
3883 done chncxr vgg13 CHNCXR_0398_1 lime_budget_2048 seed=2 5.12s
3884 done chncxr vgg13 CHNCXR_0398_1 rise_budget_512 seed=1 2.39s
3885 done chncxr vgg13 CHNCXR_0398_1 lime_budget_1024 seed=2 2.40s
3886 done chncxr vgg13 CHNCXR_0398_1 rise_budget_256 seed=1 1.41s
3887 done chncxr vgg13 CHNCXR_0398_1 lime_budget_256 seed=3 0.65s
3888 done chncxr vgg13 CHNCXR_0398_1 lime_budget_256 seed=1 0.74s
3889 done chncxr vgg13 CHNCXR_0398_1 rise_budget_512 seed=3 2.63s
3890 done chncxr vgg13 CHNCXR_0398_1 kernel_shap_budget_2048 seed=4 5.11s
3891 done chncxr vgg13 CHNCXR_0398_1 kernel_shap_budget_512 seed=3 1.24s
3892 done chncxr vgg13 CHNCXR_0398_1 rise_budget_256 seed=3 1.10s
3893 done chncxr vgg13 CHNCXR_0398_1 lime_budget_1024 seed=0 2.23s
3894 done chncxr vgg13 CHNCXR_0398_1 rise_budget_1024 seed=0 4.58s
3895 done chncxr vgg13 CHNCXR_0398_1 rise_budget_1024 seed=1 4.90s
3896 done chncxr vgg13 CHNCXR_0398_1 kernel_shap_budget_256 seed=1 0.67s
3897 done chncxr vgg13 CHNCXR_0398_1 kernel_shap_budget_512 seed=2 1.35s
3898 done chncxr vgg13 CHNCXR_0398_1 lime_budget_256 seed=2 0.74s
3899 done chncxr vgg13 CHNCXR_0398_1 rise_budget_1024 seed=3 5.15s
3900 done chncxr vgg13 CHNCXR_0398_1 kernel_shap_budget_1024 seed=3 2.50s
3901 done chncxr vgg13 CHNCXR_0398_1 kernel_shap_budget_2048 seed=3 5.02s
3902 done chncxr vgg13 CHNCXR_0398_1 rise_budget_256 seed=2 1.27s
3903 done chncxr vgg13 CHNCXR_0398_1 rise_budget_512 seed=2 2.38s
3904 done chncxr vgg13 CHNCXR_0398_1 kernel_shap_budget_2048 seed=1 5.10s
3905 done chncxr vgg13 CHNCXR_0405_1 kernel_shap_budget_256 seed=0 0.61s
3906 done chncxr vgg13 CHNCXR_0405_1 rise_budget_1024 seed=2 4.98s
3907 done chncxr vgg13 CHNCXR_0405_1 lime_budget_1024 seed=0 2.49s
3908 done chncxr vgg13 CHNCXR_0405_1 rise_budget_256 seed=3 1.31s
3909 done chncxr vgg13 CHNCXR_0405_1 rise_budget_2048 seed=1 10.38s
3910 done chncxr vgg13 CHNCXR_0405_1 rise_budget_1024 seed=4 5.57s
3911 done chncxr vgg13 CHNCXR_0405_1 rise_budget_512 seed=0 2.68s
3912 done chncxr vgg13 CHNCXR_0405_1 kernel_shap_budget_2048 seed=3 5.00s
3913 done chncxr vgg13 CHNCXR_0405_1 rise_budget_512 seed=3 2.54s
3914 done chncxr vgg13 CHNCXR_0405_1 kernel_shap_budget_2048 seed=0 4.49s
3915 done chncxr vgg13 CHNCXR_0405_1 kernel_shap_budget_1024 seed=0 2.38s
3916 done chncxr vgg13 CHNCXR_0405_1 lime_budget_2048 seed=4 4.77s
3917 done chncxr vgg13 CHNCXR_0405_1 lime_budget_1024 seed=1 2.42s
3918 done chncxr vgg13 CHNCXR_0405_1 rise_budget_256 seed=2 1.12s
3919 done chncxr vgg13 CHNCXR_0405_1 rise_budget_512 seed=2 2.32s
3920 done chncxr vgg13 CHNCXR_0405_1 kernel_shap_budget_1024 seed=4 2.36s
3921 done chncxr vgg13 CHNCXR_0405_1 rise_budget_2048 seed=0 9.89s
3922 done chncxr vgg13 CHNCXR_0405_1 kernel_shap_budget_2048 seed=1 4.67s
3923 done chncxr vgg13 CHNCXR_0405_1 rise_budget_256 seed=0 1.11s
3924 done chncxr vgg13 CHNCXR_0405_1 kernel_shap_budget_512 seed=0 1.14s
3925 done chncxr vgg13 CHNCXR_0405_1 rise_budget_2048 seed=4 10.18s
3926 done chncxr vgg13 CHNCXR_0405_1 rise_budget_1024 seed=3 5.60s
3927 done chncxr vgg13 CHNCXR_0405_1 kernel_shap_budget_2048 seed=2 4.93s
3928 done chncxr vgg13 CHNCXR_0405_1 lime_budget_256 seed=3 0.73s
3929 done chncxr vgg13 CHNCXR_0405_1 kernel_shap_budget_1024 seed=1 2.41s
3930 done chncxr vgg13 CHNCXR_0405_1 kernel_shap_budget_1024 seed=2 2.56s
3931 done chncxr vgg13 CHNCXR_0405_1 rise_budget_512 seed=1 2.40s
3932 done chncxr vgg13 CHNCXR_0405_1 lime_budget_512 seed=1 1.31s
3933 done chncxr vgg13 CHNCXR_0405_1 kernel_shap_budget_512 seed=3 1.15s
3934 done chncxr vgg13 CHNCXR_0405_1 lime_budget_512 seed=2 1.41s
3935 done chncxr vgg13 CHNCXR_0405_1 lime_budget_256 seed=0 0.57s
3936 done chncxr vgg13 CHNCXR_0405_1 kernel_shap_budget_256 seed=1 0.62s
3937 done chncxr vgg13 CHNCXR_0405_1 kernel_shap_budget_2048 seed=4 4.86s
3938 done chncxr vgg13 CHNCXR_0405_1 kernel_shap_budget_256 seed=4 0.56s
3939 done chncxr vgg13 CHNCXR_0405_1 lime_budget_512 seed=3 1.14s
3940 done chncxr vgg13 CHNCXR_0405_1 kernel_shap_budget_256 seed=2 0.60s
3941 done chncxr vgg13 CHNCXR_0405_1 kernel_shap_budget_256 seed=3 0.57s
3942 done chncxr vgg13 CHNCXR_0405_1 kernel_shap_budget_1024 seed=3 2.27s
3943 done chncxr vgg13 CHNCXR_0405_1 rise_budget_256 seed=1 1.10s
3944 done chncxr vgg13 CHNCXR_0405_1 lime_budget_256 seed=2 0.57s
3945 done chncxr vgg13 CHNCXR_0405_1 ablation_default seed=None 0.16s
3946 done chncxr vgg13 CHNCXR_0405_1 kernel_shap_budget_512 seed=1 1.12s
3947 done chncxr vgg13 CHNCXR_0405_1 kernel_shap_budget_512 seed=2 1.27s
3948 done chncxr vgg13 CHNCXR_0405_1 lime_budget_2048 seed=1 4.91s
3949 done chncxr vgg13 CHNCXR_0405_1 lime_budget_512 seed=0 1.30s
3950 done chncxr vgg13 CHNCXR_0405_1 lime_budget_2048 seed=0 4.94s
3951 done chncxr vgg13 CHNCXR_0405_1 rise_budget_2048 seed=3 9.84s
3952 done chncxr vgg13 CHNCXR_0405_1 lime_budget_1024 seed=4 2.31s
3953 done chncxr vgg13 CHNCXR_0405_1 lime_budget_1024 seed=3 2.51s
3954 done chncxr vgg13 CHNCXR_0405_1 lime_budget_256 seed=4 0.64s
3955 done chncxr vgg13 CHNCXR_0405_1 rise_budget_512 seed=4 2.70s
3956 done chncxr vgg13 CHNCXR_0405_1 rise_budget_256 seed=4 1.35s
3957 done chncxr vgg13 CHNCXR_0405_1 rise_budget_1024 seed=0 6.29s
3958 done chncxr vgg13 CHNCXR_0405_1 lime_budget_512 seed=4 1.38s
3959 done chncxr vgg13 CHNCXR_0405_1 rise_budget_2048 seed=2 10.47s
3960 done chncxr vgg13 CHNCXR_0405_1 lime_budget_1024 seed=2 2.71s
3961 done chncxr vgg13 CHNCXR_0405_1 lime_budget_2048 seed=2 5.29s
3962 done chncxr vgg13 CHNCXR_0405_1 lime_budget_256 seed=1 0.76s
3963 done chncxr vgg13 CHNCXR_0405_1 rise_budget_1024 seed=1 5.25s
3964 done chncxr vgg13 CHNCXR_0405_1 kernel_shap_budget_512 seed=4 1.22s
3965 done chncxr vgg13 CHNCXR_0405_1 lime_budget_2048 seed=3 5.18s
3966 done chncxr vgg13 CHNCXR_0408_1 rise_budget_512 seed=1 2.77s
3967 done chncxr vgg13 CHNCXR_0408_1 lime_budget_256 seed=4 0.76s
3968 done chncxr vgg13 CHNCXR_0408_1 kernel_shap_budget_256 seed=4 0.64s
3969 done chncxr vgg13 CHNCXR_0408_1 lime_budget_512 seed=1 1.59s
3970 done chncxr vgg13 CHNCXR_0408_1 lime_budget_256 seed=2 0.67s
3971 done chncxr vgg13 CHNCXR_0408_1 lime_budget_2048 seed=0 4.60s
3972 done chncxr vgg13 CHNCXR_0408_1 rise_budget_1024 seed=4 4.24s
3973 done chncxr vgg13 CHNCXR_0408_1 lime_budget_256 seed=3 0.64s
3974 done chncxr vgg13 CHNCXR_0408_1 lime_budget_1024 seed=0 2.49s
3975 done chncxr vgg13 CHNCXR_0408_1 kernel_shap_budget_1024 seed=4 2.30s
3976 done chncxr vgg13 CHNCXR_0408_1 rise_budget_512 seed=4 2.50s
3977 done chncxr vgg13 CHNCXR_0408_1 lime_budget_512 seed=0 1.54s
3978 done chncxr vgg13 CHNCXR_0408_1 rise_budget_2048 seed=3 10.99s
3979 done chncxr vgg13 CHNCXR_0408_1 kernel_shap_budget_512 seed=4 1.25s
3980 done chncxr vgg13 CHNCXR_0408_1 rise_budget_2048 seed=1 10.60s
3981 done chncxr vgg13 CHNCXR_0408_1 ablation_default seed=None 0.15s
3982 done chncxr vgg13 CHNCXR_0408_1 lime_budget_1024 seed=2 2.19s
3983 done chncxr vgg13 CHNCXR_0408_1 lime_budget_512 seed=4 1.12s
3984 done chncxr vgg13 CHNCXR_0408_1 kernel_shap_budget_2048 seed=4 4.60s
3985 done chncxr vgg13 CHNCXR_0408_1 lime_budget_1024 seed=1 2.72s
3986 done chncxr vgg13 CHNCXR_0408_1 rise_budget_256 seed=0 1.29s
3987 done chncxr vgg13 CHNCXR_0408_1 kernel_shap_budget_1024 seed=3 2.68s
3988 done chncxr vgg13 CHNCXR_0408_1 rise_budget_256 seed=2 1.34s
3989 done chncxr vgg13 CHNCXR_0408_1 rise_budget_256 seed=4 1.52s
3990 done chncxr vgg13 CHNCXR_0408_1 rise_budget_1024 seed=2 5.35s
3991 done chncxr vgg13 CHNCXR_0408_1 rise_budget_512 seed=3 2.39s
3992 done chncxr vgg13 CHNCXR_0408_1 lime_budget_512 seed=2 1.36s
3993 done chncxr vgg13 CHNCXR_0408_1 rise_budget_1024 seed=3 5.29s
3994 done chncxr vgg13 CHNCXR_0408_1 kernel_shap_budget_256 seed=1 0.67s
3995 done chncxr vgg13 CHNCXR_0408_1 kernel_shap_budget_512 seed=2 1.26s
3996 done chncxr vgg13 CHNCXR_0408_1 kernel_shap_budget_256 seed=0 0.63s
3997 done chncxr vgg13 CHNCXR_0408_1 rise_budget_1024 seed=1 4.99s
3998 done chncxr vgg13 CHNCXR_0408_1 kernel_shap_budget_512 seed=0 1.28s
3999 done chncxr vgg13 CHNCXR_0408_1 kernel_shap_budget_1024 seed=0 2.61s
4000 done chncxr vgg13 CHNCXR_0408_1 rise_budget_1024 seed=0 5.93s
4001 done chncxr vgg13 CHNCXR_0408_1 kernel_shap_budget_256 seed=3 0.66s
4002 done chncxr vgg13 CHNCXR_0408_1 rise_budget_512 seed=2 2.39s
4003 done chncxr vgg13 CHNCXR_0408_1 rise_budget_256 seed=1 1.11s
4004 done chncxr vgg13 CHNCXR_0408_1 kernel_shap_budget_2048 seed=2 4.52s
4005 done chncxr vgg13 CHNCXR_0408_1 rise_budget_2048 seed=0 8.83s
4006 done chncxr vgg13 CHNCXR_0408_1 lime_budget_1024 seed=3 2.34s
4007 done chncxr vgg13 CHNCXR_0408_1 lime_budget_256 seed=0 0.58s
4008 done chncxr vgg13 CHNCXR_0408_1 lime_budget_2048 seed=4 4.69s
4009 done chncxr vgg13 CHNCXR_0408_1 lime_budget_2048 seed=2 4.73s
4010 done chncxr vgg13 CHNCXR_0408_1 rise_budget_2048 seed=4 9.37s
4011 done chncxr vgg13 CHNCXR_0408_1 kernel_shap_budget_1024 seed=1 2.54s
4012 done chncxr vgg13 CHNCXR_0408_1 lime_budget_2048 seed=3 4.57s
4013 done chncxr vgg13 CHNCXR_0408_1 lime_budget_2048 seed=1 5.06s
4014 done chncxr vgg13 CHNCXR_0408_1 rise_budget_2048 seed=2 10.05s
4015 done chncxr vgg13 CHNCXR_0408_1 kernel_shap_budget_2048 seed=1 4.76s
4016 done chncxr vgg13 CHNCXR_0408_1 kernel_shap_budget_2048 seed=3 5.01s
4017 done chncxr vgg13 CHNCXR_0408_1 lime_budget_1024 seed=4 2.67s
4018 done chncxr vgg13 CHNCXR_0408_1 kernel_shap_budget_2048 seed=0 4.89s
4019 done chncxr vgg13 CHNCXR_0408_1 kernel_shap_budget_512 seed=1 1.33s
4020 done chncxr vgg13 CHNCXR_0408_1 kernel_shap_budget_1024 seed=2 2.51s
4021 done chncxr vgg13 CHNCXR_0408_1 rise_budget_256 seed=3 1.19s
4022 done chncxr vgg13 CHNCXR_0408_1 rise_budget_512 seed=0 2.40s
4023 done chncxr vgg13 CHNCXR_0408_1 lime_budget_512 seed=3 1.34s
4024 done chncxr vgg13 CHNCXR_0408_1 lime_budget_256 seed=1 0.63s
4025 done chncxr vgg13 CHNCXR_0408_1 kernel_shap_budget_512 seed=3 1.26s
4026 done chncxr vgg13 CHNCXR_0408_1 kernel_shap_budget_256 seed=2 0.67s
4027 done chncxr vgg13 CHNCXR_0428_1 rise_budget_2048 seed=3 10.06s
4028 done chncxr vgg13 CHNCXR_0428_1 rise_budget_2048 seed=0 10.11s
4029 done chncxr vgg13 CHNCXR_0428_1 kernel_shap_budget_256 seed=0 0.64s
4030 done chncxr vgg13 CHNCXR_0428_1 rise_budget_2048 seed=1 9.59s
4031 done chncxr vgg13 CHNCXR_0428_1 rise_budget_2048 seed=2 10.20s
4032 done chncxr vgg13 CHNCXR_0428_1 lime_budget_256 seed=2 0.69s
4033 done chncxr vgg13 CHNCXR_0428_1 kernel_shap_budget_512 seed=3 1.14s
4034 done chncxr vgg13 CHNCXR_0428_1 rise_budget_256 seed=2 1.12s
4035 done chncxr vgg13 CHNCXR_0428_1 lime_budget_512 seed=1 1.17s
4036 done chncxr vgg13 CHNCXR_0428_1 rise_budget_512 seed=0 2.29s
4037 done chncxr vgg13 CHNCXR_0428_1 rise_budget_256 seed=0 1.27s
4038 done chncxr vgg13 CHNCXR_0428_1 lime_budget_2048 seed=3 5.16s
4039 done chncxr vgg13 CHNCXR_0428_1 lime_budget_256 seed=1 0.76s
4040 done chncxr vgg13 CHNCXR_0428_1 rise_budget_1024 seed=4 5.31s
4041 done chncxr vgg13 CHNCXR_0428_1 kernel_shap_budget_1024 seed=3 2.63s
4042 done chncxr vgg13 CHNCXR_0428_1 rise_budget_512 seed=4 2.80s
4043 done chncxr vgg13 CHNCXR_0428_1 ablation_default seed=None 0.18s
4044 done chncxr vgg13 CHNCXR_0428_1 rise_budget_256 seed=3 1.15s
4045 done chncxr vgg13 CHNCXR_0428_1 kernel_shap_budget_512 seed=2 1.18s
4046 done chncxr vgg13 CHNCXR_0428_1 kernel_shap_budget_256 seed=1 0.58s
4047 done chncxr vgg13 CHNCXR_0428_1 rise_budget_256 seed=1 1.11s
4048 done chncxr vgg13 CHNCXR_0428_1 kernel_shap_budget_2048 seed=2 4.70s
4049 done chncxr vgg13 CHNCXR_0428_1 kernel_shap_budget_1024 seed=4 2.33s
4050 done chncxr vgg13 CHNCXR_0428_1 rise_budget_512 seed=2 2.38s
4051 done chncxr vgg13 CHNCXR_0428_1 lime_budget_256 seed=4 0.65s
4052 done chncxr vgg13 CHNCXR_0428_1 kernel_shap_budget_2048 seed=3 4.60s
4053 done chncxr vgg13 CHNCXR_0428_1 kernel_shap_budget_256 seed=4 0.59s
4054 done chncxr vgg13 CHNCXR_0428_1 lime_budget_2048 seed=2 4.95s
4055 done chncxr vgg13 CHNCXR_0428_1 kernel_shap_budget_512 seed=4 1.15s
4056 done chncxr vgg13 CHNCXR_0428_1 lime_budget_1024 seed=2 2.70s
4057 done chncxr vgg13 CHNCXR_0428_1 kernel_shap_budget_2048 seed=0 5.05s
4058 done chncxr vgg13 CHNCXR_0428_1 kernel_shap_budget_1024 seed=0 2.78s
4059 done chncxr vgg13 CHNCXR_0428_1 lime_budget_512 seed=2 1.30s
4060 done chncxr vgg13 CHNCXR_0428_1 rise_budget_2048 seed=4 9.74s
4061 done chncxr vgg13 CHNCXR_0428_1 lime_budget_1024 seed=3 2.30s
4062 done chncxr vgg13 CHNCXR_0428_1 lime_budget_2048 seed=4 4.92s
4063 done chncxr vgg13 CHNCXR_0428_1 kernel_shap_budget_256 seed=2 0.66s
4064 done chncxr vgg13 CHNCXR_0428_1 lime_budget_2048 seed=1 5.08s
4065 done chncxr vgg13 CHNCXR_0428_1 rise_budget_512 seed=1 2.68s
4066 done chncxr vgg13 CHNCXR_0428_1 lime_budget_512 seed=4 1.43s
4067 done chncxr vgg13 CHNCXR_0428_1 lime_budget_1024 seed=4 2.66s
4068 done chncxr vgg13 CHNCXR_0428_1 lime_budget_2048 seed=0 5.15s
4069 done chncxr vgg13 CHNCXR_0428_1 kernel_shap_budget_1024 seed=2 2.39s
4070 done chncxr vgg13 CHNCXR_0428_1 rise_budget_1024 seed=2 5.04s
4071 done chncxr vgg13 CHNCXR_0428_1 kernel_shap_budget_2048 seed=4 4.73s
4072 done chncxr vgg13 CHNCXR_0428_1 kernel_shap_budget_512 seed=1 1.15s
4073 done chncxr vgg13 CHNCXR_0428_1 lime_budget_1024 seed=0 2.30s
4074 done chncxr vgg13 CHNCXR_0428_1 lime_budget_256 seed=3 0.58s
4075 done chncxr vgg13 CHNCXR_0428_1 rise_budget_1024 seed=3 4.05s
4076 done chncxr vgg13 CHNCXR_0428_1 lime_budget_512 seed=3 1.19s
4077 done chncxr vgg13 CHNCXR_0428_1 kernel_shap_budget_256 seed=3 0.57s
4078 done chncxr vgg13 CHNCXR_0428_1 lime_budget_1024 seed=1 2.33s
4079 done chncxr vgg13 CHNCXR_0428_1 rise_budget_512 seed=3 2.53s
4080 done chncxr vgg13 CHNCXR_0428_1 kernel_shap_budget_2048 seed=1 5.12s
4081 done chncxr vgg13 CHNCXR_0428_1 kernel_shap_budget_1024 seed=1 2.43s
4082 done chncxr vgg13 CHNCXR_0428_1 kernel_shap_budget_512 seed=0 1.25s
4083 done chncxr vgg13 CHNCXR_0428_1 rise_budget_1024 seed=1 4.12s
4084 done chncxr vgg13 CHNCXR_0428_1 rise_budget_256 seed=4 1.14s
4085 done chncxr vgg13 CHNCXR_0428_1 lime_budget_512 seed=0 1.30s
4086 done chncxr vgg13 CHNCXR_0428_1 lime_budget_256 seed=0 0.61s
4087 done chncxr vgg13 CHNCXR_0428_1 rise_budget_1024 seed=0 5.12s
4088 done chncxr vgg13 CHNCXR_0433_1 kernel_shap_budget_1024 seed=0 2.28s
4089 done chncxr vgg13 CHNCXR_0433_1 rise_budget_1024 seed=3 3.88s
4090 done chncxr vgg13 CHNCXR_0433_1 rise_budget_512 seed=0 2.28s
4091 done chncxr vgg13 CHNCXR_0433_1 kernel_shap_budget_256 seed=3 0.60s
4092 done chncxr vgg13 CHNCXR_0433_1 kernel_shap_budget_2048 seed=2 5.37s
4093 done chncxr vgg13 CHNCXR_0433_1 rise_budget_256 seed=0 1.18s
4094 done chncxr vgg13 CHNCXR_0433_1 kernel_shap_budget_256 seed=4 0.70s
4095 done chncxr vgg13 CHNCXR_0433_1 kernel_shap_budget_2048 seed=0 4.72s
4096 done chncxr vgg13 CHNCXR_0433_1 rise_budget_1024 seed=4 4.70s
4097 done chncxr vgg13 CHNCXR_0433_1 lime_budget_1024 seed=2 2.29s
4098 done chncxr vgg13 CHNCXR_0433_1 lime_budget_256 seed=1 0.58s
4099 done chncxr vgg13 CHNCXR_0433_1 lime_budget_1024 seed=3 2.35s
4100 done chncxr vgg13 CHNCXR_0433_1 rise_budget_2048 seed=2 9.90s
4101 done chncxr vgg13 CHNCXR_0433_1 rise_budget_256 seed=4 1.13s
4102 done chncxr vgg13 CHNCXR_0433_1 lime_budget_256 seed=2 0.58s
4103 done chncxr vgg13 CHNCXR_0433_1 lime_budget_512 seed=2 1.14s
4104 done chncxr vgg13 CHNCXR_0433_1 kernel_shap_budget_256 seed=0 0.57s
4105 done chncxr vgg13 CHNCXR_0433_1 lime_budget_1024 seed=4 2.38s
4106 done chncxr vgg13 CHNCXR_0433_1 kernel_shap_budget_2048 seed=3 5.00s
4107 done chncxr vgg13 CHNCXR_0433_1 rise_budget_512 seed=3 2.52s
4108 done chncxr vgg13 CHNCXR_0433_1 lime_budget_256 seed=3 0.56s
4109 done chncxr vgg13 CHNCXR_0433_1 kernel_shap_budget_512 seed=3 1.23s
4110 done chncxr vgg13 CHNCXR_0433_1 kernel_shap_budget_512 seed=2 1.24s
4111 done chncxr vgg13 CHNCXR_0433_1 rise_budget_1024 seed=0 4.95s
4112 done chncxr vgg13 CHNCXR_0433_1 lime_budget_2048 seed=4 4.83s
4113 done chncxr vgg13 CHNCXR_0433_1 kernel_shap_budget_1024 seed=3 2.51s
4114 done chncxr vgg13 CHNCXR_0433_1 lime_budget_2048 seed=3 5.42s
4115 done chncxr vgg13 CHNCXR_0433_1 rise_budget_2048 seed=4 11.01s
4116 done chncxr vgg13 CHNCXR_0433_1 rise_budget_2048 seed=1 9.92s
4117 done chncxr vgg13 CHNCXR_0433_1 rise_budget_512 seed=4 2.74s
4118 done chncxr vgg13 CHNCXR_0433_1 rise_budget_256 seed=3 1.34s
4119 done chncxr vgg13 CHNCXR_0433_1 kernel_shap_budget_2048 seed=4 5.16s
4120 done chncxr vgg13 CHNCXR_0433_1 lime_budget_2048 seed=1 4.61s
4121 done chncxr vgg13 CHNCXR_0433_1 lime_budget_512 seed=4 1.34s
4122 done chncxr vgg13 CHNCXR_0433_1 kernel_shap_budget_512 seed=0 1.25s
4123 done chncxr vgg13 CHNCXR_0433_1 rise_budget_512 seed=1 2.49s
4124 done chncxr vgg13 CHNCXR_0433_1 kernel_shap_budget_512 seed=1 1.31s
4125 done chncxr vgg13 CHNCXR_0433_1 lime_budget_256 seed=0 0.69s
4126 done chncxr vgg13 CHNCXR_0433_1 lime_budget_512 seed=0 1.33s
4127 done chncxr vgg13 CHNCXR_0433_1 rise_budget_256 seed=2 1.41s
4128 done chncxr vgg13 CHNCXR_0433_1 lime_budget_2048 seed=0 5.05s
4129 done chncxr vgg13 CHNCXR_0433_1 kernel_shap_budget_512 seed=4 1.33s
4130 done chncxr vgg13 CHNCXR_0433_1 rise_budget_2048 seed=3 9.31s
4131 done chncxr vgg13 CHNCXR_0433_1 rise_budget_256 seed=1 1.09s
4132 done chncxr vgg13 CHNCXR_0433_1 kernel_shap_budget_2048 seed=1 4.56s
4133 done chncxr vgg13 CHNCXR_0433_1 lime_budget_512 seed=1 1.23s
4134 done chncxr vgg13 CHNCXR_0433_1 lime_budget_1024 seed=1 2.50s
4135 done chncxr vgg13 CHNCXR_0433_1 rise_budget_1024 seed=1 4.75s
4136 done chncxr vgg13 CHNCXR_0433_1 kernel_shap_budget_1024 seed=1 2.30s
4137 done chncxr vgg13 CHNCXR_0433_1 ablation_default seed=None 0.15s
4138 done chncxr vgg13 CHNCXR_0433_1 lime_budget_512 seed=3 1.12s
4139 done chncxr vgg13 CHNCXR_0433_1 kernel_shap_budget_256 seed=1 0.60s
4140 done chncxr vgg13 CHNCXR_0433_1 kernel_shap_budget_256 seed=2 0.58s
4141 done chncxr vgg13 CHNCXR_0433_1 rise_budget_512 seed=2 2.34s
4142 done chncxr vgg13 CHNCXR_0433_1 lime_budget_2048 seed=2 5.01s
4143 done chncxr vgg13 CHNCXR_0433_1 lime_budget_1024 seed=0 2.40s
4144 done chncxr vgg13 CHNCXR_0433_1 rise_budget_1024 seed=2 4.98s
4145 done chncxr vgg13 CHNCXR_0433_1 kernel_shap_budget_1024 seed=4 2.26s
4146 done chncxr vgg13 CHNCXR_0433_1 rise_budget_2048 seed=0 10.34s
4147 done chncxr vgg13 CHNCXR_0433_1 kernel_shap_budget_1024 seed=2 2.48s
4148 done chncxr vgg13 CHNCXR_0433_1 lime_budget_256 seed=4 0.75s
4149 done chncxr vgg13 CHNCXR_0436_1 kernel_shap_budget_2048 seed=1 5.14s
4150 done chncxr vgg13 CHNCXR_0436_1 rise_budget_1024 seed=1 4.64s
4151 done chncxr vgg13 CHNCXR_0436_1 kernel_shap_budget_1024 seed=2 2.31s
4152 done chncxr vgg13 CHNCXR_0436_1 kernel_shap_budget_2048 seed=0 4.71s
4153 done chncxr vgg13 CHNCXR_0436_1 rise_budget_2048 seed=2 10.03s
4154 done chncxr vgg13 CHNCXR_0436_1 rise_budget_256 seed=1 1.12s
4155 done chncxr vgg13 CHNCXR_0436_1 lime_budget_512 seed=3 1.13s
4156 done chncxr vgg13 CHNCXR_0436_1 rise_budget_512 seed=2 2.36s
4157 done chncxr vgg13 CHNCXR_0436_1 rise_budget_1024 seed=4 4.80s
4158 done chncxr vgg13 CHNCXR_0436_1 rise_budget_256 seed=4 1.29s
4159 done chncxr vgg13 CHNCXR_0436_1 kernel_shap_budget_1024 seed=3 2.58s
4160 done chncxr vgg13 CHNCXR_0436_1 lime_budget_2048 seed=0 4.87s
4161 done chncxr vgg13 CHNCXR_0436_1 lime_budget_512 seed=1 1.47s
4162 done chncxr vgg13 CHNCXR_0436_1 lime_budget_256 seed=4 0.82s
4163 done chncxr vgg13 CHNCXR_0436_1 rise_budget_256 seed=0 1.62s
4164 done chncxr vgg13 CHNCXR_0436_1 kernel_shap_budget_512 seed=2 1.24s
4165 done chncxr vgg13 CHNCXR_0436_1 kernel_shap_budget_512 seed=3 1.26s
4166 done chncxr vgg13 CHNCXR_0436_1 kernel_shap_budget_2048 seed=2 4.79s
4167 done chncxr vgg13 CHNCXR_0436_1 rise_budget_2048 seed=0 10.45s
4168 done chncxr vgg13 CHNCXR_0436_1 lime_budget_2048 seed=1 5.16s
4169 done chncxr vgg13 CHNCXR_0436_1 kernel_shap_budget_512 seed=4 1.26s
4170 done chncxr vgg13 CHNCXR_0436_1 rise_budget_2048 seed=1 8.33s
4171 done chncxr vgg13 CHNCXR_0436_1 rise_budget_1024 seed=3 5.03s
4172 done chncxr vgg13 CHNCXR_0436_1 rise_budget_512 seed=1 2.59s
4173 done chncxr vgg13 CHNCXR_0436_1 kernel_shap_budget_256 seed=0 0.72s
4174 done chncxr vgg13 CHNCXR_0436_1 lime_budget_512 seed=2 1.61s
4175 done chncxr vgg13 CHNCXR_0436_1 lime_budget_512 seed=4 1.40s
4176 done chncxr vgg13 CHNCXR_0436_1 lime_budget_1024 seed=1 2.88s
4177 done chncxr vgg13 CHNCXR_0436_1 kernel_shap_budget_1024 seed=1 2.62s
4178 done chncxr vgg13 CHNCXR_0436_1 rise_budget_2048 seed=3 10.51s
4179 done chncxr vgg13 CHNCXR_0436_1 rise_budget_1024 seed=2 3.94s
4180 done chncxr vgg13 CHNCXR_0436_1 kernel_shap_budget_256 seed=4 0.58s
4181 done chncxr vgg13 CHNCXR_0436_1 rise_budget_512 seed=3 2.74s
4182 done chncxr vgg13 CHNCXR_0436_1 rise_budget_1024 seed=0 5.08s
4183 done chncxr vgg13 CHNCXR_0436_1 lime_budget_1024 seed=4 2.59s
4184 done chncxr vgg13 CHNCXR_0436_1 lime_budget_256 seed=2 0.67s
4185 done chncxr vgg13 CHNCXR_0436_1 lime_budget_2048 seed=3 4.54s
4186 done chncxr vgg13 CHNCXR_0436_1 kernel_shap_budget_2048 seed=3 4.70s
4187 done chncxr vgg13 CHNCXR_0436_1 lime_budget_256 seed=0 0.76s
4188 done chncxr vgg13 CHNCXR_0436_1 rise_budget_512 seed=0 2.74s
4189 done chncxr vgg13 CHNCXR_0436_1 ablation_default seed=None 0.22s
4190 done chncxr vgg13 CHNCXR_0436_1 kernel_shap_budget_1024 seed=0 2.44s
4191 done chncxr vgg13 CHNCXR_0436_1 lime_budget_256 seed=3 0.73s
4192 done chncxr vgg13 CHNCXR_0436_1 rise_budget_256 seed=2 1.31s
4193 done chncxr vgg13 CHNCXR_0436_1 kernel_shap_budget_256 seed=1 0.62s
4194 done chncxr vgg13 CHNCXR_0436_1 kernel_shap_budget_2048 seed=4 4.85s
4195 done chncxr vgg13 CHNCXR_0436_1 kernel_shap_budget_256 seed=3 0.56s
4196 done chncxr vgg13 CHNCXR_0436_1 rise_budget_2048 seed=4 8.50s
4197 done chncxr vgg13 CHNCXR_0436_1 lime_budget_1024 seed=3 2.47s
4198 done chncxr vgg13 CHNCXR_0436_1 kernel_shap_budget_256 seed=2 0.59s
4199 done chncxr vgg13 CHNCXR_0436_1 lime_budget_1024 seed=0 2.53s
4200 done chncxr vgg13 CHNCXR_0436_1 lime_budget_2048 seed=4 5.17s
4201 done chncxr vgg13 CHNCXR_0436_1 rise_budget_512 seed=4 2.50s
4202 done chncxr vgg13 CHNCXR_0436_1 rise_budget_256 seed=3 1.25s
4203 done chncxr vgg13 CHNCXR_0436_1 lime_budget_2048 seed=2 5.04s
4204 done chncxr vgg13 CHNCXR_0436_1 lime_budget_1024 seed=2 2.61s
4205 done chncxr vgg13 CHNCXR_0436_1 kernel_shap_budget_512 seed=0 1.32s
4206 done chncxr vgg13 CHNCXR_0436_1 kernel_shap_budget_1024 seed=4 2.55s
4207 done chncxr vgg13 CHNCXR_0436_1 lime_budget_256 seed=1 0.72s
4208 done chncxr vgg13 CHNCXR_0436_1 kernel_shap_budget_512 seed=1 1.21s
4209 done chncxr vgg13 CHNCXR_0436_1 lime_budget_512 seed=0 1.34s
4210 done chncxr vgg13 CHNCXR_0444_1 kernel_shap_budget_1024 seed=1 2.68s
4211 done chncxr vgg13 CHNCXR_0444_1 lime_budget_1024 seed=2 2.49s
4212 done chncxr vgg13 CHNCXR_0444_1 kernel_shap_budget_2048 seed=1 4.78s
4213 done chncxr vgg13 CHNCXR_0444_1 kernel_shap_budget_1024 seed=3 2.29s
4214 done chncxr vgg13 CHNCXR_0444_1 lime_budget_2048 seed=4 5.03s
4215 done chncxr vgg13 CHNCXR_0444_1 kernel_shap_budget_1024 seed=2 2.54s
4216 done chncxr vgg13 CHNCXR_0444_1 kernel_shap_budget_2048 seed=0 4.87s
4217 done chncxr vgg13 CHNCXR_0444_1 lime_budget_512 seed=1 1.36s
4218 done chncxr vgg13 CHNCXR_0444_1 rise_budget_1024 seed=3 5.20s
4219 done chncxr vgg13 CHNCXR_0444_1 rise_budget_256 seed=0 1.50s
4220 done chncxr vgg13 CHNCXR_0444_1 lime_budget_256 seed=2 0.82s
4221 done chncxr vgg13 CHNCXR_0444_1 rise_budget_2048 seed=3 10.27s
4222 done chncxr vgg13 CHNCXR_0444_1 rise_budget_512 seed=1 2.33s
4223 done chncxr vgg13 CHNCXR_0444_1 kernel_shap_budget_2048 seed=3 4.67s
4224 done chncxr vgg13 CHNCXR_0444_1 lime_budget_2048 seed=2 4.51s
4225 done chncxr vgg13 CHNCXR_0444_1 rise_budget_2048 seed=4 9.78s
4226 done chncxr vgg13 CHNCXR_0444_1 lime_budget_1024 seed=4 2.54s
4227 done chncxr vgg13 CHNCXR_0444_1 rise_budget_256 seed=1 1.35s
4228 done chncxr vgg13 CHNCXR_0444_1 lime_budget_256 seed=1 0.77s
4229 done chncxr vgg13 CHNCXR_0444_1 kernel_shap_budget_1024 seed=4 2.55s
4230 done chncxr vgg13 CHNCXR_0444_1 lime_budget_512 seed=4 1.37s
4231 done chncxr vgg13 CHNCXR_0444_1 lime_budget_1024 seed=1 2.56s
4232 done chncxr vgg13 CHNCXR_0444_1 rise_budget_512 seed=0 2.71s
4233 done chncxr vgg13 CHNCXR_0444_1 rise_budget_2048 seed=2 10.43s
4234 done chncxr vgg13 CHNCXR_0444_1 kernel_shap_budget_256 seed=2 0.61s
4235 done chncxr vgg13 CHNCXR_0444_1 lime_budget_256 seed=0 0.79s
4236 done chncxr vgg13 CHNCXR_0444_1 rise_budget_256 seed=2 1.40s
4237 done chncxr vgg13 CHNCXR_0444_1 kernel_shap_budget_256 seed=0 0.59s
4238 done chncxr vgg13 CHNCXR_0444_1 lime_budget_2048 seed=1 4.93s
4239 done chncxr vgg13 CHNCXR_0444_1 rise_budget_1024 seed=1 5.40s
4240 done chncxr vgg13 CHNCXR_0444_1 kernel_shap_budget_512 seed=1 1.28s
4241 done chncxr vgg13 CHNCXR_0444_1 rise_budget_256 seed=3 1.25s
4242 done chncxr vgg13 CHNCXR_0444_1 lime_budget_512 seed=3 1.40s
4243 done chncxr vgg13 CHNCXR_0444_1 kernel_shap_budget_512 seed=0 1.27s
4244 done chncxr vgg13 CHNCXR_0444_1 lime_budget_1024 seed=0 2.77s
4245 done chncxr vgg13 CHNCXR_0444_1 rise_budget_512 seed=4 2.78s
4246 done chncxr vgg13 CHNCXR_0444_1 lime_budget_1024 seed=3 2.29s
4247 done chncxr vgg13 CHNCXR_0444_1 ablation_default seed=None 0.15s
4248 done chncxr vgg13 CHNCXR_0444_1 rise_budget_1024 seed=0 4.83s
4249 done chncxr vgg13 CHNCXR_0444_1 lime_budget_512 seed=2 1.32s
4250 done chncxr vgg13 CHNCXR_0444_1 rise_budget_256 seed=4 1.37s
4251 done chncxr vgg13 CHNCXR_0444_1 rise_budget_512 seed=2 2.52s
4252 done chncxr vgg13 CHNCXR_0444_1 rise_budget_1024 seed=4 5.03s
4253 done chncxr vgg13 CHNCXR_0444_1 lime_budget_2048 seed=0 4.91s
4254 done chncxr vgg13 CHNCXR_0444_1 kernel_shap_budget_2048 seed=4 4.77s
4255 done chncxr vgg13 CHNCXR_0444_1 kernel_shap_budget_1024 seed=0 2.37s
4256 done chncxr vgg13 CHNCXR_0444_1 kernel_shap_budget_256 seed=1 0.56s
4257 done chncxr vgg13 CHNCXR_0444_1 lime_budget_2048 seed=3 4.75s
4258 done chncxr vgg13 CHNCXR_0444_1 rise_budget_1024 seed=2 5.03s
4259 done chncxr vgg13 CHNCXR_0444_1 kernel_shap_budget_2048 seed=2 5.02s
4260 done chncxr vgg13 CHNCXR_0444_1 rise_budget_2048 seed=0 9.47s
4261 done chncxr vgg13 CHNCXR_0444_1 rise_budget_512 seed=3 2.36s
4262 done chncxr vgg13 CHNCXR_0444_1 kernel_shap_budget_256 seed=4 0.59s
4263 done chncxr vgg13 CHNCXR_0444_1 lime_budget_256 seed=3 0.58s
4264 done chncxr vgg13 CHNCXR_0444_1 kernel_shap_budget_512 seed=3 1.32s
4265 done chncxr vgg13 CHNCXR_0444_1 lime_budget_512 seed=0 1.32s
4266 done chncxr vgg13 CHNCXR_0444_1 rise_budget_2048 seed=1 10.41s
4267 done chncxr vgg13 CHNCXR_0444_1 kernel_shap_budget_512 seed=4 1.15s
4268 done chncxr vgg13 CHNCXR_0444_1 kernel_shap_budget_256 seed=3 0.60s
4269 done chncxr vgg13 CHNCXR_0444_1 kernel_shap_budget_512 seed=2 1.19s
4270 done chncxr vgg13 CHNCXR_0444_1 lime_budget_256 seed=4 0.69s
4271 done chncxr vgg13 CHNCXR_0453_1 kernel_shap_budget_2048 seed=3 4.79s
4272 done chncxr vgg13 CHNCXR_0453_1 kernel_shap_budget_256 seed=1 0.55s
4273 done chncxr vgg13 CHNCXR_0453_1 rise_budget_2048 seed=3 9.35s
4274 done chncxr vgg13 CHNCXR_0453_1 kernel_shap_budget_1024 seed=4 2.40s
4275 done chncxr vgg13 CHNCXR_0453_1 lime_budget_2048 seed=2 4.68s
4276 done chncxr vgg13 CHNCXR_0453_1 kernel_shap_budget_256 seed=4 0.66s
4277 done chncxr vgg13 CHNCXR_0453_1 rise_budget_2048 seed=4 9.29s
4278 done chncxr vgg13 CHNCXR_0453_1 kernel_shap_budget_256 seed=3 0.57s
4279 done chncxr vgg13 CHNCXR_0453_1 lime_budget_256 seed=4 0.59s
4280 done chncxr vgg13 CHNCXR_0453_1 rise_budget_256 seed=3 1.10s
4281 done chncxr vgg13 CHNCXR_0453_1 ablation_default seed=None 0.15s
4282 done chncxr vgg13 CHNCXR_0453_1 rise_budget_256 seed=0 1.15s
4283 done chncxr vgg13 CHNCXR_0453_1 kernel_shap_budget_1024 seed=1 2.57s
4284 done chncxr vgg13 CHNCXR_0453_1 rise_budget_1024 seed=3 5.27s
4285 done chncxr vgg13 CHNCXR_0453_1 kernel_shap_budget_256 seed=2 0.66s
4286 done chncxr vgg13 CHNCXR_0453_1 lime_budget_1024 seed=2 2.50s
4287 done chncxr vgg13 CHNCXR_0453_1 kernel_shap_budget_2048 seed=1 4.83s
4288 done chncxr vgg13 CHNCXR_0453_1 rise_budget_2048 seed=2 9.98s
4289 done chncxr vgg13 CHNCXR_0453_1 lime_budget_2048 seed=3 4.57s
4290 done chncxr vgg13 CHNCXR_0453_1 rise_budget_1024 seed=0 3.55s
4291 done chncxr vgg13 CHNCXR_0453_1 rise_budget_256 seed=4 1.00s
4292 done chncxr vgg13 CHNCXR_0453_1 rise_budget_256 seed=2 1.34s
4293 done chncxr vgg13 CHNCXR_0453_1 rise_budget_256 seed=1 1.42s
4294 done chncxr vgg13 CHNCXR_0453_1 rise_budget_512 seed=0 2.43s
4295 done chncxr vgg13 CHNCXR_0453_1 rise_budget_2048 seed=1 10.11s
4296 done chncxr vgg13 CHNCXR_0453_1 lime_budget_2048 seed=4 5.25s
4297 done chncxr vgg13 CHNCXR_0453_1 kernel_shap_budget_2048 seed=0 5.07s
4298 done chncxr vgg13 CHNCXR_0453_1 kernel_shap_budget_512 seed=1 1.27s
4299 done chncxr vgg13 CHNCXR_0453_1 kernel_shap_budget_2048 seed=4 5.25s
4300 done chncxr vgg13 CHNCXR_0453_1 lime_budget_1024 seed=0 2.67s
4301 done chncxr vgg13 CHNCXR_0453_1 kernel_shap_budget_1024 seed=2 2.54s
4302 done chncxr vgg13 CHNCXR_0453_1 rise_budget_1024 seed=1 5.07s
4303 done chncxr vgg13 CHNCXR_0453_1 rise_budget_512 seed=3 2.58s
4304 done chncxr vgg13 CHNCXR_0453_1 lime_budget_1024 seed=4 2.39s
4305 done chncxr vgg13 CHNCXR_0453_1 rise_budget_512 seed=1 2.03s
4306 done chncxr vgg13 CHNCXR_0453_1 rise_budget_2048 seed=0 10.28s
4307 done chncxr vgg13 CHNCXR_0453_1 lime_budget_256 seed=3 0.62s
4308 done chncxr vgg13 CHNCXR_0453_1 lime_budget_512 seed=0 1.14s
4309 done chncxr vgg13 CHNCXR_0453_1 kernel_shap_budget_512 seed=2 1.13s
4310 done chncxr vgg13 CHNCXR_0453_1 lime_budget_512 seed=3 1.14s
4311 done chncxr vgg13 CHNCXR_0453_1 kernel_shap_budget_1024 seed=0 2.28s
4312 done chncxr vgg13 CHNCXR_0453_1 rise_budget_512 seed=2 2.24s
4313 done chncxr vgg13 CHNCXR_0453_1 lime_budget_256 seed=0 0.59s
4314 done chncxr vgg13 CHNCXR_0453_1 rise_budget_1024 seed=2 4.99s
4315 done chncxr vgg13 CHNCXR_0453_1 lime_budget_512 seed=2 1.46s
4316 done chncxr vgg13 CHNCXR_0453_1 kernel_shap_budget_2048 seed=2 5.18s
4317 done chncxr vgg13 CHNCXR_0453_1 lime_budget_256 seed=2 0.81s
4318 done chncxr vgg13 CHNCXR_0453_1 kernel_shap_budget_512 seed=0 1.25s
4319 done chncxr vgg13 CHNCXR_0453_1 rise_budget_1024 seed=4 5.20s
4320 done chncxr vgg13 CHNCXR_0453_1 lime_budget_512 seed=1 1.35s
4321 done chncxr vgg13 CHNCXR_0453_1 kernel_shap_budget_1024 seed=3 2.44s
4322 done chncxr vgg13 CHNCXR_0453_1 lime_budget_1024 seed=3 2.62s
4323 done chncxr vgg13 CHNCXR_0453_1 rise_budget_512 seed=4 2.32s
4324 done chncxr vgg13 CHNCXR_0453_1 lime_budget_2048 seed=0 4.85s
4325 done chncxr vgg13 CHNCXR_0453_1 lime_budget_256 seed=1 0.70s
4326 done chncxr vgg13 CHNCXR_0453_1 kernel_shap_budget_512 seed=4 1.30s
4327 done chncxr vgg13 CHNCXR_0453_1 kernel_shap_budget_512 seed=3 1.31s
4328 done chncxr vgg13 CHNCXR_0453_1 lime_budget_512 seed=4 1.34s
4329 done chncxr vgg13 CHNCXR_0453_1 lime_budget_1024 seed=1 2.48s
4330 done chncxr vgg13 CHNCXR_0453_1 lime_budget_2048 seed=1 4.87s
4331 done chncxr vgg13 CHNCXR_0453_1 kernel_shap_budget_256 seed=0 0.58s
4332 done chncxr vgg13 CHNCXR_0468_1 lime_budget_2048 seed=4 4.57s
4333 done chncxr vgg13 CHNCXR_0468_1 rise_budget_256 seed=1 1.11s
4334 done chncxr vgg13 CHNCXR_0468_1 kernel_shap_budget_512 seed=3 1.14s
4335 done chncxr vgg13 CHNCXR_0468_1 lime_budget_256 seed=0 0.58s
4336 done chncxr vgg13 CHNCXR_0468_1 lime_budget_512 seed=3 1.17s
4337 done chncxr vgg13 CHNCXR_0468_1 rise_budget_2048 seed=3 10.66s
4338 done chncxr vgg13 CHNCXR_0468_1 lime_budget_256 seed=1 0.77s
4339 done chncxr vgg13 CHNCXR_0468_1 rise_budget_256 seed=0 1.41s
4340 done chncxr vgg13 CHNCXR_0468_1 rise_budget_2048 seed=2 10.13s
4341 done chncxr vgg13 CHNCXR_0468_1 kernel_shap_budget_2048 seed=1 4.98s
4342 done chncxr vgg13 CHNCXR_0468_1 kernel_shap_budget_512 seed=4 1.42s
4343 done chncxr vgg13 CHNCXR_0468_1 rise_budget_2048 seed=4 11.42s
4344 done chncxr vgg13 CHNCXR_0468_1 rise_budget_512 seed=2 2.67s
4345 done chncxr vgg13 CHNCXR_0468_1 rise_budget_256 seed=3 1.11s
4346 done chncxr vgg13 CHNCXR_0468_1 rise_budget_1024 seed=2 4.14s
4347 done chncxr vgg13 CHNCXR_0468_1 rise_budget_2048 seed=1 9.93s
4348 done chncxr vgg13 CHNCXR_0468_1 kernel_shap_budget_2048 seed=2 4.84s
4349 done chncxr vgg13 CHNCXR_0468_1 kernel_shap_budget_512 seed=2 1.26s
4350 done chncxr vgg13 CHNCXR_0468_1 rise_budget_1024 seed=0 4.57s
4351 done chncxr vgg13 CHNCXR_0468_1 kernel_shap_budget_256 seed=0 0.57s
4352 done chncxr vgg13 CHNCXR_0468_1 lime_budget_1024 seed=1 2.44s
4353 done chncxr vgg13 CHNCXR_0468_1 lime_budget_1024 seed=3 2.31s
4354 done chncxr vgg13 CHNCXR_0468_1 lime_budget_2048 seed=0 4.99s
4355 done chncxr vgg13 CHNCXR_0468_1 rise_budget_512 seed=4 2.56s
4356 done chncxr vgg13 CHNCXR_0468_1 rise_budget_2048 seed=0 10.57s
4357 done chncxr vgg13 CHNCXR_0468_1 lime_budget_512 seed=0 1.42s
4358 done chncxr vgg13 CHNCXR_0468_1 lime_budget_1024 seed=4 2.72s
4359 done chncxr vgg13 CHNCXR_0468_1 rise_budget_512 seed=3 2.54s
4360 done chncxr vgg13 CHNCXR_0468_1 lime_budget_512 seed=4 1.15s
4361 done chncxr vgg13 CHNCXR_0468_1 kernel_shap_budget_1024 seed=4 2.51s
4362 done chncxr vgg13 CHNCXR_0468_1 lime_budget_2048 seed=3 5.01s
4363 done chncxr vgg13 CHNCXR_0468_1 kernel_shap_budget_2048 seed=3 4.98s
4364 done chncxr vgg13 CHNCXR_0468_1 ablation_default seed=None 0.16s
4365 done chncxr vgg13 CHNCXR_0468_1 kernel_shap_budget_256 seed=3 0.56s
4366 done chncxr vgg13 CHNCXR_0468_1 kernel_shap_budget_1024 seed=0 2.25s
4367 done chncxr vgg13 CHNCXR_0468_1 lime_budget_256 seed=3 0.56s
4368 done chncxr vgg13 CHNCXR_0468_1 lime_budget_256 seed=4 0.58s
4369 done chncxr vgg13 CHNCXR_0468_1 rise_budget_256 seed=2 1.06s
4370 done chncxr vgg13 CHNCXR_0468_1 kernel_shap_budget_256 seed=1 0.64s
4371 done chncxr vgg13 CHNCXR_0468_1 kernel_shap_budget_2048 seed=0 4.75s
4372 done chncxr vgg13 CHNCXR_0468_1 rise_budget_256 seed=4 1.34s
4373 done chncxr vgg13 CHNCXR_0468_1 lime_budget_1024 seed=2 2.56s
4374 done chncxr vgg13 CHNCXR_0468_1 lime_budget_2048 seed=2 5.21s
4375 done chncxr vgg13 CHNCXR_0468_1 kernel_shap_budget_256 seed=4 0.67s
4376 done chncxr vgg13 CHNCXR_0468_1 rise_budget_1024 seed=3 4.92s
4377 done chncxr vgg13 CHNCXR_0468_1 kernel_shap_budget_1024 seed=3 2.32s
4378 done chncxr vgg13 CHNCXR_0468_1 lime_budget_2048 seed=1 4.56s
4379 done chncxr vgg13 CHNCXR_0468_1 kernel_shap_budget_256 seed=2 0.66s
4380 done chncxr vgg13 CHNCXR_0468_1 lime_budget_1024 seed=0 2.59s
4381 done chncxr vgg13 CHNCXR_0468_1 rise_budget_1024 seed=4 4.91s
4382 done chncxr vgg13 CHNCXR_0468_1 rise_budget_512 seed=1 1.98s
4383 done chncxr vgg13 CHNCXR_0468_1 kernel_shap_budget_2048 seed=4 4.57s
4384 done chncxr vgg13 CHNCXR_0468_1 lime_budget_512 seed=2 1.15s
4385 done chncxr vgg13 CHNCXR_0468_1 rise_budget_512 seed=0 2.46s
4386 done chncxr vgg13 CHNCXR_0468_1 kernel_shap_budget_1024 seed=1 2.50s
4387 done chncxr vgg13 CHNCXR_0468_1 kernel_shap_budget_512 seed=1 1.39s
4388 done chncxr vgg13 CHNCXR_0468_1 kernel_shap_budget_512 seed=0 1.36s
4389 done chncxr vgg13 CHNCXR_0468_1 lime_budget_512 seed=1 1.26s
4390 done chncxr vgg13 CHNCXR_0468_1 lime_budget_256 seed=2 0.72s
4391 done chncxr vgg13 CHNCXR_0468_1 rise_budget_1024 seed=1 5.16s
4392 done chncxr vgg13 CHNCXR_0468_1 kernel_shap_budget_1024 seed=2 2.32s
4393 done chncxr vgg13 CHNCXR_0479_1 ablation_default seed=None 0.19s
4394 done chncxr vgg13 CHNCXR_0479_1 kernel_shap_budget_256 seed=2 0.68s
4395 done chncxr vgg13 CHNCXR_0479_1 rise_budget_256 seed=2 1.21s
4396 done chncxr vgg13 CHNCXR_0479_1 lime_budget_512 seed=3 1.27s
4397 done chncxr vgg13 CHNCXR_0479_1 kernel_shap_budget_512 seed=2 1.28s
4398 done chncxr vgg13 CHNCXR_0479_1 kernel_shap_budget_2048 seed=2 4.99s
4399 done chncxr vgg13 CHNCXR_0479_1 kernel_shap_budget_1024 seed=4 2.53s
4400 done chncxr vgg13 CHNCXR_0479_1 rise_budget_512 seed=1 2.32s
4401 done chncxr vgg13 CHNCXR_0479_1 lime_budget_256 seed=2 0.67s
4402 done chncxr vgg13 CHNCXR_0479_1 lime_budget_1024 seed=3 2.32s
4403 done chncxr vgg13 CHNCXR_0479_1 lime_budget_512 seed=0 1.18s
4404 done chncxr vgg13 CHNCXR_0479_1 rise_budget_256 seed=1 1.13s
4405 done chncxr vgg13 CHNCXR_0479_1 rise_budget_256 seed=4 0.95s
4406 done chncxr vgg13 CHNCXR_0479_1 kernel_shap_budget_1024 seed=1 2.44s
4407 done chncxr vgg13 CHNCXR_0479_1 kernel_shap_budget_1024 seed=0 2.43s
4408 done chncxr vgg13 CHNCXR_0479_1 lime_budget_1024 seed=4 2.74s
4409 done chncxr vgg13 CHNCXR_0479_1 lime_budget_2048 seed=0 5.26s
4410 done chncxr vgg13 CHNCXR_0479_1 rise_budget_512 seed=2 2.80s
4411 done chncxr vgg13 CHNCXR_0479_1 lime_budget_2048 seed=4 5.07s
4412 done chncxr vgg13 CHNCXR_0479_1 rise_budget_256 seed=0 1.24s
4413 done chncxr vgg13 CHNCXR_0479_1 kernel_shap_budget_2048 seed=0 4.91s
4414 done chncxr vgg13 CHNCXR_0479_1 rise_budget_1024 seed=1 4.73s
4415 done chncxr vgg13 CHNCXR_0479_1 kernel_shap_budget_256 seed=4 0.61s
4416 done chncxr vgg13 CHNCXR_0479_1 lime_budget_256 seed=1 0.67s
4417 done chncxr vgg13 CHNCXR_0479_1 kernel_shap_budget_1024 seed=2 2.34s
4418 done chncxr vgg13 CHNCXR_0479_1 kernel_shap_budget_512 seed=0 1.17s
4419 done chncxr vgg13 CHNCXR_0479_1 kernel_shap_budget_512 seed=1 1.19s
4420 done chncxr vgg13 CHNCXR_0479_1 kernel_shap_budget_512 seed=3 1.20s
4421 done chncxr vgg13 CHNCXR_0479_1 rise_budget_1024 seed=0 4.50s
4422 done chncxr vgg13 CHNCXR_0479_1 lime_budget_256 seed=3 0.58s
4423 done chncxr vgg13 CHNCXR_0479_1 rise_budget_512 seed=3 2.38s
4424 done chncxr vgg13 CHNCXR_0479_1 rise_budget_1024 seed=3 5.26s
4425 done chncxr vgg13 CHNCXR_0479_1 rise_budget_2048 seed=2 10.14s
4426 done chncxr vgg13 CHNCXR_0479_1 rise_budget_2048 seed=0 9.45s
4427 done chncxr vgg13 CHNCXR_0479_1 lime_budget_512 seed=1 1.49s
4428 done chncxr vgg13 CHNCXR_0479_1 lime_budget_512 seed=2 1.41s
4429 done chncxr vgg13 CHNCXR_0479_1 kernel_shap_budget_256 seed=1 0.68s
4430 done chncxr vgg13 CHNCXR_0479_1 rise_budget_512 seed=0 2.78s
4431 done chncxr vgg13 CHNCXR_0479_1 lime_budget_512 seed=4 1.17s
4432 done chncxr vgg13 CHNCXR_0479_1 lime_budget_256 seed=4 0.60s
4433 done chncxr vgg13 CHNCXR_0479_1 rise_budget_2048 seed=3 10.42s
4434 done chncxr vgg13 CHNCXR_0479_1 kernel_shap_budget_2048 seed=3 4.68s
4435 done chncxr vgg13 CHNCXR_0479_1 rise_budget_2048 seed=1 9.88s
4436 done chncxr vgg13 CHNCXR_0479_1 lime_budget_1024 seed=0 2.59s
4437 done chncxr vgg13 CHNCXR_0479_1 rise_budget_256 seed=3 1.11s
4438 done chncxr vgg13 CHNCXR_0479_1 rise_budget_512 seed=4 1.69s
4439 done chncxr vgg13 CHNCXR_0479_1 rise_budget_1024 seed=2 4.37s
4440 done chncxr vgg13 CHNCXR_0479_1 kernel_shap_budget_2048 seed=4 4.64s
4441 done chncxr vgg13 CHNCXR_0479_1 kernel_shap_budget_1024 seed=3 2.47s
4442 done chncxr vgg13 CHNCXR_0479_1 kernel_shap_budget_256 seed=0 0.57s
4443 done chncxr vgg13 CHNCXR_0479_1 kernel_shap_budget_2048 seed=1 4.52s
4444 done chncxr vgg13 CHNCXR_0479_1 rise_budget_2048 seed=4 10.59s
4445 done chncxr vgg13 CHNCXR_0479_1 lime_budget_256 seed=0 0.67s
4446 done chncxr vgg13 CHNCXR_0479_1 lime_budget_1024 seed=1 2.58s
4447 done chncxr vgg13 CHNCXR_0479_1 lime_budget_2048 seed=2 4.98s
4448 done chncxr vgg13 CHNCXR_0479_1 kernel_shap_budget_256 seed=3 0.57s
4449 done chncxr vgg13 CHNCXR_0479_1 rise_budget_1024 seed=4 3.72s
4450 done chncxr vgg13 CHNCXR_0479_1 lime_budget_1024 seed=2 2.43s
4451 done chncxr vgg13 CHNCXR_0479_1 lime_budget_2048 seed=1 5.10s
4452 done chncxr vgg13 CHNCXR_0479_1 lime_budget_2048 seed=3 5.09s
4453 done chncxr vgg13 CHNCXR_0479_1 kernel_shap_budget_512 seed=4 1.24s
4454 done chncxr vgg13 CHNCXR_0481_1 lime_budget_512 seed=0 1.42s
4455 done chncxr vgg13 CHNCXR_0481_1 kernel_shap_budget_256 seed=2 0.64s
4456 done chncxr vgg13 CHNCXR_0481_1 kernel_shap_budget_1024 seed=0 2.28s
4457 done chncxr vgg13 CHNCXR_0481_1 lime_budget_512 seed=2 1.18s
4458 done chncxr vgg13 CHNCXR_0481_1 lime_budget_512 seed=4 1.25s
4459 done chncxr vgg13 CHNCXR_0481_1 ablation_default seed=None 0.19s
4460 done chncxr vgg13 CHNCXR_0481_1 kernel_shap_budget_2048 seed=1 5.01s
4461 done chncxr vgg13 CHNCXR_0481_1 lime_budget_256 seed=3 0.69s
4462 done chncxr vgg13 CHNCXR_0481_1 rise_budget_1024 seed=0 4.38s
4463 done chncxr vgg13 CHNCXR_0481_1 kernel_shap_budget_2048 seed=4 4.72s
4464 done chncxr vgg13 CHNCXR_0481_1 rise_budget_512 seed=3 2.44s
4465 done chncxr vgg13 CHNCXR_0481_1 lime_budget_512 seed=3 1.39s
4466 done chncxr vgg13 CHNCXR_0481_1 rise_budget_256 seed=0 1.23s
4467 done chncxr vgg13 CHNCXR_0481_1 kernel_shap_budget_1024 seed=4 2.54s
4468 done chncxr vgg13 CHNCXR_0481_1 kernel_shap_budget_512 seed=1 1.29s
4469 done chncxr vgg13 CHNCXR_0481_1 lime_budget_1024 seed=4 2.60s
4470 done chncxr vgg13 CHNCXR_0481_1 lime_budget_1024 seed=0 2.81s
4471 done chncxr vgg13 CHNCXR_0481_1 lime_budget_1024 seed=1 2.51s
4472 done chncxr vgg13 CHNCXR_0481_1 rise_budget_256 seed=3 1.38s
4473 done chncxr vgg13 CHNCXR_0481_1 kernel_shap_budget_1024 seed=2 2.35s
4474 done chncxr vgg13 CHNCXR_0481_1 rise_budget_2048 seed=3 9.03s
4475 done chncxr vgg13 CHNCXR_0481_1 kernel_shap_budget_256 seed=4 0.62s
4476 done chncxr vgg13 CHNCXR_0481_1 rise_budget_2048 seed=4 9.98s
4477 done chncxr vgg13 CHNCXR_0481_1 kernel_shap_budget_256 seed=3 0.56s
4478 done chncxr vgg13 CHNCXR_0481_1 kernel_shap_budget_1024 seed=1 2.21s
4479 done chncxr vgg13 CHNCXR_0481_1 rise_budget_256 seed=4 1.09s
4480 done chncxr vgg13 CHNCXR_0481_1 rise_budget_1024 seed=3 4.74s
4481 done chncxr vgg13 CHNCXR_0481_1 lime_budget_2048 seed=2 4.87s
4482 done chncxr vgg13 CHNCXR_0481_1 rise_budget_1024 seed=4 5.09s
4483 done chncxr vgg13 CHNCXR_0481_1 kernel_shap_budget_2048 seed=2 4.87s
4484 done chncxr vgg13 CHNCXR_0481_1 lime_budget_1024 seed=3 2.44s
4485 done chncxr vgg13 CHNCXR_0481_1 kernel_shap_budget_1024 seed=3 2.25s
4486 done chncxr vgg13 CHNCXR_0481_1 lime_budget_256 seed=2 0.77s
4487 done chncxr vgg13 CHNCXR_0481_1 lime_budget_2048 seed=0 4.70s
4488 done chncxr vgg13 CHNCXR_0481_1 rise_budget_2048 seed=0 9.48s
4489 done chncxr vgg13 CHNCXR_0481_1 kernel_shap_budget_2048 seed=0 4.91s
4490 done chncxr vgg13 CHNCXR_0481_1 lime_budget_256 seed=4 0.64s
4491 done chncxr vgg13 CHNCXR_0481_1 kernel_shap_budget_512 seed=0 1.25s
4492 done chncxr vgg13 CHNCXR_0481_1 lime_budget_2048 seed=3 5.04s
4493 done chncxr vgg13 CHNCXR_0481_1 lime_budget_1024 seed=2 2.56s
4494 done chncxr vgg13 CHNCXR_0481_1 lime_budget_2048 seed=1 5.03s
4495 done chncxr vgg13 CHNCXR_0481_1 lime_budget_256 seed=0 0.63s
4496 done chncxr vgg13 CHNCXR_0481_1 lime_budget_256 seed=1 0.67s
4497 done chncxr vgg13 CHNCXR_0481_1 kernel_shap_budget_2048 seed=3 4.52s
4498 done chncxr vgg13 CHNCXR_0481_1 rise_budget_2048 seed=2 9.09s
4499 done chncxr vgg13 CHNCXR_0481_1 rise_budget_1024 seed=2 4.62s
4500 done chncxr vgg13 CHNCXR_0481_1 lime_budget_512 seed=1 1.10s
4501 done chncxr vgg13 CHNCXR_0481_1 rise_budget_512 seed=1 2.48s
4502 done chncxr vgg13 CHNCXR_0481_1 rise_budget_256 seed=2 1.17s
4503 done chncxr vgg13 CHNCXR_0481_1 lime_budget_2048 seed=4 4.87s
4504 done chncxr vgg13 CHNCXR_0481_1 rise_budget_256 seed=1 1.24s
4505 done chncxr vgg13 CHNCXR_0481_1 kernel_shap_budget_256 seed=0 0.66s
4506 done chncxr vgg13 CHNCXR_0481_1 kernel_shap_budget_512 seed=2 1.25s
4507 done chncxr vgg13 CHNCXR_0481_1 rise_budget_2048 seed=1 9.54s
4508 done chncxr vgg13 CHNCXR_0481_1 rise_budget_512 seed=0 2.16s
4509 done chncxr vgg13 CHNCXR_0481_1 kernel_shap_budget_512 seed=4 1.10s
4510 done chncxr vgg13 CHNCXR_0481_1 rise_budget_512 seed=2 2.35s
4511 done chncxr vgg13 CHNCXR_0481_1 rise_budget_1024 seed=1 4.71s
4512 done chncxr vgg13 CHNCXR_0481_1 kernel_shap_budget_512 seed=3 1.10s
4513 done chncxr vgg13 CHNCXR_0481_1 rise_budget_512 seed=4 2.22s
4514 done chncxr vgg13 CHNCXR_0481_1 kernel_shap_budget_256 seed=1 0.55s
4515 done chncxr vgg13 CHNCXR_0503_1 rise_budget_512 seed=0 2.24s
4516 done chncxr vgg13 CHNCXR_0503_1 rise_budget_1024 seed=1 4.84s
4517 done chncxr vgg13 CHNCXR_0503_1 rise_budget_1024 seed=3 4.93s
4518 done chncxr vgg13 CHNCXR_0503_1 lime_budget_256 seed=0 0.65s
4519 done chncxr vgg13 CHNCXR_0503_1 kernel_shap_budget_512 seed=4 1.10s
4520 done chncxr vgg13 CHNCXR_0503_1 lime_budget_512 seed=3 1.34s
4521 done chncxr vgg13 CHNCXR_0503_1 kernel_shap_budget_256 seed=4 0.64s
4522 done chncxr vgg13 CHNCXR_0503_1 ablation_default seed=None 0.20s
4523 done chncxr vgg13 CHNCXR_0503_1 rise_budget_2048 seed=2 9.84s
4524 done chncxr vgg13 CHNCXR_0503_1 kernel_shap_budget_256 seed=3 0.57s
4525 done chncxr vgg13 CHNCXR_0503_1 kernel_shap_budget_2048 seed=1 4.84s
4526 done chncxr vgg13 CHNCXR_0503_1 rise_budget_2048 seed=3 9.44s
4527 done chncxr vgg13 CHNCXR_0503_1 rise_budget_256 seed=1 1.09s
4528 done chncxr vgg13 CHNCXR_0503_1 lime_budget_256 seed=1 0.61s
4529 done chncxr vgg13 CHNCXR_0503_1 lime_budget_512 seed=2 1.17s
4530 done chncxr vgg13 CHNCXR_0503_1 lime_budget_512 seed=1 1.17s
4531 done chncxr vgg13 CHNCXR_0503_1 kernel_shap_budget_1024 seed=0 2.46s
4532 done chncxr vgg13 CHNCXR_0503_1 rise_budget_256 seed=4 1.32s
4533 done chncxr vgg13 CHNCXR_0503_1 lime_budget_2048 seed=1 4.96s
4534 done chncxr vgg13 CHNCXR_0503_1 lime_budget_1024 seed=4 2.31s
4535 done chncxr vgg13 CHNCXR_0503_1 lime_budget_512 seed=4 1.23s
4536 done chncxr vgg13 CHNCXR_0503_1 lime_budget_2048 seed=4 4.77s
4537 done chncxr vgg13 CHNCXR_0503_1 kernel_shap_budget_256 seed=0 0.57s
4538 done chncxr vgg13 CHNCXR_0503_1 kernel_shap_budget_512 seed=2 1.11s
4539 done chncxr vgg13 CHNCXR_0503_1 kernel_shap_budget_1024 seed=3 2.20s
4540 done chncxr vgg13 CHNCXR_0503_1 kernel_shap_budget_256 seed=1 0.60s
4541 done chncxr vgg13 CHNCXR_0503_1 rise_budget_512 seed=2 2.49s
4542 done chncxr vgg13 CHNCXR_0503_1 kernel_shap_budget_512 seed=1 1.11s
4543 done chncxr vgg13 CHNCXR_0503_1 kernel_shap_budget_1024 seed=4 2.15s
4544 done chncxr vgg13 CHNCXR_0503_1 rise_budget_1024 seed=4 4.64s
4545 done chncxr vgg13 CHNCXR_0503_1 rise_budget_256 seed=0 1.16s
4546 done chncxr vgg13 CHNCXR_0503_1 lime_budget_256 seed=3 0.57s
4547 done chncxr vgg13 CHNCXR_0503_1 kernel_shap_budget_512 seed=3 1.13s
4548 done chncxr vgg13 CHNCXR_0503_1 lime_budget_1024 seed=2 2.25s
4549 done chncxr vgg13 CHNCXR_0503_1 rise_budget_2048 seed=1 9.81s
4550 done chncxr vgg13 CHNCXR_0503_1 lime_budget_256 seed=2 0.77s
4551 done chncxr vgg13 CHNCXR_0503_1 rise_budget_2048 seed=4 9.85s
4552 done chncxr vgg13 CHNCXR_0503_1 rise_budget_512 seed=3 2.32s
4553 done chncxr vgg13 CHNCXR_0503_1 kernel_shap_budget_2048 seed=3 4.59s
4554 done chncxr vgg13 CHNCXR_0503_1 rise_budget_1024 seed=2 4.67s
4555 done chncxr vgg13 CHNCXR_0503_1 rise_budget_512 seed=4 2.31s
4556 done chncxr vgg13 CHNCXR_0503_1 rise_budget_512 seed=1 2.27s
4557 done chncxr vgg13 CHNCXR_0503_1 lime_budget_2048 seed=2 4.42s
4558 done chncxr vgg13 CHNCXR_0503_1 lime_budget_1024 seed=1 2.27s
4559 done chncxr vgg13 CHNCXR_0503_1 kernel_shap_budget_2048 seed=2 4.40s
4560 done chncxr vgg13 CHNCXR_0503_1 lime_budget_1024 seed=0 2.25s
4561 done chncxr vgg13 CHNCXR_0503_1 rise_budget_2048 seed=0 8.52s
4562 done chncxr vgg13 CHNCXR_0503_1 kernel_shap_budget_2048 seed=0 4.35s
4563 done chncxr vgg13 CHNCXR_0503_1 rise_budget_1024 seed=0 4.26s
4564 done chncxr vgg13 CHNCXR_0503_1 kernel_shap_budget_256 seed=2 0.58s
4565 done chncxr vgg13 CHNCXR_0503_1 kernel_shap_budget_1024 seed=2 2.25s
4566 done chncxr vgg13 CHNCXR_0503_1 kernel_shap_budget_1024 seed=1 2.28s
4567 done chncxr vgg13 CHNCXR_0503_1 lime_budget_2048 seed=0 4.72s
4568 done chncxr vgg13 CHNCXR_0503_1 lime_budget_512 seed=0 1.27s
4569 done chncxr vgg13 CHNCXR_0503_1 lime_budget_256 seed=4 0.60s
4570 done chncxr vgg13 CHNCXR_0503_1 rise_budget_256 seed=2 1.11s
4571 done chncxr vgg13 CHNCXR_0503_1 kernel_shap_budget_512 seed=0 1.16s
4572 done chncxr vgg13 CHNCXR_0503_1 kernel_shap_budget_2048 seed=4 4.42s
4573 done chncxr vgg13 CHNCXR_0503_1 lime_budget_2048 seed=3 4.57s
4574 done chncxr vgg13 CHNCXR_0503_1 rise_budget_256 seed=3 0.84s
4575 done chncxr vgg13 CHNCXR_0503_1 lime_budget_1024 seed=3 2.27s
4576 done chncxr vgg13 CHNCXR_0518_1 rise_budget_1024 seed=4 3.80s
4577 done chncxr vgg13 CHNCXR_0518_1 kernel_shap_budget_1024 seed=0 2.27s
4578 done chncxr vgg13 CHNCXR_0518_1 lime_budget_1024 seed=4 2.27s
4579 done chncxr vgg13 CHNCXR_0518_1 lime_budget_2048 seed=2 4.47s
4580 done chncxr vgg13 CHNCXR_0518_1 lime_budget_1024 seed=0 2.29s
4581 done chncxr vgg13 CHNCXR_0518_1 kernel_shap_budget_1024 seed=3 2.20s
4582 done chncxr vgg13 CHNCXR_0518_1 rise_budget_2048 seed=4 9.21s
4583 done chncxr vgg13 CHNCXR_0518_1 lime_budget_1024 seed=1 2.29s
4584 done chncxr vgg13 CHNCXR_0518_1 rise_budget_1024 seed=2 4.73s
4585 done chncxr vgg13 CHNCXR_0518_1 lime_budget_512 seed=2 1.23s
4586 done chncxr vgg13 CHNCXR_0518_1 kernel_shap_budget_1024 seed=1 2.18s
4587 done chncxr vgg13 CHNCXR_0518_1 lime_budget_256 seed=2 0.55s
4588 done chncxr vgg13 CHNCXR_0518_1 lime_budget_2048 seed=4 4.34s
4589 done chncxr vgg13 CHNCXR_0518_1 rise_budget_1024 seed=0 4.46s
4590 done chncxr vgg13 CHNCXR_0518_1 rise_budget_256 seed=1 0.94s
4591 done chncxr vgg13 CHNCXR_0518_1 lime_budget_2048 seed=1 4.38s
4592 done chncxr vgg13 CHNCXR_0518_1 lime_budget_512 seed=4 1.10s
4593 done chncxr vgg13 CHNCXR_0518_1 kernel_shap_budget_1024 seed=4 2.18s
4594 done chncxr vgg13 CHNCXR_0518_1 rise_budget_512 seed=1 2.40s
4595 done chncxr vgg13 CHNCXR_0518_1 rise_budget_512 seed=4 2.21s
4596 done chncxr vgg13 CHNCXR_0518_1 kernel_shap_budget_2048 seed=3 4.34s
4597 done chncxr vgg13 CHNCXR_0518_1 rise_budget_256 seed=3 1.16s
4598 done chncxr vgg13 CHNCXR_0518_1 kernel_shap_budget_2048 seed=1 4.36s
4599 done chncxr vgg13 CHNCXR_0518_1 kernel_shap_budget_2048 seed=4 4.43s
4600 done chncxr vgg13 CHNCXR_0518_1 ablation_default seed=None 0.15s
4601 done chncxr vgg13 CHNCXR_0518_1 lime_budget_2048 seed=3 4.26s
4602 done chncxr vgg13 CHNCXR_0518_1 kernel_shap_budget_2048 seed=2 4.40s
4603 done chncxr vgg13 CHNCXR_0518_1 kernel_shap_budget_512 seed=2 1.13s
4604 done chncxr vgg13 CHNCXR_0518_1 lime_budget_1024 seed=3 2.14s
4605 done chncxr vgg13 CHNCXR_0518_1 kernel_shap_budget_2048 seed=0 4.41s
4606 done chncxr vgg13 CHNCXR_0518_1 kernel_shap_budget_256 seed=1 0.56s
4607 done chncxr vgg13 CHNCXR_0518_1 lime_budget_256 seed=1 0.61s
4608 done chncxr vgg13 CHNCXR_0518_1 lime_budget_256 seed=0 0.60s
4609 done chncxr vgg13 CHNCXR_0518_1 kernel_shap_budget_512 seed=3 1.11s
4610 done chncxr vgg13 CHNCXR_0518_1 lime_budget_512 seed=3 1.19s
4611 done chncxr vgg13 CHNCXR_0518_1 rise_budget_256 seed=4 1.14s
4612 done chncxr vgg13 CHNCXR_0518_1 rise_budget_512 seed=2 2.31s
4613 done chncxr vgg13 CHNCXR_0518_1 lime_budget_256 seed=3 0.55s
4614 done chncxr vgg13 CHNCXR_0518_1 lime_budget_512 seed=0 1.09s
4615 done chncxr vgg13 CHNCXR_0518_1 rise_budget_512 seed=3 2.22s
4616 done chncxr vgg13 CHNCXR_0518_1 rise_budget_1024 seed=1 4.50s
4617 done chncxr vgg13 CHNCXR_0518_1 rise_budget_2048 seed=0 9.05s
4618 done chncxr vgg13 CHNCXR_0518_1 lime_budget_2048 seed=0 4.48s
4619 done chncxr vgg13 CHNCXR_0518_1 lime_budget_256 seed=4 0.61s
4620 done chncxr vgg13 CHNCXR_0518_1 rise_budget_256 seed=2 1.17s
4621 done chncxr vgg13 CHNCXR_0518_1 rise_budget_2048 seed=1 9.05s
4622 done chncxr vgg13 CHNCXR_0518_1 rise_budget_256 seed=0 0.83s
4623 done chncxr vgg13 CHNCXR_0518_1 rise_budget_512 seed=0 1.94s
4624 done chncxr vgg13 CHNCXR_0518_1 kernel_shap_budget_512 seed=0 1.15s
4625 done chncxr vgg13 CHNCXR_0518_1 lime_budget_1024 seed=2 2.23s
4626 done chncxr vgg13 CHNCXR_0518_1 kernel_shap_budget_256 seed=0 0.57s
4627 done chncxr vgg13 CHNCXR_0518_1 kernel_shap_budget_512 seed=1 1.13s
4628 done chncxr vgg13 CHNCXR_0518_1 lime_budget_512 seed=1 1.17s
4629 done chncxr vgg13 CHNCXR_0518_1 kernel_shap_budget_512 seed=4 1.11s
4630 done chncxr vgg13 CHNCXR_0518_1 kernel_shap_budget_256 seed=2 0.56s
4631 done chncxr vgg13 CHNCXR_0518_1 rise_budget_2048 seed=2 8.22s
4632 done chncxr vgg13 CHNCXR_0518_1 rise_budget_1024 seed=3 3.29s
4633 done chncxr vgg13 CHNCXR_0518_1 kernel_shap_budget_1024 seed=2 2.19s
4634 done chncxr vgg13 CHNCXR_0518_1 kernel_shap_budget_256 seed=3 0.55s
4635 done chncxr vgg13 CHNCXR_0518_1 rise_budget_2048 seed=3 9.23s
4636 done chncxr vgg13 CHNCXR_0518_1 kernel_shap_budget_256 seed=4 0.56s
4637 done chncxr vgg13 CHNCXR_0525_1 lime_budget_256 seed=2 0.61s
4638 done chncxr vgg13 CHNCXR_0525_1 kernel_shap_budget_256 seed=3 0.56s
4639 done chncxr vgg13 CHNCXR_0525_1 lime_budget_256 seed=3 0.66s
4640 done chncxr vgg13 CHNCXR_0525_1 rise_budget_2048 seed=2 9.37s
4641 done chncxr vgg13 CHNCXR_0525_1 rise_budget_256 seed=1 1.17s
4642 done chncxr vgg13 CHNCXR_0525_1 lime_budget_2048 seed=4 4.41s
4643 done chncxr vgg13 CHNCXR_0525_1 rise_budget_1024 seed=4 4.47s
4644 done chncxr vgg13 CHNCXR_0525_1 kernel_shap_budget_2048 seed=1 4.34s
4645 done chncxr vgg13 CHNCXR_0525_1 lime_budget_1024 seed=1 2.19s
4646 done chncxr vgg13 CHNCXR_0525_1 lime_budget_2048 seed=3 4.29s
4647 done chncxr vgg13 CHNCXR_0525_1 rise_budget_512 seed=3 2.36s
4648 done chncxr vgg13 CHNCXR_0525_1 kernel_shap_budget_2048 seed=0 4.33s
4649 done chncxr vgg13 CHNCXR_0525_1 lime_budget_512 seed=4 1.10s
4650 done chncxr vgg13 CHNCXR_0525_1 rise_budget_1024 seed=3 4.48s
4651 done chncxr vgg13 CHNCXR_0525_1 kernel_shap_budget_1024 seed=1 2.17s
4652 done chncxr vgg13 CHNCXR_0525_1 lime_budget_512 seed=0 1.09s
4653 done chncxr vgg13 CHNCXR_0525_1 kernel_shap_budget_256 seed=0 0.61s
4654 done chncxr vgg13 CHNCXR_0525_1 rise_budget_256 seed=3 1.09s
4655 done chncxr vgg13 CHNCXR_0525_1 lime_budget_1024 seed=3 2.24s
4656 done chncxr vgg13 CHNCXR_0525_1 kernel_shap_budget_512 seed=2 1.12s
4657 done chncxr vgg13 CHNCXR_0525_1 lime_budget_256 seed=0 0.58s
4658 done chncxr vgg13 CHNCXR_0525_1 kernel_shap_budget_256 seed=4 0.58s
4659 done chncxr vgg13 CHNCXR_0525_1 lime_budget_512 seed=1 1.15s
4660 done chncxr vgg13 CHNCXR_0525_1 rise_budget_1024 seed=2 3.64s
4661 done chncxr vgg13 CHNCXR_0525_1 rise_budget_1024 seed=1 4.10s
4662 done chncxr vgg13 CHNCXR_0525_1 lime_budget_1024 seed=0 2.28s
4663 done chncxr vgg13 CHNCXR_0525_1 lime_budget_2048 seed=0 4.65s
4664 done chncxr vgg13 CHNCXR_0525_1 lime_budget_1024 seed=4 2.27s
4665 done chncxr vgg13 CHNCXR_0525_1 rise_budget_256 seed=2 1.16s
4666 done chncxr vgg13 CHNCXR_0525_1 lime_budget_2048 seed=2 4.66s
4667 done chncxr vgg13 CHNCXR_0525_1 kernel_shap_budget_2048 seed=3 4.55s
4668 done chncxr vgg13 CHNCXR_0525_1 kernel_shap_budget_512 seed=3 1.14s
4669 done chncxr vgg13 CHNCXR_0525_1 lime_budget_512 seed=2 1.14s
4670 done chncxr vgg13 CHNCXR_0525_1 kernel_shap_budget_1024 seed=2 2.40s
4671 done chncxr vgg13 CHNCXR_0525_1 lime_budget_256 seed=1 0.70s
4672 done chncxr vgg13 CHNCXR_0525_1 lime_budget_1024 seed=2 2.26s
4673 done chncxr vgg13 CHNCXR_0525_1 kernel_shap_budget_2048 seed=4 4.52s
4674 done chncxr vgg13 CHNCXR_0525_1 rise_budget_2048 seed=3 8.43s
4675 done chncxr vgg13 CHNCXR_0525_1 kernel_shap_budget_512 seed=0 1.12s
4676 done chncxr vgg13 CHNCXR_0525_1 rise_budget_2048 seed=1 9.45s
4677 done chncxr vgg13 CHNCXR_0525_1 kernel_shap_budget_512 seed=1 1.13s
4678 done chncxr vgg13 CHNCXR_0525_1 kernel_shap_budget_1024 seed=3 2.20s
4679 done chncxr vgg13 CHNCXR_0525_1 rise_budget_512 seed=0 2.25s
4680 done chncxr vgg13 CHNCXR_0525_1 lime_budget_2048 seed=1 4.36s
4681 done chncxr vgg13 CHNCXR_0525_1 kernel_shap_budget_512 seed=4 1.09s
4682 done chncxr vgg13 CHNCXR_0525_1 kernel_shap_budget_256 seed=1 0.56s
4683 done chncxr vgg13 CHNCXR_0525_1 rise_budget_2048 seed=0 9.13s
4684 done chncxr vgg13 CHNCXR_0525_1 rise_budget_256 seed=4 1.06s
4685 done chncxr vgg13 CHNCXR_0525_1 ablation_default seed=None 0.17s
4686 done chncxr vgg13 CHNCXR_0525_1 kernel_shap_budget_1024 seed=4 2.26s
4687 done chncxr vgg13 CHNCXR_0525_1 rise_budget_256 seed=0 1.16s
4688 done chncxr vgg13 CHNCXR_0525_1 kernel_shap_budget_256 seed=2 0.61s
4689 done chncxr vgg13 CHNCXR_0525_1 rise_budget_2048 seed=4 8.96s
4690 done chncxr vgg13 CHNCXR_0525_1 lime_budget_512 seed=3 1.13s
4691 done chncxr vgg13 CHNCXR_0525_1 kernel_shap_budget_1024 seed=0 2.18s
4692 done chncxr vgg13 CHNCXR_0525_1 kernel_shap_budget_2048 seed=2 4.36s
4693 done chncxr vgg13 CHNCXR_0525_1 rise_budget_512 seed=4 2.38s
4694 done chncxr vgg13 CHNCXR_0525_1 rise_budget_1024 seed=0 4.73s
4695 done chncxr vgg13 CHNCXR_0525_1 lime_budget_256 seed=4 0.64s
4696 done chncxr vgg13 CHNCXR_0525_1 rise_budget_512 seed=2 2.24s
4697 done chncxr vgg13 CHNCXR_0525_1 rise_budget_512 seed=1 2.35s
4698 done chncxr vgg13 CHNCXR_0538_1 lime_budget_256 seed=3 0.56s
4699 done chncxr vgg13 CHNCXR_0538_1 rise_budget_1024 seed=0 4.28s
4700 done chncxr vgg13 CHNCXR_0538_1 rise_budget_1024 seed=1 4.73s
4701 done chncxr vgg13 CHNCXR_0538_1 kernel_shap_budget_256 seed=1 0.55s
4702 done chncxr vgg13 CHNCXR_0538_1 kernel_shap_budget_1024 seed=4 2.20s
4703 done chncxr vgg13 CHNCXR_0538_1 kernel_shap_budget_256 seed=3 0.56s
4704 done chncxr vgg13 CHNCXR_0538_1 kernel_shap_budget_256 seed=4 0.57s
4705 done chncxr vgg13 CHNCXR_0538_1 rise_budget_512 seed=1 2.40s
4706 done chncxr vgg13 CHNCXR_0538_1 rise_budget_256 seed=4 1.12s
4707 done chncxr vgg13 CHNCXR_0538_1 rise_budget_2048 seed=0 9.21s
4708 done chncxr vgg13 CHNCXR_0538_1 lime_budget_2048 seed=2 4.44s
4709 done chncxr vgg13 CHNCXR_0538_1 kernel_shap_budget_512 seed=0 1.15s
4710 done chncxr vgg13 CHNCXR_0538_1 kernel_shap_budget_1024 seed=3 2.24s
4711 done chncxr vgg13 CHNCXR_0538_1 lime_budget_256 seed=2 0.62s
4712 done chncxr vgg13 CHNCXR_0538_1 lime_budget_1024 seed=4 2.33s
4713 done chncxr vgg13 CHNCXR_0538_1 rise_budget_256 seed=1 1.16s
4714 done chncxr vgg13 CHNCXR_0538_1 rise_budget_256 seed=3 1.11s
4715 done chncxr vgg13 CHNCXR_0538_1 kernel_shap_budget_2048 seed=4 4.52s
4716 done chncxr vgg13 CHNCXR_0538_1 rise_budget_2048 seed=1 9.08s
4717 done chncxr vgg13 CHNCXR_0538_1 lime_budget_1024 seed=2 2.19s
4718 done chncxr vgg13 CHNCXR_0538_1 lime_budget_2048 seed=1 4.38s
4719 done chncxr vgg13 CHNCXR_0538_1 kernel_shap_budget_1024 seed=0 2.22s
4720 done chncxr vgg13 CHNCXR_0538_1 kernel_shap_budget_1024 seed=1 2.23s
4721 done chncxr vgg13 CHNCXR_0538_1 lime_budget_512 seed=4 1.11s
4722 done chncxr vgg13 CHNCXR_0538_1 lime_budget_2048 seed=3 4.62s
4723 done chncxr vgg13 CHNCXR_0538_1 lime_budget_1024 seed=0 2.33s
4724 done chncxr vgg13 CHNCXR_0538_1 kernel_shap_budget_2048 seed=2 4.45s
4725 done chncxr vgg13 CHNCXR_0538_1 lime_budget_1024 seed=1 2.29s
4726 done chncxr vgg13 CHNCXR_0538_1 kernel_shap_budget_256 seed=2 0.55s
4727 done chncxr vgg13 CHNCXR_0538_1 kernel_shap_budget_1024 seed=2 2.18s
4728 done chncxr vgg13 CHNCXR_0538_1 lime_budget_512 seed=1 1.08s
4729 done chncxr vgg13 CHNCXR_0538_1 kernel_shap_budget_512 seed=1 1.09s
4730 done chncxr vgg13 CHNCXR_0538_1 lime_budget_256 seed=4 0.55s
4731 done chncxr vgg13 CHNCXR_0538_1 lime_budget_256 seed=1 0.54s
4732 done chncxr vgg13 CHNCXR_0538_1 kernel_shap_budget_2048 seed=1 4.23s
4733 done chncxr vgg13 CHNCXR_0538_1 kernel_shap_budget_2048 seed=3 4.33s
4734 done chncxr vgg13 CHNCXR_0538_1 rise_budget_256 seed=0 1.09s
4735 done chncxr vgg13 CHNCXR_0538_1 ablation_default seed=None 0.15s
4736 done chncxr vgg13 CHNCXR_0538_1 rise_budget_1024 seed=4 4.57s
4737 done chncxr vgg13 CHNCXR_0538_1 rise_budget_512 seed=3 2.30s
4738 done chncxr vgg13 CHNCXR_0538_1 lime_budget_512 seed=2 1.15s
4739 done chncxr vgg13 CHNCXR_0538_1 kernel_shap_budget_512 seed=3 1.12s
4740 done chncxr vgg13 CHNCXR_0538_1 rise_budget_256 seed=2 1.14s
4741 done chncxr vgg13 CHNCXR_0538_1 rise_budget_512 seed=2 2.23s
4742 done chncxr vgg13 CHNCXR_0538_1 lime_budget_1024 seed=3 2.21s
4743 done chncxr vgg13 CHNCXR_0538_1 kernel_shap_budget_512 seed=2 1.11s
4744 done chncxr vgg13 CHNCXR_0538_1 rise_budget_512 seed=0 2.23s
4745 done chncxr vgg13 CHNCXR_0538_1 rise_budget_2048 seed=3 9.21s
4746 done chncxr vgg13 CHNCXR_0538_1 lime_budget_512 seed=3 1.10s
4747 done chncxr vgg13 CHNCXR_0538_1 rise_budget_1024 seed=3 4.30s
4748 done chncxr vgg13 CHNCXR_0538_1 kernel_shap_budget_512 seed=4 1.12s
4749 done chncxr vgg13 CHNCXR_0538_1 rise_budget_2048 seed=2 8.60s
4750 done chncxr vgg13 CHNCXR_0538_1 kernel_shap_budget_2048 seed=0 4.40s
4751 done chncxr vgg13 CHNCXR_0538_1 rise_budget_512 seed=4 1.95s
4752 done chncxr vgg13 CHNCXR_0538_1 lime_budget_256 seed=0 0.58s
4753 done chncxr vgg13 CHNCXR_0538_1 lime_budget_2048 seed=0 4.37s
4754 done chncxr vgg13 CHNCXR_0538_1 rise_budget_2048 seed=4 9.06s
4755 done chncxr vgg13 CHNCXR_0538_1 lime_budget_512 seed=0 1.16s
4756 done chncxr vgg13 CHNCXR_0538_1 rise_budget_1024 seed=2 4.62s
4757 done chncxr vgg13 CHNCXR_0538_1 kernel_shap_budget_256 seed=0 0.57s
4758 done chncxr vgg13 CHNCXR_0538_1 lime_budget_2048 seed=4 4.56s
4759 done chncxr vgg13 CHNCXR_0557_1 lime_budget_1024 seed=0 2.40s
4760 done chncxr vgg13 CHNCXR_0557_1 kernel_shap_budget_256 seed=0 0.70s
4761 done chncxr vgg13 CHNCXR_0557_1 lime_budget_256 seed=1 0.66s
4762 done chncxr vgg13 CHNCXR_0557_1 lime_budget_256 seed=4 0.56s
4763 done chncxr vgg13 CHNCXR_0557_1 rise_budget_512 seed=4 2.24s
4764 done chncxr vgg13 CHNCXR_0557_1 kernel_shap_budget_256 seed=2 0.56s
4765 done chncxr vgg13 CHNCXR_0557_1 rise_budget_1024 seed=0 4.70s
4766 done chncxr vgg13 CHNCXR_0557_1 rise_budget_2048 seed=0 9.47s
4767 done chncxr vgg13 CHNCXR_0557_1 rise_budget_256 seed=3 1.14s
4768 done chncxr vgg13 CHNCXR_0557_1 lime_budget_2048 seed=2 4.59s
4769 done chncxr vgg13 CHNCXR_0557_1 lime_budget_256 seed=0 0.63s
4770 done chncxr vgg13 CHNCXR_0557_1 lime_budget_1024 seed=1 2.27s
4771 done chncxr vgg13 CHNCXR_0557_1 rise_budget_256 seed=2 1.11s
4772 done chncxr vgg13 CHNCXR_0557_1 rise_budget_2048 seed=2 7.23s
4773 done chncxr vgg13 CHNCXR_0557_1 lime_budget_2048 seed=0 4.30s
4774 done chncxr vgg13 CHNCXR_0557_1 lime_budget_1024 seed=4 2.28s
4775 done chncxr vgg13 CHNCXR_0557_1 kernel_shap_budget_256 seed=3 0.57s
4776 done chncxr vgg13 CHNCXR_0557_1 rise_budget_256 seed=4 1.15s
4777 done chncxr vgg13 CHNCXR_0557_1 rise_budget_2048 seed=1 9.04s
4778 done chncxr vgg13 CHNCXR_0557_1 lime_budget_512 seed=4 1.18s
4779 done chncxr vgg13 CHNCXR_0557_1 lime_budget_2048 seed=3 4.38s
4780 done chncxr vgg13 CHNCXR_0557_1 kernel_shap_budget_2048 seed=3 4.28s
4781 done chncxr vgg13 CHNCXR_0557_1 kernel_shap_budget_256 seed=4 0.55s
4782 done chncxr vgg13 CHNCXR_0557_1 rise_budget_256 seed=0 1.08s
4783 done chncxr vgg13 CHNCXR_0557_1 rise_budget_512 seed=2 2.20s
4784 done chncxr vgg13 CHNCXR_0557_1 rise_budget_1024 seed=1 4.64s
4785 done chncxr vgg13 CHNCXR_0557_1 lime_budget_2048 seed=4 4.30s
4786 done chncxr vgg13 CHNCXR_0557_1 kernel_shap_budget_512 seed=0 1.09s
4787 done chncxr vgg13 CHNCXR_0557_1 lime_budget_512 seed=2 1.05s
4788 done chncxr vgg13 CHNCXR_0557_1 lime_budget_512 seed=1 1.05s
4789 done chncxr vgg13 CHNCXR_0557_1 rise_budget_1024 seed=2 4.52s
4790 done chncxr vgg13 CHNCXR_0557_1 rise_budget_512 seed=3 2.21s
4791 done chncxr vgg13 CHNCXR_0557_1 kernel_shap_budget_512 seed=2 1.12s
4792 done chncxr vgg13 CHNCXR_0557_1 kernel_shap_budget_512 seed=1 1.10s
4793 done chncxr vgg13 CHNCXR_0557_1 kernel_shap_budget_2048 seed=0 4.47s
4794 done chncxr vgg13 CHNCXR_0557_1 rise_budget_1024 seed=4 4.69s
4795 done chncxr vgg13 CHNCXR_0557_1 rise_budget_2048 seed=3 9.31s
4796 done chncxr vgg13 CHNCXR_0557_1 lime_budget_256 seed=2 0.56s
4797 done chncxr vgg13 CHNCXR_0557_1 rise_budget_2048 seed=4 8.04s
4798 done chncxr vgg13 CHNCXR_0557_1 kernel_shap_budget_1024 seed=1 2.16s
4799 done chncxr vgg13 CHNCXR_0557_1 lime_budget_1024 seed=2 2.17s
4800 done chncxr vgg13 CHNCXR_0557_1 kernel_shap_budget_256 seed=1 0.55s
4801 done chncxr vgg13 CHNCXR_0557_1 kernel_shap_budget_2048 seed=2 4.41s
4802 done chncxr vgg13 CHNCXR_0557_1 rise_budget_256 seed=1 1.21s
4803 done chncxr vgg13 CHNCXR_0557_1 lime_budget_2048 seed=1 4.32s
4804 done chncxr vgg13 CHNCXR_0557_1 kernel_shap_budget_512 seed=4 1.09s
4805 done chncxr vgg13 CHNCXR_0557_1 rise_budget_1024 seed=3 3.24s
4806 done chncxr vgg13 CHNCXR_0557_1 rise_budget_512 seed=1 1.89s
4807 done chncxr vgg13 CHNCXR_0557_1 lime_budget_512 seed=0 1.09s
4808 done chncxr vgg13 CHNCXR_0557_1 kernel_shap_budget_1024 seed=4 2.20s
4809 done chncxr vgg13 CHNCXR_0557_1 kernel_shap_budget_1024 seed=3 2.22s
4810 done chncxr vgg13 CHNCXR_0557_1 kernel_shap_budget_512 seed=3 1.11s
4811 done chncxr vgg13 CHNCXR_0557_1 lime_budget_1024 seed=3 2.18s
4812 done chncxr vgg13 CHNCXR_0557_1 kernel_shap_budget_1024 seed=2 2.20s
4813 done chncxr vgg13 CHNCXR_0557_1 kernel_shap_budget_2048 seed=4 4.37s
4814 done chncxr vgg13 CHNCXR_0557_1 rise_budget_512 seed=0 2.23s
4815 done chncxr vgg13 CHNCXR_0557_1 ablation_default seed=None 0.15s
4816 done chncxr vgg13 CHNCXR_0557_1 kernel_shap_budget_1024 seed=0 2.20s
4817 done chncxr vgg13 CHNCXR_0557_1 lime_budget_512 seed=3 1.13s
4818 done chncxr vgg13 CHNCXR_0557_1 lime_budget_256 seed=3 0.57s
4819 done chncxr vgg13 CHNCXR_0557_1 kernel_shap_budget_2048 seed=1 4.44s
4820 done chncxr vgg13 CHNCXR_0571_1 kernel_shap_budget_2048 seed=3 4.43s
4821 done chncxr vgg13 CHNCXR_0571_1 kernel_shap_budget_256 seed=0 0.57s
4822 done chncxr vgg13 CHNCXR_0571_1 rise_budget_1024 seed=2 4.45s
4823 done chncxr vgg13 CHNCXR_0571_1 lime_budget_256 seed=2 0.60s
4824 done chncxr vgg13 CHNCXR_0571_1 lime_budget_512 seed=4 1.09s
4825 done chncxr vgg13 CHNCXR_0571_1 rise_budget_1024 seed=1 4.68s
4826 done chncxr vgg13 CHNCXR_0571_1 kernel_shap_budget_1024 seed=2 2.24s
4827 done chncxr vgg13 CHNCXR_0571_1 rise_budget_2048 seed=3 7.42s
4828 done chncxr vgg13 CHNCXR_0571_1 kernel_shap_budget_1024 seed=1 2.24s
4829 done chncxr vgg13 CHNCXR_0571_1 rise_budget_2048 seed=4 7.47s
4830 done chncxr vgg13 CHNCXR_0571_1 lime_budget_2048 seed=0 4.69s
4831 done chncxr vgg13 CHNCXR_0571_1 lime_budget_256 seed=0 0.57s
4832 done chncxr vgg13 CHNCXR_0571_1 rise_budget_256 seed=4 1.15s
4833 done chncxr vgg13 CHNCXR_0571_1 lime_budget_1024 seed=0 2.16s
4834 done chncxr vgg13 CHNCXR_0571_1 rise_budget_512 seed=3 2.22s
4835 done chncxr vgg13 CHNCXR_0571_1 rise_budget_512 seed=4 2.25s
4836 done chncxr vgg13 CHNCXR_0571_1 rise_budget_256 seed=2 1.18s
4837 done chncxr vgg13 CHNCXR_0571_1 kernel_shap_budget_2048 seed=0 4.31s
4838 done chncxr vgg13 CHNCXR_0571_1 lime_budget_2048 seed=2 4.30s
4839 done chncxr vgg13 CHNCXR_0571_1 lime_budget_1024 seed=4 2.21s
4840 done chncxr vgg13 CHNCXR_0571_1 kernel_shap_budget_256 seed=4 0.55s
4841 done chncxr vgg13 CHNCXR_0571_1 rise_budget_512 seed=1 2.24s
4842 done chncxr vgg13 CHNCXR_0571_1 lime_budget_1024 seed=2 2.28s
4843 done chncxr vgg13 CHNCXR_0571_1 kernel_shap_budget_1024 seed=0 2.20s
4844 done chncxr vgg13 CHNCXR_0571_1 lime_budget_512 seed=0 1.12s
4845 done chncxr vgg13 CHNCXR_0571_1 rise_budget_2048 seed=0 7.29s
4846 done chncxr vgg13 CHNCXR_0571_1 kernel_shap_budget_256 seed=3 0.57s
4847 done chncxr vgg13 CHNCXR_0571_1 lime_budget_1024 seed=1 2.28s
4848 done chncxr vgg13 CHNCXR_0571_1 kernel_shap_budget_512 seed=4 1.14s
4849 done chncxr vgg13 CHNCXR_0571_1 lime_budget_512 seed=3 1.19s
4850 done chncxr vgg13 CHNCXR_0571_1 kernel_shap_budget_1024 seed=4 2.21s
4851 done chncxr vgg13 CHNCXR_0571_1 rise_budget_256 seed=1 1.11s
4852 done chncxr vgg13 CHNCXR_0571_1 ablation_default seed=None 0.15s
4853 done chncxr vgg13 CHNCXR_0571_1 rise_budget_1024 seed=3 4.57s
4854 done chncxr vgg13 CHNCXR_0571_1 rise_budget_256 seed=0 1.15s
4855 done chncxr vgg13 CHNCXR_0571_1 rise_budget_2048 seed=1 9.10s
4856 done chncxr vgg13 CHNCXR_0571_1 rise_budget_1024 seed=4 4.62s
4857 done chncxr vgg13 CHNCXR_0571_1 lime_budget_512 seed=2 1.17s
4858 done chncxr vgg13 CHNCXR_0571_1 rise_budget_256 seed=3 1.17s
4859 done chncxr vgg13 CHNCXR_0571_1 lime_budget_1024 seed=3 2.18s
4860 done chncxr vgg13 CHNCXR_0571_1 lime_budget_512 seed=1 1.10s
4861 done chncxr vgg13 CHNCXR_0571_1 lime_budget_2048 seed=3 4.45s
4862 done chncxr vgg13 CHNCXR_0571_1 kernel_shap_budget_2048 seed=1 4.44s
4863 done chncxr vgg13 CHNCXR_0571_1 lime_budget_256 seed=4 0.56s
4864 done chncxr vgg13 CHNCXR_0571_1 lime_budget_256 seed=1 0.68s
4865 done chncxr vgg13 CHNCXR_0571_1 kernel_shap_budget_256 seed=2 0.56s
4866 done chncxr vgg13 CHNCXR_0571_1 lime_budget_256 seed=3 0.65s
4867 done chncxr vgg13 CHNCXR_0571_1 rise_budget_2048 seed=2 9.59s
4868 done chncxr vgg13 CHNCXR_0571_1 lime_budget_2048 seed=1 4.59s
4869 done chncxr vgg13 CHNCXR_0571_1 rise_budget_512 seed=2 2.26s
4870 done chncxr vgg13 CHNCXR_0571_1 kernel_shap_budget_256 seed=1 0.57s
4871 done chncxr vgg13 CHNCXR_0571_1 kernel_shap_budget_512 seed=1 1.12s
4872 done chncxr vgg13 CHNCXR_0571_1 kernel_shap_budget_512 seed=3 1.13s
4873 done chncxr vgg13 CHNCXR_0571_1 rise_budget_1024 seed=0 4.53s
4874 done chncxr vgg13 CHNCXR_0571_1 kernel_shap_budget_2048 seed=4 4.64s
4875 done chncxr vgg13 CHNCXR_0571_1 kernel_shap_budget_512 seed=2 1.16s
4876 done chncxr vgg13 CHNCXR_0571_1 rise_budget_512 seed=0 1.73s
4877 done chncxr vgg13 CHNCXR_0571_1 kernel_shap_budget_2048 seed=2 4.50s
4878 done chncxr vgg13 CHNCXR_0571_1 kernel_shap_budget_1024 seed=3 2.24s
4879 done chncxr vgg13 CHNCXR_0571_1 kernel_shap_budget_512 seed=0 1.11s
4880 done chncxr vgg13 CHNCXR_0571_1 lime_budget_2048 seed=4 4.40s
4881 done chncxr vgg13 CHNCXR_0579_1 lime_budget_512 seed=0 1.12s
4882 done chncxr vgg13 CHNCXR_0579_1 kernel_shap_budget_1024 seed=3 2.27s
4883 done chncxr vgg13 CHNCXR_0579_1 lime_budget_256 seed=0 0.62s
4884 done chncxr vgg13 CHNCXR_0579_1 kernel_shap_budget_512 seed=2 1.09s
4885 done chncxr vgg13 CHNCXR_0579_1 rise_budget_512 seed=1 2.28s
4886 done chncxr vgg13 CHNCXR_0579_1 rise_budget_2048 seed=2 9.08s
4887 done chncxr vgg13 CHNCXR_0579_1 kernel_shap_budget_256 seed=0 0.55s
4888 done chncxr vgg13 CHNCXR_0579_1 lime_budget_256 seed=3 0.63s
4889 done chncxr vgg13 CHNCXR_0579_1 lime_budget_2048 seed=3 4.34s
4890 done chncxr vgg13 CHNCXR_0579_1 kernel_shap_budget_2048 seed=2 4.38s
4891 done chncxr vgg13 CHNCXR_0579_1 kernel_shap_budget_2048 seed=4 4.42s
4892 done chncxr vgg13 CHNCXR_0579_1 lime_budget_1024 seed=3 2.26s
4893 done chncxr vgg13 CHNCXR_0579_1 kernel_shap_budget_256 seed=2 0.55s
4894 done chncxr vgg13 CHNCXR_0579_1 rise_budget_2048 seed=4 9.38s
4895 done chncxr vgg13 CHNCXR_0579_1 lime_budget_1024 seed=1 2.30s
4896 done chncxr vgg13 CHNCXR_0579_1 rise_budget_2048 seed=1 9.36s
4897 done chncxr vgg13 CHNCXR_0579_1 kernel_shap_budget_2048 seed=0 4.35s
4898 done chncxr vgg13 CHNCXR_0579_1 kernel_shap_budget_512 seed=0 1.12s
4899 done chncxr vgg13 CHNCXR_0579_1 lime_budget_1024 seed=0 2.20s
4900 done chncxr vgg13 CHNCXR_0579_1 lime_budget_512 seed=1 1.13s
4901 done chncxr vgg13 CHNCXR_0579_1 rise_budget_1024 seed=1 4.53s
4902 done chncxr vgg13 CHNCXR_0579_1 lime_budget_512 seed=3 1.12s
4903 done chncxr vgg13 CHNCXR_0579_1 kernel_shap_budget_1024 seed=4 2.25s
4904 done chncxr vgg13 CHNCXR_0579_1 lime_budget_256 seed=1 0.58s
4905 done chncxr vgg13 CHNCXR_0579_1 lime_budget_512 seed=2 1.14s
4906 done chncxr vgg13 CHNCXR_0579_1 rise_budget_512 seed=4 2.23s
4907 done chncxr vgg13 CHNCXR_0579_1 kernel_shap_budget_512 seed=3 1.16s
4908 done chncxr vgg13 CHNCXR_0579_1 kernel_shap_budget_2048 seed=3 4.56s
4909 done chncxr vgg13 CHNCXR_0579_1 kernel_shap_budget_256 seed=1 0.57s
4910 done chncxr vgg13 CHNCXR_0579_1 lime_budget_256 seed=2 0.59s
4911 done chncxr vgg13 CHNCXR_0579_1 lime_budget_1024 seed=2 2.30s
4912 done chncxr vgg13 CHNCXR_0579_1 rise_budget_256 seed=4 1.19s
4913 done chncxr vgg13 CHNCXR_0579_1 kernel_shap_budget_512 seed=1 1.15s
4914 done chncxr vgg13 CHNCXR_0579_1 rise_budget_1024 seed=3 4.71s
4915 done chncxr vgg13 CHNCXR_0579_1 rise_budget_256 seed=2 1.19s
4916 done chncxr vgg13 CHNCXR_0579_1 kernel_shap_budget_256 seed=4 0.57s
4917 done chncxr vgg13 CHNCXR_0579_1 ablation_default seed=None 0.16s
4918 done chncxr vgg13 CHNCXR_0579_1 rise_budget_1024 seed=4 4.55s
4919 done chncxr vgg13 CHNCXR_0579_1 lime_budget_512 seed=4 1.10s
4920 done chncxr vgg13 CHNCXR_0579_1 rise_budget_256 seed=1 1.09s
4921 done chncxr vgg13 CHNCXR_0579_1 rise_budget_2048 seed=3 9.07s
4922 done chncxr vgg13 CHNCXR_0579_1 lime_budget_2048 seed=0 4.47s
4923 done chncxr vgg13 CHNCXR_0579_1 rise_budget_2048 seed=0 9.23s
4924 done chncxr vgg13 CHNCXR_0579_1 rise_budget_1024 seed=0 4.64s
4925 done chncxr vgg13 CHNCXR_0579_1 rise_budget_512 seed=0 2.22s
4926 done chncxr vgg13 CHNCXR_0579_1 rise_budget_512 seed=2 2.22s
4927 done chncxr vgg13 CHNCXR_0579_1 lime_budget_1024 seed=4 2.20s
4928 done chncxr vgg13 CHNCXR_0579_1 rise_budget_512 seed=3 2.32s
4929 done chncxr vgg13 CHNCXR_0579_1 lime_budget_2048 seed=1 4.35s
4930 done chncxr vgg13 CHNCXR_0579_1 kernel_shap_budget_512 seed=4 1.11s
4931 done chncxr vgg13 CHNCXR_0579_1 kernel_shap_budget_1024 seed=2 2.19s
4932 done chncxr vgg13 CHNCXR_0579_1 lime_budget_256 seed=4 0.74s
4933 done chncxr vgg13 CHNCXR_0579_1 kernel_shap_budget_2048 seed=1 4.41s
4934 done chncxr vgg13 CHNCXR_0579_1 lime_budget_2048 seed=2 4.38s
4935 done chncxr vgg13 CHNCXR_0579_1 kernel_shap_budget_256 seed=3 0.57s
4936 done chncxr vgg13 CHNCXR_0579_1 rise_budget_1024 seed=2 4.76s
4937 done chncxr vgg13 CHNCXR_0579_1 kernel_shap_budget_1024 seed=0 2.15s
4938 done chncxr vgg13 CHNCXR_0579_1 kernel_shap_budget_1024 seed=1 2.08s
4939 done chncxr vgg13 CHNCXR_0579_1 rise_budget_256 seed=0 1.14s
4940 done chncxr vgg13 CHNCXR_0579_1 lime_budget_2048 seed=4 4.43s
4941 done chncxr vgg13 CHNCXR_0579_1 rise_budget_256 seed=3 1.10s
4942 done chncxr vgg13 CHNCXR_0583_1 lime_budget_256 seed=3 0.56s
4943 done chncxr vgg13 CHNCXR_0583_1 lime_budget_1024 seed=1 2.21s
4944 done chncxr vgg13 CHNCXR_0583_1 kernel_shap_budget_2048 seed=1 4.44s
4945 done chncxr vgg13 CHNCXR_0583_1 ablation_default seed=None 0.15s
4946 done chncxr vgg13 CHNCXR_0583_1 lime_budget_512 seed=3 1.06s
4947 done chncxr vgg13 CHNCXR_0583_1 rise_budget_256 seed=3 1.07s
4948 done chncxr vgg13 CHNCXR_0583_1 lime_budget_512 seed=0 1.08s
4949 done chncxr vgg13 CHNCXR_0583_1 rise_budget_2048 seed=0 9.02s
4950 done chncxr vgg13 CHNCXR_0583_1 kernel_shap_budget_256 seed=3 0.54s
4951 done chncxr vgg13 CHNCXR_0583_1 kernel_shap_budget_256 seed=1 0.53s
4952 done chncxr vgg13 CHNCXR_0583_1 lime_budget_1024 seed=3 2.12s
4953 done chncxr vgg13 CHNCXR_0583_1 rise_budget_512 seed=3 2.28s
4954 done chncxr vgg13 CHNCXR_0583_1 rise_budget_2048 seed=2 9.50s
4955 done chncxr vgg13 CHNCXR_0583_1 lime_budget_2048 seed=2 4.56s
4956 done chncxr vgg13 CHNCXR_0583_1 kernel_shap_budget_2048 seed=4 4.42s
4957 done chncxr vgg13 CHNCXR_0583_1 lime_budget_256 seed=1 0.56s
4958 done chncxr vgg13 CHNCXR_0583_1 kernel_shap_budget_256 seed=0 0.56s
4959 done chncxr vgg13 CHNCXR_0583_1 rise_budget_1024 seed=1 4.63s
4960 done chncxr vgg13 CHNCXR_0583_1 lime_budget_1024 seed=4 2.32s
4961 done chncxr vgg13 CHNCXR_0583_1 kernel_shap_budget_1024 seed=4 2.26s
4962 done chncxr vgg13 CHNCXR_0583_1 lime_budget_2048 seed=0 4.47s
4963 done chncxr vgg13 CHNCXR_0583_1 kernel_shap_budget_1024 seed=0 2.25s
4964 done chncxr vgg13 CHNCXR_0583_1 lime_budget_1024 seed=2 2.24s
4965 done chncxr vgg13 CHNCXR_0583_1 rise_budget_2048 seed=1 9.19s
4966 done chncxr vgg13 CHNCXR_0583_1 rise_budget_2048 seed=4 8.41s
4967 done chncxr vgg13 CHNCXR_0583_1 rise_budget_512 seed=0 2.42s
4968 done chncxr vgg13 CHNCXR_0583_1 kernel_shap_budget_2048 seed=0 4.65s
4969 done chncxr vgg13 CHNCXR_0583_1 kernel_shap_budget_512 seed=3 1.10s
4970 done chncxr vgg13 CHNCXR_0583_1 rise_budget_256 seed=0 1.18s
4971 done chncxr vgg13 CHNCXR_0583_1 lime_budget_2048 seed=4 4.56s
4972 done chncxr vgg13 CHNCXR_0583_1 rise_budget_512 seed=2 2.36s
4973 done chncxr vgg13 CHNCXR_0583_1 rise_budget_512 seed=1 2.25s
4974 done chncxr vgg13 CHNCXR_0583_1 lime_budget_256 seed=4 0.56s
4975 done chncxr vgg13 CHNCXR_0583_1 rise_budget_256 seed=1 1.18s
4976 done chncxr vgg13 CHNCXR_0583_1 kernel_shap_budget_512 seed=0 1.11s
4977 done chncxr vgg13 CHNCXR_0583_1 kernel_shap_budget_256 seed=4 0.56s
4978 done chncxr vgg13 CHNCXR_0583_1 kernel_shap_budget_1024 seed=3 2.32s
4979 done chncxr vgg13 CHNCXR_0583_1 lime_budget_1024 seed=0 2.19s
4980 done chncxr vgg13 CHNCXR_0583_1 rise_budget_256 seed=2 0.98s
4981 done chncxr vgg13 CHNCXR_0583_1 rise_budget_256 seed=4 0.84s
4982 done chncxr vgg13 CHNCXR_0583_1 lime_budget_256 seed=2 0.56s
4983 done chncxr vgg13 CHNCXR_0583_1 rise_budget_512 seed=4 1.66s
4984 done chncxr vgg13 CHNCXR_0583_1 kernel_shap_budget_256 seed=2 0.56s
4985 done chncxr vgg13 CHNCXR_0583_1 kernel_shap_budget_512 seed=1 1.08s
4986 done chncxr vgg13 CHNCXR_0583_1 kernel_shap_budget_512 seed=2 1.09s
4987 done chncxr vgg13 CHNCXR_0583_1 lime_budget_512 seed=1 1.12s
4988 done chncxr vgg13 CHNCXR_0583_1 rise_budget_2048 seed=3 8.74s
4989 done chncxr vgg13 CHNCXR_0583_1 kernel_shap_budget_1024 seed=2 2.19s
4990 done chncxr vgg13 CHNCXR_0583_1 rise_budget_1024 seed=0 4.47s
4991 done chncxr vgg13 CHNCXR_0583_1 rise_budget_1024 seed=2 4.47s
4992 done chncxr vgg13 CHNCXR_0583_1 kernel_shap_budget_2048 seed=2 4.37s
4993 done chncxr vgg13 CHNCXR_0583_1 lime_budget_256 seed=0 0.58s
4994 done chncxr vgg13 CHNCXR_0583_1 kernel_shap_budget_1024 seed=1 2.21s
4995 done chncxr vgg13 CHNCXR_0583_1 lime_budget_512 seed=2 1.10s
4996 done chncxr vgg13 CHNCXR_0583_1 kernel_shap_budget_512 seed=4 1.11s
4997 done chncxr vgg13 CHNCXR_0583_1 lime_budget_512 seed=4 1.11s
4998 done chncxr vgg13 CHNCXR_0583_1 lime_budget_2048 seed=1 4.33s
4999 done chncxr vgg13 CHNCXR_0583_1 lime_budget_2048 seed=3 4.37s
5000 done chncxr vgg13 CHNCXR_0583_1 rise_budget_1024 seed=3 4.28s
5001 done chncxr vgg13 CHNCXR_0583_1 kernel_shap_budget_2048 seed=3 4.50s
5002 done chncxr vgg13 CHNCXR_0583_1 rise_budget_1024 seed=4 4.14s
5003 done chncxr vgg13 CHNCXR_0587_1 kernel_shap_budget_512 seed=2 1.12s
5004 done chncxr vgg13 CHNCXR_0587_1 lime_budget_1024 seed=0 2.19s
5005 done chncxr vgg13 CHNCXR_0587_1 lime_budget_512 seed=3 1.14s
5006 done chncxr vgg13 CHNCXR_0587_1 rise_budget_1024 seed=0 4.47s
5007 done chncxr vgg13 CHNCXR_0587_1 kernel_shap_budget_1024 seed=2 2.25s
5008 done chncxr vgg13 CHNCXR_0587_1 kernel_shap_budget_1024 seed=0 2.25s
5009 done chncxr vgg13 CHNCXR_0587_1 rise_budget_512 seed=4 2.35s
5010 done chncxr vgg13 CHNCXR_0587_1 lime_budget_256 seed=3 0.69s
5011 done chncxr vgg13 CHNCXR_0587_1 kernel_shap_budget_512 seed=3 1.12s
5012 done chncxr vgg13 CHNCXR_0587_1 lime_budget_512 seed=1 1.17s
5013 done chncxr vgg13 CHNCXR_0587_1 kernel_shap_budget_512 seed=1 1.13s
5014 done chncxr vgg13 CHNCXR_0587_1 kernel_shap_budget_1024 seed=1 2.29s
5015 done chncxr vgg13 CHNCXR_0587_1 rise_budget_2048 seed=1 9.42s
5016 done chncxr vgg13 CHNCXR_0587_1 rise_budget_1024 seed=3 4.67s
5017 done chncxr vgg13 CHNCXR_0587_1 kernel_shap_budget_2048 seed=3 4.39s
5018 done chncxr vgg13 CHNCXR_0587_1 lime_budget_256 seed=4 0.56s
5019 done chncxr vgg13 CHNCXR_0587_1 kernel_shap_budget_256 seed=2 0.56s
5020 done chncxr vgg13 CHNCXR_0587_1 lime_budget_512 seed=2 1.09s
5021 done chncxr vgg13 CHNCXR_0587_1 lime_budget_2048 seed=3 4.35s
5022 done chncxr vgg13 CHNCXR_0587_1 rise_budget_512 seed=2 1.83s
5023 done chncxr vgg13 CHNCXR_0587_1 rise_budget_256 seed=0 0.82s
5024 done chncxr vgg13 CHNCXR_0587_1 rise_budget_2048 seed=2 8.97s
5025 done chncxr vgg13 CHNCXR_0587_1 rise_budget_512 seed=1 2.33s
5026 done chncxr vgg13 CHNCXR_0587_1 rise_budget_256 seed=1 1.15s
5027 done chncxr vgg13 CHNCXR_0587_1 kernel_shap_budget_1024 seed=4 2.32s
5028 done chncxr vgg13 CHNCXR_0587_1 lime_budget_256 seed=2 0.63s
5029 done chncxr vgg13 CHNCXR_0587_1 lime_budget_2048 seed=4 4.53s
5030 done chncxr vgg13 CHNCXR_0587_1 lime_budget_1024 seed=1 2.27s
5031 done chncxr vgg13 CHNCXR_0587_1 ablation_default seed=None 0.15s
5032 done chncxr vgg13 CHNCXR_0587_1 kernel_shap_budget_256 seed=3 0.59s
5033 done chncxr vgg13 CHNCXR_0587_1 lime_budget_2048 seed=2 4.59s
5034 done chncxr vgg13 CHNCXR_0587_1 rise_budget_1024 seed=2 4.43s
5035 done chncxr vgg13 CHNCXR_0587_1 rise_budget_512 seed=3 2.30s
5036 done chncxr vgg13 CHNCXR_0587_1 kernel_shap_budget_256 seed=4 0.55s
5037 done chncxr vgg13 CHNCXR_0587_1 lime_budget_512 seed=0 1.14s
5038 done chncxr vgg13 CHNCXR_0587_1 rise_budget_1024 seed=1 4.74s
5039 done chncxr vgg13 CHNCXR_0587_1 rise_budget_2048 seed=0 8.56s
5040 done chncxr vgg13 CHNCXR_0587_1 lime_budget_256 seed=0 0.64s
5041 done chncxr vgg13 CHNCXR_0587_1 lime_budget_1024 seed=3 2.46s
5042 done chncxr vgg13 CHNCXR_0587_1 lime_budget_1024 seed=4 2.12s
5043 done chncxr vgg13 CHNCXR_0587_1 lime_budget_256 seed=1 0.55s
5044 done chncxr vgg13 CHNCXR_0587_1 kernel_shap_budget_512 seed=4 1.13s
5045 done chncxr vgg13 CHNCXR_0587_1 lime_budget_512 seed=4 1.11s
5046 done chncxr vgg13 CHNCXR_0587_1 kernel_shap_budget_2048 seed=4 4.38s
5047 done chncxr vgg13 CHNCXR_0587_1 kernel_shap_budget_256 seed=1 0.57s
5048 done chncxr vgg13 CHNCXR_0587_1 kernel_shap_budget_2048 seed=1 4.39s
5049 done chncxr vgg13 CHNCXR_0587_1 rise_budget_2048 seed=3 8.78s
5050 done chncxr vgg13 CHNCXR_0587_1 kernel_shap_budget_2048 seed=2 4.31s
5051 done chncxr vgg13 CHNCXR_0587_1 lime_budget_1024 seed=2 2.20s
5052 done chncxr vgg13 CHNCXR_0587_1 rise_budget_512 seed=0 2.32s
5053 done chncxr vgg13 CHNCXR_0587_1 rise_budget_256 seed=2 1.16s
5054 done chncxr vgg13 CHNCXR_0587_1 kernel_shap_budget_2048 seed=0 4.47s
5055 done chncxr vgg13 CHNCXR_0587_1 rise_budget_256 seed=3 0.96s
5056 done chncxr vgg13 CHNCXR_0587_1 lime_budget_2048 seed=1 4.43s
5057 done chncxr vgg13 CHNCXR_0587_1 kernel_shap_budget_1024 seed=3 2.24s
5058 done chncxr vgg13 CHNCXR_0587_1 kernel_shap_budget_512 seed=0 1.11s
5059 done chncxr vgg13 CHNCXR_0587_1 rise_budget_2048 seed=4 9.10s
5060 done chncxr vgg13 CHNCXR_0587_1 rise_budget_1024 seed=4 4.59s
5061 done chncxr vgg13 CHNCXR_0587_1 kernel_shap_budget_256 seed=0 0.57s
5062 done chncxr vgg13 CHNCXR_0587_1 rise_budget_256 seed=4 1.20s
5063 done chncxr vgg13 CHNCXR_0587_1 lime_budget_2048 seed=0 4.46s
5064 done chncxr vgg13 CHNCXR_0602_1 kernel_shap_budget_2048 seed=1 4.52s
5065 done chncxr vgg13 CHNCXR_0602_1 rise_budget_512 seed=0 2.25s
5066 done chncxr vgg13 CHNCXR_0602_1 kernel_shap_budget_2048 seed=2 4.53s
5067 done chncxr vgg13 CHNCXR_0602_1 kernel_shap_budget_256 seed=1 0.55s
5068 done chncxr vgg13 CHNCXR_0602_1 kernel_shap_budget_512 seed=2 1.13s
5069 done chncxr vgg13 CHNCXR_0602_1 lime_budget_256 seed=4 0.56s
5070 done chncxr vgg13 CHNCXR_0602_1 lime_budget_256 seed=0 0.57s
5071 done chncxr vgg13 CHNCXR_0602_1 rise_budget_2048 seed=1 9.36s
5072 done chncxr vgg13 CHNCXR_0602_1 lime_budget_512 seed=3 1.17s
5073 done chncxr vgg13 CHNCXR_0602_1 lime_budget_2048 seed=4 4.50s
5074 done chncxr vgg13 CHNCXR_0602_1 kernel_shap_budget_256 seed=3 0.55s
5075 done chncxr vgg13 CHNCXR_0602_1 lime_budget_1024 seed=2 2.17s
5076 done chncxr vgg13 CHNCXR_0602_1 lime_budget_1024 seed=3 2.25s
5077 done chncxr vgg13 CHNCXR_0602_1 rise_budget_512 seed=2 2.25s
5078 done chncxr vgg13 CHNCXR_0602_1 rise_budget_512 seed=1 2.09s
5079 done chncxr vgg13 CHNCXR_0602_1 lime_budget_2048 seed=2 4.74s
5080 done chncxr vgg13 CHNCXR_0602_1 kernel_shap_budget_2048 seed=0 4.40s
5081 done chncxr vgg13 CHNCXR_0602_1 kernel_shap_budget_512 seed=1 1.09s
5082 done chncxr vgg13 CHNCXR_0602_1 kernel_shap_budget_1024 seed=3 2.20s
5083 done chncxr vgg13 CHNCXR_0602_1 kernel_shap_budget_2048 seed=4 4.46s
5084 done chncxr vgg13 CHNCXR_0602_1 lime_budget_256 seed=3 0.62s
5085 done chncxr vgg13 CHNCXR_0602_1 rise_budget_2048 seed=4 8.70s
5086 done chncxr vgg13 CHNCXR_0602_1 rise_budget_512 seed=3 1.84s
5087 done chncxr vgg13 CHNCXR_0602_1 rise_budget_2048 seed=3 7.47s
5088 done chncxr vgg13 CHNCXR_0602_1 lime_budget_1024 seed=1 2.23s
5089 done chncxr vgg13 CHNCXR_0602_1 lime_budget_512 seed=2 1.14s
5090 done chncxr vgg13 CHNCXR_0602_1 ablation_default seed=None 0.21s
5091 done chncxr vgg13 CHNCXR_0602_1 lime_budget_512 seed=1 1.15s
5092 done chncxr vgg13 CHNCXR_0602_1 kernel_shap_budget_256 seed=2 0.56s
5093 done chncxr vgg13 CHNCXR_0602_1 rise_budget_256 seed=1 1.12s
5094 done chncxr vgg13 CHNCXR_0602_1 lime_budget_256 seed=2 0.56s
5095 done chncxr vgg13 CHNCXR_0602_1 rise_budget_1024 seed=4 4.44s
5096 done chncxr vgg13 CHNCXR_0602_1 kernel_shap_budget_512 seed=3 1.08s
5097 done chncxr vgg13 CHNCXR_0602_1 kernel_shap_budget_1024 seed=4 2.16s
5098 done chncxr vgg13 CHNCXR_0602_1 kernel_shap_budget_512 seed=4 1.10s
5099 done chncxr vgg13 CHNCXR_0602_1 kernel_shap_budget_512 seed=0 1.08s
5100 done chncxr vgg13 CHNCXR_0602_1 rise_budget_256 seed=2 1.13s
5101 done chncxr vgg13 CHNCXR_0602_1 lime_budget_512 seed=0 1.14s
5102 done chncxr vgg13 CHNCXR_0602_1 rise_budget_256 seed=4 1.13s
5103 done chncxr vgg13 CHNCXR_0602_1 rise_budget_1024 seed=2 4.63s
5104 done chncxr vgg13 CHNCXR_0602_1 lime_budget_2048 seed=1 4.44s
5105 done chncxr vgg13 CHNCXR_0602_1 lime_budget_2048 seed=0 4.39s
5106 done chncxr vgg13 CHNCXR_0602_1 lime_budget_256 seed=1 0.56s
5107 done chncxr vgg13 CHNCXR_0602_1 kernel_shap_budget_256 seed=4 0.56s
5108 done chncxr vgg13 CHNCXR_0602_1 kernel_shap_budget_1024 seed=1 2.23s
5109 done chncxr vgg13 CHNCXR_0602_1 rise_budget_256 seed=3 1.11s
5110 done chncxr vgg13 CHNCXR_0602_1 lime_budget_1024 seed=4 2.38s
5111 done chncxr vgg13 CHNCXR_0602_1 rise_budget_1024 seed=1 4.58s
5112 done chncxr vgg13 CHNCXR_0602_1 rise_budget_2048 seed=2 9.14s
5113 done chncxr vgg13 CHNCXR_0602_1 lime_budget_1024 seed=0 2.26s
5114 done chncxr vgg13 CHNCXR_0602_1 kernel_shap_budget_1024 seed=0 2.22s
5115 done chncxr vgg13 CHNCXR_0602_1 lime_budget_512 seed=4 1.12s
5116 done chncxr vgg13 CHNCXR_0602_1 kernel_shap_budget_2048 seed=3 4.41s
5117 done chncxr vgg13 CHNCXR_0602_1 lime_budget_2048 seed=3 4.55s
5118 done chncxr vgg13 CHNCXR_0602_1 kernel_shap_budget_256 seed=0 0.58s
5119 done chncxr vgg13 CHNCXR_0602_1 rise_budget_256 seed=0 1.14s
5120 done chncxr vgg13 CHNCXR_0602_1 rise_budget_1024 seed=0 4.53s
5121 done chncxr vgg13 CHNCXR_0602_1 rise_budget_2048 seed=0 9.32s
5122 done chncxr vgg13 CHNCXR_0602_1 rise_budget_1024 seed=3 4.69s
5123 done chncxr vgg13 CHNCXR_0602_1 rise_budget_512 seed=4 2.23s
5124 done chncxr vgg13 CHNCXR_0602_1 kernel_shap_budget_1024 seed=2 2.27s
5125 done chncxr vgg13 CHNCXR_0620_1 lime_budget_256 seed=2 0.56s
5126 done chncxr vgg13 CHNCXR_0620_1 lime_budget_512 seed=2 1.09s
5127 done chncxr vgg13 CHNCXR_0620_1 lime_budget_1024 seed=2 2.25s
5128 done chncxr vgg13 CHNCXR_0620_1 kernel_shap_budget_512 seed=3 1.12s
5129 done chncxr vgg13 CHNCXR_0620_1 kernel_shap_budget_256 seed=1 0.57s
5130 done chncxr vgg13 CHNCXR_0620_1 kernel_shap_budget_256 seed=4 0.56s
5131 done chncxr vgg13 CHNCXR_0620_1 rise_budget_256 seed=1 1.08s
5132 done chncxr vgg13 CHNCXR_0620_1 rise_budget_2048 seed=4 8.95s
5133 done chncxr vgg13 CHNCXR_0620_1 kernel_shap_budget_256 seed=0 0.56s
5134 done chncxr vgg13 CHNCXR_0620_1 lime_budget_512 seed=0 1.12s
5135 done chncxr vgg13 CHNCXR_0620_1 rise_budget_512 seed=1 2.23s
5136 done chncxr vgg13 CHNCXR_0620_1 lime_budget_2048 seed=2 4.39s
5137 done chncxr vgg13 CHNCXR_0620_1 rise_budget_512 seed=4 2.25s
5138 done chncxr vgg13 CHNCXR_0620_1 lime_budget_512 seed=1 1.13s
5139 done chncxr vgg13 CHNCXR_0620_1 lime_budget_256 seed=4 0.56s
5140 done chncxr vgg13 CHNCXR_0620_1 kernel_shap_budget_256 seed=2 0.57s
5141 done chncxr vgg13 CHNCXR_0620_1 kernel_shap_budget_1024 seed=1 2.26s
5142 done chncxr vgg13 CHNCXR_0620_1 kernel_shap_budget_512 seed=2 1.13s
5143 done chncxr vgg13 CHNCXR_0620_1 kernel_shap_budget_512 seed=1 1.12s
5144 done chncxr vgg13 CHNCXR_0620_1 rise_budget_256 seed=2 1.17s
5145 done chncxr vgg13 CHNCXR_0620_1 kernel_shap_budget_2048 seed=3 4.38s
5146 done chncxr vgg13 CHNCXR_0620_1 rise_budget_512 seed=0 2.25s
5147 done chncxr vgg13 CHNCXR_0620_1 lime_budget_512 seed=4 1.13s
5148 done chncxr vgg13 CHNCXR_0620_1 lime_budget_2048 seed=3 4.48s
5149 done chncxr vgg13 CHNCXR_0620_1 kernel_shap_budget_2048 seed=4 4.33s
5150 done chncxr vgg13 CHNCXR_0620_1 rise_budget_1024 seed=1 3.68s
5151 done chncxr vgg13 CHNCXR_0620_1 lime_budget_1024 seed=4 2.22s
5152 done chncxr vgg13 CHNCXR_0620_1 kernel_shap_budget_2048 seed=1 4.49s
5153 done chncxr vgg13 CHNCXR_0620_1 rise_budget_256 seed=4 0.84s
5154 done chncxr vgg13 CHNCXR_0620_1 lime_budget_512 seed=3 1.12s
5155 done chncxr vgg13 CHNCXR_0620_1 kernel_shap_budget_512 seed=0 1.11s
5156 done chncxr vgg13 CHNCXR_0620_1 rise_budget_2048 seed=3 8.51s
5157 done chncxr vgg13 CHNCXR_0620_1 rise_budget_512 seed=2 2.33s
5158 done chncxr vgg13 CHNCXR_0620_1 kernel_shap_budget_1024 seed=4 2.19s
5159 done chncxr vgg13 CHNCXR_0620_1 lime_budget_1024 seed=3 2.19s
5160 done chncxr vgg13 CHNCXR_0620_1 rise_budget_1024 seed=2 4.59s
5161 done chncxr vgg13 CHNCXR_0620_1 lime_budget_2048 seed=4 4.45s
5162 done chncxr vgg13 CHNCXR_0620_1 rise_budget_512 seed=3 2.30s
5163 done chncxr vgg13 CHNCXR_0620_1 rise_budget_2048 seed=0 9.10s
5164 done chncxr vgg13 CHNCXR_0620_1 lime_budget_2048 seed=1 4.28s
5165 done chncxr vgg13 CHNCXR_0620_1 kernel_shap_budget_1024 seed=2 2.16s
5166 done chncxr vgg13 CHNCXR_0620_1 kernel_shap_budget_1024 seed=0 2.16s
5167 done chncxr vgg13 CHNCXR_0620_1 lime_budget_256 seed=1 0.54s
5168 done chncxr vgg13 CHNCXR_0620_1 lime_budget_256 seed=3 0.54s
5169 done chncxr vgg13 CHNCXR_0620_1 kernel_shap_budget_512 seed=4 1.09s
5170 done chncxr vgg13 CHNCXR_0620_1 kernel_shap_budget_2048 seed=0 4.32s
5171 done chncxr vgg13 CHNCXR_0620_1 lime_budget_256 seed=0 0.55s
5172 done chncxr vgg13 CHNCXR_0620_1 ablation_default seed=None 0.15s
5173 done chncxr vgg13 CHNCXR_0620_1 kernel_shap_budget_2048 seed=2 4.21s
5174 done chncxr vgg13 CHNCXR_0620_1 rise_budget_256 seed=3 1.10s
5175 done chncxr vgg13 CHNCXR_0620_1 rise_budget_256 seed=0 1.13s
5176 done chncxr vgg13 CHNCXR_0620_1 kernel_shap_budget_256 seed=3 0.55s
5177 done chncxr vgg13 CHNCXR_0620_1 lime_budget_2048 seed=0 4.34s
5178 done chncxr vgg13 CHNCXR_0620_1 kernel_shap_budget_1024 seed=3 2.16s
5179 done chncxr vgg13 CHNCXR_0620_1 rise_budget_1024 seed=3 4.50s
5180 done chncxr vgg13 CHNCXR_0620_1 rise_budget_2048 seed=1 8.96s
5181 done chncxr vgg13 CHNCXR_0620_1 rise_budget_1024 seed=0 4.85s
5182 done chncxr vgg13 CHNCXR_0620_1 lime_budget_1024 seed=1 2.16s
5183 done chncxr vgg13 CHNCXR_0620_1 rise_budget_2048 seed=2 8.97s
5184 done chncxr vgg13 CHNCXR_0620_1 lime_budget_1024 seed=0 2.15s
5185 done chncxr vgg13 CHNCXR_0620_1 rise_budget_1024 seed=4 4.48s
5186 done chncxr vgg13 CHNCXR_0648_1 rise_budget_512 seed=2 2.18s
5187 done chncxr vgg13 CHNCXR_0648_1 kernel_shap_budget_2048 seed=0 4.30s
5188 done chncxr vgg13 CHNCXR_0648_1 rise_budget_1024 seed=4 4.58s
5189 done chncxr vgg13 CHNCXR_0648_1 rise_budget_512 seed=3 2.44s
5190 done chncxr vgg13 CHNCXR_0648_1 rise_budget_512 seed=1 2.28s
5191 done chncxr vgg13 CHNCXR_0648_1 rise_budget_2048 seed=0 9.46s
5192 done chncxr vgg13 CHNCXR_0648_1 kernel_shap_budget_512 seed=1 1.12s
5193 done chncxr vgg13 CHNCXR_0648_1 rise_budget_1024 seed=2 4.59s
5194 done chncxr vgg13 CHNCXR_0648_1 kernel_shap_budget_2048 seed=1 4.48s
5195 done chncxr vgg13 CHNCXR_0648_1 lime_budget_512 seed=3 1.16s
5196 done chncxr vgg13 CHNCXR_0648_1 lime_budget_1024 seed=0 2.25s
5197 done chncxr vgg13 CHNCXR_0648_1 lime_budget_2048 seed=3 4.48s
5198 done chncxr vgg13 CHNCXR_0648_1 lime_budget_256 seed=0 0.57s
5199 done chncxr vgg13 CHNCXR_0648_1 kernel_shap_budget_512 seed=3 1.13s
5200 done chncxr vgg13 CHNCXR_0648_1 lime_budget_2048 seed=1 4.47s
5201 done chncxr vgg13 CHNCXR_0648_1 lime_budget_512 seed=1 1.17s
5202 done chncxr vgg13 CHNCXR_0648_1 lime_budget_1024 seed=2 2.34s
5203 done chncxr vgg13 CHNCXR_0648_1 kernel_shap_budget_2048 seed=3 4.48s
5204 done chncxr vgg13 CHNCXR_0648_1 kernel_shap_budget_2048 seed=2 4.55s
5205 done chncxr vgg13 CHNCXR_0648_1 rise_budget_2048 seed=1 9.08s
5206 done chncxr vgg13 CHNCXR_0648_1 lime_budget_1024 seed=1 2.22s
5207 done chncxr vgg13 CHNCXR_0648_1 rise_budget_256 seed=0 1.17s
5208 done chncxr vgg13 CHNCXR_0648_1 lime_budget_2048 seed=4 4.44s
5209 done chncxr vgg13 CHNCXR_0648_1 rise_budget_2048 seed=4 7.05s
5210 done chncxr vgg13 CHNCXR_0648_1 kernel_shap_budget_1024 seed=1 2.18s
5211 done chncxr vgg13 CHNCXR_0648_1 lime_budget_512 seed=4 1.07s
5212 done chncxr vgg13 CHNCXR_0648_1 kernel_shap_budget_256 seed=2 0.59s
5213 done chncxr vgg13 CHNCXR_0648_1 kernel_shap_budget_1024 seed=2 2.22s
5214 done chncxr vgg13 CHNCXR_0648_1 lime_budget_512 seed=0 1.20s
5215 done chncxr vgg13 CHNCXR_0648_1 lime_budget_256 seed=2 0.67s
5216 done chncxr vgg13 CHNCXR_0648_1 rise_budget_512 seed=4 2.34s
5217 done chncxr vgg13 CHNCXR_0648_1 lime_budget_512 seed=2 1.08s
5218 done chncxr vgg13 CHNCXR_0648_1 rise_budget_1024 seed=0 4.67s
5219 done chncxr vgg13 CHNCXR_0648_1 rise_budget_256 seed=4 1.09s
5220 done chncxr vgg13 CHNCXR_0648_1 kernel_shap_budget_1024 seed=0 2.22s
5221 done chncxr vgg13 CHNCXR_0648_1 kernel_shap_budget_2048 seed=4 4.41s
5222 done chncxr vgg13 CHNCXR_0648_1 lime_budget_256 seed=1 0.59s
5223 done chncxr vgg13 CHNCXR_0648_1 kernel_shap_budget_512 seed=0 1.15s
5224 done chncxr vgg13 CHNCXR_0648_1 lime_budget_1024 seed=3 2.21s
5225 done chncxr vgg13 CHNCXR_0648_1 rise_budget_2048 seed=2 6.59s
5226 done chncxr vgg13 CHNCXR_0648_1 ablation_default seed=None 0.20s
5227 done chncxr vgg13 CHNCXR_0648_1 rise_budget_256 seed=2 0.84s
5228 done chncxr vgg13 CHNCXR_0648_1 rise_budget_1024 seed=1 3.50s
5229 done chncxr vgg13 CHNCXR_0648_1 rise_budget_512 seed=0 1.71s
5230 done chncxr vgg13 CHNCXR_0648_1 rise_budget_256 seed=3 0.88s
5231 done chncxr vgg13 CHNCXR_0648_1 lime_budget_2048 seed=2 4.48s
5232 done chncxr vgg13 CHNCXR_0648_1 kernel_shap_budget_512 seed=2 1.08s
5233 done chncxr vgg13 CHNCXR_0648_1 kernel_shap_budget_256 seed=1 0.54s
5234 done chncxr vgg13 CHNCXR_0648_1 kernel_shap_budget_1024 seed=3 2.16s
5235 done chncxr vgg13 CHNCXR_0648_1 lime_budget_1024 seed=4 2.15s
5236 done chncxr vgg13 CHNCXR_0648_1 kernel_shap_budget_256 seed=0 0.54s
5237 done chncxr vgg13 CHNCXR_0648_1 lime_budget_256 seed=3 0.54s
5238 done chncxr vgg13 CHNCXR_0648_1 kernel_shap_budget_512 seed=4 1.07s
5239 done chncxr vgg13 CHNCXR_0648_1 lime_budget_2048 seed=0 4.38s
5240 done chncxr vgg13 CHNCXR_0648_1 kernel_shap_budget_256 seed=4 0.59s
5241 done chncxr vgg13 CHNCXR_0648_1 rise_budget_2048 seed=3 6.55s
5242 done chncxr vgg13 CHNCXR_0648_1 rise_budget_1024 seed=3 3.31s
5243 done chncxr vgg13 CHNCXR_0648_1 kernel_shap_budget_256 seed=3 0.56s
5244 done chncxr vgg13 CHNCXR_0648_1 lime_budget_256 seed=4 0.60s
5245 done chncxr vgg13 CHNCXR_0648_1 kernel_shap_budget_1024 seed=4 2.22s
5246 done chncxr vgg13 CHNCXR_0648_1 rise_budget_256 seed=1 0.87s
