1 done chncxr resnet50 CHNCXR_0006_0 rise_grid_4 seed=4 4.95s
2 done chncxr resnet50 CHNCXR_0006_0 lime_mask_0.25 seed=1 2.26s
3 done chncxr resnet50 CHNCXR_0006_0 lime_mask_0.75 seed=3 2.27s
4 done chncxr resnet50 CHNCXR_0006_0 rise_mask_0.75 seed=3 3.35s
5 done chncxr resnet50 CHNCXR_0006_0 rise_grid_14 seed=4 3.17s
6 done chncxr resnet50 CHNCXR_0006_0 rise_mask_0.25 seed=4 3.96s
7 done chncxr resnet50 CHNCXR_0006_0 rise_mask_0.75 seed=1 4.32s
8 done chncxr resnet50 CHNCXR_0006_0 lime_slic_300 seed=3 2.32s
9 done chncxr resnet50 CHNCXR_0006_0 lime_mask_0.25 seed=4 2.24s
10 done chncxr resnet50 CHNCXR_0006_0 lime_slic_200 seed=0 2.31s
11 done chncxr resnet50 CHNCXR_0006_0 rise_mask_0.25 seed=3 3.31s
12 done chncxr resnet50 CHNCXR_0006_0 rise_grid_10 seed=2 3.27s
13 done chncxr resnet50 CHNCXR_0006_0 lime_slic_50 seed=4 2.24s
14 done chncxr resnet50 CHNCXR_0006_0 lime_slic_300 seed=2 2.26s
15 done chncxr resnet50 CHNCXR_0006_0 rise_mask_0.25 seed=1 3.30s
16 done chncxr resnet50 CHNCXR_0006_0 lime_slic_50 seed=1 2.19s
17 done chncxr resnet50 CHNCXR_0006_0 lime_slic_200 seed=3 2.25s
18 done chncxr resnet50 CHNCXR_0006_0 rise_grid_4 seed=0 3.66s
19 done chncxr resnet50 CHNCXR_0006_0 rise_grid_10 seed=1 3.25s
20 done chncxr resnet50 CHNCXR_0006_0 rise_grid_10 seed=3 3.26s
21 done chncxr resnet50 CHNCXR_0006_0 rise_mask_0.25 seed=0 3.71s
22 done chncxr resnet50 CHNCXR_0006_0 lime_mask_0.75 seed=2 2.18s
23 done chncxr resnet50 CHNCXR_0006_0 lime_mask_0.25 seed=0 2.18s
24 done chncxr resnet50 CHNCXR_0006_0 rise_grid_14 seed=2 4.23s
25 done chncxr resnet50 CHNCXR_0006_0 lime_mask_0.25 seed=2 2.20s
26 done chncxr resnet50 CHNCXR_0006_0 rise_grid_4 seed=1 4.87s
27 done chncxr resnet50 CHNCXR_0006_0 lime_mask_0.75 seed=4 2.18s
28 done chncxr resnet50 CHNCXR_0006_0 rise_mask_0.75 seed=0 3.92s
29 done chncxr resnet50 CHNCXR_0006_0 lime_slic_300 seed=1 2.29s
30 done chncxr resnet50 CHNCXR_0006_0 rise_grid_4 seed=2 3.71s
31 done chncxr resnet50 CHNCXR_0006_0 lime_slic_200 seed=2 2.27s
32 done chncxr resnet50 CHNCXR_0006_0 rise_mask_0.25 seed=2 3.37s
33 done chncxr resnet50 CHNCXR_0006_0 lime_slic_300 seed=4 2.31s
34 done chncxr resnet50 CHNCXR_0006_0 lime_slic_50 seed=3 2.24s
35 done chncxr resnet50 CHNCXR_0006_0 rise_mask_0.75 seed=2 3.35s
36 done chncxr resnet50 CHNCXR_0006_0 lime_mask_0.75 seed=1 2.24s
37 done chncxr resnet50 CHNCXR_0006_0 rise_grid_4 seed=3 3.71s
38 done chncxr resnet50 CHNCXR_0006_0 lime_mask_0.25 seed=3 2.22s
39 done chncxr resnet50 CHNCXR_0006_0 lime_mask_0.75 seed=0 2.22s
40 done chncxr resnet50 CHNCXR_0006_0 rise_grid_14 seed=3 3.74s
41 done chncxr resnet50 CHNCXR_0006_0 rise_grid_14 seed=0 3.09s
42 done chncxr resnet50 CHNCXR_0006_0 lime_slic_50 seed=2 2.22s
43 done chncxr resnet50 CHNCXR_0006_0 rise_grid_14 seed=1 3.11s
44 done chncxr resnet50 CHNCXR_0006_0 lime_slic_200 seed=4 2.25s
45 done chncxr resnet50 CHNCXR_0006_0 lime_slic_50 seed=0 2.22s
46 done chncxr resnet50 CHNCXR_0006_0 rise_grid_10 seed=0 3.28s
47 done chncxr resnet50 CHNCXR_0006_0 rise_mask_0.75 seed=4 3.32s
48 done chncxr resnet50 CHNCXR_0006_0 lime_slic_300 seed=0 2.28s
49 done chncxr resnet50 CHNCXR_0006_0 lime_slic_200 seed=1 2.26s
50 done chncxr resnet50 CHNCXR_0006_0 rise_grid_10 seed=4 3.26s
51 done chncxr resnet50 CHNCXR_0011_0 lime_slic_50 seed=2 2.21s
52 done chncxr resnet50 CHNCXR_0011_0 lime_mask_0.25 seed=3 2.21s
53 done chncxr resnet50 CHNCXR_0011_0 lime_mask_0.25 seed=1 2.21s
54 done chncxr resnet50 CHNCXR_0011_0 lime_mask_0.75 seed=0 2.23s
55 done chncxr resnet50 CHNCXR_0011_0 rise_grid_10 seed=4 3.24s
56 done chncxr resnet50 CHNCXR_0011_0 lime_slic_50 seed=1 2.22s
57 done chncxr resnet50 CHNCXR_0011_0 lime_mask_0.25 seed=4 2.22s
58 done chncxr resnet50 CHNCXR_0011_0 lime_slic_300 seed=3 2.28s
59 done chncxr resnet50 CHNCXR_0011_0 lime_mask_0.75 seed=1 2.23s
60 done chncxr resnet50 CHNCXR_0011_0 rise_grid_10 seed=3 3.28s
61 done chncxr resnet50 CHNCXR_0011_0 rise_mask_0.75 seed=4 4.19s
62 done chncxr resnet50 CHNCXR_0011_0 lime_mask_0.75 seed=3 2.22s
63 done chncxr resnet50 CHNCXR_0011_0 rise_grid_4 seed=4 4.87s
64 done chncxr resnet50 CHNCXR_0011_0 rise_grid_4 seed=2 3.87s
65 done chncxr resnet50 CHNCXR_0011_0 lime_slic_50 seed=3 2.22s
66 done chncxr resnet50 CHNCXR_0011_0 rise_grid_10 seed=2 3.31s
67 done chncxr resnet50 CHNCXR_0011_0 lime_mask_0.25 seed=2 2.21s
68 done chncxr resnet50 CHNCXR_0011_0 lime_mask_0.75 seed=2 2.23s
69 done chncxr resnet50 CHNCXR_0011_0 lime_slic_50 seed=0 2.21s
70 done chncxr resnet50 CHNCXR_0011_0 rise_grid_14 seed=3 3.12s
71 done chncxr resnet50 CHNCXR_0011_0 lime_slic_200 seed=0 2.26s
72 done chncxr resnet50 CHNCXR_0011_0 lime_slic_200 seed=4 2.25s
73 done chncxr resnet50 CHNCXR_0011_0 rise_grid_14 seed=2 3.23s
74 done chncxr resnet50 CHNCXR_0011_0 lime_mask_0.25 seed=0 2.22s
75 done chncxr resnet50 CHNCXR_0011_0 rise_mask_0.25 seed=4 3.45s
76 done chncxr resnet50 CHNCXR_0011_0 lime_slic_300 seed=2 2.29s
77 done chncxr resnet50 CHNCXR_0011_0 lime_slic_200 seed=3 2.28s
78 done chncxr resnet50 CHNCXR_0011_0 lime_slic_200 seed=2 2.27s
79 done chncxr resnet50 CHNCXR_0011_0 rise_grid_14 seed=0 4.24s
80 done chncxr resnet50 CHNCXR_0011_0 rise_grid_4 seed=1 4.89s
81 done chncxr resnet50 CHNCXR_0011_0 rise_grid_10 seed=1 4.44s
82 done chncxr resnet50 CHNCXR_0011_0 lime_slic_200 seed=1 2.27s
83 done chncxr resnet50 CHNCXR_0011_0 rise_mask_0.25 seed=0 4.50s
84 done chncxr resnet50 CHNCXR_0011_0 lime_slic_300 seed=1 2.30s
85 done chncxr resnet50 CHNCXR_0011_0 rise_grid_4 seed=3 4.88s
86 done chncxr resnet50 CHNCXR_0011_0 rise_grid_10 seed=0 4.07s
87 done chncxr resnet50 CHNCXR_0011_0 lime_slic_300 seed=4 2.29s
88 done chncxr resnet50 CHNCXR_0011_0 rise_mask_0.75 seed=1 3.32s
89 done chncxr resnet50 CHNCXR_0011_0 rise_mask_0.25 seed=2 3.30s
90 done chncxr resnet50 CHNCXR_0011_0 rise_mask_0.75 seed=3 3.34s
91 done chncxr resnet50 CHNCXR_0011_0 rise_grid_14 seed=1 3.13s
92 done chncxr resnet50 CHNCXR_0011_0 lime_slic_300 seed=0 2.29s
93 done chncxr resnet50 CHNCXR_0011_0 rise_mask_0.25 seed=1 3.34s
94 done chncxr resnet50 CHNCXR_0011_0 rise_mask_0.75 seed=2 3.30s
95 done chncxr resnet50 CHNCXR_0011_0 rise_grid_14 seed=4 3.12s
96 done chncxr resnet50 CHNCXR_0011_0 lime_slic_50 seed=4 2.23s
97 done chncxr resnet50 CHNCXR_0011_0 rise_grid_4 seed=0 3.66s
98 done chncxr resnet50 CHNCXR_0011_0 rise_mask_0.75 seed=0 3.32s
99 done chncxr resnet50 CHNCXR_0011_0 rise_mask_0.25 seed=3 3.30s
100 done chncxr resnet50 CHNCXR_0011_0 lime_mask_0.75 seed=4 2.23s
101 done chncxr resnet50 CHNCXR_0019_0 rise_grid_4 seed=2 3.66s
102 done chncxr resnet50 CHNCXR_0019_0 lime_slic_300 seed=4 2.28s
103 done chncxr resnet50 CHNCXR_0019_0 rise_mask_0.25 seed=0 3.31s
104 done chncxr resnet50 CHNCXR_0019_0 rise_grid_4 seed=3 3.68s
105 done chncxr resnet50 CHNCXR_0019_0 rise_grid_10 seed=0 3.26s
106 done chncxr resnet50 CHNCXR_0019_0 lime_slic_200 seed=1 2.27s
107 done chncxr resnet50 CHNCXR_0019_0 lime_mask_0.25 seed=1 2.22s
108 done chncxr resnet50 CHNCXR_0019_0 rise_mask_0.75 seed=3 3.31s
109 done chncxr resnet50 CHNCXR_0019_0 rise_mask_0.25 seed=2 3.30s
110 done chncxr resnet50 CHNCXR_0019_0 lime_slic_50 seed=2 2.25s
111 done chncxr resnet50 CHNCXR_0019_0 rise_mask_0.25 seed=3 3.34s
112 done chncxr resnet50 CHNCXR_0019_0 lime_mask_0.25 seed=0 2.21s
113 done chncxr resnet50 CHNCXR_0019_0 lime_slic_300 seed=2 2.25s
114 done chncxr resnet50 CHNCXR_0019_0 lime_slic_50 seed=3 2.22s
115 done chncxr resnet50 CHNCXR_0019_0 rise_grid_14 seed=0 3.13s
116 done chncxr resnet50 CHNCXR_0019_0 lime_slic_50 seed=4 2.23s
117 done chncxr resnet50 CHNCXR_0019_0 lime_mask_0.75 seed=2 2.23s
118 done chncxr resnet50 CHNCXR_0019_0 rise_mask_0.25 seed=1 3.33s
119 done chncxr resnet50 CHNCXR_0019_0 lime_mask_0.25 seed=3 2.24s
120 done chncxr resnet50 CHNCXR_0019_0 lime_slic_200 seed=3 2.28s
121 done chncxr resnet50 CHNCXR_0019_0 lime_slic_300 seed=0 2.29s
122 done chncxr resnet50 CHNCXR_0019_0 rise_mask_0.25 seed=4 3.32s
123 done chncxr resnet50 CHNCXR_0019_0 lime_mask_0.75 seed=4 2.22s
124 done chncxr resnet50 CHNCXR_0019_0 rise_mask_0.75 seed=1 3.31s
125 done chncxr resnet50 CHNCXR_0019_0 rise_grid_14 seed=4 3.12s
126 done chncxr resnet50 CHNCXR_0019_0 rise_grid_14 seed=2 3.13s
127 done chncxr resnet50 CHNCXR_0019_0 lime_mask_0.75 seed=0 2.22s
128 done chncxr resnet50 CHNCXR_0019_0 lime_slic_200 seed=2 2.25s
129 done chncxr resnet50 CHNCXR_0019_0 lime_slic_200 seed=0 2.27s
130 done chncxr resnet50 CHNCXR_0019_0 lime_mask_0.75 seed=1 2.24s
131 done chncxr resnet50 CHNCXR_0019_0 lime_slic_300 seed=1 2.28s
132 done chncxr resnet50 CHNCXR_0019_0 lime_mask_0.25 seed=4 2.24s
133 done chncxr resnet50 CHNCXR_0019_0 rise_grid_14 seed=3 3.12s
134 done chncxr resnet50 CHNCXR_0019_0 rise_grid_10 seed=2 3.27s
135 done chncxr resnet50 CHNCXR_0019_0 rise_grid_14 seed=1 3.12s
136 done chncxr resnet50 CHNCXR_0019_0 rise_grid_10 seed=3 3.29s
137 done chncxr resnet50 CHNCXR_0019_0 lime_slic_300 seed=3 2.30s
138 done chncxr resnet50 CHNCXR_0019_0 rise_grid_4 seed=4 3.67s
139 done chncxr resnet50 CHNCXR_0019_0 lime_mask_0.75 seed=3 2.19s
140 done chncxr resnet50 CHNCXR_0019_0 rise_grid_4 seed=1 4.88s
141 done chncxr resnet50 CHNCXR_0019_0 rise_mask_0.75 seed=0 4.48s
142 done chncxr resnet50 CHNCXR_0019_0 rise_mask_0.75 seed=4 3.37s
143 done chncxr resnet50 CHNCXR_0019_0 rise_grid_10 seed=1 3.33s
144 done chncxr resnet50 CHNCXR_0019_0 rise_grid_10 seed=4 3.33s
145 done chncxr resnet50 CHNCXR_0019_0 rise_grid_4 seed=0 3.75s
146 done chncxr resnet50 CHNCXR_0019_0 lime_slic_50 seed=0 2.21s
147 done chncxr resnet50 CHNCXR_0019_0 lime_mask_0.25 seed=2 2.20s
148 done chncxr resnet50 CHNCXR_0019_0 rise_mask_0.75 seed=2 3.39s
149 done chncxr resnet50 CHNCXR_0019_0 lime_slic_200 seed=4 2.29s
150 done chncxr resnet50 CHNCXR_0019_0 lime_slic_50 seed=1 2.24s
151 done chncxr resnet50 CHNCXR_0043_0 lime_mask_0.25 seed=0 2.22s
152 done chncxr resnet50 CHNCXR_0043_0 rise_grid_10 seed=3 3.96s
153 done chncxr resnet50 CHNCXR_0043_0 lime_mask_0.25 seed=2 2.22s
154 done chncxr resnet50 CHNCXR_0043_0 lime_slic_300 seed=0 2.28s
155 done chncxr resnet50 CHNCXR_0043_0 rise_grid_10 seed=2 4.44s
156 done chncxr resnet50 CHNCXR_0043_0 rise_grid_4 seed=4 4.89s
157 done chncxr resnet50 CHNCXR_0043_0 lime_slic_50 seed=0 2.21s
158 done chncxr resnet50 CHNCXR_0043_0 rise_grid_4 seed=0 4.90s
159 done chncxr resnet50 CHNCXR_0043_0 lime_mask_0.25 seed=3 2.21s
160 done chncxr resnet50 CHNCXR_0043_0 lime_slic_300 seed=3 2.27s
161 done chncxr resnet50 CHNCXR_0043_0 lime_slic_50 seed=4 2.20s
162 done chncxr resnet50 CHNCXR_0043_0 rise_mask_0.75 seed=3 4.48s
163 done chncxr resnet50 CHNCXR_0043_0 lime_slic_300 seed=2 2.28s
164 done chncxr resnet50 CHNCXR_0043_0 rise_grid_14 seed=4 4.24s
165 done chncxr resnet50 CHNCXR_0043_0 rise_grid_14 seed=3 4.23s
166 done chncxr resnet50 CHNCXR_0043_0 lime_mask_0.25 seed=4 2.19s
167 done chncxr resnet50 CHNCXR_0043_0 rise_grid_10 seed=1 4.42s
168 done chncxr resnet50 CHNCXR_0043_0 lime_mask_0.75 seed=4 2.21s
169 done chncxr resnet50 CHNCXR_0043_0 lime_slic_200 seed=2 2.24s
170 done chncxr resnet50 CHNCXR_0043_0 lime_slic_200 seed=1 2.24s
171 done chncxr resnet50 CHNCXR_0043_0 lime_slic_50 seed=3 2.21s
172 done chncxr resnet50 CHNCXR_0043_0 rise_grid_14 seed=0 4.23s
173 done chncxr resnet50 CHNCXR_0043_0 lime_mask_0.75 seed=2 2.21s
174 done chncxr resnet50 CHNCXR_0043_0 rise_mask_0.25 seed=4 4.03s
175 done chncxr resnet50 CHNCXR_0043_0 lime_slic_50 seed=1 2.23s
176 done chncxr resnet50 CHNCXR_0043_0 rise_mask_0.25 seed=1 3.30s
177 done chncxr resnet50 CHNCXR_0043_0 lime_slic_300 seed=4 2.27s
178 done chncxr resnet50 CHNCXR_0043_0 rise_grid_4 seed=2 3.68s
179 done chncxr resnet50 CHNCXR_0043_0 rise_mask_0.25 seed=0 3.32s
180 done chncxr resnet50 CHNCXR_0043_0 rise_mask_0.75 seed=2 3.33s
181 done chncxr resnet50 CHNCXR_0043_0 lime_slic_200 seed=4 2.27s
182 done chncxr resnet50 CHNCXR_0043_0 rise_grid_4 seed=3 3.66s
183 done chncxr resnet50 CHNCXR_0043_0 rise_grid_4 seed=1 3.66s
184 done chncxr resnet50 CHNCXR_0043_0 lime_mask_0.75 seed=3 2.21s
185 done chncxr resnet50 CHNCXR_0043_0 rise_grid_10 seed=4 3.26s
186 done chncxr resnet50 CHNCXR_0043_0 rise_mask_0.75 seed=0 3.38s
187 done chncxr resnet50 CHNCXR_0043_0 lime_mask_0.75 seed=0 2.27s
188 done chncxr resnet50 CHNCXR_0043_0 lime_slic_200 seed=0 2.28s
189 done chncxr resnet50 CHNCXR_0043_0 rise_mask_0.75 seed=1 4.52s
190 done chncxr resnet50 CHNCXR_0043_0 rise_mask_0.25 seed=2 3.33s
191 done chncxr resnet50 CHNCXR_0043_0 lime_slic_300 seed=1 2.29s
192 done chncxr resnet50 CHNCXR_0043_0 rise_grid_14 seed=1 3.10s
193 done chncxr resnet50 CHNCXR_0043_0 rise_mask_0.75 seed=4 3.31s
194 done chncxr resnet50 CHNCXR_0043_0 lime_slic_50 seed=2 2.22s
195 done chncxr resnet50 CHNCXR_0043_0 lime_mask_0.25 seed=1 2.18s
196 done chncxr resnet50 CHNCXR_0043_0 rise_grid_14 seed=2 3.14s
197 done chncxr resnet50 CHNCXR_0043_0 rise_mask_0.25 seed=3 3.31s
198 done chncxr resnet50 CHNCXR_0043_0 rise_grid_10 seed=0 3.32s
199 done chncxr resnet50 CHNCXR_0043_0 lime_slic_200 seed=3 2.23s
200 done chncxr resnet50 CHNCXR_0043_0 lime_mask_0.75 seed=1 2.22s
201 done chncxr resnet50 CHNCXR_0070_0 lime_slic_300 seed=1 2.26s
202 done chncxr resnet50 CHNCXR_0070_0 rise_mask_0.75 seed=3 3.31s
203 done chncxr resnet50 CHNCXR_0070_0 lime_mask_0.25 seed=3 2.20s
204 done chncxr resnet50 CHNCXR_0070_0 lime_slic_50 seed=3 2.19s
205 done chncxr resnet50 CHNCXR_0070_0 rise_grid_10 seed=1 3.26s
206 done chncxr resnet50 CHNCXR_0070_0 rise_grid_14 seed=4 3.10s
207 done chncxr resnet50 CHNCXR_0070_0 rise_grid_10 seed=4 3.30s
208 done chncxr resnet50 CHNCXR_0070_0 rise_mask_0.25 seed=4 3.31s
209 done chncxr resnet50 CHNCXR_0070_0 lime_mask_0.75 seed=3 2.20s
210 done chncxr resnet50 CHNCXR_0070_0 rise_mask_0.75 seed=2 3.32s
211 done chncxr resnet50 CHNCXR_0070_0 lime_mask_0.75 seed=2 2.21s
212 done chncxr resnet50 CHNCXR_0070_0 rise_grid_10 seed=2 3.29s
213 done chncxr resnet50 CHNCXR_0070_0 rise_grid_14 seed=1 3.11s
214 done chncxr resnet50 CHNCXR_0070_0 lime_mask_0.25 seed=0 2.21s
215 done chncxr resnet50 CHNCXR_0070_0 rise_grid_10 seed=0 3.26s
216 done chncxr resnet50 CHNCXR_0070_0 rise_grid_4 seed=3 3.71s
217 done chncxr resnet50 CHNCXR_0070_0 rise_mask_0.25 seed=3 3.31s
218 done chncxr resnet50 CHNCXR_0070_0 rise_grid_4 seed=1 3.69s
219 done chncxr resnet50 CHNCXR_0070_0 lime_mask_0.75 seed=4 2.22s
220 done chncxr resnet50 CHNCXR_0070_0 lime_mask_0.75 seed=0 2.22s
221 done chncxr resnet50 CHNCXR_0070_0 lime_mask_0.25 seed=4 2.21s
222 done chncxr resnet50 CHNCXR_0070_0 rise_grid_14 seed=0 3.19s
223 done chncxr resnet50 CHNCXR_0070_0 lime_slic_300 seed=4 2.31s
224 done chncxr resnet50 CHNCXR_0070_0 lime_slic_300 seed=3 2.31s
225 done chncxr resnet50 CHNCXR_0070_0 rise_grid_10 seed=3 3.32s
226 done chncxr resnet50 CHNCXR_0070_0 lime_slic_50 seed=2 2.26s
227 done chncxr resnet50 CHNCXR_0070_0 rise_grid_4 seed=2 3.76s
228 done chncxr resnet50 CHNCXR_0070_0 lime_slic_200 seed=0 2.28s
229 done chncxr resnet50 CHNCXR_0070_0 rise_mask_0.25 seed=1 3.50s
230 done chncxr resnet50 CHNCXR_0070_0 lime_slic_300 seed=0 2.34s
231 done chncxr resnet50 CHNCXR_0070_0 lime_slic_50 seed=4 2.28s
232 done chncxr resnet50 CHNCXR_0070_0 lime_slic_50 seed=0 2.19s
233 done chncxr resnet50 CHNCXR_0070_0 lime_mask_0.75 seed=1 2.20s
234 done chncxr resnet50 CHNCXR_0070_0 lime_slic_50 seed=1 2.22s
235 done chncxr resnet50 CHNCXR_0070_0 lime_slic_200 seed=2 2.23s
236 done chncxr resnet50 CHNCXR_0070_0 rise_mask_0.25 seed=0 3.34s
237 done chncxr resnet50 CHNCXR_0070_0 rise_grid_4 seed=4 3.71s
238 done chncxr resnet50 CHNCXR_0070_0 rise_mask_0.25 seed=2 3.33s
239 done chncxr resnet50 CHNCXR_0070_0 lime_mask_0.25 seed=2 2.21s
240 done chncxr resnet50 CHNCXR_0070_0 lime_slic_300 seed=2 2.24s
241 done chncxr resnet50 CHNCXR_0070_0 rise_grid_14 seed=2 3.10s
242 done chncxr resnet50 CHNCXR_0070_0 rise_grid_14 seed=3 3.13s
243 done chncxr resnet50 CHNCXR_0070_0 rise_mask_0.75 seed=1 3.32s
244 done chncxr resnet50 CHNCXR_0070_0 lime_mask_0.25 seed=1 2.20s
245 done chncxr resnet50 CHNCXR_0070_0 lime_slic_200 seed=3 2.23s
246 done chncxr resnet50 CHNCXR_0070_0 rise_mask_0.75 seed=0 3.31s
247 done chncxr resnet50 CHNCXR_0070_0 rise_grid_4 seed=0 3.68s
248 done chncxr resnet50 CHNCXR_0070_0 lime_slic_200 seed=4 2.23s
249 done chncxr resnet50 CHNCXR_0070_0 lime_slic_200 seed=1 2.22s
250 done chncxr resnet50 CHNCXR_0070_0 rise_mask_0.75 seed=4 3.33s
251 done chncxr resnet50 CHNCXR_0116_0 lime_mask_0.75 seed=0 2.21s
252 done chncxr resnet50 CHNCXR_0116_0 rise_grid_14 seed=3 3.13s
253 done chncxr resnet50 CHNCXR_0116_0 lime_mask_0.75 seed=1 2.20s
254 done chncxr resnet50 CHNCXR_0116_0 lime_slic_200 seed=2 2.24s
255 done chncxr resnet50 CHNCXR_0116_0 rise_mask_0.25 seed=0 3.32s
256 done chncxr resnet50 CHNCXR_0116_0 rise_mask_0.75 seed=2 3.33s
257 done chncxr resnet50 CHNCXR_0116_0 rise_mask_0.75 seed=0 3.35s
258 done chncxr resnet50 CHNCXR_0116_0 lime_mask_0.25 seed=1 2.19s
259 done chncxr resnet50 CHNCXR_0116_0 rise_grid_4 seed=3 3.67s
260 done chncxr resnet50 CHNCXR_0116_0 lime_slic_300 seed=1 2.26s
261 done chncxr resnet50 CHNCXR_0116_0 lime_slic_50 seed=0 2.18s
262 done chncxr resnet50 CHNCXR_0116_0 rise_mask_0.75 seed=1 3.31s
263 done chncxr resnet50 CHNCXR_0116_0 lime_mask_0.25 seed=0 2.19s
264 done chncxr resnet50 CHNCXR_0116_0 rise_grid_10 seed=3 3.26s
265 done chncxr resnet50 CHNCXR_0116_0 rise_grid_14 seed=4 3.10s
266 done chncxr resnet50 CHNCXR_0116_0 lime_slic_200 seed=4 2.23s
267 done chncxr resnet50 CHNCXR_0116_0 lime_slic_50 seed=1 2.18s
268 done chncxr resnet50 CHNCXR_0116_0 rise_grid_14 seed=2 3.10s
269 done chncxr resnet50 CHNCXR_0116_0 lime_slic_300 seed=2 2.26s
270 done chncxr resnet50 CHNCXR_0116_0 lime_mask_0.25 seed=4 2.19s
271 done chncxr resnet50 CHNCXR_0116_0 rise_grid_10 seed=1 3.26s
272 done chncxr resnet50 CHNCXR_0116_0 rise_grid_10 seed=2 3.26s
273 done chncxr resnet50 CHNCXR_0116_0 lime_slic_50 seed=2 2.19s
274 done chncxr resnet50 CHNCXR_0116_0 rise_grid_4 seed=0 3.67s
275 done chncxr resnet50 CHNCXR_0116_0 rise_grid_4 seed=4 3.65s
276 done chncxr resnet50 CHNCXR_0116_0 lime_slic_50 seed=4 2.16s
277 done chncxr resnet50 CHNCXR_0116_0 rise_grid_14 seed=0 3.09s
278 done chncxr resnet50 CHNCXR_0116_0 rise_mask_0.25 seed=3 3.31s
279 done chncxr resnet50 CHNCXR_0116_0 rise_mask_0.25 seed=4 3.31s
280 done chncxr resnet50 CHNCXR_0116_0 rise_grid_10 seed=0 3.26s
281 done chncxr resnet50 CHNCXR_0116_0 lime_slic_50 seed=3 2.18s
282 done chncxr resnet50 CHNCXR_0116_0 lime_slic_300 seed=4 2.23s
283 done chncxr resnet50 CHNCXR_0116_0 rise_mask_0.75 seed=3 3.37s
284 done chncxr resnet50 CHNCXR_0116_0 lime_mask_0.75 seed=2 2.20s
285 done chncxr resnet50 CHNCXR_0116_0 lime_mask_0.75 seed=3 2.20s
286 done chncxr resnet50 CHNCXR_0116_0 rise_mask_0.75 seed=4 3.34s
287 done chncxr resnet50 CHNCXR_0116_0 lime_mask_0.25 seed=2 2.20s
288 done chncxr resnet50 CHNCXR_0116_0 rise_grid_4 seed=1 4.74s
289 done chncxr resnet50 CHNCXR_0116_0 lime_slic_200 seed=0 2.23s
290 done chncxr resnet50 CHNCXR_0116_0 lime_slic_300 seed=0 2.25s
291 done chncxr resnet50 CHNCXR_0116_0 rise_grid_14 seed=1 3.10s
292 done chncxr resnet50 CHNCXR_0116_0 rise_grid_4 seed=2 3.66s
293 done chncxr resnet50 CHNCXR_0116_0 lime_slic_200 seed=1 2.22s
294 done chncxr resnet50 CHNCXR_0116_0 lime_mask_0.25 seed=3 2.18s
295 done chncxr resnet50 CHNCXR_0116_0 rise_mask_0.25 seed=1 3.32s
296 done chncxr resnet50 CHNCXR_0116_0 lime_mask_0.75 seed=4 2.20s
297 done chncxr resnet50 CHNCXR_0116_0 lime_slic_300 seed=3 2.25s
298 done chncxr resnet50 CHNCXR_0116_0 rise_mask_0.25 seed=2 3.32s
299 done chncxr resnet50 CHNCXR_0116_0 lime_slic_200 seed=3 2.24s
300 done chncxr resnet50 CHNCXR_0116_0 rise_grid_10 seed=4 3.27s
301 done chncxr resnet50 CHNCXR_0142_0 lime_slic_50 seed=3 2.19s
302 done chncxr resnet50 CHNCXR_0142_0 lime_mask_0.75 seed=3 2.20s
303 done chncxr resnet50 CHNCXR_0142_0 lime_slic_300 seed=1 2.26s
304 done chncxr resnet50 CHNCXR_0142_0 lime_mask_0.25 seed=4 2.19s
305 done chncxr resnet50 CHNCXR_0142_0 lime_slic_300 seed=0 2.25s
306 done chncxr resnet50 CHNCXR_0142_0 lime_slic_200 seed=3 2.23s
307 done chncxr resnet50 CHNCXR_0142_0 lime_slic_300 seed=4 2.26s
308 done chncxr resnet50 CHNCXR_0142_0 rise_grid_4 seed=4 3.67s
309 done chncxr resnet50 CHNCXR_0142_0 rise_mask_0.25 seed=2 3.32s
310 done chncxr resnet50 CHNCXR_0142_0 rise_grid_4 seed=1 3.67s
311 done chncxr resnet50 CHNCXR_0142_0 rise_mask_0.25 seed=1 3.31s
312 done chncxr resnet50 CHNCXR_0142_0 lime_mask_0.75 seed=2 2.19s
313 done chncxr resnet50 CHNCXR_0142_0 rise_grid_10 seed=1 3.27s
314 done chncxr resnet50 CHNCXR_0142_0 rise_grid_14 seed=4 3.10s
315 done chncxr resnet50 CHNCXR_0142_0 lime_slic_200 seed=0 2.22s
316 done chncxr resnet50 CHNCXR_0142_0 rise_grid_14 seed=2 3.12s
317 done chncxr resnet50 CHNCXR_0142_0 lime_slic_200 seed=2 2.22s
318 done chncxr resnet50 CHNCXR_0142_0 lime_slic_50 seed=4 2.18s
319 done chncxr resnet50 CHNCXR_0142_0 lime_mask_0.25 seed=0 2.18s
320 done chncxr resnet50 CHNCXR_0142_0 rise_mask_0.75 seed=4 3.28s
321 done chncxr resnet50 CHNCXR_0142_0 rise_grid_14 seed=3 3.11s
322 done chncxr resnet50 CHNCXR_0142_0 rise_grid_10 seed=0 3.25s
323 done chncxr resnet50 CHNCXR_0142_0 lime_mask_0.25 seed=2 2.18s
324 done chncxr resnet50 CHNCXR_0142_0 lime_mask_0.25 seed=1 2.16s
325 done chncxr resnet50 CHNCXR_0142_0 rise_grid_10 seed=4 3.25s
326 done chncxr resnet50 CHNCXR_0142_0 rise_grid_10 seed=3 3.27s
327 done chncxr resnet50 CHNCXR_0142_0 rise_mask_0.75 seed=0 3.31s
328 done chncxr resnet50 CHNCXR_0142_0 lime_slic_300 seed=3 2.24s
329 done chncxr resnet50 CHNCXR_0142_0 rise_grid_14 seed=1 3.10s
330 done chncxr resnet50 CHNCXR_0142_0 rise_mask_0.75 seed=2 3.31s
331 done chncxr resnet50 CHNCXR_0142_0 lime_slic_200 seed=4 2.21s
332 done chncxr resnet50 CHNCXR_0142_0 lime_mask_0.75 seed=1 2.20s
333 done chncxr resnet50 CHNCXR_0142_0 rise_mask_0.25 seed=3 3.34s
334 done chncxr resnet50 CHNCXR_0142_0 rise_grid_10 seed=2 3.80s
335 done chncxr resnet50 CHNCXR_0142_0 lime_slic_50 seed=2 2.18s
336 done chncxr resnet50 CHNCXR_0142_0 rise_mask_0.25 seed=4 4.49s
337 done chncxr resnet50 CHNCXR_0142_0 rise_grid_4 seed=0 4.89s
338 done chncxr resnet50 CHNCXR_0142_0 rise_grid_14 seed=0 3.37s
339 done chncxr resnet50 CHNCXR_0142_0 rise_grid_4 seed=3 3.69s
340 done chncxr resnet50 CHNCXR_0142_0 lime_slic_200 seed=1 2.21s
341 done chncxr resnet50 CHNCXR_0142_0 lime_mask_0.25 seed=3 2.17s
342 done chncxr resnet50 CHNCXR_0142_0 lime_slic_300 seed=2 2.24s
343 done chncxr resnet50 CHNCXR_0142_0 rise_mask_0.75 seed=1 3.29s
344 done chncxr resnet50 CHNCXR_0142_0 lime_slic_50 seed=1 2.23s
345 done chncxr resnet50 CHNCXR_0142_0 rise_mask_0.75 seed=3 3.31s
346 done chncxr resnet50 CHNCXR_0142_0 rise_grid_4 seed=2 3.66s
347 done chncxr resnet50 CHNCXR_0142_0 lime_mask_0.75 seed=0 2.24s
348 done chncxr resnet50 CHNCXR_0142_0 lime_mask_0.75 seed=4 2.23s
349 done chncxr resnet50 CHNCXR_0142_0 rise_mask_0.25 seed=0 3.28s
350 done chncxr resnet50 CHNCXR_0142_0 lime_slic_50 seed=0 2.18s
351 done chncxr resnet50 CHNCXR_0161_0 rise_grid_4 seed=4 3.95s
352 done chncxr resnet50 CHNCXR_0161_0 rise_grid_4 seed=2 3.71s
353 done chncxr resnet50 CHNCXR_0161_0 lime_slic_50 seed=0 2.24s
354 done chncxr resnet50 CHNCXR_0161_0 rise_grid_4 seed=1 3.69s
355 done chncxr resnet50 CHNCXR_0161_0 lime_mask_0.25 seed=2 2.23s
356 done chncxr resnet50 CHNCXR_0161_0 rise_grid_4 seed=0 3.68s
357 done chncxr resnet50 CHNCXR_0161_0 rise_grid_14 seed=3 3.12s
358 done chncxr resnet50 CHNCXR_0161_0 lime_mask_0.75 seed=3 2.23s
359 done chncxr resnet50 CHNCXR_0161_0 rise_grid_10 seed=1 3.28s
360 done chncxr resnet50 CHNCXR_0161_0 rise_grid_14 seed=2 3.11s
361 done chncxr resnet50 CHNCXR_0161_0 lime_slic_300 seed=1 2.30s
362 done chncxr resnet50 CHNCXR_0161_0 lime_slic_50 seed=4 2.23s
363 done chncxr resnet50 CHNCXR_0161_0 lime_slic_200 seed=0 2.26s
364 done chncxr resnet50 CHNCXR_0161_0 lime_mask_0.75 seed=1 2.24s
365 done chncxr resnet50 CHNCXR_0161_0 rise_mask_0.75 seed=1 3.32s
366 done chncxr resnet50 CHNCXR_0161_0 lime_slic_200 seed=1 2.27s
367 done chncxr resnet50 CHNCXR_0161_0 rise_mask_0.25 seed=2 3.32s
368 done chncxr resnet50 CHNCXR_0161_0 rise_grid_10 seed=2 3.27s
369 done chncxr resnet50 CHNCXR_0161_0 lime_slic_300 seed=3 2.33s
370 done chncxr resnet50 CHNCXR_0161_0 rise_grid_10 seed=4 3.26s
371 done chncxr resnet50 CHNCXR_0161_0 rise_grid_10 seed=0 3.28s
372 done chncxr resnet50 CHNCXR_0161_0 lime_slic_200 seed=2 2.27s
373 done chncxr resnet50 CHNCXR_0161_0 rise_mask_0.25 seed=3 3.51s
374 done chncxr resnet50 CHNCXR_0161_0 lime_mask_0.75 seed=0 2.26s
375 done chncxr resnet50 CHNCXR_0161_0 lime_slic_300 seed=4 2.33s
376 done chncxr resnet50 CHNCXR_0161_0 rise_mask_0.75 seed=2 3.32s
377 done chncxr resnet50 CHNCXR_0161_0 rise_grid_14 seed=4 3.11s
378 done chncxr resnet50 CHNCXR_0161_0 lime_slic_50 seed=1 2.25s
379 done chncxr resnet50 CHNCXR_0161_0 rise_grid_14 seed=0 3.11s
380 done chncxr resnet50 CHNCXR_0161_0 rise_grid_4 seed=3 3.67s
381 done chncxr resnet50 CHNCXR_0161_0 rise_mask_0.25 seed=0 3.31s
382 done chncxr resnet50 CHNCXR_0161_0 lime_slic_200 seed=3 2.28s
383 done chncxr resnet50 CHNCXR_0161_0 lime_slic_50 seed=2 2.25s
384 done chncxr resnet50 CHNCXR_0161_0 rise_mask_0.25 seed=4 3.31s
385 done chncxr resnet50 CHNCXR_0161_0 lime_slic_300 seed=2 2.31s
386 done chncxr resnet50 CHNCXR_0161_0 rise_grid_10 seed=3 3.30s
387 done chncxr resnet50 CHNCXR_0161_0 lime_mask_0.25 seed=1 2.26s
388 done chncxr resnet50 CHNCXR_0161_0 rise_grid_14 seed=1 3.12s
389 done chncxr resnet50 CHNCXR_0161_0 rise_mask_0.75 seed=0 3.35s
390 done chncxr resnet50 CHNCXR_0161_0 lime_mask_0.25 seed=4 2.25s
391 done chncxr resnet50 CHNCXR_0161_0 lime_slic_50 seed=3 2.25s
392 done chncxr resnet50 CHNCXR_0161_0 lime_mask_0.25 seed=0 2.25s
393 done chncxr resnet50 CHNCXR_0161_0 rise_mask_0.75 seed=4 3.34s
394 done chncxr resnet50 CHNCXR_0161_0 rise_mask_0.75 seed=3 3.32s
395 done chncxr resnet50 CHNCXR_0161_0 lime_mask_0.25 seed=3 2.25s
396 done chncxr resnet50 CHNCXR_0161_0 lime_slic_300 seed=0 2.32s
397 done chncxr resnet50 CHNCXR_0161_0 lime_slic_200 seed=4 2.30s
398 done chncxr resnet50 CHNCXR_0161_0 lime_mask_0.75 seed=4 2.26s
399 done chncxr resnet50 CHNCXR_0161_0 lime_mask_0.75 seed=2 2.26s
400 done chncxr resnet50 CHNCXR_0161_0 rise_mask_0.25 seed=1 3.33s
401 done chncxr resnet50 CHNCXR_0165_0 rise_grid_10 seed=1 3.32s
402 done chncxr resnet50 CHNCXR_0165_0 rise_mask_0.75 seed=3 3.35s
403 done chncxr resnet50 CHNCXR_0165_0 rise_mask_0.25 seed=0 3.31s
404 done chncxr resnet50 CHNCXR_0165_0 lime_slic_200 seed=3 2.28s
405 done chncxr resnet50 CHNCXR_0165_0 lime_slic_50 seed=1 2.24s
406 done chncxr resnet50 CHNCXR_0165_0 lime_mask_0.75 seed=4 2.25s
407 done chncxr resnet50 CHNCXR_0165_0 lime_slic_50 seed=2 2.24s
408 done chncxr resnet50 CHNCXR_0165_0 rise_mask_0.25 seed=4 3.31s
409 done chncxr resnet50 CHNCXR_0165_0 rise_grid_10 seed=0 3.25s
410 done chncxr resnet50 CHNCXR_0165_0 lime_mask_0.75 seed=2 2.25s
411 done chncxr resnet50 CHNCXR_0165_0 rise_grid_14 seed=4 3.09s
412 done chncxr resnet50 CHNCXR_0165_0 lime_slic_300 seed=4 2.30s
413 done chncxr resnet50 CHNCXR_0165_0 lime_mask_0.25 seed=3 2.23s
414 done chncxr resnet50 CHNCXR_0165_0 rise_grid_14 seed=3 3.09s
415 done chncxr resnet50 CHNCXR_0165_0 rise_grid_4 seed=1 3.67s
416 done chncxr resnet50 CHNCXR_0165_0 lime_mask_0.75 seed=3 2.25s
417 done chncxr resnet50 CHNCXR_0165_0 rise_mask_0.75 seed=0 3.32s
418 done chncxr resnet50 CHNCXR_0165_0 lime_mask_0.75 seed=1 2.26s
419 done chncxr resnet50 CHNCXR_0165_0 lime_slic_50 seed=3 2.25s
420 done chncxr resnet50 CHNCXR_0165_0 rise_mask_0.75 seed=4 3.31s
421 done chncxr resnet50 CHNCXR_0165_0 lime_slic_300 seed=3 2.32s
422 done chncxr resnet50 CHNCXR_0165_0 rise_grid_4 seed=4 4.90s
423 done chncxr resnet50 CHNCXR_0165_0 rise_grid_14 seed=1 4.24s
424 done chncxr resnet50 CHNCXR_0165_0 lime_mask_0.25 seed=2 2.26s
425 done chncxr resnet50 CHNCXR_0165_0 lime_mask_0.25 seed=1 2.26s
426 done chncxr resnet50 CHNCXR_0165_0 lime_slic_300 seed=0 2.33s
427 done chncxr resnet50 CHNCXR_0165_0 rise_grid_4 seed=2 4.91s
428 done chncxr resnet50 CHNCXR_0165_0 lime_slic_50 seed=0 2.25s
429 done chncxr resnet50 CHNCXR_0165_0 rise_grid_4 seed=3 4.91s
430 done chncxr resnet50 CHNCXR_0165_0 rise_grid_14 seed=0 4.25s
431 done chncxr resnet50 CHNCXR_0165_0 lime_slic_200 seed=0 2.30s
432 done chncxr resnet50 CHNCXR_0165_0 rise_grid_10 seed=4 4.43s
433 done chncxr resnet50 CHNCXR_0165_0 rise_grid_14 seed=2 4.24s
434 done chncxr resnet50 CHNCXR_0165_0 rise_grid_10 seed=3 4.44s
435 done chncxr resnet50 CHNCXR_0165_0 lime_mask_0.25 seed=0 2.26s
436 done chncxr resnet50 CHNCXR_0165_0 rise_grid_4 seed=0 4.90s
437 done chncxr resnet50 CHNCXR_0165_0 rise_mask_0.25 seed=3 4.50s
438 done chncxr resnet50 CHNCXR_0165_0 rise_mask_0.75 seed=1 4.50s
439 done chncxr resnet50 CHNCXR_0165_0 lime_slic_300 seed=1 2.32s
440 done chncxr resnet50 CHNCXR_0165_0 rise_mask_0.75 seed=2 3.71s
441 done chncxr resnet50 CHNCXR_0165_0 lime_slic_300 seed=2 2.33s
442 done chncxr resnet50 CHNCXR_0165_0 lime_slic_200 seed=1 2.30s
443 done chncxr resnet50 CHNCXR_0165_0 lime_slic_200 seed=2 2.29s
444 done chncxr resnet50 CHNCXR_0165_0 rise_mask_0.25 seed=1 3.38s
445 done chncxr resnet50 CHNCXR_0165_0 lime_slic_200 seed=4 2.29s
446 done chncxr resnet50 CHNCXR_0165_0 lime_mask_0.75 seed=0 2.24s
447 done chncxr resnet50 CHNCXR_0165_0 lime_mask_0.25 seed=4 2.21s
448 done chncxr resnet50 CHNCXR_0165_0 lime_slic_50 seed=4 2.22s
449 done chncxr resnet50 CHNCXR_0165_0 rise_mask_0.25 seed=2 3.39s
450 done chncxr resnet50 CHNCXR_0165_0 rise_grid_10 seed=2 3.33s
451 done chncxr resnet50 CHNCXR_0175_0 rise_grid_10 seed=4 3.35s
452 done chncxr resnet50 CHNCXR_0175_0 rise_mask_0.25 seed=2 3.38s
453 done chncxr resnet50 CHNCXR_0175_0 lime_slic_50 seed=1 2.21s
454 done chncxr resnet50 CHNCXR_0175_0 lime_slic_300 seed=3 2.27s
455 done chncxr resnet50 CHNCXR_0175_0 lime_slic_50 seed=3 2.22s
456 done chncxr resnet50 CHNCXR_0175_0 rise_grid_4 seed=2 3.96s
457 done chncxr resnet50 CHNCXR_0175_0 rise_grid_14 seed=4 3.19s
458 done chncxr resnet50 CHNCXR_0175_0 rise_mask_0.75 seed=2 3.44s
459 done chncxr resnet50 CHNCXR_0175_0 lime_mask_0.25 seed=4 2.23s
460 done chncxr resnet50 CHNCXR_0175_0 lime_mask_0.75 seed=0 2.25s
461 done chncxr resnet50 CHNCXR_0175_0 lime_slic_200 seed=3 2.25s
462 done chncxr resnet50 CHNCXR_0175_0 lime_slic_300 seed=1 2.29s
463 done chncxr resnet50 CHNCXR_0175_0 lime_mask_0.75 seed=1 2.25s
464 done chncxr resnet50 CHNCXR_0175_0 rise_grid_14 seed=0 3.16s
465 done chncxr resnet50 CHNCXR_0175_0 rise_mask_0.75 seed=1 3.38s
466 done chncxr resnet50 CHNCXR_0175_0 rise_grid_4 seed=3 3.72s
467 done chncxr resnet50 CHNCXR_0175_0 rise_grid_14 seed=2 3.12s
468 done chncxr resnet50 CHNCXR_0175_0 lime_slic_50 seed=4 2.24s
469 done chncxr resnet50 CHNCXR_0175_0 rise_mask_0.25 seed=4 3.31s
470 done chncxr resnet50 CHNCXR_0175_0 rise_grid_4 seed=4 3.68s
471 done chncxr resnet50 CHNCXR_0175_0 rise_mask_0.75 seed=0 3.33s
472 done chncxr resnet50 CHNCXR_0175_0 lime_mask_0.75 seed=3 2.24s
473 done chncxr resnet50 CHNCXR_0175_0 lime_mask_0.25 seed=1 2.23s
474 done chncxr resnet50 CHNCXR_0175_0 lime_slic_50 seed=2 2.24s
475 done chncxr resnet50 CHNCXR_0175_0 rise_grid_14 seed=3 3.11s
476 done chncxr resnet50 CHNCXR_0175_0 rise_mask_0.75 seed=4 3.33s
477 done chncxr resnet50 CHNCXR_0175_0 rise_grid_10 seed=1 3.31s
478 done chncxr resnet50 CHNCXR_0175_0 rise_grid_10 seed=0 3.28s
479 done chncxr resnet50 CHNCXR_0175_0 lime_mask_0.25 seed=3 2.24s
480 done chncxr resnet50 CHNCXR_0175_0 rise_mask_0.25 seed=0 3.33s
481 done chncxr resnet50 CHNCXR_0175_0 rise_mask_0.25 seed=3 3.32s
482 done chncxr resnet50 CHNCXR_0175_0 lime_slic_200 seed=0 2.27s
483 done chncxr resnet50 CHNCXR_0175_0 rise_mask_0.25 seed=1 3.31s
484 done chncxr resnet50 CHNCXR_0175_0 rise_mask_0.75 seed=3 3.33s
485 done chncxr resnet50 CHNCXR_0175_0 lime_mask_0.75 seed=2 2.24s
486 done chncxr resnet50 CHNCXR_0175_0 lime_slic_50 seed=0 2.24s
487 done chncxr resnet50 CHNCXR_0175_0 lime_mask_0.75 seed=4 2.24s
488 done chncxr resnet50 CHNCXR_0175_0 lime_slic_300 seed=0 2.29s
489 done chncxr resnet50 CHNCXR_0175_0 lime_slic_200 seed=4 2.27s
490 done chncxr resnet50 CHNCXR_0175_0 rise_grid_10 seed=3 3.28s
491 done chncxr resnet50 CHNCXR_0175_0 rise_grid_14 seed=1 3.11s
492 done chncxr resnet50 CHNCXR_0175_0 lime_slic_200 seed=2 2.26s
493 done chncxr resnet50 CHNCXR_0175_0 lime_slic_300 seed=4 2.29s
494 done chncxr resnet50 CHNCXR_0175_0 rise_grid_10 seed=2 3.26s
495 done chncxr resnet50 CHNCXR_0175_0 rise_grid_4 seed=0 3.71s
496 done chncxr resnet50 CHNCXR_0175_0 lime_mask_0.25 seed=2 2.22s
497 done chncxr resnet50 CHNCXR_0175_0 lime_slic_200 seed=1 2.26s
498 done chncxr resnet50 CHNCXR_0175_0 lime_slic_300 seed=2 2.28s
499 done chncxr resnet50 CHNCXR_0175_0 lime_mask_0.25 seed=0 2.22s
500 done chncxr resnet50 CHNCXR_0175_0 rise_grid_4 seed=1 3.67s
501 done chncxr resnet50 CHNCXR_0194_0 lime_mask_0.75 seed=3 2.24s
502 done chncxr resnet50 CHNCXR_0194_0 rise_grid_10 seed=4 3.25s
503 done chncxr resnet50 CHNCXR_0194_0 lime_slic_50 seed=3 2.20s
504 done chncxr resnet50 CHNCXR_0194_0 rise_mask_0.25 seed=3 3.31s
505 done chncxr resnet50 CHNCXR_0194_0 lime_slic_50 seed=1 2.22s
506 done chncxr resnet50 CHNCXR_0194_0 lime_mask_0.75 seed=1 2.22s
507 done chncxr resnet50 CHNCXR_0194_0 lime_mask_0.75 seed=4 2.21s
508 done chncxr resnet50 CHNCXR_0194_0 lime_mask_0.75 seed=2 2.20s
509 done chncxr resnet50 CHNCXR_0194_0 rise_mask_0.25 seed=0 3.34s
510 done chncxr resnet50 CHNCXR_0194_0 lime_mask_0.25 seed=3 2.23s
511 done chncxr resnet50 CHNCXR_0194_0 rise_grid_10 seed=0 3.30s
512 done chncxr resnet50 CHNCXR_0194_0 lime_slic_50 seed=2 2.22s
513 done chncxr resnet50 CHNCXR_0194_0 lime_slic_200 seed=3 2.24s
514 done chncxr resnet50 CHNCXR_0194_0 lime_slic_200 seed=0 2.24s
515 done chncxr resnet50 CHNCXR_0194_0 rise_grid_10 seed=2 3.29s
516 done chncxr resnet50 CHNCXR_0194_0 lime_slic_50 seed=4 2.22s
517 done chncxr resnet50 CHNCXR_0194_0 rise_mask_0.75 seed=1 4.48s
518 done chncxr resnet50 CHNCXR_0194_0 lime_slic_50 seed=0 2.22s
519 done chncxr resnet50 CHNCXR_0194_0 lime_slic_300 seed=3 2.27s
520 done chncxr resnet50 CHNCXR_0194_0 rise_grid_4 seed=4 4.90s
521 done chncxr resnet50 CHNCXR_0194_0 lime_mask_0.75 seed=0 2.23s
522 done chncxr resnet50 CHNCXR_0194_0 lime_slic_300 seed=0 2.29s
523 done chncxr resnet50 CHNCXR_0194_0 rise_mask_0.75 seed=4 4.49s
524 done chncxr resnet50 CHNCXR_0194_0 rise_grid_14 seed=0 4.24s
525 done chncxr resnet50 CHNCXR_0194_0 rise_mask_0.25 seed=4 4.50s
526 done chncxr resnet50 CHNCXR_0194_0 lime_mask_0.25 seed=1 2.24s
527 done chncxr resnet50 CHNCXR_0194_0 rise_grid_4 seed=0 4.90s
528 done chncxr resnet50 CHNCXR_0194_0 lime_mask_0.25 seed=0 2.23s
529 done chncxr resnet50 CHNCXR_0194_0 rise_grid_10 seed=3 4.43s
530 done chncxr resnet50 CHNCXR_0194_0 rise_grid_14 seed=3 4.25s
531 done chncxr resnet50 CHNCXR_0194_0 rise_mask_0.25 seed=1 4.50s
532 done chncxr resnet50 CHNCXR_0194_0 rise_mask_0.75 seed=3 4.50s
533 done chncxr resnet50 CHNCXR_0194_0 rise_grid_4 seed=3 4.11s
534 done chncxr resnet50 CHNCXR_0194_0 rise_grid_14 seed=4 3.12s
535 done chncxr resnet50 CHNCXR_0194_0 lime_slic_300 seed=1 2.29s
536 done chncxr resnet50 CHNCXR_0194_0 lime_slic_300 seed=2 2.31s
537 done chncxr resnet50 CHNCXR_0194_0 rise_mask_0.75 seed=0 3.32s
538 done chncxr resnet50 CHNCXR_0194_0 rise_mask_0.25 seed=2 3.30s
539 done chncxr resnet50 CHNCXR_0194_0 lime_slic_200 seed=1 2.27s
540 done chncxr resnet50 CHNCXR_0194_0 lime_mask_0.25 seed=2 2.23s
541 done chncxr resnet50 CHNCXR_0194_0 rise_grid_4 seed=1 3.66s
542 done chncxr resnet50 CHNCXR_0194_0 rise_grid_14 seed=1 3.10s
543 done chncxr resnet50 CHNCXR_0194_0 lime_slic_200 seed=4 2.26s
544 done chncxr resnet50 CHNCXR_0194_0 rise_grid_4 seed=2 3.70s
545 done chncxr resnet50 CHNCXR_0194_0 lime_slic_200 seed=2 2.24s
546 done chncxr resnet50 CHNCXR_0194_0 rise_mask_0.75 seed=2 3.33s
547 done chncxr resnet50 CHNCXR_0194_0 rise_grid_10 seed=1 3.33s
548 done chncxr resnet50 CHNCXR_0194_0 rise_grid_14 seed=2 3.12s
549 done chncxr resnet50 CHNCXR_0194_0 lime_slic_300 seed=4 2.28s
550 done chncxr resnet50 CHNCXR_0194_0 lime_mask_0.25 seed=4 2.23s
551 done chncxr resnet50 CHNCXR_0209_0 lime_slic_300 seed=0 2.30s
552 done chncxr resnet50 CHNCXR_0209_0 rise_grid_4 seed=1 3.67s
553 done chncxr resnet50 CHNCXR_0209_0 lime_slic_50 seed=4 2.23s
554 done chncxr resnet50 CHNCXR_0209_0 lime_mask_0.25 seed=3 2.24s
555 done chncxr resnet50 CHNCXR_0209_0 rise_mask_0.25 seed=0 4.50s
556 done chncxr resnet50 CHNCXR_0209_0 rise_grid_4 seed=3 4.91s
557 done chncxr resnet50 CHNCXR_0209_0 rise_mask_0.25 seed=1 3.81s
558 done chncxr resnet50 CHNCXR_0209_0 rise_mask_0.25 seed=3 3.32s
559 done chncxr resnet50 CHNCXR_0209_0 lime_slic_50 seed=1 2.21s
560 done chncxr resnet50 CHNCXR_0209_0 rise_mask_0.75 seed=2 3.28s
561 done chncxr resnet50 CHNCXR_0209_0 lime_mask_0.25 seed=0 2.23s
562 done chncxr resnet50 CHNCXR_0209_0 lime_mask_0.25 seed=2 2.23s
563 done chncxr resnet50 CHNCXR_0209_0 rise_grid_14 seed=2 3.11s
564 done chncxr resnet50 CHNCXR_0209_0 lime_mask_0.75 seed=0 2.24s
565 done chncxr resnet50 CHNCXR_0209_0 lime_slic_300 seed=4 2.30s
566 done chncxr resnet50 CHNCXR_0209_0 lime_slic_300 seed=2 2.30s
567 done chncxr resnet50 CHNCXR_0209_0 lime_mask_0.75 seed=3 2.24s
568 done chncxr resnet50 CHNCXR_0209_0 rise_grid_14 seed=1 4.24s
569 done chncxr resnet50 CHNCXR_0209_0 lime_slic_200 seed=1 2.27s
570 done chncxr resnet50 CHNCXR_0209_0 lime_mask_0.75 seed=4 2.24s
571 done chncxr resnet50 CHNCXR_0209_0 rise_grid_10 seed=1 4.44s
572 done chncxr resnet50 CHNCXR_0209_0 rise_grid_10 seed=4 4.44s
573 done chncxr resnet50 CHNCXR_0209_0 rise_grid_4 seed=2 4.10s
574 done chncxr resnet50 CHNCXR_0209_0 rise_grid_4 seed=4 3.68s
575 done chncxr resnet50 CHNCXR_0209_0 lime_slic_50 seed=3 2.26s
576 done chncxr resnet50 CHNCXR_0209_0 rise_grid_10 seed=3 3.34s
577 done chncxr resnet50 CHNCXR_0209_0 rise_mask_0.75 seed=4 3.34s
578 done chncxr resnet50 CHNCXR_0209_0 rise_mask_0.75 seed=0 3.55s
579 done chncxr resnet50 CHNCXR_0209_0 lime_mask_0.75 seed=2 2.26s
580 done chncxr resnet50 CHNCXR_0209_0 lime_slic_50 seed=0 2.29s
581 done chncxr resnet50 CHNCXR_0209_0 lime_slic_200 seed=2 2.28s
582 done chncxr resnet50 CHNCXR_0209_0 lime_slic_300 seed=1 2.29s
583 done chncxr resnet50 CHNCXR_0209_0 rise_mask_0.25 seed=4 3.34s
584 done chncxr resnet50 CHNCXR_0209_0 rise_grid_4 seed=0 3.68s
585 done chncxr resnet50 CHNCXR_0209_0 rise_mask_0.75 seed=1 3.36s
586 done chncxr resnet50 CHNCXR_0209_0 lime_slic_200 seed=4 2.29s
587 done chncxr resnet50 CHNCXR_0209_0 rise_grid_14 seed=0 3.12s
588 done chncxr resnet50 CHNCXR_0209_0 lime_slic_300 seed=3 2.35s
589 done chncxr resnet50 CHNCXR_0209_0 lime_slic_200 seed=3 2.28s
590 done chncxr resnet50 CHNCXR_0209_0 rise_grid_14 seed=3 3.12s
591 done chncxr resnet50 CHNCXR_0209_0 rise_grid_10 seed=0 3.31s
592 done chncxr resnet50 CHNCXR_0209_0 lime_mask_0.75 seed=1 2.33s
593 done chncxr resnet50 CHNCXR_0209_0 rise_mask_0.75 seed=3 3.34s
594 done chncxr resnet50 CHNCXR_0209_0 lime_slic_200 seed=0 2.33s
595 done chncxr resnet50 CHNCXR_0209_0 rise_mask_0.25 seed=2 3.34s
596 done chncxr resnet50 CHNCXR_0209_0 rise_grid_14 seed=4 3.19s
597 done chncxr resnet50 CHNCXR_0209_0 rise_grid_10 seed=2 3.36s
598 done chncxr resnet50 CHNCXR_0209_0 lime_slic_50 seed=2 2.26s
599 done chncxr resnet50 CHNCXR_0209_0 lime_mask_0.25 seed=4 2.24s
600 done chncxr resnet50 CHNCXR_0209_0 lime_mask_0.25 seed=1 2.28s
601 done chncxr resnet50 CHNCXR_0218_0 lime_slic_300 seed=1 2.31s
602 done chncxr resnet50 CHNCXR_0218_0 rise_grid_14 seed=4 3.13s
603 done chncxr resnet50 CHNCXR_0218_0 rise_mask_0.75 seed=3 3.33s
604 done chncxr resnet50 CHNCXR_0218_0 lime_mask_0.75 seed=3 2.30s
605 done chncxr resnet50 CHNCXR_0218_0 lime_mask_0.75 seed=0 2.25s
606 done chncxr resnet50 CHNCXR_0218_0 lime_slic_200 seed=4 2.30s
607 done chncxr resnet50 CHNCXR_0218_0 rise_grid_14 seed=1 3.19s
608 done chncxr resnet50 CHNCXR_0218_0 rise_mask_0.25 seed=0 3.33s
609 done chncxr resnet50 CHNCXR_0218_0 rise_mask_0.75 seed=0 3.32s
610 done chncxr resnet50 CHNCXR_0218_0 lime_slic_200 seed=3 2.27s
611 done chncxr resnet50 CHNCXR_0218_0 rise_mask_0.25 seed=3 3.32s
612 done chncxr resnet50 CHNCXR_0218_0 lime_mask_0.25 seed=0 2.25s
613 done chncxr resnet50 CHNCXR_0218_0 rise_grid_14 seed=3 3.15s
614 done chncxr resnet50 CHNCXR_0218_0 rise_grid_10 seed=2 3.31s
615 done chncxr resnet50 CHNCXR_0218_0 rise_grid_4 seed=1 3.66s
616 done chncxr resnet50 CHNCXR_0218_0 lime_mask_0.75 seed=2 2.23s
617 done chncxr resnet50 CHNCXR_0218_0 rise_grid_10 seed=3 3.27s
618 done chncxr resnet50 CHNCXR_0218_0 lime_mask_0.75 seed=4 2.23s
619 done chncxr resnet50 CHNCXR_0218_0 lime_mask_0.25 seed=4 2.22s
620 done chncxr resnet50 CHNCXR_0218_0 rise_grid_10 seed=4 3.27s
621 done chncxr resnet50 CHNCXR_0218_0 lime_slic_50 seed=1 2.23s
622 done chncxr resnet50 CHNCXR_0218_0 lime_slic_50 seed=4 2.20s
623 done chncxr resnet50 CHNCXR_0218_0 lime_slic_300 seed=2 2.26s
624 done chncxr resnet50 CHNCXR_0218_0 lime_slic_200 seed=1 2.29s
625 done chncxr resnet50 CHNCXR_0218_0 rise_grid_4 seed=0 3.67s
626 done chncxr resnet50 CHNCXR_0218_0 lime_mask_0.25 seed=2 2.22s
627 done chncxr resnet50 CHNCXR_0218_0 rise_mask_0.25 seed=1 3.53s
628 done chncxr resnet50 CHNCXR_0218_0 rise_grid_4 seed=2 3.67s
629 done chncxr resnet50 CHNCXR_0218_0 rise_grid_10 seed=0 3.28s
630 done chncxr resnet50 CHNCXR_0218_0 rise_mask_0.75 seed=4 3.71s
631 done chncxr resnet50 CHNCXR_0218_0 lime_slic_200 seed=2 2.25s
632 done chncxr resnet50 CHNCXR_0218_0 rise_mask_0.75 seed=1 4.49s
633 done chncxr resnet50 CHNCXR_0218_0 lime_slic_50 seed=0 2.19s
634 done chncxr resnet50 CHNCXR_0218_0 rise_grid_14 seed=0 4.23s
635 done chncxr resnet50 CHNCXR_0218_0 rise_grid_14 seed=2 4.23s
636 done chncxr resnet50 CHNCXR_0218_0 rise_mask_0.25 seed=4 4.48s
637 done chncxr resnet50 CHNCXR_0218_0 rise_grid_4 seed=3 4.88s
638 done chncxr resnet50 CHNCXR_0218_0 lime_slic_300 seed=4 2.25s
639 done chncxr resnet50 CHNCXR_0218_0 lime_mask_0.25 seed=1 2.19s
640 done chncxr resnet50 CHNCXR_0218_0 lime_slic_50 seed=3 2.20s
641 done chncxr resnet50 CHNCXR_0218_0 lime_slic_300 seed=0 2.24s
642 done chncxr resnet50 CHNCXR_0218_0 rise_grid_4 seed=4 4.88s
643 done chncxr resnet50 CHNCXR_0218_0 rise_mask_0.25 seed=2 4.46s
644 done chncxr resnet50 CHNCXR_0218_0 lime_mask_0.25 seed=3 2.17s
645 done chncxr resnet50 CHNCXR_0218_0 rise_mask_0.75 seed=2 4.46s
646 done chncxr resnet50 CHNCXR_0218_0 lime_slic_50 seed=2 2.17s
647 done chncxr resnet50 CHNCXR_0218_0 lime_mask_0.75 seed=1 2.17s
648 done chncxr resnet50 CHNCXR_0218_0 lime_slic_200 seed=0 2.20s
649 done chncxr resnet50 CHNCXR_0218_0 rise_grid_10 seed=1 4.41s
650 done chncxr resnet50 CHNCXR_0218_0 lime_slic_300 seed=3 2.27s
651 done chncxr resnet50 CHNCXR_0230_0 lime_slic_300 seed=2 2.29s
652 done chncxr resnet50 CHNCXR_0230_0 rise_grid_4 seed=0 4.89s
653 done chncxr resnet50 CHNCXR_0230_0 rise_mask_0.75 seed=2 4.47s
654 done chncxr resnet50 CHNCXR_0230_0 lime_slic_50 seed=0 2.17s
655 done chncxr resnet50 CHNCXR_0230_0 rise_mask_0.75 seed=0 4.47s
656 done chncxr resnet50 CHNCXR_0230_0 rise_grid_14 seed=3 4.28s
657 done chncxr resnet50 CHNCXR_0230_0 lime_slic_300 seed=3 2.27s
658 done chncxr resnet50 CHNCXR_0230_0 lime_mask_0.25 seed=0 2.20s
659 done chncxr resnet50 CHNCXR_0230_0 rise_grid_10 seed=0 4.41s
660 done chncxr resnet50 CHNCXR_0230_0 lime_slic_300 seed=1 2.27s
661 done chncxr resnet50 CHNCXR_0230_0 lime_slic_200 seed=3 2.23s
662 done chncxr resnet50 CHNCXR_0230_0 lime_slic_50 seed=2 2.19s
663 done chncxr resnet50 CHNCXR_0230_0 lime_slic_300 seed=0 2.26s
664 done chncxr resnet50 CHNCXR_0230_0 rise_mask_0.75 seed=4 4.46s
665 done chncxr resnet50 CHNCXR_0230_0 rise_mask_0.25 seed=0 4.47s
666 done chncxr resnet50 CHNCXR_0230_0 lime_mask_0.25 seed=4 2.19s
667 done chncxr resnet50 CHNCXR_0230_0 lime_mask_0.25 seed=2 2.20s
668 done chncxr resnet50 CHNCXR_0230_0 lime_mask_0.75 seed=0 2.20s
669 done chncxr resnet50 CHNCXR_0230_0 rise_grid_4 seed=3 4.88s
670 done chncxr resnet50 CHNCXR_0230_0 lime_mask_0.25 seed=1 2.20s
671 done chncxr resnet50 CHNCXR_0230_0 rise_grid_10 seed=1 4.41s
672 done chncxr resnet50 CHNCXR_0230_0 lime_slic_200 seed=0 2.27s
673 done chncxr resnet50 CHNCXR_0230_0 rise_grid_4 seed=2 4.88s
674 done chncxr resnet50 CHNCXR_0230_0 rise_grid_10 seed=2 4.42s
675 done chncxr resnet50 CHNCXR_0230_0 rise_grid_4 seed=1 4.87s
676 done chncxr resnet50 CHNCXR_0230_0 lime_mask_0.25 seed=3 2.21s
677 done chncxr resnet50 CHNCXR_0230_0 lime_slic_200 seed=2 2.26s
678 done chncxr resnet50 CHNCXR_0230_0 lime_mask_0.75 seed=2 2.22s
679 done chncxr resnet50 CHNCXR_0230_0 rise_grid_4 seed=4 4.88s
680 done chncxr resnet50 CHNCXR_0230_0 rise_grid_14 seed=1 4.23s
681 done chncxr resnet50 CHNCXR_0230_0 rise_mask_0.25 seed=3 4.48s
682 done chncxr resnet50 CHNCXR_0230_0 lime_slic_200 seed=1 2.28s
683 done chncxr resnet50 CHNCXR_0230_0 rise_mask_0.25 seed=1 4.47s
684 done chncxr resnet50 CHNCXR_0230_0 lime_slic_200 seed=4 2.25s
685 done chncxr resnet50 CHNCXR_0230_0 rise_grid_14 seed=4 4.23s
686 done chncxr resnet50 CHNCXR_0230_0 lime_mask_0.75 seed=1 2.23s
687 done chncxr resnet50 CHNCXR_0230_0 rise_mask_0.25 seed=2 3.68s
688 done chncxr resnet50 CHNCXR_0230_0 rise_mask_0.75 seed=1 3.30s
689 done chncxr resnet50 CHNCXR_0230_0 rise_grid_14 seed=2 3.09s
690 done chncxr resnet50 CHNCXR_0230_0 rise_mask_0.25 seed=4 3.30s
691 done chncxr resnet50 CHNCXR_0230_0 rise_grid_10 seed=4 3.25s
692 done chncxr resnet50 CHNCXR_0230_0 lime_mask_0.75 seed=4 2.24s
693 done chncxr resnet50 CHNCXR_0230_0 lime_slic_50 seed=1 2.21s
694 done chncxr resnet50 CHNCXR_0230_0 lime_slic_300 seed=4 2.29s
695 done chncxr resnet50 CHNCXR_0230_0 lime_slic_50 seed=3 2.23s
696 done chncxr resnet50 CHNCXR_0230_0 rise_mask_0.75 seed=3 3.30s
697 done chncxr resnet50 CHNCXR_0230_0 lime_slic_50 seed=4 2.23s
698 done chncxr resnet50 CHNCXR_0230_0 rise_grid_10 seed=3 3.23s
699 done chncxr resnet50 CHNCXR_0230_0 lime_mask_0.75 seed=3 2.20s
700 done chncxr resnet50 CHNCXR_0230_0 rise_grid_14 seed=0 4.23s
701 done chncxr resnet50 CHNCXR_0257_0 lime_slic_300 seed=0 2.27s
702 done chncxr resnet50 CHNCXR_0257_0 rise_mask_0.75 seed=3 4.48s
703 done chncxr resnet50 CHNCXR_0257_0 lime_mask_0.25 seed=0 2.20s
704 done chncxr resnet50 CHNCXR_0257_0 rise_mask_0.25 seed=2 4.47s
705 done chncxr resnet50 CHNCXR_0257_0 rise_mask_0.25 seed=0 4.47s
706 done chncxr resnet50 CHNCXR_0257_0 lime_mask_0.75 seed=3 2.20s
707 done chncxr resnet50 CHNCXR_0257_0 lime_mask_0.75 seed=1 2.22s
708 done chncxr resnet50 CHNCXR_0257_0 rise_grid_14 seed=3 4.22s
709 done chncxr resnet50 CHNCXR_0257_0 lime_slic_50 seed=1 2.20s
710 done chncxr resnet50 CHNCXR_0257_0 rise_grid_14 seed=0 4.21s
711 done chncxr resnet50 CHNCXR_0257_0 lime_mask_0.75 seed=4 2.21s
712 done chncxr resnet50 CHNCXR_0257_0 rise_grid_4 seed=4 4.87s
713 done chncxr resnet50 CHNCXR_0257_0 lime_slic_300 seed=3 2.27s
714 done chncxr resnet50 CHNCXR_0257_0 rise_grid_4 seed=2 4.88s
715 done chncxr resnet50 CHNCXR_0257_0 lime_mask_0.75 seed=0 2.21s
716 done chncxr resnet50 CHNCXR_0257_0 lime_mask_0.75 seed=2 2.21s
717 done chncxr resnet50 CHNCXR_0257_0 lime_slic_300 seed=4 2.28s
718 done chncxr resnet50 CHNCXR_0257_0 lime_slic_200 seed=2 2.24s
719 done chncxr resnet50 CHNCXR_0257_0 lime_mask_0.25 seed=3 2.21s
720 done chncxr resnet50 CHNCXR_0257_0 lime_slic_50 seed=4 2.20s
721 done chncxr resnet50 CHNCXR_0257_0 rise_mask_0.25 seed=1 3.90s
722 done chncxr resnet50 CHNCXR_0257_0 rise_grid_4 seed=3 4.27s
723 done chncxr resnet50 CHNCXR_0257_0 lime_mask_0.25 seed=4 2.24s
724 done chncxr resnet50 CHNCXR_0257_0 rise_mask_0.75 seed=2 4.52s
725 done chncxr resnet50 CHNCXR_0257_0 lime_slic_50 seed=0 2.25s
726 done chncxr resnet50 CHNCXR_0257_0 lime_slic_200 seed=3 2.27s
727 done chncxr resnet50 CHNCXR_0257_0 rise_grid_10 seed=4 4.47s
728 done chncxr resnet50 CHNCXR_0257_0 rise_grid_14 seed=2 3.39s
729 done chncxr resnet50 CHNCXR_0257_0 lime_slic_300 seed=2 2.28s
730 done chncxr resnet50 CHNCXR_0257_0 lime_slic_50 seed=3 2.21s
731 done chncxr resnet50 CHNCXR_0257_0 lime_slic_200 seed=1 2.24s
732 done chncxr resnet50 CHNCXR_0257_0 rise_grid_10 seed=1 3.27s
733 done chncxr resnet50 CHNCXR_0257_0 rise_grid_10 seed=2 3.38s
734 done chncxr resnet50 CHNCXR_0257_0 lime_slic_300 seed=1 2.24s
735 done chncxr resnet50 CHNCXR_0257_0 rise_grid_10 seed=0 3.30s
736 done chncxr resnet50 CHNCXR_0257_0 rise_grid_4 seed=0 3.66s
737 done chncxr resnet50 CHNCXR_0257_0 lime_slic_50 seed=2 2.20s
738 done chncxr resnet50 CHNCXR_0257_0 rise_grid_10 seed=3 3.25s
739 done chncxr resnet50 CHNCXR_0257_0 rise_mask_0.75 seed=0 3.72s
740 done chncxr resnet50 CHNCXR_0257_0 lime_slic_200 seed=0 2.24s
741 done chncxr resnet50 CHNCXR_0257_0 rise_mask_0.75 seed=4 3.61s
742 done chncxr resnet50 CHNCXR_0257_0 lime_mask_0.25 seed=2 2.17s
743 done chncxr resnet50 CHNCXR_0257_0 rise_grid_4 seed=1 3.65s
744 done chncxr resnet50 CHNCXR_0257_0 rise_mask_0.25 seed=3 3.29s
745 done chncxr resnet50 CHNCXR_0257_0 rise_grid_14 seed=4 4.59s
746 done chncxr resnet50 CHNCXR_0257_0 rise_mask_0.25 seed=4 5.05s
747 done chncxr resnet50 CHNCXR_0257_0 rise_mask_0.75 seed=1 5.07s
748 done chncxr resnet50 CHNCXR_0257_0 lime_mask_0.25 seed=1 2.70s
749 done chncxr resnet50 CHNCXR_0257_0 lime_slic_200 seed=4 2.75s
750 done chncxr resnet50 CHNCXR_0257_0 rise_grid_14 seed=1 4.69s
751 done chncxr resnet50 CHNCXR_0275_0 lime_mask_0.75 seed=3 2.69s
752 done chncxr resnet50 CHNCXR_0275_0 lime_mask_0.25 seed=3 2.67s
753 done chncxr resnet50 CHNCXR_0275_0 lime_slic_50 seed=0 2.70s
754 done chncxr resnet50 CHNCXR_0275_0 rise_grid_4 seed=2 5.59s
755 done chncxr resnet50 CHNCXR_0275_0 lime_slic_50 seed=4 2.73s
756 done chncxr resnet50 CHNCXR_0275_0 lime_mask_0.25 seed=2 2.72s
757 done chncxr resnet50 CHNCXR_0275_0 rise_grid_14 seed=3 4.66s
758 done chncxr resnet50 CHNCXR_0275_0 rise_mask_0.75 seed=1 4.63s
759 done chncxr resnet50 CHNCXR_0275_0 rise_mask_0.25 seed=1 4.59s
760 done chncxr resnet50 CHNCXR_0275_0 rise_mask_0.25 seed=4 4.57s
761 done chncxr resnet50 CHNCXR_0275_0 rise_grid_14 seed=2 4.24s
762 done chncxr resnet50 CHNCXR_0275_0 rise_mask_0.75 seed=3 4.59s
763 done chncxr resnet50 CHNCXR_0275_0 rise_grid_14 seed=4 4.25s
764 done chncxr resnet50 CHNCXR_0275_0 lime_slic_300 seed=4 2.65s
765 done chncxr resnet50 CHNCXR_0275_0 rise_grid_4 seed=0 5.16s
766 done chncxr resnet50 CHNCXR_0275_0 rise_grid_10 seed=4 4.51s
767 done chncxr resnet50 CHNCXR_0275_0 lime_slic_300 seed=2 2.66s
768 done chncxr resnet50 CHNCXR_0275_0 rise_mask_0.25 seed=2 4.60s
769 done chncxr resnet50 CHNCXR_0275_0 lime_slic_200 seed=2 2.63s
770 done chncxr resnet50 CHNCXR_0275_0 lime_slic_50 seed=1 2.59s
771 done chncxr resnet50 CHNCXR_0275_0 lime_slic_200 seed=4 2.63s
772 done chncxr resnet50 CHNCXR_0275_0 rise_mask_0.75 seed=2 4.59s
773 done chncxr resnet50 CHNCXR_0275_0 lime_slic_200 seed=0 2.63s
774 done chncxr resnet50 CHNCXR_0275_0 lime_slic_50 seed=2 2.57s
775 done chncxr resnet50 CHNCXR_0275_0 rise_grid_10 seed=3 4.53s
776 done chncxr resnet50 CHNCXR_0275_0 lime_mask_0.25 seed=0 2.59s
777 done chncxr resnet50 CHNCXR_0275_0 lime_mask_0.75 seed=1 2.58s
778 done chncxr resnet50 CHNCXR_0275_0 lime_mask_0.25 seed=4 2.59s
779 done chncxr resnet50 CHNCXR_0275_0 lime_slic_300 seed=3 2.66s
780 done chncxr resnet50 CHNCXR_0275_0 lime_mask_0.75 seed=0 2.58s
781 done chncxr resnet50 CHNCXR_0275_0 lime_slic_300 seed=0 2.65s
782 done chncxr resnet50 CHNCXR_0275_0 rise_grid_10 seed=2 4.53s
783 done chncxr resnet50 CHNCXR_0275_0 lime_slic_300 seed=1 2.66s
784 done chncxr resnet50 CHNCXR_0275_0 lime_mask_0.75 seed=2 2.59s
785 done chncxr resnet50 CHNCXR_0275_0 rise_mask_0.25 seed=0 4.62s
786 done chncxr resnet50 CHNCXR_0275_0 rise_grid_10 seed=0 4.54s
787 done chncxr resnet50 CHNCXR_0275_0 rise_mask_0.75 seed=0 3.84s
788 done chncxr resnet50 CHNCXR_0275_0 rise_grid_4 seed=4 3.91s
789 done chncxr resnet50 CHNCXR_0275_0 lime_slic_200 seed=3 2.29s
790 done chncxr resnet50 CHNCXR_0275_0 rise_mask_0.25 seed=3 5.24s
791 done chncxr resnet50 CHNCXR_0275_0 rise_mask_0.75 seed=4 5.44s
792 done chncxr resnet50 CHNCXR_0275_0 rise_grid_4 seed=1 6.13s
793 done chncxr resnet50 CHNCXR_0275_0 rise_grid_4 seed=3 6.07s
794 done chncxr resnet50 CHNCXR_0275_0 lime_mask_0.25 seed=1 2.69s
795 done chncxr resnet50 CHNCXR_0275_0 lime_slic_50 seed=3 2.67s
796 done chncxr resnet50 CHNCXR_0275_0 lime_mask_0.75 seed=4 2.64s
797 done chncxr resnet50 CHNCXR_0275_0 lime_slic_200 seed=1 2.66s
798 done chncxr resnet50 CHNCXR_0275_0 rise_grid_10 seed=1 4.72s
799 done chncxr resnet50 CHNCXR_0275_0 rise_grid_14 seed=0 4.37s
800 done chncxr resnet50 CHNCXR_0275_0 rise_grid_14 seed=1 4.36s
801 done chncxr resnet50 CHNCXR_0301_0 rise_grid_14 seed=4 4.35s
802 done chncxr resnet50 CHNCXR_0301_0 lime_mask_0.25 seed=0 2.59s
803 done chncxr resnet50 CHNCXR_0301_0 rise_mask_0.75 seed=2 4.65s
804 done chncxr resnet50 CHNCXR_0301_0 rise_grid_10 seed=0 4.55s
805 done chncxr resnet50 CHNCXR_0301_0 lime_mask_0.75 seed=3 2.58s
806 done chncxr resnet50 CHNCXR_0301_0 rise_mask_0.75 seed=4 4.58s
807 done chncxr resnet50 CHNCXR_0301_0 lime_mask_0.25 seed=4 2.57s
808 done chncxr resnet50 CHNCXR_0301_0 rise_mask_0.25 seed=1 4.53s
809 done chncxr resnet50 CHNCXR_0301_0 lime_mask_0.75 seed=0 2.54s
810 done chncxr resnet50 CHNCXR_0301_0 rise_mask_0.25 seed=4 4.43s
811 done chncxr resnet50 CHNCXR_0301_0 lime_slic_50 seed=2 2.50s
812 done chncxr resnet50 CHNCXR_0301_0 rise_mask_0.25 seed=0 4.36s
813 done chncxr resnet50 CHNCXR_0301_0 lime_slic_300 seed=4 2.55s
814 done chncxr resnet50 CHNCXR_0301_0 lime_mask_0.25 seed=1 2.50s
815 done chncxr resnet50 CHNCXR_0301_0 rise_grid_14 seed=2 4.04s
816 done chncxr resnet50 CHNCXR_0301_0 lime_slic_200 seed=2 2.23s
817 done chncxr resnet50 CHNCXR_0301_0 lime_mask_0.75 seed=2 2.19s
818 done chncxr resnet50 CHNCXR_0301_0 lime_slic_50 seed=3 2.19s
819 done chncxr resnet50 CHNCXR_0301_0 rise_grid_14 seed=1 4.22s
820 done chncxr resnet50 CHNCXR_0301_0 lime_mask_0.75 seed=1 2.20s
821 done chncxr resnet50 CHNCXR_0301_0 lime_slic_200 seed=4 2.23s
822 done chncxr resnet50 CHNCXR_0301_0 rise_grid_4 seed=0 4.87s
823 done chncxr resnet50 CHNCXR_0301_0 lime_slic_200 seed=0 2.24s
824 done chncxr resnet50 CHNCXR_0301_0 rise_grid_4 seed=1 4.88s
825 done chncxr resnet50 CHNCXR_0301_0 rise_mask_0.75 seed=3 4.37s
826 done chncxr resnet50 CHNCXR_0301_0 rise_mask_0.25 seed=2 3.29s
827 done chncxr resnet50 CHNCXR_0301_0 lime_slic_300 seed=2 2.27s
828 done chncxr resnet50 CHNCXR_0301_0 rise_grid_10 seed=2 3.25s
829 done chncxr resnet50 CHNCXR_0301_0 lime_mask_0.25 seed=2 2.20s
830 done chncxr resnet50 CHNCXR_0301_0 rise_grid_14 seed=0 3.09s
831 done chncxr resnet50 CHNCXR_0301_0 lime_slic_200 seed=1 2.23s
832 done chncxr resnet50 CHNCXR_0301_0 lime_mask_0.25 seed=3 2.21s
833 done chncxr resnet50 CHNCXR_0301_0 lime_mask_0.75 seed=4 2.20s
834 done chncxr resnet50 CHNCXR_0301_0 lime_slic_300 seed=0 2.23s
835 done chncxr resnet50 CHNCXR_0301_0 rise_grid_10 seed=4 3.25s
836 done chncxr resnet50 CHNCXR_0301_0 rise_grid_4 seed=2 3.65s
837 done chncxr resnet50 CHNCXR_0301_0 rise_grid_10 seed=1 3.30s
838 done chncxr resnet50 CHNCXR_0301_0 lime_slic_50 seed=4 2.20s
839 done chncxr resnet50 CHNCXR_0301_0 lime_slic_50 seed=1 2.20s
840 done chncxr resnet50 CHNCXR_0301_0 lime_slic_300 seed=1 2.27s
841 done chncxr resnet50 CHNCXR_0301_0 rise_grid_4 seed=4 4.08s
842 done chncxr resnet50 CHNCXR_0301_0 rise_grid_10 seed=3 3.25s
843 done chncxr resnet50 CHNCXR_0301_0 rise_mask_0.75 seed=1 3.33s
844 done chncxr resnet50 CHNCXR_0301_0 lime_slic_200 seed=3 2.23s
845 done chncxr resnet50 CHNCXR_0301_0 rise_mask_0.75 seed=0 3.34s
846 done chncxr resnet50 CHNCXR_0301_0 rise_mask_0.25 seed=3 3.35s
847 done chncxr resnet50 CHNCXR_0301_0 rise_grid_14 seed=3 3.11s
848 done chncxr resnet50 CHNCXR_0301_0 lime_slic_50 seed=0 2.19s
849 done chncxr resnet50 CHNCXR_0301_0 rise_grid_4 seed=3 3.70s
850 done chncxr resnet50 CHNCXR_0301_0 lime_slic_300 seed=3 2.26s
851 done chncxr resnet50 CHNCXR_0342_1 rise_mask_0.75 seed=4 3.36s
852 done chncxr resnet50 CHNCXR_0342_1 lime_slic_300 seed=0 2.27s
853 done chncxr resnet50 CHNCXR_0342_1 lime_mask_0.25 seed=4 2.20s
854 done chncxr resnet50 CHNCXR_0342_1 lime_slic_50 seed=2 2.20s
855 done chncxr resnet50 CHNCXR_0342_1 rise_grid_14 seed=2 3.13s
856 done chncxr resnet50 CHNCXR_0342_1 rise_grid_10 seed=4 3.29s
857 done chncxr resnet50 CHNCXR_0342_1 lime_slic_50 seed=1 2.19s
858 done chncxr resnet50 CHNCXR_0342_1 rise_grid_14 seed=1 3.13s
859 done chncxr resnet50 CHNCXR_0342_1 lime_mask_0.25 seed=1 2.19s
860 done chncxr resnet50 CHNCXR_0342_1 rise_grid_4 seed=2 3.68s
861 done chncxr resnet50 CHNCXR_0342_1 rise_grid_10 seed=3 3.30s
862 done chncxr resnet50 CHNCXR_0342_1 lime_slic_300 seed=1 2.26s
863 done chncxr resnet50 CHNCXR_0342_1 lime_slic_200 seed=2 2.24s
864 done chncxr resnet50 CHNCXR_0342_1 lime_slic_200 seed=3 2.23s
865 done chncxr resnet50 CHNCXR_0342_1 lime_mask_0.25 seed=0 2.16s
866 done chncxr resnet50 CHNCXR_0342_1 lime_mask_0.75 seed=4 2.17s
867 done chncxr resnet50 CHNCXR_0342_1 rise_mask_0.75 seed=0 3.30s
868 done chncxr resnet50 CHNCXR_0342_1 lime_mask_0.25 seed=3 2.16s
869 done chncxr resnet50 CHNCXR_0342_1 lime_mask_0.75 seed=0 2.17s
870 done chncxr resnet50 CHNCXR_0342_1 rise_grid_4 seed=4 4.88s
871 done chncxr resnet50 CHNCXR_0342_1 rise_grid_4 seed=0 4.87s
872 done chncxr resnet50 CHNCXR_0342_1 lime_mask_0.25 seed=2 2.16s
873 done chncxr resnet50 CHNCXR_0342_1 lime_mask_0.75 seed=2 2.19s
874 done chncxr resnet50 CHNCXR_0342_1 lime_mask_0.75 seed=1 2.17s
875 done chncxr resnet50 CHNCXR_0342_1 rise_grid_4 seed=1 4.87s
876 done chncxr resnet50 CHNCXR_0342_1 rise_mask_0.75 seed=2 4.47s
877 done chncxr resnet50 CHNCXR_0342_1 lime_slic_50 seed=0 2.16s
878 done chncxr resnet50 CHNCXR_0342_1 rise_mask_0.25 seed=4 4.45s
879 done chncxr resnet50 CHNCXR_0342_1 rise_grid_10 seed=2 4.37s
880 done chncxr resnet50 CHNCXR_0342_1 rise_grid_14 seed=0 3.14s
881 done chncxr resnet50 CHNCXR_0342_1 lime_slic_200 seed=0 2.31s
882 done chncxr resnet50 CHNCXR_0342_1 rise_grid_14 seed=3 3.18s
883 done chncxr resnet50 CHNCXR_0342_1 lime_slic_200 seed=4 2.31s
884 done chncxr resnet50 CHNCXR_0342_1 rise_grid_4 seed=3 3.73s
885 done chncxr resnet50 CHNCXR_0342_1 rise_grid_10 seed=1 3.31s
886 done chncxr resnet50 CHNCXR_0342_1 rise_mask_0.25 seed=3 3.37s
887 done chncxr resnet50 CHNCXR_0342_1 rise_grid_14 seed=4 3.17s
888 done chncxr resnet50 CHNCXR_0342_1 lime_slic_50 seed=4 2.26s
889 done chncxr resnet50 CHNCXR_0342_1 lime_slic_50 seed=3 2.26s
890 done chncxr resnet50 CHNCXR_0342_1 lime_mask_0.75 seed=3 2.24s
891 done chncxr resnet50 CHNCXR_0342_1 rise_mask_0.25 seed=0 3.38s
892 done chncxr resnet50 CHNCXR_0342_1 lime_slic_300 seed=3 2.34s
893 done chncxr resnet50 CHNCXR_0342_1 lime_slic_300 seed=4 2.34s
894 done chncxr resnet50 CHNCXR_0342_1 rise_mask_0.75 seed=1 4.51s
895 done chncxr resnet50 CHNCXR_0342_1 lime_slic_200 seed=1 2.32s
896 done chncxr resnet50 CHNCXR_0342_1 lime_slic_300 seed=2 2.34s
897 done chncxr resnet50 CHNCXR_0342_1 rise_mask_0.25 seed=1 3.63s
898 done chncxr resnet50 CHNCXR_0342_1 rise_mask_0.75 seed=3 3.37s
899 done chncxr resnet50 CHNCXR_0342_1 rise_grid_10 seed=0 3.32s
900 done chncxr resnet50 CHNCXR_0342_1 rise_mask_0.25 seed=2 3.37s
901 done chncxr resnet50 CHNCXR_0347_1 rise_mask_0.25 seed=3 3.35s
902 done chncxr resnet50 CHNCXR_0347_1 lime_mask_0.75 seed=4 2.23s
903 done chncxr resnet50 CHNCXR_0347_1 rise_grid_10 seed=4 4.80s
904 done chncxr resnet50 CHNCXR_0347_1 rise_mask_0.75 seed=2 4.93s
905 done chncxr resnet50 CHNCXR_0347_1 lime_slic_200 seed=0 2.66s
906 done chncxr resnet50 CHNCXR_0347_1 rise_grid_4 seed=1 5.61s
907 done chncxr resnet50 CHNCXR_0347_1 rise_mask_0.25 seed=1 4.94s
908 done chncxr resnet50 CHNCXR_0347_1 lime_slic_200 seed=1 2.65s
909 done chncxr resnet50 CHNCXR_0347_1 rise_grid_10 seed=3 4.88s
910 done chncxr resnet50 CHNCXR_0347_1 lime_slic_50 seed=1 2.60s
911 done chncxr resnet50 CHNCXR_0347_1 lime_slic_50 seed=4 2.63s
912 done chncxr resnet50 CHNCXR_0347_1 lime_slic_300 seed=2 2.70s
913 done chncxr resnet50 CHNCXR_0347_1 lime_mask_0.75 seed=3 2.64s
914 done chncxr resnet50 CHNCXR_0347_1 rise_grid_14 seed=0 4.54s
915 done chncxr resnet50 CHNCXR_0347_1 lime_slic_200 seed=3 2.69s
916 done chncxr resnet50 CHNCXR_0347_1 rise_mask_0.25 seed=4 5.00s
917 done chncxr resnet50 CHNCXR_0347_1 lime_slic_300 seed=1 2.70s
918 done chncxr resnet50 CHNCXR_0347_1 rise_mask_0.75 seed=0 4.97s
919 done chncxr resnet50 CHNCXR_0347_1 lime_mask_0.75 seed=0 2.62s
920 done chncxr resnet50 CHNCXR_0347_1 lime_mask_0.25 seed=0 2.31s
921 done chncxr resnet50 CHNCXR_0347_1 rise_grid_4 seed=2 4.87s
922 done chncxr resnet50 CHNCXR_0347_1 lime_mask_0.75 seed=1 2.19s
923 done chncxr resnet50 CHNCXR_0347_1 lime_mask_0.25 seed=2 2.18s
924 done chncxr resnet50 CHNCXR_0347_1 lime_mask_0.25 seed=4 2.18s
925 done chncxr resnet50 CHNCXR_0347_1 rise_mask_0.25 seed=2 4.48s
926 done chncxr resnet50 CHNCXR_0347_1 rise_grid_4 seed=4 4.87s
927 done chncxr resnet50 CHNCXR_0347_1 rise_mask_0.75 seed=4 4.49s
928 done chncxr resnet50 CHNCXR_0347_1 rise_grid_10 seed=2 4.41s
929 done chncxr resnet50 CHNCXR_0347_1 lime_slic_300 seed=4 2.24s
930 done chncxr resnet50 CHNCXR_0347_1 lime_mask_0.25 seed=3 2.18s
931 done chncxr resnet50 CHNCXR_0347_1 rise_grid_14 seed=3 4.22s
932 done chncxr resnet50 CHNCXR_0347_1 rise_grid_14 seed=2 4.22s
933 done chncxr resnet50 CHNCXR_0347_1 rise_grid_10 seed=0 4.41s
934 done chncxr resnet50 CHNCXR_0347_1 rise_mask_0.75 seed=3 4.48s
935 done chncxr resnet50 CHNCXR_0347_1 rise_grid_10 seed=1 4.40s
936 done chncxr resnet50 CHNCXR_0347_1 lime_slic_300 seed=3 2.21s
937 done chncxr resnet50 CHNCXR_0347_1 rise_mask_0.25 seed=0 4.46s
938 done chncxr resnet50 CHNCXR_0347_1 lime_slic_50 seed=2 2.15s
939 done chncxr resnet50 CHNCXR_0347_1 rise_grid_14 seed=1 4.22s
940 done chncxr resnet50 CHNCXR_0347_1 rise_mask_0.75 seed=1 4.47s
941 done chncxr resnet50 CHNCXR_0347_1 lime_slic_300 seed=0 2.23s
942 done chncxr resnet50 CHNCXR_0347_1 lime_slic_50 seed=3 2.16s
943 done chncxr resnet50 CHNCXR_0347_1 lime_slic_200 seed=4 2.19s
944 done chncxr resnet50 CHNCXR_0347_1 lime_slic_200 seed=2 2.21s
945 done chncxr resnet50 CHNCXR_0347_1 rise_grid_14 seed=4 4.22s
946 done chncxr resnet50 CHNCXR_0347_1 lime_slic_50 seed=0 2.17s
947 done chncxr resnet50 CHNCXR_0347_1 rise_grid_4 seed=3 4.86s
948 done chncxr resnet50 CHNCXR_0347_1 rise_grid_4 seed=0 4.87s
949 done chncxr resnet50 CHNCXR_0347_1 lime_mask_0.25 seed=1 2.18s
950 done chncxr resnet50 CHNCXR_0347_1 lime_mask_0.75 seed=2 2.18s
951 done chncxr resnet50 CHNCXR_0353_1 rise_grid_14 seed=0 4.22s
952 done chncxr resnet50 CHNCXR_0353_1 lime_slic_50 seed=3 2.18s
953 done chncxr resnet50 CHNCXR_0353_1 lime_mask_0.25 seed=2 2.17s
954 done chncxr resnet50 CHNCXR_0353_1 rise_mask_0.25 seed=0 4.46s
955 done chncxr resnet50 CHNCXR_0353_1 rise_grid_10 seed=1 4.40s
956 done chncxr resnet50 CHNCXR_0353_1 lime_mask_0.75 seed=0 2.16s
957 done chncxr resnet50 CHNCXR_0353_1 lime_slic_200 seed=4 2.19s
958 done chncxr resnet50 CHNCXR_0353_1 lime_mask_0.75 seed=4 2.17s
959 done chncxr resnet50 CHNCXR_0353_1 rise_grid_10 seed=2 4.40s
960 done chncxr resnet50 CHNCXR_0353_1 rise_grid_10 seed=3 4.40s
961 done chncxr resnet50 CHNCXR_0353_1 lime_mask_0.75 seed=3 2.18s
962 done chncxr resnet50 CHNCXR_0353_1 rise_mask_0.75 seed=0 4.46s
963 done chncxr resnet50 CHNCXR_0353_1 rise_grid_4 seed=1 4.86s
964 done chncxr resnet50 CHNCXR_0353_1 rise_grid_14 seed=3 4.22s
965 done chncxr resnet50 CHNCXR_0353_1 rise_mask_0.75 seed=1 4.46s
966 done chncxr resnet50 CHNCXR_0353_1 rise_grid_4 seed=2 4.86s
967 done chncxr resnet50 CHNCXR_0353_1 lime_mask_0.25 seed=4 2.18s
968 done chncxr resnet50 CHNCXR_0353_1 lime_slic_200 seed=2 2.20s
969 done chncxr resnet50 CHNCXR_0353_1 rise_grid_4 seed=3 4.87s
970 done chncxr resnet50 CHNCXR_0353_1 lime_slic_300 seed=1 2.24s
971 done chncxr resnet50 CHNCXR_0353_1 rise_mask_0.25 seed=1 4.46s
972 done chncxr resnet50 CHNCXR_0353_1 lime_mask_0.25 seed=0 2.16s
973 done chncxr resnet50 CHNCXR_0353_1 rise_grid_14 seed=2 4.21s
974 done chncxr resnet50 CHNCXR_0353_1 rise_mask_0.75 seed=4 3.29s
975 done chncxr resnet50 CHNCXR_0353_1 rise_mask_0.75 seed=3 3.29s
976 done chncxr resnet50 CHNCXR_0353_1 lime_slic_50 seed=2 2.19s
977 done chncxr resnet50 CHNCXR_0353_1 rise_grid_4 seed=0 3.62s
978 done chncxr resnet50 CHNCXR_0353_1 lime_slic_300 seed=3 2.22s
979 done chncxr resnet50 CHNCXR_0353_1 lime_mask_0.25 seed=3 2.16s
980 done chncxr resnet50 CHNCXR_0353_1 rise_grid_10 seed=4 3.23s
981 done chncxr resnet50 CHNCXR_0353_1 rise_grid_14 seed=1 3.07s
982 done chncxr resnet50 CHNCXR_0353_1 lime_slic_50 seed=0 2.16s
983 done chncxr resnet50 CHNCXR_0353_1 rise_grid_4 seed=4 3.64s
984 done chncxr resnet50 CHNCXR_0353_1 rise_mask_0.25 seed=4 3.28s
985 done chncxr resnet50 CHNCXR_0353_1 lime_slic_200 seed=0 2.21s
986 done chncxr resnet50 CHNCXR_0353_1 rise_grid_14 seed=4 3.06s
987 done chncxr resnet50 CHNCXR_0353_1 lime_slic_300 seed=2 2.23s
988 done chncxr resnet50 CHNCXR_0353_1 lime_slic_300 seed=4 2.24s
989 done chncxr resnet50 CHNCXR_0353_1 lime_slic_300 seed=0 2.23s
990 done chncxr resnet50 CHNCXR_0353_1 lime_mask_0.25 seed=1 2.22s
991 done chncxr resnet50 CHNCXR_0353_1 rise_mask_0.25 seed=3 4.07s
992 done chncxr resnet50 CHNCXR_0353_1 lime_slic_50 seed=1 2.16s
993 done chncxr resnet50 CHNCXR_0353_1 lime_slic_200 seed=1 2.20s
994 done chncxr resnet50 CHNCXR_0353_1 rise_grid_10 seed=0 3.39s
995 done chncxr resnet50 CHNCXR_0353_1 lime_slic_200 seed=3 2.22s
996 done chncxr resnet50 CHNCXR_0353_1 rise_mask_0.25 seed=2 3.28s
997 done chncxr resnet50 CHNCXR_0353_1 rise_mask_0.75 seed=2 4.94s
998 done chncxr resnet50 CHNCXR_0353_1 lime_mask_0.75 seed=1 2.21s
999 done chncxr resnet50 CHNCXR_0353_1 lime_slic_50 seed=4 2.15s
1000 done chncxr resnet50 CHNCXR_0353_1 lime_mask_0.75 seed=2 2.17s
1001 done chncxr resnet50 CHNCXR_0398_1 lime_slic_200 seed=2 2.19s
1002 done chncxr resnet50 CHNCXR_0398_1 rise_grid_14 seed=4 4.21s
1003 done chncxr resnet50 CHNCXR_0398_1 lime_slic_200 seed=0 2.20s
1004 done chncxr resnet50 CHNCXR_0398_1 rise_grid_10 seed=0 4.40s
1005 done chncxr resnet50 CHNCXR_0398_1 rise_mask_0.75 seed=1 4.46s
1006 done chncxr resnet50 CHNCXR_0398_1 lime_mask_0.75 seed=1 2.18s
1007 done chncxr resnet50 CHNCXR_0398_1 lime_slic_200 seed=4 2.19s
1008 done chncxr resnet50 CHNCXR_0398_1 lime_mask_0.25 seed=4 2.16s
1009 done chncxr resnet50 CHNCXR_0398_1 rise_mask_0.75 seed=0 4.47s
1010 done chncxr resnet50 CHNCXR_0398_1 rise_grid_4 seed=3 4.86s
1011 done chncxr resnet50 CHNCXR_0398_1 lime_mask_0.75 seed=4 2.15s
1012 done chncxr resnet50 CHNCXR_0398_1 rise_grid_4 seed=1 4.86s
1013 done chncxr resnet50 CHNCXR_0398_1 rise_mask_0.75 seed=2 4.46s
1014 done chncxr resnet50 CHNCXR_0398_1 rise_grid_10 seed=4 4.40s
1015 done chncxr resnet50 CHNCXR_0398_1 lime_slic_50 seed=4 2.15s
1016 done chncxr resnet50 CHNCXR_0398_1 lime_mask_0.75 seed=3 2.15s
1017 done chncxr resnet50 CHNCXR_0398_1 lime_slic_200 seed=1 2.20s
1018 done chncxr resnet50 CHNCXR_0398_1 rise_grid_4 seed=0 4.86s
1019 done chncxr resnet50 CHNCXR_0398_1 lime_slic_300 seed=3 2.22s
1020 done chncxr resnet50 CHNCXR_0398_1 rise_mask_0.25 seed=3 4.46s
1021 done chncxr resnet50 CHNCXR_0398_1 lime_mask_0.75 seed=0 2.16s
1022 done chncxr resnet50 CHNCXR_0398_1 lime_mask_0.25 seed=2 2.15s
1023 done chncxr resnet50 CHNCXR_0398_1 lime_slic_200 seed=3 2.19s
1024 done chncxr resnet50 CHNCXR_0398_1 lime_slic_50 seed=0 2.15s
1025 done chncxr resnet50 CHNCXR_0398_1 rise_mask_0.25 seed=2 4.46s
1026 done chncxr resnet50 CHNCXR_0398_1 rise_mask_0.25 seed=4 4.46s
1027 done chncxr resnet50 CHNCXR_0398_1 lime_slic_300 seed=1 2.22s
1028 done chncxr resnet50 CHNCXR_0398_1 lime_mask_0.75 seed=2 2.15s
1029 done chncxr resnet50 CHNCXR_0398_1 rise_grid_4 seed=4 4.86s
1030 done chncxr resnet50 CHNCXR_0398_1 rise_grid_14 seed=0 4.21s
1031 done chncxr resnet50 CHNCXR_0398_1 lime_slic_300 seed=4 2.21s
1032 done chncxr resnet50 CHNCXR_0398_1 rise_grid_4 seed=2 4.86s
1033 done chncxr resnet50 CHNCXR_0398_1 rise_grid_14 seed=1 4.21s
1034 done chncxr resnet50 CHNCXR_0398_1 lime_slic_300 seed=2 2.21s
1035 done chncxr resnet50 CHNCXR_0398_1 rise_grid_10 seed=1 4.40s
1036 done chncxr resnet50 CHNCXR_0398_1 lime_slic_50 seed=3 2.15s
1037 done chncxr resnet50 CHNCXR_0398_1 lime_slic_50 seed=1 2.15s
1038 done chncxr resnet50 CHNCXR_0398_1 rise_grid_14 seed=3 4.20s
1039 done chncxr resnet50 CHNCXR_0398_1 rise_mask_0.75 seed=4 4.45s
1040 done chncxr resnet50 CHNCXR_0398_1 rise_mask_0.25 seed=0 4.46s
1041 done chncxr resnet50 CHNCXR_0398_1 rise_grid_10 seed=3 4.40s
1042 done chncxr resnet50 CHNCXR_0398_1 lime_slic_300 seed=0 2.22s
1043 done chncxr resnet50 CHNCXR_0398_1 lime_mask_0.25 seed=0 2.16s
1044 done chncxr resnet50 CHNCXR_0398_1 lime_mask_0.25 seed=1 2.17s
1045 done chncxr resnet50 CHNCXR_0398_1 rise_mask_0.25 seed=1 4.47s
1046 done chncxr resnet50 CHNCXR_0398_1 lime_slic_50 seed=2 2.17s
1047 done chncxr resnet50 CHNCXR_0398_1 lime_mask_0.25 seed=3 2.16s
1048 done chncxr resnet50 CHNCXR_0398_1 rise_mask_0.75 seed=3 4.46s
1049 done chncxr resnet50 CHNCXR_0398_1 rise_grid_10 seed=2 4.40s
1050 done chncxr resnet50 CHNCXR_0398_1 rise_grid_14 seed=2 4.21s
1051 done chncxr resnet50 CHNCXR_0405_1 lime_mask_0.75 seed=1 2.17s
1052 done chncxr resnet50 CHNCXR_0405_1 rise_mask_0.75 seed=0 4.46s
1053 done chncxr resnet50 CHNCXR_0405_1 lime_mask_0.25 seed=2 2.17s
1054 done chncxr resnet50 CHNCXR_0405_1 lime_slic_300 seed=1 2.23s
1055 done chncxr resnet50 CHNCXR_0405_1 rise_grid_14 seed=3 4.21s
1056 done chncxr resnet50 CHNCXR_0405_1 rise_mask_0.25 seed=0 4.46s
1057 done chncxr resnet50 CHNCXR_0405_1 rise_mask_0.25 seed=1 4.46s
1058 done chncxr resnet50 CHNCXR_0405_1 rise_mask_0.75 seed=3 4.46s
1059 done chncxr resnet50 CHNCXR_0405_1 rise_grid_4 seed=4 4.86s
1060 done chncxr resnet50 CHNCXR_0405_1 rise_mask_0.75 seed=2 4.46s
1061 done chncxr resnet50 CHNCXR_0405_1 lime_slic_50 seed=3 2.16s
1062 done chncxr resnet50 CHNCXR_0405_1 rise_mask_0.25 seed=2 4.45s
1063 done chncxr resnet50 CHNCXR_0405_1 rise_mask_0.75 seed=1 4.45s
1064 done chncxr resnet50 CHNCXR_0405_1 lime_slic_300 seed=0 2.22s
1065 done chncxr resnet50 CHNCXR_0405_1 rise_grid_14 seed=1 4.21s
1066 done chncxr resnet50 CHNCXR_0405_1 lime_mask_0.75 seed=3 2.16s
1067 done chncxr resnet50 CHNCXR_0405_1 lime_slic_200 seed=2 2.19s
1068 done chncxr resnet50 CHNCXR_0405_1 lime_slic_50 seed=0 2.14s
1069 done chncxr resnet50 CHNCXR_0405_1 lime_mask_0.75 seed=4 2.14s
1070 done chncxr resnet50 CHNCXR_0405_1 rise_grid_10 seed=0 4.39s
1071 done chncxr resnet50 CHNCXR_0405_1 lime_mask_0.75 seed=0 2.17s
1072 done chncxr resnet50 CHNCXR_0405_1 lime_slic_200 seed=3 2.22s
1073 done chncxr resnet50 CHNCXR_0405_1 lime_mask_0.25 seed=3 2.16s
1074 done chncxr resnet50 CHNCXR_0405_1 lime_slic_200 seed=1 2.19s
1075 done chncxr resnet50 CHNCXR_0405_1 rise_grid_14 seed=2 4.20s
1076 done chncxr resnet50 CHNCXR_0405_1 lime_mask_0.25 seed=4 2.14s
1077 done chncxr resnet50 CHNCXR_0405_1 rise_grid_10 seed=3 4.40s
1078 done chncxr resnet50 CHNCXR_0405_1 rise_mask_0.25 seed=3 4.46s
1079 done chncxr resnet50 CHNCXR_0405_1 rise_grid_10 seed=2 4.40s
1080 done chncxr resnet50 CHNCXR_0405_1 rise_grid_14 seed=0 4.22s
1081 done chncxr resnet50 CHNCXR_0405_1 rise_grid_10 seed=1 4.40s
1082 done chncxr resnet50 CHNCXR_0405_1 lime_slic_50 seed=2 2.16s
1083 done chncxr resnet50 CHNCXR_0405_1 rise_mask_0.75 seed=4 4.46s
1084 done chncxr resnet50 CHNCXR_0405_1 rise_mask_0.25 seed=4 4.47s
1085 done chncxr resnet50 CHNCXR_0405_1 rise_grid_4 seed=1 4.87s
1086 done chncxr resnet50 CHNCXR_0405_1 lime_slic_200 seed=0 2.22s
1087 done chncxr resnet50 CHNCXR_0405_1 rise_grid_4 seed=0 4.87s
1088 done chncxr resnet50 CHNCXR_0405_1 lime_slic_300 seed=4 2.25s
1089 done chncxr resnet50 CHNCXR_0405_1 lime_slic_300 seed=3 2.24s
1090 done chncxr resnet50 CHNCXR_0405_1 lime_slic_50 seed=4 2.17s
1091 done chncxr resnet50 CHNCXR_0405_1 rise_grid_14 seed=4 4.22s
1092 done chncxr resnet50 CHNCXR_0405_1 rise_grid_10 seed=4 4.40s
1093 done chncxr resnet50 CHNCXR_0405_1 lime_mask_0.25 seed=0 2.17s
1094 done chncxr resnet50 CHNCXR_0405_1 lime_slic_200 seed=4 2.21s
1095 done chncxr resnet50 CHNCXR_0405_1 lime_mask_0.75 seed=2 2.18s
1096 done chncxr resnet50 CHNCXR_0405_1 lime_slic_300 seed=2 2.24s
1097 done chncxr resnet50 CHNCXR_0405_1 rise_grid_4 seed=2 4.86s
1098 done chncxr resnet50 CHNCXR_0405_1 lime_slic_50 seed=1 2.17s
1099 done chncxr resnet50 CHNCXR_0405_1 lime_mask_0.25 seed=1 2.17s
1100 done chncxr resnet50 CHNCXR_0405_1 rise_grid_4 seed=3 4.86s
1101 done chncxr resnet50 CHNCXR_0408_1 rise_grid_4 seed=0 4.87s
1102 done chncxr resnet50 CHNCXR_0408_1 lime_slic_50 seed=4 2.17s
1103 done chncxr resnet50 CHNCXR_0408_1 lime_slic_200 seed=1 2.22s
1104 done chncxr resnet50 CHNCXR_0408_1 rise_grid_14 seed=3 4.22s
1105 done chncxr resnet50 CHNCXR_0408_1 lime_mask_0.25 seed=1 2.18s
1106 done chncxr resnet50 CHNCXR_0408_1 rise_grid_10 seed=0 4.41s
1107 done chncxr resnet50 CHNCXR_0408_1 rise_grid_10 seed=4 4.41s
1108 done chncxr resnet50 CHNCXR_0408_1 lime_slic_300 seed=0 2.23s
1109 done chncxr resnet50 CHNCXR_0408_1 lime_slic_200 seed=0 2.18s
1110 done chncxr resnet50 CHNCXR_0408_1 lime_mask_0.25 seed=0 2.16s
1111 done chncxr resnet50 CHNCXR_0408_1 lime_mask_0.25 seed=4 2.16s
1112 done chncxr resnet50 CHNCXR_0408_1 rise_grid_14 seed=4 4.22s
1113 done chncxr resnet50 CHNCXR_0408_1 rise_mask_0.25 seed=3 4.46s
1114 done chncxr resnet50 CHNCXR_0408_1 lime_slic_300 seed=2 2.23s
1115 done chncxr resnet50 CHNCXR_0408_1 lime_slic_200 seed=4 2.21s
1116 done chncxr resnet50 CHNCXR_0408_1 lime_slic_50 seed=2 2.16s
1117 done chncxr resnet50 CHNCXR_0408_1 lime_slic_300 seed=1 2.20s
1118 done chncxr resnet50 CHNCXR_0408_1 lime_mask_0.75 seed=4 2.19s
1119 done chncxr resnet50 CHNCXR_0408_1 rise_mask_0.25 seed=0 4.46s
1120 done chncxr resnet50 CHNCXR_0408_1 rise_grid_10 seed=2 4.40s
1121 done chncxr resnet50 CHNCXR_0408_1 lime_slic_200 seed=2 2.20s
1122 done chncxr resnet50 CHNCXR_0408_1 rise_grid_14 seed=1 4.21s
1123 done chncxr resnet50 CHNCXR_0408_1 lime_mask_0.25 seed=3 2.16s
1124 done chncxr resnet50 CHNCXR_0408_1 lime_mask_0.75 seed=3 2.17s
1125 done chncxr resnet50 CHNCXR_0408_1 lime_mask_0.25 seed=2 2.16s
1126 done chncxr resnet50 CHNCXR_0408_1 lime_mask_0.75 seed=1 2.16s
1127 done chncxr resnet50 CHNCXR_0408_1 rise_mask_0.25 seed=1 4.45s
1128 done chncxr resnet50 CHNCXR_0408_1 lime_mask_0.75 seed=0 2.15s
1129 done chncxr resnet50 CHNCXR_0408_1 rise_grid_14 seed=2 4.20s
1130 done chncxr resnet50 CHNCXR_0408_1 rise_grid_10 seed=1 4.39s
1131 done chncxr resnet50 CHNCXR_0408_1 rise_mask_0.75 seed=1 4.45s
1132 done chncxr resnet50 CHNCXR_0408_1 lime_slic_50 seed=3 2.15s
1133 done chncxr resnet50 CHNCXR_0408_1 lime_slic_300 seed=3 2.21s
1134 done chncxr resnet50 CHNCXR_0408_1 lime_slic_50 seed=0 2.14s
1135 done chncxr resnet50 CHNCXR_0408_1 rise_grid_4 seed=4 4.85s
1136 done chncxr resnet50 CHNCXR_0408_1 rise_grid_4 seed=2 4.85s
1137 done chncxr resnet50 CHNCXR_0408_1 rise_mask_0.75 seed=4 4.45s
1138 done chncxr resnet50 CHNCXR_0408_1 rise_grid_4 seed=3 4.85s
1139 done chncxr resnet50 CHNCXR_0408_1 rise_grid_4 seed=1 4.85s
1140 done chncxr resnet50 CHNCXR_0408_1 lime_mask_0.75 seed=2 2.17s
1141 done chncxr resnet50 CHNCXR_0408_1 rise_mask_0.75 seed=0 4.45s
1142 done chncxr resnet50 CHNCXR_0408_1 rise_mask_0.75 seed=2 4.46s
1143 done chncxr resnet50 CHNCXR_0408_1 lime_slic_300 seed=4 2.22s
1144 done chncxr resnet50 CHNCXR_0408_1 rise_mask_0.25 seed=4 4.45s
1145 done chncxr resnet50 CHNCXR_0408_1 rise_grid_10 seed=3 4.39s
1146 done chncxr resnet50 CHNCXR_0408_1 rise_grid_14 seed=0 4.21s
1147 done chncxr resnet50 CHNCXR_0408_1 lime_slic_200 seed=3 2.19s
1148 done chncxr resnet50 CHNCXR_0408_1 lime_slic_50 seed=1 2.15s
1149 done chncxr resnet50 CHNCXR_0408_1 rise_mask_0.75 seed=3 4.45s
1150 done chncxr resnet50 CHNCXR_0408_1 rise_mask_0.25 seed=2 4.45s
1151 done chncxr resnet50 CHNCXR_0428_1 rise_grid_10 seed=0 4.40s
1152 done chncxr resnet50 CHNCXR_0428_1 rise_grid_10 seed=2 4.39s
1153 done chncxr resnet50 CHNCXR_0428_1 lime_slic_200 seed=1 2.19s
1154 done chncxr resnet50 CHNCXR_0428_1 rise_grid_14 seed=4 4.21s
1155 done chncxr resnet50 CHNCXR_0428_1 lime_slic_50 seed=2 2.16s
1156 done chncxr resnet50 CHNCXR_0428_1 rise_grid_4 seed=3 4.86s
1157 done chncxr resnet50 CHNCXR_0428_1 rise_mask_0.75 seed=1 4.46s
1158 done chncxr resnet50 CHNCXR_0428_1 rise_mask_0.25 seed=0 4.46s
1159 done chncxr resnet50 CHNCXR_0428_1 lime_mask_0.75 seed=4 2.16s
1160 done chncxr resnet50 CHNCXR_0428_1 rise_mask_0.75 seed=4 4.46s
1161 done chncxr resnet50 CHNCXR_0428_1 lime_mask_0.75 seed=0 2.16s
1162 done chncxr resnet50 CHNCXR_0428_1 rise_grid_4 seed=2 4.86s
1163 done chncxr resnet50 CHNCXR_0428_1 rise_mask_0.25 seed=2 4.45s
1164 done chncxr resnet50 CHNCXR_0428_1 lime_slic_50 seed=1 2.15s
1165 done chncxr resnet50 CHNCXR_0428_1 rise_grid_14 seed=2 4.21s
1166 done chncxr resnet50 CHNCXR_0428_1 rise_mask_0.75 seed=2 4.45s
1167 done chncxr resnet50 CHNCXR_0428_1 lime_mask_0.75 seed=1 2.17s
1168 done chncxr resnet50 CHNCXR_0428_1 rise_grid_10 seed=3 4.39s
1169 done chncxr resnet50 CHNCXR_0428_1 lime_slic_300 seed=2 2.23s
1170 done chncxr resnet50 CHNCXR_0428_1 lime_mask_0.75 seed=2 2.16s
1171 done chncxr resnet50 CHNCXR_0428_1 rise_grid_10 seed=1 4.39s
1172 done chncxr resnet50 CHNCXR_0428_1 lime_slic_200 seed=2 2.20s
1173 done chncxr resnet50 CHNCXR_0428_1 rise_mask_0.25 seed=4 4.45s
1174 done chncxr resnet50 CHNCXR_0428_1 rise_grid_14 seed=0 4.21s
1175 done chncxr resnet50 CHNCXR_0428_1 lime_slic_300 seed=3 2.23s
1176 done chncxr resnet50 CHNCXR_0428_1 rise_mask_0.25 seed=1 4.45s
1177 done chncxr resnet50 CHNCXR_0428_1 rise_grid_4 seed=4 4.85s
1178 done chncxr resnet50 CHNCXR_0428_1 lime_slic_50 seed=4 2.15s
1179 done chncxr resnet50 CHNCXR_0428_1 lime_mask_0.25 seed=4 2.16s
1180 done chncxr resnet50 CHNCXR_0428_1 rise_grid_4 seed=1 4.85s
1181 done chncxr resnet50 CHNCXR_0428_1 rise_grid_14 seed=1 4.21s
1182 done chncxr resnet50 CHNCXR_0428_1 lime_slic_200 seed=4 2.19s
1183 done chncxr resnet50 CHNCXR_0428_1 lime_slic_300 seed=4 2.22s
1184 done chncxr resnet50 CHNCXR_0428_1 rise_grid_4 seed=0 4.86s
1185 done chncxr resnet50 CHNCXR_0428_1 rise_mask_0.25 seed=3 4.46s
1186 done chncxr resnet50 CHNCXR_0428_1 lime_mask_0.25 seed=2 2.17s
1187 done chncxr resnet50 CHNCXR_0428_1 rise_mask_0.75 seed=3 4.46s
1188 done chncxr resnet50 CHNCXR_0428_1 lime_mask_0.75 seed=3 2.17s
1189 done chncxr resnet50 CHNCXR_0428_1 lime_slic_300 seed=0 2.23s
1190 done chncxr resnet50 CHNCXR_0428_1 lime_slic_50 seed=3 2.17s
1191 done chncxr resnet50 CHNCXR_0428_1 lime_mask_0.25 seed=3 2.18s
1192 done chncxr resnet50 CHNCXR_0428_1 lime_slic_200 seed=3 2.19s
1193 done chncxr resnet50 CHNCXR_0428_1 lime_slic_300 seed=1 2.23s
1194 done chncxr resnet50 CHNCXR_0428_1 rise_grid_14 seed=3 4.21s
1195 done chncxr resnet50 CHNCXR_0428_1 rise_mask_0.75 seed=0 4.46s
1196 done chncxr resnet50 CHNCXR_0428_1 lime_mask_0.25 seed=1 2.16s
1197 done chncxr resnet50 CHNCXR_0428_1 rise_grid_10 seed=4 4.40s
1198 done chncxr resnet50 CHNCXR_0428_1 lime_slic_200 seed=0 2.21s
1199 done chncxr resnet50 CHNCXR_0428_1 lime_slic_50 seed=0 2.16s
1200 done chncxr resnet50 CHNCXR_0428_1 lime_mask_0.25 seed=0 2.16s
1201 done chncxr resnet50 CHNCXR_0433_1 rise_grid_10 seed=0 4.39s
1202 done chncxr resnet50 CHNCXR_0433_1 rise_grid_14 seed=3 4.21s
1203 done chncxr resnet50 CHNCXR_0433_1 lime_slic_300 seed=4 2.23s
1204 done chncxr resnet50 CHNCXR_0433_1 rise_grid_14 seed=0 4.21s
1205 done chncxr resnet50 CHNCXR_0433_1 lime_slic_50 seed=1 2.15s
1206 done chncxr resnet50 CHNCXR_0433_1 rise_mask_0.75 seed=1 4.45s
1207 done chncxr resnet50 CHNCXR_0433_1 rise_grid_14 seed=4 4.20s
1208 done chncxr resnet50 CHNCXR_0433_1 rise_grid_10 seed=3 4.38s
1209 done chncxr resnet50 CHNCXR_0433_1 rise_grid_14 seed=1 4.20s
1210 done chncxr resnet50 CHNCXR_0433_1 lime_slic_200 seed=2 2.18s
1211 done chncxr resnet50 CHNCXR_0433_1 rise_grid_10 seed=4 4.39s
1212 done chncxr resnet50 CHNCXR_0433_1 lime_slic_50 seed=2 2.14s
1213 done chncxr resnet50 CHNCXR_0433_1 lime_mask_0.25 seed=0 2.15s
1214 done chncxr resnet50 CHNCXR_0433_1 lime_slic_300 seed=3 2.23s
1215 done chncxr resnet50 CHNCXR_0433_1 rise_mask_0.25 seed=3 4.34s
1216 done chncxr resnet50 CHNCXR_0433_1 lime_slic_300 seed=2 2.30s
1217 done chncxr resnet50 CHNCXR_0433_1 lime_slic_50 seed=3 2.25s
1218 done chncxr resnet50 CHNCXR_0433_1 lime_mask_0.25 seed=4 2.25s
1219 done chncxr resnet50 CHNCXR_0433_1 lime_mask_0.75 seed=1 2.26s
1220 done chncxr resnet50 CHNCXR_0433_1 rise_grid_4 seed=4 3.71s
1221 done chncxr resnet50 CHNCXR_0433_1 rise_grid_4 seed=3 3.71s
1222 done chncxr resnet50 CHNCXR_0433_1 rise_mask_0.25 seed=4 3.35s
1223 done chncxr resnet50 CHNCXR_0433_1 lime_mask_0.75 seed=4 2.25s
1224 done chncxr resnet50 CHNCXR_0433_1 rise_grid_4 seed=1 3.67s
1225 done chncxr resnet50 CHNCXR_0433_1 lime_slic_200 seed=4 2.29s
1226 done chncxr resnet50 CHNCXR_0433_1 lime_mask_0.75 seed=2 2.26s
1227 done chncxr resnet50 CHNCXR_0433_1 lime_mask_0.25 seed=3 2.25s
1228 done chncxr resnet50 CHNCXR_0433_1 lime_mask_0.75 seed=3 2.25s
1229 done chncxr resnet50 CHNCXR_0433_1 rise_mask_0.75 seed=0 3.34s
1230 done chncxr resnet50 CHNCXR_0433_1 lime_slic_50 seed=0 2.23s
1231 done chncxr resnet50 CHNCXR_0433_1 rise_mask_0.75 seed=3 4.48s
1232 done chncxr resnet50 CHNCXR_0433_1 lime_slic_200 seed=0 2.28s
1233 done chncxr resnet50 CHNCXR_0433_1 rise_grid_10 seed=2 4.42s
1234 done chncxr resnet50 CHNCXR_0433_1 rise_grid_4 seed=0 4.90s
1235 done chncxr resnet50 CHNCXR_0433_1 rise_mask_0.25 seed=0 4.50s
1236 done chncxr resnet50 CHNCXR_0433_1 rise_grid_10 seed=1 4.43s
1237 done chncxr resnet50 CHNCXR_0433_1 rise_mask_0.75 seed=2 4.49s
1238 done chncxr resnet50 CHNCXR_0433_1 lime_slic_200 seed=1 2.29s
1239 done chncxr resnet50 CHNCXR_0433_1 lime_slic_300 seed=1 2.32s
1240 done chncxr resnet50 CHNCXR_0433_1 lime_mask_0.25 seed=1 2.24s
1241 done chncxr resnet50 CHNCXR_0433_1 rise_mask_0.75 seed=4 4.50s
1242 done chncxr resnet50 CHNCXR_0433_1 lime_slic_200 seed=3 2.29s
1243 done chncxr resnet50 CHNCXR_0433_1 rise_mask_0.25 seed=1 4.49s
1244 done chncxr resnet50 CHNCXR_0433_1 rise_mask_0.25 seed=2 4.50s
1245 done chncxr resnet50 CHNCXR_0433_1 rise_grid_14 seed=2 4.24s
1246 done chncxr resnet50 CHNCXR_0433_1 rise_grid_4 seed=2 4.91s
1247 done chncxr resnet50 CHNCXR_0433_1 lime_slic_300 seed=0 2.31s
1248 done chncxr resnet50 CHNCXR_0433_1 lime_mask_0.25 seed=2 2.25s
1249 done chncxr resnet50 CHNCXR_0433_1 lime_mask_0.75 seed=0 2.25s
1250 done chncxr resnet50 CHNCXR_0433_1 lime_slic_50 seed=4 2.24s
1251 done chncxr resnet50 CHNCXR_0436_1 rise_grid_4 seed=0 4.91s
1252 done chncxr resnet50 CHNCXR_0436_1 lime_slic_200 seed=3 2.29s
1253 done chncxr resnet50 CHNCXR_0436_1 rise_grid_14 seed=2 4.24s
1254 done chncxr resnet50 CHNCXR_0436_1 lime_mask_0.75 seed=4 2.25s
1255 done chncxr resnet50 CHNCXR_0436_1 rise_mask_0.25 seed=4 4.49s
1256 done chncxr resnet50 CHNCXR_0436_1 rise_mask_0.25 seed=2 4.11s
1257 done chncxr resnet50 CHNCXR_0436_1 rise_mask_0.75 seed=3 3.35s
1258 done chncxr resnet50 CHNCXR_0436_1 rise_grid_10 seed=1 3.29s
1259 done chncxr resnet50 CHNCXR_0436_1 lime_slic_200 seed=1 2.29s
1260 done chncxr resnet50 CHNCXR_0436_1 lime_slic_50 seed=4 2.24s
1261 done chncxr resnet50 CHNCXR_0436_1 rise_grid_4 seed=1 3.71s
1262 done chncxr resnet50 CHNCXR_0436_1 lime_mask_0.75 seed=3 2.24s
1263 done chncxr resnet50 CHNCXR_0436_1 lime_mask_0.25 seed=2 2.24s
1264 done chncxr resnet50 CHNCXR_0436_1 rise_grid_10 seed=4 3.29s
1265 done chncxr resnet50 CHNCXR_0436_1 lime_mask_0.25 seed=0 2.24s
1266 done chncxr resnet50 CHNCXR_0436_1 rise_mask_0.25 seed=3 3.35s
1267 done chncxr resnet50 CHNCXR_0436_1 lime_mask_0.75 seed=2 2.25s
1268 done chncxr resnet50 CHNCXR_0436_1 rise_grid_10 seed=0 3.30s
1269 done chncxr resnet50 CHNCXR_0436_1 lime_mask_0.75 seed=0 2.24s
1270 done chncxr resnet50 CHNCXR_0436_1 lime_mask_0.25 seed=4 2.22s
1271 done chncxr resnet50 CHNCXR_0436_1 lime_slic_200 seed=4 2.29s
1272 done chncxr resnet50 CHNCXR_0436_1 lime_slic_300 seed=1 2.31s
1273 done chncxr resnet50 CHNCXR_0436_1 rise_grid_14 seed=3 3.13s
1274 done chncxr resnet50 CHNCXR_0436_1 lime_mask_0.25 seed=3 2.24s
1275 done chncxr resnet50 CHNCXR_0436_1 lime_mask_0.75 seed=1 2.26s
1276 done chncxr resnet50 CHNCXR_0436_1 lime_slic_200 seed=2 2.29s
1277 done chncxr resnet50 CHNCXR_0436_1 lime_mask_0.25 seed=1 2.25s
1278 done chncxr resnet50 CHNCXR_0436_1 lime_slic_300 seed=4 2.33s
1279 done chncxr resnet50 CHNCXR_0436_1 rise_mask_0.25 seed=1 3.36s
1280 done chncxr resnet50 CHNCXR_0436_1 rise_grid_14 seed=1 3.15s
1281 done chncxr resnet50 CHNCXR_0436_1 lime_slic_50 seed=2 2.29s
1282 done chncxr resnet50 CHNCXR_0436_1 rise_grid_4 seed=3 3.70s
1283 done chncxr resnet50 CHNCXR_0436_1 rise_mask_0.75 seed=2 3.34s
1284 done chncxr resnet50 CHNCXR_0436_1 lime_slic_50 seed=0 2.26s
1285 done chncxr resnet50 CHNCXR_0436_1 rise_grid_14 seed=0 3.16s
1286 done chncxr resnet50 CHNCXR_0436_1 rise_mask_0.75 seed=4 3.38s
1287 done chncxr resnet50 CHNCXR_0436_1 rise_mask_0.25 seed=0 3.38s
1288 done chncxr resnet50 CHNCXR_0436_1 lime_slic_50 seed=3 2.26s
1289 done chncxr resnet50 CHNCXR_0436_1 rise_grid_10 seed=2 3.31s
1290 done chncxr resnet50 CHNCXR_0436_1 lime_slic_300 seed=3 2.34s
1291 done chncxr resnet50 CHNCXR_0436_1 lime_slic_300 seed=0 2.35s
1292 done chncxr resnet50 CHNCXR_0436_1 rise_grid_4 seed=4 3.77s
1293 done chncxr resnet50 CHNCXR_0436_1 rise_grid_14 seed=4 3.20s
1294 done chncxr resnet50 CHNCXR_0436_1 rise_grid_10 seed=3 3.33s
1295 done chncxr resnet50 CHNCXR_0436_1 rise_grid_4 seed=2 3.74s
1296 done chncxr resnet50 CHNCXR_0436_1 lime_slic_300 seed=2 2.33s
1297 done chncxr resnet50 CHNCXR_0436_1 rise_mask_0.75 seed=0 3.39s
1298 done chncxr resnet50 CHNCXR_0436_1 lime_slic_50 seed=1 2.26s
1299 done chncxr resnet50 CHNCXR_0436_1 rise_mask_0.75 seed=1 3.37s
1300 done chncxr resnet50 CHNCXR_0436_1 lime_slic_200 seed=0 2.30s
1301 done chncxr resnet50 CHNCXR_0444_1 rise_grid_14 seed=4 3.08s
1302 done chncxr resnet50 CHNCXR_0444_1 rise_grid_4 seed=4 3.64s
1303 done chncxr resnet50 CHNCXR_0444_1 lime_slic_200 seed=1 2.23s
1304 done chncxr resnet50 CHNCXR_0444_1 lime_mask_0.75 seed=2 2.17s
1305 done chncxr resnet50 CHNCXR_0444_1 lime_slic_300 seed=4 2.23s
1306 done chncxr resnet50 CHNCXR_0444_1 rise_mask_0.25 seed=4 3.27s
1307 done chncxr resnet50 CHNCXR_0444_1 rise_grid_10 seed=2 3.23s
1308 done chncxr resnet50 CHNCXR_0444_1 lime_slic_50 seed=2 2.19s
1309 done chncxr resnet50 CHNCXR_0444_1 lime_mask_0.75 seed=3 2.18s
1310 done chncxr resnet50 CHNCXR_0444_1 rise_grid_10 seed=0 3.22s
1311 done chncxr resnet50 CHNCXR_0444_1 lime_slic_300 seed=2 2.24s
1312 done chncxr resnet50 CHNCXR_0444_1 lime_mask_0.25 seed=3 2.18s
1313 done chncxr resnet50 CHNCXR_0444_1 rise_grid_4 seed=2 3.65s
1314 done chncxr resnet50 CHNCXR_0444_1 lime_mask_0.25 seed=1 2.21s
1315 done chncxr resnet50 CHNCXR_0444_1 lime_slic_50 seed=1 2.20s
1316 done chncxr resnet50 CHNCXR_0444_1 rise_grid_10 seed=3 4.41s
1317 done chncxr resnet50 CHNCXR_0444_1 rise_mask_0.75 seed=3 4.47s
1318 done chncxr resnet50 CHNCXR_0444_1 lime_slic_300 seed=1 2.28s
1319 done chncxr resnet50 CHNCXR_0444_1 rise_grid_10 seed=1 4.41s
1320 done chncxr resnet50 CHNCXR_0444_1 rise_mask_0.25 seed=1 4.47s
1321 done chncxr resnet50 CHNCXR_0444_1 rise_mask_0.75 seed=1 4.47s
1322 done chncxr resnet50 CHNCXR_0444_1 lime_slic_50 seed=0 2.20s
1323 done chncxr resnet50 CHNCXR_0444_1 rise_grid_4 seed=1 4.87s
1324 done chncxr resnet50 CHNCXR_0444_1 lime_slic_200 seed=3 2.24s
1325 done chncxr resnet50 CHNCXR_0444_1 rise_grid_14 seed=1 4.22s
1326 done chncxr resnet50 CHNCXR_0444_1 rise_mask_0.75 seed=0 4.47s
1327 done chncxr resnet50 CHNCXR_0444_1 lime_mask_0.75 seed=4 2.21s
1328 done chncxr resnet50 CHNCXR_0444_1 lime_slic_300 seed=0 2.27s
1329 done chncxr resnet50 CHNCXR_0444_1 lime_slic_200 seed=4 2.23s
1330 done chncxr resnet50 CHNCXR_0444_1 lime_slic_300 seed=3 2.27s
1331 done chncxr resnet50 CHNCXR_0444_1 rise_mask_0.75 seed=4 4.47s
1332 done chncxr resnet50 CHNCXR_0444_1 rise_grid_14 seed=0 4.22s
1333 done chncxr resnet50 CHNCXR_0444_1 lime_mask_0.25 seed=0 2.20s
1334 done chncxr resnet50 CHNCXR_0444_1 lime_slic_200 seed=2 2.24s
1335 done chncxr resnet50 CHNCXR_0444_1 rise_grid_10 seed=4 4.41s
1336 done chncxr resnet50 CHNCXR_0444_1 rise_grid_14 seed=2 4.22s
1337 done chncxr resnet50 CHNCXR_0444_1 lime_mask_0.25 seed=4 2.16s
1338 done chncxr resnet50 CHNCXR_0444_1 rise_grid_4 seed=0 4.85s
1339 done chncxr resnet50 CHNCXR_0444_1 rise_mask_0.25 seed=0 4.46s
1340 done chncxr resnet50 CHNCXR_0444_1 rise_mask_0.25 seed=2 4.46s
1341 done chncxr resnet50 CHNCXR_0444_1 rise_grid_4 seed=3 4.87s
1342 done chncxr resnet50 CHNCXR_0444_1 lime_mask_0.25 seed=2 2.19s
1343 done chncxr resnet50 CHNCXR_0444_1 lime_mask_0.75 seed=0 2.20s
1344 done chncxr resnet50 CHNCXR_0444_1 rise_grid_14 seed=3 4.22s
1345 done chncxr resnet50 CHNCXR_0444_1 lime_slic_50 seed=3 2.20s
1346 done chncxr resnet50 CHNCXR_0444_1 lime_slic_200 seed=0 2.26s
1347 done chncxr resnet50 CHNCXR_0444_1 lime_mask_0.75 seed=1 2.23s
1348 done chncxr resnet50 CHNCXR_0444_1 rise_mask_0.25 seed=3 4.49s
1349 done chncxr resnet50 CHNCXR_0444_1 rise_mask_0.75 seed=2 4.49s
1350 done chncxr resnet50 CHNCXR_0444_1 lime_slic_50 seed=4 2.20s
1351 done chncxr resnet50 CHNCXR_0453_1 rise_mask_0.75 seed=0 4.47s
1352 done chncxr resnet50 CHNCXR_0453_1 rise_grid_4 seed=3 4.87s
1353 done chncxr resnet50 CHNCXR_0453_1 rise_grid_4 seed=4 4.87s
1354 done chncxr resnet50 CHNCXR_0453_1 lime_mask_0.75 seed=4 2.20s
1355 done chncxr resnet50 CHNCXR_0453_1 lime_slic_50 seed=4 2.20s
1356 done chncxr resnet50 CHNCXR_0453_1 lime_mask_0.25 seed=0 2.17s
1357 done chncxr resnet50 CHNCXR_0453_1 lime_mask_0.25 seed=1 2.19s
1358 done chncxr resnet50 CHNCXR_0453_1 rise_grid_14 seed=1 4.21s
1359 done chncxr resnet50 CHNCXR_0453_1 rise_mask_0.25 seed=2 4.46s
1360 done chncxr resnet50 CHNCXR_0453_1 rise_mask_0.25 seed=3 4.46s
1361 done chncxr resnet50 CHNCXR_0453_1 rise_grid_10 seed=3 4.41s
1362 done chncxr resnet50 CHNCXR_0453_1 rise_grid_14 seed=3 4.22s
1363 done chncxr resnet50 CHNCXR_0453_1 lime_slic_300 seed=2 2.26s
1364 done chncxr resnet50 CHNCXR_0453_1 rise_grid_10 seed=0 4.39s
1365 done chncxr resnet50 CHNCXR_0453_1 rise_grid_10 seed=1 4.40s
1366 done chncxr resnet50 CHNCXR_0453_1 rise_grid_10 seed=2 4.41s
1367 done chncxr resnet50 CHNCXR_0453_1 rise_grid_10 seed=4 4.41s
1368 done chncxr resnet50 CHNCXR_0453_1 lime_mask_0.75 seed=3 2.20s
1369 done chncxr resnet50 CHNCXR_0453_1 rise_mask_0.75 seed=3 4.47s
1370 done chncxr resnet50 CHNCXR_0453_1 lime_slic_300 seed=0 2.26s
1371 done chncxr resnet50 CHNCXR_0453_1 lime_slic_300 seed=4 2.27s
1372 done chncxr resnet50 CHNCXR_0453_1 lime_mask_0.75 seed=0 2.20s
1373 done chncxr resnet50 CHNCXR_0453_1 lime_mask_0.25 seed=3 2.20s
1374 done chncxr resnet50 CHNCXR_0453_1 rise_mask_0.75 seed=2 4.47s
1375 done chncxr resnet50 CHNCXR_0453_1 rise_mask_0.75 seed=4 4.47s
1376 done chncxr resnet50 CHNCXR_0453_1 lime_mask_0.75 seed=1 2.21s
1377 done chncxr resnet50 CHNCXR_0453_1 rise_grid_4 seed=2 4.87s
1378 done chncxr resnet50 CHNCXR_0453_1 lime_slic_50 seed=3 2.20s
1379 done chncxr resnet50 CHNCXR_0453_1 lime_slic_200 seed=0 2.25s
1380 done chncxr resnet50 CHNCXR_0453_1 lime_mask_0.75 seed=2 2.21s
1381 done chncxr resnet50 CHNCXR_0453_1 lime_slic_200 seed=3 2.25s
1382 done chncxr resnet50 CHNCXR_0453_1 rise_grid_14 seed=0 4.23s
1383 done chncxr resnet50 CHNCXR_0453_1 rise_mask_0.25 seed=1 4.47s
1384 done chncxr resnet50 CHNCXR_0453_1 rise_grid_14 seed=2 4.22s
1385 done chncxr resnet50 CHNCXR_0453_1 lime_slic_50 seed=0 2.20s
1386 done chncxr resnet50 CHNCXR_0453_1 lime_mask_0.25 seed=2 2.17s
1387 done chncxr resnet50 CHNCXR_0453_1 lime_slic_200 seed=2 2.23s
1388 done chncxr resnet50 CHNCXR_0453_1 rise_mask_0.75 seed=1 4.46s
1389 done chncxr resnet50 CHNCXR_0453_1 lime_slic_50 seed=2 2.17s
1390 done chncxr resnet50 CHNCXR_0453_1 lime_mask_0.25 seed=4 2.14s
1391 done chncxr resnet50 CHNCXR_0453_1 lime_slic_200 seed=1 2.21s
1392 done chncxr resnet50 CHNCXR_0453_1 rise_mask_0.25 seed=4 4.45s
1393 done chncxr resnet50 CHNCXR_0453_1 lime_slic_300 seed=3 2.24s
1394 done chncxr resnet50 CHNCXR_0453_1 rise_grid_14 seed=4 4.21s
1395 done chncxr resnet50 CHNCXR_0453_1 rise_grid_4 seed=0 4.86s
1396 done chncxr resnet50 CHNCXR_0453_1 lime_slic_50 seed=1 2.18s
1397 done chncxr resnet50 CHNCXR_0453_1 lime_slic_200 seed=4 2.21s
1398 done chncxr resnet50 CHNCXR_0453_1 lime_slic_300 seed=1 2.26s
1399 done chncxr resnet50 CHNCXR_0453_1 rise_grid_4 seed=1 4.86s
1400 done chncxr resnet50 CHNCXR_0453_1 rise_mask_0.25 seed=0 4.47s
1401 done chncxr resnet50 CHNCXR_0468_1 lime_slic_50 seed=0 2.20s
1402 done chncxr resnet50 CHNCXR_0468_1 rise_mask_0.75 seed=2 3.27s
1403 done chncxr resnet50 CHNCXR_0468_1 lime_mask_0.25 seed=0 2.18s
1404 done chncxr resnet50 CHNCXR_0468_1 lime_mask_0.75 seed=1 2.19s
1405 done chncxr resnet50 CHNCXR_0468_1 lime_slic_200 seed=3 2.23s
1406 done chncxr resnet50 CHNCXR_0468_1 rise_grid_14 seed=4 3.08s
1407 done chncxr resnet50 CHNCXR_0468_1 rise_mask_0.25 seed=3 3.29s
1408 done chncxr resnet50 CHNCXR_0468_1 rise_grid_14 seed=2 3.08s
1409 done chncxr resnet50 CHNCXR_0468_1 rise_mask_0.25 seed=0 3.31s
1410 done chncxr resnet50 CHNCXR_0468_1 rise_grid_4 seed=4 3.64s
1411 done chncxr resnet50 CHNCXR_0468_1 rise_grid_4 seed=0 3.64s
1412 done chncxr resnet50 CHNCXR_0468_1 lime_mask_0.25 seed=2 2.19s
1413 done chncxr resnet50 CHNCXR_0468_1 lime_slic_300 seed=1 2.28s
1414 done chncxr resnet50 CHNCXR_0468_1 lime_mask_0.75 seed=0 2.22s
1415 done chncxr resnet50 CHNCXR_0468_1 lime_slic_300 seed=3 2.28s
1416 done chncxr resnet50 CHNCXR_0468_1 rise_grid_10 seed=1 3.25s
1417 done chncxr resnet50 CHNCXR_0468_1 rise_grid_14 seed=3 3.08s
1418 done chncxr resnet50 CHNCXR_0468_1 lime_slic_200 seed=0 2.24s
1419 done chncxr resnet50 CHNCXR_0468_1 lime_slic_300 seed=4 2.27s
1420 done chncxr resnet50 CHNCXR_0468_1 rise_grid_10 seed=0 3.24s
1421 done chncxr resnet50 CHNCXR_0468_1 lime_slic_200 seed=4 2.23s
1422 done chncxr resnet50 CHNCXR_0468_1 rise_grid_10 seed=3 3.24s
1423 done chncxr resnet50 CHNCXR_0468_1 rise_grid_4 seed=3 3.64s
1424 done chncxr resnet50 CHNCXR_0468_1 rise_mask_0.75 seed=3 3.29s
1425 done chncxr resnet50 CHNCXR_0468_1 rise_mask_0.25 seed=4 3.30s
1426 done chncxr resnet50 CHNCXR_0468_1 lime_slic_50 seed=1 2.20s
1427 done chncxr resnet50 CHNCXR_0468_1 rise_mask_0.25 seed=2 3.29s
1428 done chncxr resnet50 CHNCXR_0468_1 lime_mask_0.75 seed=3 2.22s
1429 done chncxr resnet50 CHNCXR_0468_1 lime_slic_50 seed=3 2.20s
1430 done chncxr resnet50 CHNCXR_0468_1 lime_slic_50 seed=4 2.20s
1431 done chncxr resnet50 CHNCXR_0468_1 rise_grid_10 seed=2 3.23s
1432 done chncxr resnet50 CHNCXR_0468_1 rise_mask_0.25 seed=1 3.29s
1433 done chncxr resnet50 CHNCXR_0468_1 lime_mask_0.75 seed=4 2.21s
1434 done chncxr resnet50 CHNCXR_0468_1 rise_grid_10 seed=4 4.19s
1435 done chncxr resnet50 CHNCXR_0468_1 lime_slic_300 seed=2 2.28s
1436 done chncxr resnet50 CHNCXR_0468_1 rise_grid_4 seed=2 4.87s
1437 done chncxr resnet50 CHNCXR_0468_1 lime_mask_0.75 seed=2 2.20s
1438 done chncxr resnet50 CHNCXR_0468_1 lime_mask_0.25 seed=3 2.19s
1439 done chncxr resnet50 CHNCXR_0468_1 rise_mask_0.75 seed=1 4.47s
1440 done chncxr resnet50 CHNCXR_0468_1 rise_grid_4 seed=1 4.87s
1441 done chncxr resnet50 CHNCXR_0468_1 lime_slic_300 seed=0 2.27s
1442 done chncxr resnet50 CHNCXR_0468_1 lime_mask_0.25 seed=4 2.20s
1443 done chncxr resnet50 CHNCXR_0468_1 rise_grid_14 seed=1 4.22s
1444 done chncxr resnet50 CHNCXR_0468_1 rise_mask_0.75 seed=4 4.47s
1445 done chncxr resnet50 CHNCXR_0468_1 lime_slic_200 seed=2 2.23s
1446 done chncxr resnet50 CHNCXR_0468_1 rise_grid_14 seed=0 4.22s
1447 done chncxr resnet50 CHNCXR_0468_1 rise_mask_0.75 seed=0 4.47s
1448 done chncxr resnet50 CHNCXR_0468_1 lime_slic_200 seed=1 2.23s
1449 done chncxr resnet50 CHNCXR_0468_1 lime_slic_50 seed=2 2.19s
1450 done chncxr resnet50 CHNCXR_0468_1 lime_mask_0.25 seed=1 2.20s
1451 done chncxr resnet50 CHNCXR_0479_1 rise_grid_10 seed=1 4.41s
1452 done chncxr resnet50 CHNCXR_0479_1 lime_slic_200 seed=0 2.25s
1453 done chncxr resnet50 CHNCXR_0479_1 lime_mask_0.25 seed=3 2.20s
1454 done chncxr resnet50 CHNCXR_0479_1 lime_slic_300 seed=3 2.26s
1455 done chncxr resnet50 CHNCXR_0479_1 rise_grid_14 seed=1 4.22s
1456 done chncxr resnet50 CHNCXR_0479_1 rise_mask_0.25 seed=4 4.47s
1457 done chncxr resnet50 CHNCXR_0479_1 rise_mask_0.25 seed=0 4.47s
1458 done chncxr resnet50 CHNCXR_0479_1 lime_slic_200 seed=3 2.24s
1459 done chncxr resnet50 CHNCXR_0479_1 lime_slic_50 seed=1 2.18s
1460 done chncxr resnet50 CHNCXR_0479_1 rise_mask_0.25 seed=1 4.47s
1461 done chncxr resnet50 CHNCXR_0479_1 lime_mask_0.75 seed=2 2.20s
1462 done chncxr resnet50 CHNCXR_0479_1 rise_grid_10 seed=4 4.44s
1463 done chncxr resnet50 CHNCXR_0479_1 lime_mask_0.25 seed=0 2.20s
1464 done chncxr resnet50 CHNCXR_0479_1 rise_grid_4 seed=0 4.87s
1465 done chncxr resnet50 CHNCXR_0479_1 lime_slic_50 seed=3 2.20s
1466 done chncxr resnet50 CHNCXR_0479_1 rise_grid_14 seed=3 4.22s
1467 done chncxr resnet50 CHNCXR_0479_1 rise_grid_4 seed=4 4.88s
1468 done chncxr resnet50 CHNCXR_0479_1 rise_grid_14 seed=2 4.22s
1469 done chncxr resnet50 CHNCXR_0479_1 lime_slic_300 seed=4 2.26s
1470 done chncxr resnet50 CHNCXR_0479_1 rise_grid_10 seed=2 4.41s
1471 done chncxr resnet50 CHNCXR_0479_1 lime_slic_50 seed=2 2.21s
1472 done chncxr resnet50 CHNCXR_0479_1 lime_mask_0.75 seed=0 2.21s
1473 done chncxr resnet50 CHNCXR_0479_1 lime_slic_200 seed=2 2.24s
1474 done chncxr resnet50 CHNCXR_0479_1 lime_mask_0.75 seed=1 2.20s
1475 done chncxr resnet50 CHNCXR_0479_1 lime_slic_200 seed=4 2.23s
1476 done chncxr resnet50 CHNCXR_0479_1 rise_mask_0.75 seed=1 4.47s
1477 done chncxr resnet50 CHNCXR_0479_1 rise_grid_10 seed=0 4.41s
1478 done chncxr resnet50 CHNCXR_0479_1 lime_slic_50 seed=4 2.19s
1479 done chncxr resnet50 CHNCXR_0479_1 lime_mask_0.25 seed=1 2.20s
1480 done chncxr resnet50 CHNCXR_0479_1 lime_slic_200 seed=1 2.24s
1481 done chncxr resnet50 CHNCXR_0479_1 lime_mask_0.75 seed=3 2.20s
1482 done chncxr resnet50 CHNCXR_0479_1 rise_grid_14 seed=0 4.22s
1483 done chncxr resnet50 CHNCXR_0479_1 rise_mask_0.75 seed=2 4.47s
1484 done chncxr resnet50 CHNCXR_0479_1 lime_slic_300 seed=0 2.26s
1485 done chncxr resnet50 CHNCXR_0479_1 rise_grid_10 seed=3 4.41s
1486 done chncxr resnet50 CHNCXR_0479_1 rise_grid_14 seed=4 4.22s
1487 done chncxr resnet50 CHNCXR_0479_1 lime_mask_0.25 seed=2 2.20s
1488 done chncxr resnet50 CHNCXR_0479_1 rise_mask_0.75 seed=3 4.47s
1489 done chncxr resnet50 CHNCXR_0479_1 rise_mask_0.25 seed=2 4.47s
1490 done chncxr resnet50 CHNCXR_0479_1 rise_mask_0.75 seed=0 4.46s
1491 done chncxr resnet50 CHNCXR_0479_1 lime_mask_0.75 seed=4 2.20s
1492 done chncxr resnet50 CHNCXR_0479_1 lime_slic_50 seed=0 2.18s
1493 done chncxr resnet50 CHNCXR_0479_1 lime_slic_300 seed=1 2.26s
1494 done chncxr resnet50 CHNCXR_0479_1 rise_grid_4 seed=2 4.87s
1495 done chncxr resnet50 CHNCXR_0479_1 rise_mask_0.25 seed=3 4.47s
1496 done chncxr resnet50 CHNCXR_0479_1 lime_mask_0.25 seed=4 2.18s
1497 done chncxr resnet50 CHNCXR_0479_1 lime_slic_300 seed=2 2.24s
1498 done chncxr resnet50 CHNCXR_0479_1 rise_grid_4 seed=1 4.87s
1499 done chncxr resnet50 CHNCXR_0479_1 rise_grid_4 seed=3 4.87s
1500 done chncxr resnet50 CHNCXR_0479_1 rise_mask_0.75 seed=4 4.47s
1501 done chncxr resnet50 CHNCXR_0481_1 lime_mask_0.75 seed=0 2.19s
1502 done chncxr resnet50 CHNCXR_0481_1 lime_slic_200 seed=0 2.23s
1503 done chncxr resnet50 CHNCXR_0481_1 lime_slic_50 seed=3 2.19s
1504 done chncxr resnet50 CHNCXR_0481_1 rise_mask_0.75 seed=1 4.46s
1505 done chncxr resnet50 CHNCXR_0481_1 lime_mask_0.25 seed=3 2.17s
1506 done chncxr resnet50 CHNCXR_0481_1 lime_slic_300 seed=4 2.24s
1507 done chncxr resnet50 CHNCXR_0481_1 rise_grid_4 seed=2 4.86s
1508 done chncxr resnet50 CHNCXR_0481_1 lime_slic_300 seed=1 2.25s
1509 done chncxr resnet50 CHNCXR_0481_1 lime_mask_0.25 seed=0 2.19s
1510 done chncxr resnet50 CHNCXR_0481_1 lime_slic_300 seed=0 2.26s
1511 done chncxr resnet50 CHNCXR_0481_1 rise_grid_10 seed=0 4.41s
1512 done chncxr resnet50 CHNCXR_0481_1 lime_slic_200 seed=4 2.24s
1513 done chncxr resnet50 CHNCXR_0481_1 lime_mask_0.75 seed=2 2.21s
1514 done chncxr resnet50 CHNCXR_0481_1 lime_mask_0.75 seed=3 2.20s
1515 done chncxr resnet50 CHNCXR_0481_1 rise_grid_14 seed=3 4.22s
1516 done chncxr resnet50 CHNCXR_0481_1 lime_slic_200 seed=3 2.24s
1517 done chncxr resnet50 CHNCXR_0481_1 lime_mask_0.75 seed=4 2.20s
1518 done chncxr resnet50 CHNCXR_0481_1 rise_grid_10 seed=3 4.41s
1519 done chncxr resnet50 CHNCXR_0481_1 lime_slic_300 seed=3 2.27s
1520 done chncxr resnet50 CHNCXR_0481_1 rise_mask_0.75 seed=2 4.47s
1521 done chncxr resnet50 CHNCXR_0481_1 lime_slic_50 seed=2 2.20s
1522 done chncxr resnet50 CHNCXR_0481_1 rise_mask_0.75 seed=0 4.47s
1523 done chncxr resnet50 CHNCXR_0481_1 rise_grid_4 seed=0 4.88s
1524 done chncxr resnet50 CHNCXR_0481_1 rise_grid_10 seed=4 4.41s
1525 done chncxr resnet50 CHNCXR_0481_1 rise_mask_0.75 seed=4 4.47s
1526 done chncxr resnet50 CHNCXR_0481_1 lime_slic_50 seed=4 2.20s
1527 done chncxr resnet50 CHNCXR_0481_1 rise_mask_0.75 seed=3 4.47s
1528 done chncxr resnet50 CHNCXR_0481_1 lime_slic_200 seed=2 2.25s
1529 done chncxr resnet50 CHNCXR_0481_1 lime_mask_0.25 seed=4 2.20s
1530 done chncxr resnet50 CHNCXR_0481_1 rise_mask_0.25 seed=4 4.47s
1531 done chncxr resnet50 CHNCXR_0481_1 rise_grid_4 seed=3 4.88s
1532 done chncxr resnet50 CHNCXR_0481_1 rise_mask_0.25 seed=2 4.47s
1533 done chncxr resnet50 CHNCXR_0481_1 lime_slic_300 seed=2 2.26s
1534 done chncxr resnet50 CHNCXR_0481_1 rise_grid_4 seed=1 4.88s
1535 done chncxr resnet50 CHNCXR_0481_1 lime_slic_50 seed=0 2.20s
1536 done chncxr resnet50 CHNCXR_0481_1 lime_slic_50 seed=1 2.20s
1537 done chncxr resnet50 CHNCXR_0481_1 rise_mask_0.25 seed=3 4.46s
1538 done chncxr resnet50 CHNCXR_0481_1 lime_mask_0.25 seed=2 2.17s
1539 done chncxr resnet50 CHNCXR_0481_1 lime_slic_200 seed=1 2.21s
1540 done chncxr resnet50 CHNCXR_0481_1 rise_grid_14 seed=1 4.22s
1541 done chncxr resnet50 CHNCXR_0481_1 rise_grid_10 seed=2 4.40s
1542 done chncxr resnet50 CHNCXR_0481_1 rise_grid_4 seed=4 4.87s
1543 done chncxr resnet50 CHNCXR_0481_1 rise_grid_10 seed=1 4.40s
1544 done chncxr resnet50 CHNCXR_0481_1 rise_mask_0.25 seed=0 4.46s
1545 done chncxr resnet50 CHNCXR_0481_1 lime_mask_0.75 seed=1 2.19s
1546 done chncxr resnet50 CHNCXR_0481_1 rise_grid_14 seed=0 4.22s
1547 done chncxr resnet50 CHNCXR_0481_1 rise_grid_14 seed=2 4.22s
1548 done chncxr resnet50 CHNCXR_0481_1 lime_mask_0.25 seed=1 2.19s
1549 done chncxr resnet50 CHNCXR_0481_1 rise_grid_14 seed=4 4.22s
1550 done chncxr resnet50 CHNCXR_0481_1 rise_mask_0.25 seed=1 4.46s
1551 done chncxr resnet50 CHNCXR_0503_1 lime_slic_200 seed=3 2.23s
1552 done chncxr resnet50 CHNCXR_0503_1 lime_mask_0.75 seed=1 2.19s
1553 done chncxr resnet50 CHNCXR_0503_1 rise_mask_0.75 seed=4 4.46s
1554 done chncxr resnet50 CHNCXR_0503_1 rise_grid_4 seed=1 4.86s
1555 done chncxr resnet50 CHNCXR_0503_1 lime_mask_0.25 seed=1 2.18s
1556 done chncxr resnet50 CHNCXR_0503_1 lime_slic_50 seed=1 2.17s
1557 done chncxr resnet50 CHNCXR_0503_1 lime_slic_300 seed=4 2.24s
1558 done chncxr resnet50 CHNCXR_0503_1 lime_mask_0.25 seed=4 2.17s
1559 done chncxr resnet50 CHNCXR_0503_1 rise_grid_14 seed=2 4.21s
1560 done chncxr resnet50 CHNCXR_0503_1 lime_mask_0.75 seed=2 2.20s
1561 done chncxr resnet50 CHNCXR_0503_1 lime_slic_200 seed=4 2.24s
1562 done chncxr resnet50 CHNCXR_0503_1 rise_grid_14 seed=0 4.22s
1563 done chncxr resnet50 CHNCXR_0503_1 rise_grid_10 seed=1 4.40s
1564 done chncxr resnet50 CHNCXR_0503_1 rise_grid_4 seed=4 4.87s
1565 done chncxr resnet50 CHNCXR_0503_1 lime_slic_200 seed=1 2.24s
1566 done chncxr resnet50 CHNCXR_0503_1 rise_mask_0.25 seed=2 4.47s
1567 done chncxr resnet50 CHNCXR_0503_1 lime_mask_0.25 seed=3 2.19s
1568 done chncxr resnet50 CHNCXR_0503_1 rise_grid_14 seed=3 4.22s
1569 done chncxr resnet50 CHNCXR_0503_1 rise_grid_10 seed=4 4.40s
1570 done chncxr resnet50 CHNCXR_0503_1 rise_mask_0.25 seed=3 4.47s
1571 done chncxr resnet50 CHNCXR_0503_1 rise_grid_10 seed=0 4.41s
1572 done chncxr resnet50 CHNCXR_0503_1 lime_slic_50 seed=3 2.19s
1573 done chncxr resnet50 CHNCXR_0503_1 lime_slic_300 seed=2 2.25s
1574 done chncxr resnet50 CHNCXR_0503_1 lime_mask_0.25 seed=2 2.19s
1575 done chncxr resnet50 CHNCXR_0503_1 lime_slic_50 seed=2 2.19s
1576 done chncxr resnet50 CHNCXR_0503_1 lime_slic_200 seed=2 2.22s
1577 done chncxr resnet50 CHNCXR_0503_1 lime_mask_0.75 seed=4 2.20s
1578 done chncxr resnet50 CHNCXR_0503_1 rise_mask_0.25 seed=0 4.47s
1579 done chncxr resnet50 CHNCXR_0503_1 rise_mask_0.75 seed=2 4.47s
1580 done chncxr resnet50 CHNCXR_0503_1 lime_mask_0.75 seed=3 2.20s
1581 done chncxr resnet50 CHNCXR_0503_1 lime_slic_50 seed=0 2.19s
1582 done chncxr resnet50 CHNCXR_0503_1 rise_grid_14 seed=4 4.22s
1583 done chncxr resnet50 CHNCXR_0503_1 rise_grid_14 seed=1 4.22s
1584 done chncxr resnet50 CHNCXR_0503_1 rise_grid_4 seed=2 4.87s
1585 done chncxr resnet50 CHNCXR_0503_1 lime_slic_300 seed=1 2.25s
1586 done chncxr resnet50 CHNCXR_0503_1 rise_mask_0.75 seed=1 4.47s
1587 done chncxr resnet50 CHNCXR_0503_1 lime_slic_300 seed=0 2.26s
1588 done chncxr resnet50 CHNCXR_0503_1 lime_mask_0.75 seed=0 2.20s
1589 done chncxr resnet50 CHNCXR_0503_1 rise_mask_0.25 seed=4 4.47s
1590 done chncxr resnet50 CHNCXR_0503_1 lime_mask_0.25 seed=0 2.19s
1591 done chncxr resnet50 CHNCXR_0503_1 rise_mask_0.25 seed=1 4.47s
1592 done chncxr resnet50 CHNCXR_0503_1 rise_grid_4 seed=0 4.87s
1593 done chncxr resnet50 CHNCXR_0503_1 lime_slic_200 seed=0 2.23s
1594 done chncxr resnet50 CHNCXR_0503_1 lime_slic_50 seed=4 2.19s
1595 done chncxr resnet50 CHNCXR_0503_1 rise_grid_10 seed=2 4.41s
1596 done chncxr resnet50 CHNCXR_0503_1 rise_mask_0.75 seed=0 4.47s
1597 done chncxr resnet50 CHNCXR_0503_1 rise_mask_0.75 seed=3 4.47s
1598 done chncxr resnet50 CHNCXR_0503_1 rise_grid_4 seed=3 4.89s
1599 done chncxr resnet50 CHNCXR_0503_1 rise_grid_10 seed=3 4.40s
1600 done chncxr resnet50 CHNCXR_0503_1 lime_slic_300 seed=3 2.25s
1601 done chncxr resnet50 CHNCXR_0518_1 rise_mask_0.75 seed=4 4.46s
1602 done chncxr resnet50 CHNCXR_0518_1 lime_slic_300 seed=0 2.24s
1603 done chncxr resnet50 CHNCXR_0518_1 rise_grid_10 seed=3 4.41s
1604 done chncxr resnet50 CHNCXR_0518_1 lime_slic_300 seed=1 2.27s
1605 done chncxr resnet50 CHNCXR_0518_1 lime_slic_200 seed=2 2.24s
1606 done chncxr resnet50 CHNCXR_0518_1 rise_mask_0.75 seed=1 4.47s
1607 done chncxr resnet50 CHNCXR_0518_1 rise_grid_4 seed=1 4.89s
1608 done chncxr resnet50 CHNCXR_0518_1 lime_slic_50 seed=2 2.19s
1609 done chncxr resnet50 CHNCXR_0518_1 lime_slic_300 seed=4 2.25s
1610 done chncxr resnet50 CHNCXR_0518_1 rise_grid_10 seed=1 4.41s
1611 done chncxr resnet50 CHNCXR_0518_1 rise_grid_4 seed=2 4.86s
1612 done chncxr resnet50 CHNCXR_0518_1 rise_mask_0.25 seed=1 3.71s
1613 done chncxr resnet50 CHNCXR_0518_1 lime_slic_200 seed=4 2.20s
1614 done chncxr resnet50 CHNCXR_0518_1 lime_mask_0.75 seed=0 2.18s
1615 done chncxr resnet50 CHNCXR_0518_1 rise_grid_14 seed=1 3.11s
1616 done chncxr resnet50 CHNCXR_0518_1 lime_mask_0.75 seed=4 2.17s
1617 done chncxr resnet50 CHNCXR_0518_1 rise_mask_0.75 seed=3 3.28s
1618 done chncxr resnet50 CHNCXR_0518_1 lime_mask_0.25 seed=0 2.19s
1619 done chncxr resnet50 CHNCXR_0518_1 lime_mask_0.25 seed=2 2.20s
1620 done chncxr resnet50 CHNCXR_0518_1 rise_grid_4 seed=3 4.20s
1621 done chncxr resnet50 CHNCXR_0518_1 rise_mask_0.75 seed=2 3.29s
1622 done chncxr resnet50 CHNCXR_0518_1 lime_slic_300 seed=3 2.23s
1623 done chncxr resnet50 CHNCXR_0518_1 lime_mask_0.25 seed=4 2.17s
1624 done chncxr resnet50 CHNCXR_0518_1 lime_slic_50 seed=1 2.18s
1625 done chncxr resnet50 CHNCXR_0518_1 lime_slic_50 seed=0 2.16s
1626 done chncxr resnet50 CHNCXR_0518_1 rise_grid_14 seed=4 3.08s
1627 done chncxr resnet50 CHNCXR_0518_1 rise_mask_0.75 seed=0 3.29s
1628 done chncxr resnet50 CHNCXR_0518_1 lime_slic_200 seed=3 2.20s
1629 done chncxr resnet50 CHNCXR_0518_1 rise_grid_10 seed=4 3.26s
1630 done chncxr resnet50 CHNCXR_0518_1 rise_grid_14 seed=2 3.11s
1631 done chncxr resnet50 CHNCXR_0518_1 rise_grid_4 seed=4 3.64s
1632 done chncxr resnet50 CHNCXR_0518_1 lime_slic_50 seed=3 2.16s
1633 done chncxr resnet50 CHNCXR_0518_1 lime_slic_200 seed=0 2.19s
1634 done chncxr resnet50 CHNCXR_0518_1 rise_grid_14 seed=3 3.09s
1635 done chncxr resnet50 CHNCXR_0518_1 lime_mask_0.25 seed=1 2.16s
1636 done chncxr resnet50 CHNCXR_0518_1 rise_grid_4 seed=0 3.63s
1637 done chncxr resnet50 CHNCXR_0518_1 lime_slic_50 seed=4 2.15s
1638 done chncxr resnet50 CHNCXR_0518_1 rise_grid_10 seed=2 3.25s
1639 done chncxr resnet50 CHNCXR_0518_1 lime_mask_0.75 seed=1 2.26s
1640 done chncxr resnet50 CHNCXR_0518_1 rise_grid_10 seed=0 3.30s
1641 done chncxr resnet50 CHNCXR_0518_1 rise_grid_14 seed=0 3.14s
1642 done chncxr resnet50 CHNCXR_0518_1 lime_slic_300 seed=2 2.32s
1643 done chncxr resnet50 CHNCXR_0518_1 rise_mask_0.25 seed=0 3.37s
1644 done chncxr resnet50 CHNCXR_0518_1 lime_slic_200 seed=1 2.30s
1645 done chncxr resnet50 CHNCXR_0518_1 rise_mask_0.25 seed=2 3.34s
1646 done chncxr resnet50 CHNCXR_0518_1 lime_mask_0.75 seed=2 2.26s
1647 done chncxr resnet50 CHNCXR_0518_1 lime_mask_0.25 seed=3 2.22s
1648 done chncxr resnet50 CHNCXR_0518_1 rise_mask_0.25 seed=3 3.39s
1649 done chncxr resnet50 CHNCXR_0518_1 lime_mask_0.75 seed=3 2.24s
1650 done chncxr resnet50 CHNCXR_0518_1 rise_mask_0.25 seed=4 3.29s
1651 done chncxr resnet50 CHNCXR_0525_1 rise_grid_4 seed=3 3.66s
1652 done chncxr resnet50 CHNCXR_0525_1 lime_slic_50 seed=3 2.23s
1653 done chncxr resnet50 CHNCXR_0525_1 rise_mask_0.25 seed=2 3.31s
1654 done chncxr resnet50 CHNCXR_0525_1 lime_slic_300 seed=3 2.29s
1655 done chncxr resnet50 CHNCXR_0525_1 lime_mask_0.25 seed=4 2.22s
1656 done chncxr resnet50 CHNCXR_0525_1 rise_grid_10 seed=1 3.26s
1657 done chncxr resnet50 CHNCXR_0525_1 lime_mask_0.75 seed=2 2.25s
1658 done chncxr resnet50 CHNCXR_0525_1 lime_slic_50 seed=2 2.23s
1659 done chncxr resnet50 CHNCXR_0525_1 rise_grid_14 seed=3 3.13s
1660 done chncxr resnet50 CHNCXR_0525_1 rise_mask_0.25 seed=4 3.39s
1661 done chncxr resnet50 CHNCXR_0525_1 lime_slic_300 seed=1 2.33s
1662 done chncxr resnet50 CHNCXR_0525_1 rise_grid_10 seed=2 3.27s
1663 done chncxr resnet50 CHNCXR_0525_1 rise_mask_0.75 seed=0 3.34s
1664 done chncxr resnet50 CHNCXR_0525_1 lime_slic_50 seed=0 2.22s
1665 done chncxr resnet50 CHNCXR_0525_1 lime_slic_200 seed=4 2.23s
1666 done chncxr resnet50 CHNCXR_0525_1 rise_grid_10 seed=3 3.27s
1667 done chncxr resnet50 CHNCXR_0525_1 lime_slic_200 seed=1 2.30s
1668 done chncxr resnet50 CHNCXR_0525_1 lime_mask_0.75 seed=3 2.27s
1669 done chncxr resnet50 CHNCXR_0525_1 lime_mask_0.75 seed=1 2.26s
1670 done chncxr resnet50 CHNCXR_0525_1 lime_slic_300 seed=0 2.31s
1671 done chncxr resnet50 CHNCXR_0525_1 rise_grid_4 seed=0 3.70s
1672 done chncxr resnet50 CHNCXR_0525_1 lime_slic_300 seed=4 2.32s
1673 done chncxr resnet50 CHNCXR_0525_1 rise_grid_4 seed=2 3.70s
1674 done chncxr resnet50 CHNCXR_0525_1 rise_mask_0.75 seed=2 3.54s
1675 done chncxr resnet50 CHNCXR_0525_1 lime_slic_200 seed=2 2.30s
1676 done chncxr resnet50 CHNCXR_0525_1 lime_slic_50 seed=1 2.28s
1677 done chncxr resnet50 CHNCXR_0525_1 lime_slic_300 seed=2 2.36s
1678 done chncxr resnet50 CHNCXR_0525_1 lime_mask_0.25 seed=1 2.29s
1679 done chncxr resnet50 CHNCXR_0525_1 lime_slic_200 seed=0 2.31s
1680 done chncxr resnet50 CHNCXR_0525_1 rise_mask_0.75 seed=3 3.34s
1681 done chncxr resnet50 CHNCXR_0525_1 rise_grid_4 seed=4 3.73s
1682 done chncxr resnet50 CHNCXR_0525_1 lime_mask_0.25 seed=2 2.27s
1683 done chncxr resnet50 CHNCXR_0525_1 lime_mask_0.25 seed=3 2.27s
1684 done chncxr resnet50 CHNCXR_0525_1 rise_mask_0.25 seed=3 3.37s
1685 done chncxr resnet50 CHNCXR_0525_1 rise_grid_14 seed=0 3.13s
1686 done chncxr resnet50 CHNCXR_0525_1 rise_grid_4 seed=1 3.73s
1687 done chncxr resnet50 CHNCXR_0525_1 rise_mask_0.25 seed=0 3.37s
1688 done chncxr resnet50 CHNCXR_0525_1 lime_mask_0.75 seed=0 2.25s
1689 done chncxr resnet50 CHNCXR_0525_1 rise_grid_10 seed=4 3.32s
1690 done chncxr resnet50 CHNCXR_0525_1 rise_mask_0.75 seed=4 3.40s
1691 done chncxr resnet50 CHNCXR_0525_1 rise_mask_0.25 seed=1 3.37s
1692 done chncxr resnet50 CHNCXR_0525_1 rise_grid_10 seed=0 3.92s
1693 done chncxr resnet50 CHNCXR_0525_1 lime_mask_0.75 seed=4 2.19s
1694 done chncxr resnet50 CHNCXR_0525_1 lime_slic_200 seed=3 2.22s
1695 done chncxr resnet50 CHNCXR_0525_1 rise_mask_0.75 seed=1 4.46s
1696 done chncxr resnet50 CHNCXR_0525_1 rise_grid_14 seed=4 4.22s
1697 done chncxr resnet50 CHNCXR_0525_1 lime_mask_0.25 seed=0 2.17s
1698 done chncxr resnet50 CHNCXR_0525_1 lime_slic_50 seed=4 2.17s
1699 done chncxr resnet50 CHNCXR_0525_1 rise_grid_14 seed=2 4.22s
1700 done chncxr resnet50 CHNCXR_0525_1 rise_grid_14 seed=1 4.22s
1701 done chncxr resnet50 CHNCXR_0538_1 lime_slic_300 seed=4 2.33s
1702 done chncxr resnet50 CHNCXR_0538_1 rise_grid_10 seed=1 3.30s
1703 done chncxr resnet50 CHNCXR_0538_1 lime_mask_0.75 seed=1 2.27s
1704 done chncxr resnet50 CHNCXR_0538_1 rise_grid_4 seed=2 3.73s
1705 done chncxr resnet50 CHNCXR_0538_1 rise_mask_0.25 seed=2 3.35s
1706 done chncxr resnet50 CHNCXR_0538_1 rise_mask_0.75 seed=3 3.35s
1707 done chncxr resnet50 CHNCXR_0538_1 rise_grid_4 seed=3 3.74s
1708 done chncxr resnet50 CHNCXR_0538_1 rise_mask_0.75 seed=2 3.36s
1709 done chncxr resnet50 CHNCXR_0538_1 rise_grid_10 seed=4 3.30s
1710 done chncxr resnet50 CHNCXR_0538_1 rise_grid_4 seed=1 3.74s
1711 done chncxr resnet50 CHNCXR_0538_1 rise_grid_14 seed=1 3.15s
1712 done chncxr resnet50 CHNCXR_0538_1 lime_mask_0.25 seed=1 2.27s
1713 done chncxr resnet50 CHNCXR_0538_1 lime_slic_50 seed=3 2.28s
1714 done chncxr resnet50 CHNCXR_0538_1 lime_slic_300 seed=2 2.28s
1715 done chncxr resnet50 CHNCXR_0538_1 lime_slic_200 seed=4 2.22s
1716 done chncxr resnet50 CHNCXR_0538_1 lime_mask_0.25 seed=0 2.19s
1717 done chncxr resnet50 CHNCXR_0538_1 lime_slic_300 seed=0 2.23s
1718 done chncxr resnet50 CHNCXR_0538_1 lime_mask_0.25 seed=4 2.18s
1719 done chncxr resnet50 CHNCXR_0538_1 lime_slic_300 seed=1 2.25s
1720 done chncxr resnet50 CHNCXR_0538_1 rise_mask_0.25 seed=1 3.29s
1721 done chncxr resnet50 CHNCXR_0538_1 lime_slic_200 seed=1 2.22s
1722 done chncxr resnet50 CHNCXR_0538_1 lime_slic_50 seed=4 2.19s
1723 done chncxr resnet50 CHNCXR_0538_1 rise_mask_0.75 seed=1 3.29s
1724 done chncxr resnet50 CHNCXR_0538_1 lime_slic_50 seed=1 2.18s
1725 done chncxr resnet50 CHNCXR_0538_1 lime_mask_0.75 seed=0 2.20s
1726 done chncxr resnet50 CHNCXR_0538_1 rise_mask_0.75 seed=0 3.29s
1727 done chncxr resnet50 CHNCXR_0538_1 rise_mask_0.25 seed=3 3.29s
1728 done chncxr resnet50 CHNCXR_0538_1 rise_grid_10 seed=0 3.26s
1729 done chncxr resnet50 CHNCXR_0538_1 rise_grid_10 seed=3 3.24s
1730 done chncxr resnet50 CHNCXR_0538_1 rise_mask_0.75 seed=4 3.29s
1731 done chncxr resnet50 CHNCXR_0538_1 lime_slic_50 seed=2 2.19s
1732 done chncxr resnet50 CHNCXR_0538_1 rise_grid_14 seed=3 3.08s
1733 done chncxr resnet50 CHNCXR_0538_1 lime_slic_200 seed=2 2.22s
1734 done chncxr resnet50 CHNCXR_0538_1 lime_mask_0.75 seed=3 2.19s
1735 done chncxr resnet50 CHNCXR_0538_1 rise_grid_10 seed=2 3.24s
1736 done chncxr resnet50 CHNCXR_0538_1 rise_grid_14 seed=2 3.08s
1737 done chncxr resnet50 CHNCXR_0538_1 lime_slic_300 seed=3 2.25s
1738 done chncxr resnet50 CHNCXR_0538_1 rise_grid_14 seed=0 3.07s
1739 done chncxr resnet50 CHNCXR_0538_1 lime_slic_200 seed=3 2.19s
1740 done chncxr resnet50 CHNCXR_0538_1 lime_mask_0.25 seed=3 2.16s
1741 done chncxr resnet50 CHNCXR_0538_1 lime_mask_0.75 seed=2 2.25s
1742 done chncxr resnet50 CHNCXR_0538_1 rise_mask_0.25 seed=4 3.28s
1743 done chncxr resnet50 CHNCXR_0538_1 rise_grid_14 seed=4 3.16s
1744 done chncxr resnet50 CHNCXR_0538_1 lime_slic_50 seed=0 2.25s
1745 done chncxr resnet50 CHNCXR_0538_1 rise_grid_4 seed=0 3.69s
1746 done chncxr resnet50 CHNCXR_0538_1 lime_mask_0.75 seed=4 2.20s
1747 done chncxr resnet50 CHNCXR_0538_1 lime_slic_200 seed=0 2.23s
1748 done chncxr resnet50 CHNCXR_0538_1 lime_mask_0.25 seed=2 2.20s
1749 done chncxr resnet50 CHNCXR_0538_1 rise_mask_0.25 seed=0 3.35s
1750 done chncxr resnet50 CHNCXR_0538_1 rise_grid_4 seed=4 3.69s
1751 done chncxr resnet50 CHNCXR_0557_1 lime_slic_300 seed=0 2.26s
1752 done chncxr resnet50 CHNCXR_0557_1 lime_slic_300 seed=1 2.28s
1753 done chncxr resnet50 CHNCXR_0557_1 rise_grid_14 seed=2 3.11s
1754 done chncxr resnet50 CHNCXR_0557_1 lime_slic_50 seed=4 2.20s
1755 done chncxr resnet50 CHNCXR_0557_1 rise_grid_14 seed=3 3.14s
1756 done chncxr resnet50 CHNCXR_0557_1 lime_mask_0.75 seed=0 2.21s
1757 done chncxr resnet50 CHNCXR_0557_1 rise_grid_4 seed=2 3.67s
1758 done chncxr resnet50 CHNCXR_0557_1 lime_slic_300 seed=4 2.28s
1759 done chncxr resnet50 CHNCXR_0557_1 rise_grid_10 seed=2 3.27s
1760 done chncxr resnet50 CHNCXR_0557_1 lime_mask_0.25 seed=1 2.19s
1761 done chncxr resnet50 CHNCXR_0557_1 lime_slic_50 seed=0 2.18s
1762 done chncxr resnet50 CHNCXR_0557_1 lime_mask_0.75 seed=1 2.22s
1763 done chncxr resnet50 CHNCXR_0557_1 rise_grid_14 seed=4 3.10s
1764 done chncxr resnet50 CHNCXR_0557_1 rise_grid_4 seed=3 3.68s
1765 done chncxr resnet50 CHNCXR_0557_1 lime_mask_0.75 seed=2 2.19s
1766 done chncxr resnet50 CHNCXR_0557_1 rise_grid_10 seed=0 3.36s
1767 done chncxr resnet50 CHNCXR_0557_1 lime_mask_0.25 seed=0 2.19s
1768 done chncxr resnet50 CHNCXR_0557_1 lime_slic_200 seed=4 2.20s
1769 done chncxr resnet50 CHNCXR_0557_1 rise_mask_0.75 seed=3 3.32s
1770 done chncxr resnet50 CHNCXR_0557_1 lime_mask_0.75 seed=3 2.22s
1771 done chncxr resnet50 CHNCXR_0557_1 rise_grid_10 seed=3 3.28s
1772 done chncxr resnet50 CHNCXR_0557_1 rise_grid_10 seed=4 3.28s
1773 done chncxr resnet50 CHNCXR_0557_1 rise_grid_4 seed=4 3.71s
1774 done chncxr resnet50 CHNCXR_0557_1 lime_mask_0.75 seed=4 2.21s
1775 done chncxr resnet50 CHNCXR_0557_1 lime_slic_200 seed=2 2.26s
1776 done chncxr resnet50 CHNCXR_0557_1 lime_slic_200 seed=1 2.26s
1777 done chncxr resnet50 CHNCXR_0557_1 rise_mask_0.25 seed=1 3.32s
1778 done chncxr resnet50 CHNCXR_0557_1 lime_slic_50 seed=1 2.18s
1779 done chncxr resnet50 CHNCXR_0557_1 rise_mask_0.75 seed=2 3.34s
1780 done chncxr resnet50 CHNCXR_0557_1 lime_mask_0.25 seed=2 2.20s
1781 done chncxr resnet50 CHNCXR_0557_1 rise_mask_0.25 seed=0 3.31s
1782 done chncxr resnet50 CHNCXR_0557_1 rise_grid_4 seed=0 3.68s
1783 done chncxr resnet50 CHNCXR_0557_1 lime_slic_50 seed=2 2.19s
1784 done chncxr resnet50 CHNCXR_0557_1 lime_mask_0.25 seed=4 2.18s
1785 done chncxr resnet50 CHNCXR_0557_1 rise_mask_0.25 seed=2 3.33s
1786 done chncxr resnet50 CHNCXR_0557_1 lime_slic_300 seed=2 2.25s
1787 done chncxr resnet50 CHNCXR_0557_1 rise_mask_0.25 seed=4 3.35s
1788 done chncxr resnet50 CHNCXR_0557_1 rise_grid_10 seed=1 3.31s
1789 done chncxr resnet50 CHNCXR_0557_1 rise_grid_4 seed=1 3.68s
1790 done chncxr resnet50 CHNCXR_0557_1 rise_mask_0.25 seed=3 3.35s
1791 done chncxr resnet50 CHNCXR_0557_1 lime_mask_0.25 seed=3 2.22s
1792 done chncxr resnet50 CHNCXR_0557_1 rise_grid_14 seed=1 3.13s
1793 done chncxr resnet50 CHNCXR_0557_1 lime_slic_200 seed=0 2.28s
1794 done chncxr resnet50 CHNCXR_0557_1 rise_mask_0.75 seed=1 3.34s
1795 done chncxr resnet50 CHNCXR_0557_1 rise_mask_0.75 seed=0 3.92s
1796 done chncxr resnet50 CHNCXR_0557_1 lime_slic_300 seed=3 2.26s
1797 done chncxr resnet50 CHNCXR_0557_1 rise_mask_0.75 seed=4 4.37s
1798 done chncxr resnet50 CHNCXR_0557_1 rise_grid_14 seed=0 3.10s
1799 done chncxr resnet50 CHNCXR_0557_1 lime_slic_200 seed=3 2.21s
1800 done chncxr resnet50 CHNCXR_0557_1 lime_slic_50 seed=3 2.17s
1801 done chncxr resnet50 CHNCXR_0571_1 lime_slic_200 seed=4 2.21s
1802 done chncxr resnet50 CHNCXR_0571_1 lime_mask_0.75 seed=0 2.20s
1803 done chncxr resnet50 CHNCXR_0571_1 rise_grid_10 seed=4 3.29s
1804 done chncxr resnet50 CHNCXR_0571_1 lime_slic_300 seed=0 2.26s
1805 done chncxr resnet50 CHNCXR_0571_1 rise_mask_0.75 seed=1 3.32s
1806 done chncxr resnet50 CHNCXR_0571_1 rise_mask_0.25 seed=0 3.33s
1807 done chncxr resnet50 CHNCXR_0571_1 lime_slic_50 seed=0 2.19s
1808 done chncxr resnet50 CHNCXR_0571_1 rise_mask_0.25 seed=2 3.32s
1809 done chncxr resnet50 CHNCXR_0571_1 rise_mask_0.25 seed=4 3.34s
1810 done chncxr resnet50 CHNCXR_0571_1 lime_mask_0.25 seed=4 2.18s
1811 done chncxr resnet50 CHNCXR_0571_1 rise_grid_4 seed=0 3.63s
1812 done chncxr resnet50 CHNCXR_0571_1 lime_mask_0.25 seed=2 2.20s
1813 done chncxr resnet50 CHNCXR_0571_1 rise_grid_14 seed=1 3.08s
1814 done chncxr resnet50 CHNCXR_0571_1 lime_slic_300 seed=4 2.25s
1815 done chncxr resnet50 CHNCXR_0571_1 rise_grid_10 seed=2 3.26s
1816 done chncxr resnet50 CHNCXR_0571_1 rise_grid_4 seed=2 3.68s
1817 done chncxr resnet50 CHNCXR_0571_1 rise_grid_14 seed=4 3.53s
1818 done chncxr resnet50 CHNCXR_0571_1 lime_slic_300 seed=2 2.24s
1819 done chncxr resnet50 CHNCXR_0571_1 lime_mask_0.75 seed=1 2.14s
1820 done chncxr resnet50 CHNCXR_0571_1 lime_slic_200 seed=0 2.19s
1821 done chncxr resnet50 CHNCXR_0571_1 lime_mask_0.75 seed=3 2.16s
1822 done chncxr resnet50 CHNCXR_0571_1 lime_slic_300 seed=1 2.21s
1823 done chncxr resnet50 CHNCXR_0571_1 rise_mask_0.25 seed=3 3.28s
1824 done chncxr resnet50 CHNCXR_0571_1 rise_grid_10 seed=1 3.24s
1825 done chncxr resnet50 CHNCXR_0571_1 rise_mask_0.75 seed=4 3.27s
1826 done chncxr resnet50 CHNCXR_0571_1 lime_mask_0.25 seed=3 2.15s
1827 done chncxr resnet50 CHNCXR_0571_1 rise_grid_14 seed=3 3.09s
1828 done chncxr resnet50 CHNCXR_0571_1 lime_slic_200 seed=3 2.18s
1829 done chncxr resnet50 CHNCXR_0571_1 lime_mask_0.75 seed=4 2.16s
1830 done chncxr resnet50 CHNCXR_0571_1 rise_grid_10 seed=0 3.26s
1831 done chncxr resnet50 CHNCXR_0571_1 lime_mask_0.25 seed=1 2.16s
1832 done chncxr resnet50 CHNCXR_0571_1 lime_slic_50 seed=2 2.15s
1833 done chncxr resnet50 CHNCXR_0571_1 lime_slic_200 seed=2 2.22s
1834 done chncxr resnet50 CHNCXR_0571_1 rise_grid_10 seed=3 3.63s
1835 done chncxr resnet50 CHNCXR_0571_1 lime_slic_300 seed=3 2.22s
1836 done chncxr resnet50 CHNCXR_0571_1 lime_slic_200 seed=1 2.20s
1837 done chncxr resnet50 CHNCXR_0571_1 rise_grid_4 seed=3 4.86s
1838 done chncxr resnet50 CHNCXR_0571_1 rise_mask_0.75 seed=2 4.47s
1839 done chncxr resnet50 CHNCXR_0571_1 lime_slic_50 seed=4 2.15s
1840 done chncxr resnet50 CHNCXR_0571_1 lime_slic_50 seed=1 2.21s
1841 done chncxr resnet50 CHNCXR_0571_1 lime_slic_50 seed=3 2.18s
1842 done chncxr resnet50 CHNCXR_0571_1 lime_mask_0.75 seed=2 2.15s
1843 done chncxr resnet50 CHNCXR_0571_1 rise_grid_4 seed=1 4.85s
1844 done chncxr resnet50 CHNCXR_0571_1 rise_grid_14 seed=2 4.20s
1845 done chncxr resnet50 CHNCXR_0571_1 rise_mask_0.25 seed=1 3.41s
1846 done chncxr resnet50 CHNCXR_0571_1 lime_mask_0.25 seed=0 2.23s
1847 done chncxr resnet50 CHNCXR_0571_1 rise_mask_0.75 seed=3 3.36s
1848 done chncxr resnet50 CHNCXR_0571_1 rise_grid_14 seed=0 3.08s
1849 done chncxr resnet50 CHNCXR_0571_1 rise_mask_0.75 seed=0 3.29s
1850 done chncxr resnet50 CHNCXR_0571_1 rise_grid_4 seed=4 3.72s
1851 done chncxr resnet50 CHNCXR_0579_1 lime_mask_0.25 seed=3 2.15s
1852 done chncxr resnet50 CHNCXR_0579_1 rise_mask_0.75 seed=0 3.25s
1853 done chncxr resnet50 CHNCXR_0579_1 rise_grid_4 seed=3 3.65s
1854 done chncxr resnet50 CHNCXR_0579_1 lime_slic_50 seed=0 2.15s
1855 done chncxr resnet50 CHNCXR_0579_1 lime_slic_50 seed=3 2.15s
1856 done chncxr resnet50 CHNCXR_0579_1 rise_mask_0.75 seed=3 3.29s
1857 done chncxr resnet50 CHNCXR_0579_1 lime_slic_300 seed=3 2.21s
1858 done chncxr resnet50 CHNCXR_0579_1 lime_mask_0.25 seed=4 2.15s
1859 done chncxr resnet50 CHNCXR_0579_1 lime_slic_300 seed=1 2.24s
1860 done chncxr resnet50 CHNCXR_0579_1 rise_grid_10 seed=4 3.23s
1861 done chncxr resnet50 CHNCXR_0579_1 lime_slic_200 seed=1 2.19s
1862 done chncxr resnet50 CHNCXR_0579_1 rise_grid_14 seed=4 3.11s
1863 done chncxr resnet50 CHNCXR_0579_1 rise_mask_0.25 seed=4 3.28s
1864 done chncxr resnet50 CHNCXR_0579_1 lime_slic_200 seed=0 2.20s
1865 done chncxr resnet50 CHNCXR_0579_1 lime_slic_200 seed=3 2.21s
1866 done chncxr resnet50 CHNCXR_0579_1 rise_mask_0.75 seed=1 3.35s
1867 done chncxr resnet50 CHNCXR_0579_1 rise_mask_0.25 seed=1 3.28s
1868 done chncxr resnet50 CHNCXR_0579_1 lime_slic_200 seed=2 2.21s
1869 done chncxr resnet50 CHNCXR_0579_1 rise_grid_14 seed=1 3.07s
1870 done chncxr resnet50 CHNCXR_0579_1 rise_mask_0.25 seed=2 3.28s
1871 done chncxr resnet50 CHNCXR_0579_1 rise_mask_0.75 seed=2 3.30s
1872 done chncxr resnet50 CHNCXR_0579_1 lime_mask_0.75 seed=2 2.16s
1873 done chncxr resnet50 CHNCXR_0579_1 lime_slic_50 seed=2 2.15s
1874 done chncxr resnet50 CHNCXR_0579_1 lime_slic_300 seed=2 2.23s
1875 done chncxr resnet50 CHNCXR_0579_1 rise_mask_0.25 seed=0 3.29s
1876 done chncxr resnet50 CHNCXR_0579_1 lime_slic_50 seed=1 2.17s
1877 done chncxr resnet50 CHNCXR_0579_1 rise_grid_10 seed=2 3.25s
1878 done chncxr resnet50 CHNCXR_0579_1 lime_mask_0.25 seed=1 2.16s
1879 done chncxr resnet50 CHNCXR_0579_1 lime_mask_0.75 seed=4 2.16s
1880 done chncxr resnet50 CHNCXR_0579_1 lime_slic_300 seed=0 2.24s
1881 done chncxr resnet50 CHNCXR_0579_1 lime_mask_0.75 seed=1 2.17s
1882 done chncxr resnet50 CHNCXR_0579_1 lime_mask_0.75 seed=3 2.17s
1883 done chncxr resnet50 CHNCXR_0579_1 rise_mask_0.75 seed=4 3.32s
1884 done chncxr resnet50 CHNCXR_0579_1 lime_slic_200 seed=4 2.24s
1885 done chncxr resnet50 CHNCXR_0579_1 rise_grid_10 seed=1 3.24s
1886 done chncxr resnet50 CHNCXR_0579_1 rise_grid_4 seed=0 3.66s
1887 done chncxr resnet50 CHNCXR_0579_1 lime_mask_0.75 seed=0 2.24s
1888 done chncxr resnet50 CHNCXR_0579_1 lime_mask_0.25 seed=0 2.19s
1889 done chncxr resnet50 CHNCXR_0579_1 rise_grid_14 seed=0 3.18s
1890 done chncxr resnet50 CHNCXR_0579_1 rise_grid_14 seed=2 3.13s
1891 done chncxr resnet50 CHNCXR_0579_1 lime_slic_300 seed=4 2.28s
1892 done chncxr resnet50 CHNCXR_0579_1 rise_grid_14 seed=3 3.11s
1893 done chncxr resnet50 CHNCXR_0579_1 rise_grid_4 seed=1 3.65s
1894 done chncxr resnet50 CHNCXR_0579_1 lime_slic_50 seed=4 2.19s
1895 done chncxr resnet50 CHNCXR_0579_1 rise_grid_4 seed=2 3.67s
1896 done chncxr resnet50 CHNCXR_0579_1 rise_mask_0.25 seed=3 3.29s
1897 done chncxr resnet50 CHNCXR_0579_1 lime_mask_0.25 seed=2 2.22s
1898 done chncxr resnet50 CHNCXR_0579_1 rise_grid_10 seed=0 3.29s
1899 done chncxr resnet50 CHNCXR_0579_1 rise_grid_4 seed=4 3.65s
1900 done chncxr resnet50 CHNCXR_0579_1 rise_grid_10 seed=3 3.27s
1901 done chncxr resnet50 CHNCXR_0583_1 lime_slic_200 seed=0 2.24s
1902 done chncxr resnet50 CHNCXR_0583_1 lime_slic_300 seed=1 2.28s
1903 done chncxr resnet50 CHNCXR_0583_1 rise_grid_14 seed=2 3.36s
1904 done chncxr resnet50 CHNCXR_0583_1 rise_mask_0.25 seed=0 3.36s
1905 done chncxr resnet50 CHNCXR_0583_1 lime_slic_50 seed=3 2.19s
1906 done chncxr resnet50 CHNCXR_0583_1 rise_grid_14 seed=1 3.18s
1907 done chncxr resnet50 CHNCXR_0583_1 rise_mask_0.75 seed=1 4.50s
1908 done chncxr resnet50 CHNCXR_0583_1 lime_slic_300 seed=3 2.27s
1909 done chncxr resnet50 CHNCXR_0583_1 lime_mask_0.25 seed=1 2.20s
1910 done chncxr resnet50 CHNCXR_0583_1 rise_grid_4 seed=2 4.87s
1911 done chncxr resnet50 CHNCXR_0583_1 lime_slic_50 seed=1 2.21s
1912 done chncxr resnet50 CHNCXR_0583_1 rise_mask_0.75 seed=4 4.47s
1913 done chncxr resnet50 CHNCXR_0583_1 rise_grid_10 seed=3 3.99s
1914 done chncxr resnet50 CHNCXR_0583_1 lime_slic_200 seed=3 2.26s
1915 done chncxr resnet50 CHNCXR_0583_1 rise_grid_14 seed=0 3.28s
1916 done chncxr resnet50 CHNCXR_0583_1 lime_slic_300 seed=4 2.22s
1917 done chncxr resnet50 CHNCXR_0583_1 rise_mask_0.75 seed=3 3.31s
1918 done chncxr resnet50 CHNCXR_0583_1 rise_grid_4 seed=0 3.64s
1919 done chncxr resnet50 CHNCXR_0583_1 rise_mask_0.25 seed=2 3.31s
1920 done chncxr resnet50 CHNCXR_0583_1 lime_slic_300 seed=2 2.24s
1921 done chncxr resnet50 CHNCXR_0583_1 lime_mask_0.75 seed=0 2.16s
1922 done chncxr resnet50 CHNCXR_0583_1 rise_mask_0.75 seed=0 3.36s
1923 done chncxr resnet50 CHNCXR_0583_1 rise_grid_10 seed=0 3.27s
1924 done chncxr resnet50 CHNCXR_0583_1 rise_grid_14 seed=3 3.14s
1925 done chncxr resnet50 CHNCXR_0583_1 lime_slic_50 seed=4 2.24s
1926 done chncxr resnet50 CHNCXR_0583_1 rise_grid_10 seed=1 3.28s
1927 done chncxr resnet50 CHNCXR_0583_1 lime_mask_0.75 seed=2 2.22s
1928 done chncxr resnet50 CHNCXR_0583_1 lime_mask_0.75 seed=1 2.24s
1929 done chncxr resnet50 CHNCXR_0583_1 rise_grid_4 seed=4 3.66s
1930 done chncxr resnet50 CHNCXR_0583_1 rise_mask_0.25 seed=4 3.35s
1931 done chncxr resnet50 CHNCXR_0583_1 rise_mask_0.25 seed=1 4.17s
1932 done chncxr resnet50 CHNCXR_0583_1 lime_slic_300 seed=0 2.24s
1933 done chncxr resnet50 CHNCXR_0583_1 rise_grid_10 seed=2 4.42s
1934 done chncxr resnet50 CHNCXR_0583_1 rise_grid_10 seed=4 3.31s
1935 done chncxr resnet50 CHNCXR_0583_1 lime_slic_50 seed=2 2.17s
1936 done chncxr resnet50 CHNCXR_0583_1 rise_grid_14 seed=4 3.15s
1937 done chncxr resnet50 CHNCXR_0583_1 lime_mask_0.75 seed=4 2.21s
1938 done chncxr resnet50 CHNCXR_0583_1 lime_slic_200 seed=1 2.24s
1939 done chncxr resnet50 CHNCXR_0583_1 lime_mask_0.75 seed=3 2.19s
1940 done chncxr resnet50 CHNCXR_0583_1 rise_mask_0.25 seed=3 3.40s
1941 done chncxr resnet50 CHNCXR_0583_1 lime_mask_0.25 seed=0 2.17s
1942 done chncxr resnet50 CHNCXR_0583_1 lime_mask_0.25 seed=2 2.15s
1943 done chncxr resnet50 CHNCXR_0583_1 rise_mask_0.75 seed=2 3.42s
1944 done chncxr resnet50 CHNCXR_0583_1 lime_slic_50 seed=0 2.19s
1945 done chncxr resnet50 CHNCXR_0583_1 lime_slic_200 seed=2 2.22s
1946 done chncxr resnet50 CHNCXR_0583_1 lime_slic_200 seed=4 2.22s
1947 done chncxr resnet50 CHNCXR_0583_1 rise_grid_4 seed=1 3.76s
1948 done chncxr resnet50 CHNCXR_0583_1 rise_grid_4 seed=3 4.66s
1949 done chncxr resnet50 CHNCXR_0583_1 lime_mask_0.25 seed=3 2.20s
1950 done chncxr resnet50 CHNCXR_0583_1 lime_mask_0.25 seed=4 2.17s
1951 done chncxr resnet50 CHNCXR_0587_1 lime_slic_200 seed=3 2.22s
1952 done chncxr resnet50 CHNCXR_0587_1 rise_mask_0.25 seed=3 3.34s
1953 done chncxr resnet50 CHNCXR_0587_1 rise_grid_14 seed=3 3.11s
1954 done chncxr resnet50 CHNCXR_0587_1 rise_grid_4 seed=3 3.71s
1955 done chncxr resnet50 CHNCXR_0587_1 rise_grid_10 seed=1 3.30s
1956 done chncxr resnet50 CHNCXR_0587_1 lime_mask_0.25 seed=0 2.17s
1957 done chncxr resnet50 CHNCXR_0587_1 rise_grid_14 seed=2 3.14s
1958 done chncxr resnet50 CHNCXR_0587_1 lime_slic_300 seed=0 2.29s
1959 done chncxr resnet50 CHNCXR_0587_1 rise_grid_14 seed=4 4.23s
1960 done chncxr resnet50 CHNCXR_0587_1 rise_mask_0.75 seed=2 4.50s
1961 done chncxr resnet50 CHNCXR_0587_1 lime_mask_0.25 seed=2 2.24s
1962 done chncxr resnet50 CHNCXR_0587_1 lime_mask_0.25 seed=3 2.23s
1963 done chncxr resnet50 CHNCXR_0587_1 rise_grid_10 seed=0 4.43s
1964 done chncxr resnet50 CHNCXR_0587_1 rise_mask_0.75 seed=0 4.50s
1965 done chncxr resnet50 CHNCXR_0587_1 lime_slic_50 seed=4 2.20s
1966 done chncxr resnet50 CHNCXR_0587_1 lime_mask_0.75 seed=1 2.22s
1967 done chncxr resnet50 CHNCXR_0587_1 lime_slic_200 seed=2 2.23s
1968 done chncxr resnet50 CHNCXR_0587_1 rise_mask_0.25 seed=2 3.66s
1969 done chncxr resnet50 CHNCXR_0587_1 lime_mask_0.25 seed=1 2.18s
1970 done chncxr resnet50 CHNCXR_0587_1 rise_mask_0.25 seed=4 3.38s
1971 done chncxr resnet50 CHNCXR_0587_1 lime_slic_50 seed=2 2.15s
1972 done chncxr resnet50 CHNCXR_0587_1 rise_grid_4 seed=4 3.69s
1973 done chncxr resnet50 CHNCXR_0587_1 lime_slic_300 seed=1 2.22s
1974 done chncxr resnet50 CHNCXR_0587_1 rise_mask_0.75 seed=4 3.38s
1975 done chncxr resnet50 CHNCXR_0587_1 lime_mask_0.75 seed=2 2.17s
1976 done chncxr resnet50 CHNCXR_0587_1 rise_grid_4 seed=2 3.68s
1977 done chncxr resnet50 CHNCXR_0587_1 lime_slic_200 seed=1 2.22s
1978 done chncxr resnet50 CHNCXR_0587_1 lime_mask_0.75 seed=0 2.16s
1979 done chncxr resnet50 CHNCXR_0587_1 lime_slic_200 seed=0 2.16s
1980 done chncxr resnet50 CHNCXR_0587_1 rise_grid_14 seed=1 3.10s
1981 done chncxr resnet50 CHNCXR_0587_1 lime_slic_50 seed=3 2.18s
1982 done chncxr resnet50 CHNCXR_0587_1 lime_slic_50 seed=0 2.22s
1983 done chncxr resnet50 CHNCXR_0587_1 lime_slic_300 seed=3 2.24s
1984 done chncxr resnet50 CHNCXR_0587_1 lime_slic_300 seed=4 2.24s
1985 done chncxr resnet50 CHNCXR_0587_1 lime_slic_50 seed=1 2.18s
1986 done chncxr resnet50 CHNCXR_0587_1 rise_mask_0.25 seed=1 3.33s
1987 done chncxr resnet50 CHNCXR_0587_1 lime_slic_200 seed=4 2.24s
1988 done chncxr resnet50 CHNCXR_0587_1 rise_mask_0.75 seed=3 3.34s
1989 done chncxr resnet50 CHNCXR_0587_1 lime_mask_0.75 seed=3 2.15s
1990 done chncxr resnet50 CHNCXR_0587_1 rise_mask_0.75 seed=1 3.33s
1991 done chncxr resnet50 CHNCXR_0587_1 lime_slic_300 seed=2 2.23s
1992 done chncxr resnet50 CHNCXR_0587_1 rise_grid_14 seed=0 3.06s
1993 done chncxr resnet50 CHNCXR_0587_1 rise_grid_10 seed=2 3.27s
1994 done chncxr resnet50 CHNCXR_0587_1 rise_grid_10 seed=3 3.23s
1995 done chncxr resnet50 CHNCXR_0587_1 rise_grid_4 seed=1 3.61s
1996 done chncxr resnet50 CHNCXR_0587_1 lime_mask_0.75 seed=4 2.18s
1997 done chncxr resnet50 CHNCXR_0587_1 lime_mask_0.25 seed=4 2.16s
1998 done chncxr resnet50 CHNCXR_0587_1 rise_mask_0.25 seed=0 3.27s
1999 done chncxr resnet50 CHNCXR_0587_1 rise_grid_10 seed=4 3.27s
2000 done chncxr resnet50 CHNCXR_0587_1 rise_grid_4 seed=0 3.66s
2001 done chncxr resnet50 CHNCXR_0602_1 rise_mask_0.75 seed=0 3.41s
2002 done chncxr resnet50 CHNCXR_0602_1 lime_slic_300 seed=1 2.28s
2003 done chncxr resnet50 CHNCXR_0602_1 lime_slic_50 seed=4 2.23s
2004 done chncxr resnet50 CHNCXR_0602_1 rise_mask_0.75 seed=4 3.33s
2005 done chncxr resnet50 CHNCXR_0602_1 lime_slic_300 seed=2 2.28s
2006 done chncxr resnet50 CHNCXR_0602_1 rise_grid_14 seed=1 3.15s
2007 done chncxr resnet50 CHNCXR_0602_1 rise_grid_4 seed=4 3.69s
2008 done chncxr resnet50 CHNCXR_0602_1 rise_mask_0.75 seed=1 3.33s
2009 done chncxr resnet50 CHNCXR_0602_1 rise_mask_0.25 seed=3 3.36s
2010 done chncxr resnet50 CHNCXR_0602_1 rise_mask_0.25 seed=2 3.33s
2011 done chncxr resnet50 CHNCXR_0602_1 lime_mask_0.25 seed=2 2.21s
2012 done chncxr resnet50 CHNCXR_0602_1 lime_slic_50 seed=2 2.23s
2013 done chncxr resnet50 CHNCXR_0602_1 rise_grid_10 seed=1 3.28s
2014 done chncxr resnet50 CHNCXR_0602_1 rise_grid_14 seed=2 3.11s
2015 done chncxr resnet50 CHNCXR_0602_1 lime_mask_0.75 seed=4 2.23s
2016 done chncxr resnet50 CHNCXR_0602_1 lime_slic_300 seed=3 2.27s
2017 done chncxr resnet50 CHNCXR_0602_1 rise_grid_14 seed=3 3.11s
2018 done chncxr resnet50 CHNCXR_0602_1 lime_mask_0.25 seed=4 2.25s
2019 done chncxr resnet50 CHNCXR_0602_1 lime_slic_200 seed=1 2.21s
2020 done chncxr resnet50 CHNCXR_0602_1 lime_slic_50 seed=3 2.24s
2021 done chncxr resnet50 CHNCXR_0602_1 lime_mask_0.75 seed=3 2.23s
2022 done chncxr resnet50 CHNCXR_0602_1 rise_mask_0.25 seed=4 3.34s
2023 done chncxr resnet50 CHNCXR_0602_1 rise_grid_14 seed=0 3.13s
2024 done chncxr resnet50 CHNCXR_0602_1 rise_grid_4 seed=2 3.73s
2025 done chncxr resnet50 CHNCXR_0602_1 lime_mask_0.75 seed=1 2.17s
2026 done chncxr resnet50 CHNCXR_0602_1 lime_slic_200 seed=3 2.21s
2027 done chncxr resnet50 CHNCXR_0602_1 rise_grid_10 seed=2 4.41s
2028 done chncxr resnet50 CHNCXR_0602_1 lime_slic_200 seed=0 2.21s
2029 done chncxr resnet50 CHNCXR_0602_1 lime_slic_200 seed=2 2.21s
2030 done chncxr resnet50 CHNCXR_0602_1 rise_grid_10 seed=4 4.40s
2031 done chncxr resnet50 CHNCXR_0602_1 lime_slic_50 seed=0 2.17s
2032 done chncxr resnet50 CHNCXR_0602_1 rise_grid_4 seed=1 4.86s
2033 done chncxr resnet50 CHNCXR_0602_1 rise_grid_4 seed=0 4.87s
2034 done chncxr resnet50 CHNCXR_0602_1 lime_slic_50 seed=1 2.17s
2035 done chncxr resnet50 CHNCXR_0602_1 rise_mask_0.75 seed=2 4.46s
2036 done chncxr resnet50 CHNCXR_0602_1 rise_mask_0.25 seed=1 3.46s
2037 done chncxr resnet50 CHNCXR_0602_1 rise_grid_10 seed=3 3.31s
2038 done chncxr resnet50 CHNCXR_0602_1 lime_slic_300 seed=4 2.29s
2039 done chncxr resnet50 CHNCXR_0602_1 lime_mask_0.25 seed=1 2.24s
2040 done chncxr resnet50 CHNCXR_0602_1 lime_mask_0.75 seed=2 2.24s
2041 done chncxr resnet50 CHNCXR_0602_1 lime_slic_300 seed=0 2.29s
2042 done chncxr resnet50 CHNCXR_0602_1 lime_slic_200 seed=4 2.27s
2043 done chncxr resnet50 CHNCXR_0602_1 rise_mask_0.75 seed=3 3.35s
2044 done chncxr resnet50 CHNCXR_0602_1 rise_grid_4 seed=3 3.65s
2045 done chncxr resnet50 CHNCXR_0602_1 rise_mask_0.25 seed=0 3.30s
2046 done chncxr resnet50 CHNCXR_0602_1 rise_grid_10 seed=0 3.27s
2047 done chncxr resnet50 CHNCXR_0602_1 lime_mask_0.25 seed=0 2.23s
2048 done chncxr resnet50 CHNCXR_0602_1 lime_mask_0.75 seed=0 2.25s
2049 done chncxr resnet50 CHNCXR_0602_1 lime_mask_0.25 seed=3 2.24s
2050 done chncxr resnet50 CHNCXR_0602_1 rise_grid_14 seed=4 3.06s
2051 done chncxr resnet50 CHNCXR_0620_1 lime_mask_0.25 seed=2 2.23s
2052 done chncxr resnet50 CHNCXR_0620_1 lime_slic_50 seed=2 2.19s
2053 done chncxr resnet50 CHNCXR_0620_1 rise_grid_4 seed=3 3.65s
2054 done chncxr resnet50 CHNCXR_0620_1 lime_slic_200 seed=0 2.27s
2055 done chncxr resnet50 CHNCXR_0620_1 rise_grid_10 seed=2 3.25s
2056 done chncxr resnet50 CHNCXR_0620_1 lime_mask_0.75 seed=4 2.23s
2057 done chncxr resnet50 CHNCXR_0620_1 lime_slic_200 seed=1 2.27s
2058 done chncxr resnet50 CHNCXR_0620_1 rise_grid_14 seed=1 3.10s
2059 done chncxr resnet50 CHNCXR_0620_1 rise_grid_10 seed=1 3.26s
2060 done chncxr resnet50 CHNCXR_0620_1 lime_mask_0.25 seed=1 2.29s
2061 done chncxr resnet50 CHNCXR_0620_1 lime_slic_300 seed=2 2.30s
2062 done chncxr resnet50 CHNCXR_0620_1 rise_grid_10 seed=4 3.27s
2063 done chncxr resnet50 CHNCXR_0620_1 lime_slic_200 seed=2 2.28s
2064 done chncxr resnet50 CHNCXR_0620_1 rise_grid_14 seed=3 3.11s
2065 done chncxr resnet50 CHNCXR_0620_1 rise_grid_4 seed=2 3.71s
2066 done chncxr resnet50 CHNCXR_0620_1 rise_grid_14 seed=4 3.12s
2067 done chncxr resnet50 CHNCXR_0620_1 lime_slic_200 seed=4 2.32s
2068 done chncxr resnet50 CHNCXR_0620_1 rise_mask_0.75 seed=0 3.32s
2069 done chncxr resnet50 CHNCXR_0620_1 lime_slic_300 seed=4 2.31s
2070 done chncxr resnet50 CHNCXR_0620_1 lime_slic_200 seed=3 2.28s
2071 done chncxr resnet50 CHNCXR_0620_1 rise_grid_14 seed=0 3.09s
2072 done chncxr resnet50 CHNCXR_0620_1 rise_mask_0.25 seed=3 3.30s
2073 done chncxr resnet50 CHNCXR_0620_1 lime_slic_300 seed=3 2.30s
2074 done chncxr resnet50 CHNCXR_0620_1 lime_slic_50 seed=4 2.24s
2075 done chncxr resnet50 CHNCXR_0620_1 rise_mask_0.75 seed=2 3.30s
2076 done chncxr resnet50 CHNCXR_0620_1 rise_grid_4 seed=4 3.66s
2077 done chncxr resnet50 CHNCXR_0620_1 lime_mask_0.75 seed=0 2.25s
2078 done chncxr resnet50 CHNCXR_0620_1 lime_mask_0.75 seed=3 2.25s
2079 done chncxr resnet50 CHNCXR_0620_1 rise_grid_4 seed=1 3.66s
2080 done chncxr resnet50 CHNCXR_0620_1 rise_grid_14 seed=2 3.09s
2081 done chncxr resnet50 CHNCXR_0620_1 rise_mask_0.75 seed=3 3.31s
2082 done chncxr resnet50 CHNCXR_0620_1 rise_mask_0.25 seed=2 3.30s
2083 done chncxr resnet50 CHNCXR_0620_1 rise_mask_0.25 seed=1 3.30s
2084 done chncxr resnet50 CHNCXR_0620_1 lime_slic_50 seed=1 2.23s
2085 done chncxr resnet50 CHNCXR_0620_1 lime_slic_50 seed=3 2.24s
2086 done chncxr resnet50 CHNCXR_0620_1 rise_mask_0.25 seed=0 3.30s
2087 done chncxr resnet50 CHNCXR_0620_1 rise_mask_0.25 seed=4 3.30s
2088 done chncxr resnet50 CHNCXR_0620_1 lime_slic_50 seed=0 2.23s
2089 done chncxr resnet50 CHNCXR_0620_1 rise_mask_0.75 seed=4 3.32s
2090 done chncxr resnet50 CHNCXR_0620_1 rise_mask_0.75 seed=1 3.29s
2091 done chncxr resnet50 CHNCXR_0620_1 rise_grid_10 seed=3 3.27s
2092 done chncxr resnet50 CHNCXR_0620_1 rise_grid_10 seed=0 3.23s
2093 done chncxr resnet50 CHNCXR_0620_1 rise_grid_4 seed=0 3.65s
2094 done chncxr resnet50 CHNCXR_0620_1 lime_mask_0.25 seed=3 2.26s
2095 done chncxr resnet50 CHNCXR_0620_1 lime_mask_0.75 seed=1 2.22s
2096 done chncxr resnet50 CHNCXR_0620_1 lime_mask_0.25 seed=0 2.19s
2097 done chncxr resnet50 CHNCXR_0620_1 lime_slic_300 seed=1 2.29s
2098 done chncxr resnet50 CHNCXR_0620_1 lime_mask_0.75 seed=2 2.23s
2099 done chncxr resnet50 CHNCXR_0620_1 lime_slic_300 seed=0 2.26s
2100 done chncxr resnet50 CHNCXR_0620_1 lime_mask_0.25 seed=4 2.24s
2101 done chncxr resnet50 CHNCXR_0648_1 lime_mask_0.75 seed=4 2.25s
2102 done chncxr resnet50 CHNCXR_0648_1 rise_grid_14 seed=3 3.08s
2103 done chncxr resnet50 CHNCXR_0648_1 lime_slic_50 seed=0 2.24s
2104 done chncxr resnet50 CHNCXR_0648_1 rise_grid_4 seed=4 3.62s
2105 done chncxr resnet50 CHNCXR_0648_1 rise_mask_0.75 seed=1 3.29s
2106 done chncxr resnet50 CHNCXR_0648_1 rise_grid_4 seed=3 3.66s
2107 done chncxr resnet50 CHNCXR_0648_1 lime_slic_300 seed=0 2.36s
2108 done chncxr resnet50 CHNCXR_0648_1 lime_slic_200 seed=3 2.32s
2109 done chncxr resnet50 CHNCXR_0648_1 rise_grid_14 seed=4 3.12s
2110 done chncxr resnet50 CHNCXR_0648_1 rise_grid_4 seed=1 3.68s
2111 done chncxr resnet50 CHNCXR_0648_1 rise_mask_0.75 seed=3 3.30s
2112 done chncxr resnet50 CHNCXR_0648_1 lime_mask_0.25 seed=2 2.25s
2113 done chncxr resnet50 CHNCXR_0648_1 lime_mask_0.75 seed=2 2.25s
2114 done chncxr resnet50 CHNCXR_0648_1 rise_mask_0.25 seed=2 3.30s
2115 done chncxr resnet50 CHNCXR_0648_1 lime_mask_0.25 seed=4 2.24s
2116 done chncxr resnet50 CHNCXR_0648_1 lime_mask_0.75 seed=0 2.26s
2117 done chncxr resnet50 CHNCXR_0648_1 rise_grid_10 seed=0 3.25s
2118 done chncxr resnet50 CHNCXR_0648_1 rise_grid_14 seed=2 3.10s
2119 done chncxr resnet50 CHNCXR_0648_1 lime_slic_200 seed=0 2.23s
2120 done chncxr resnet50 CHNCXR_0648_1 lime_slic_50 seed=2 2.18s
2121 done chncxr resnet50 CHNCXR_0648_1 rise_grid_14 seed=1 3.07s
2122 done chncxr resnet50 CHNCXR_0648_1 lime_slic_200 seed=1 2.21s
2123 done chncxr resnet50 CHNCXR_0648_1 lime_slic_200 seed=4 2.22s
2124 done chncxr resnet50 CHNCXR_0648_1 lime_slic_50 seed=1 2.20s
2125 done chncxr resnet50 CHNCXR_0648_1 rise_grid_10 seed=4 3.23s
2126 done chncxr resnet50 CHNCXR_0648_1 lime_slic_200 seed=2 2.21s
2127 done chncxr resnet50 CHNCXR_0648_1 lime_mask_0.75 seed=1 2.19s
2128 done chncxr resnet50 CHNCXR_0648_1 rise_mask_0.25 seed=1 3.28s
2129 done chncxr resnet50 CHNCXR_0648_1 lime_slic_300 seed=1 2.25s
2130 done chncxr resnet50 CHNCXR_0648_1 lime_slic_300 seed=2 2.24s
2131 done chncxr resnet50 CHNCXR_0648_1 lime_mask_0.25 seed=0 2.19s
2132 done chncxr resnet50 CHNCXR_0648_1 rise_mask_0.75 seed=0 3.27s
2133 done chncxr resnet50 CHNCXR_0648_1 lime_slic_300 seed=3 2.24s
2134 done chncxr resnet50 CHNCXR_0648_1 rise_mask_0.75 seed=4 3.28s
2135 done chncxr resnet50 CHNCXR_0648_1 rise_grid_10 seed=2 3.21s
2136 done chncxr resnet50 CHNCXR_0648_1 lime_mask_0.25 seed=1 2.17s
2137 done chncxr resnet50 CHNCXR_0648_1 rise_grid_14 seed=0 3.15s
2138 done chncxr resnet50 CHNCXR_0648_1 rise_grid_10 seed=3 3.31s
2139 done chncxr resnet50 CHNCXR_0648_1 rise_grid_4 seed=2 3.73s
2140 done chncxr resnet50 CHNCXR_0648_1 rise_mask_0.75 seed=2 3.37s
2141 done chncxr resnet50 CHNCXR_0648_1 lime_slic_300 seed=4 2.34s
2142 done chncxr resnet50 CHNCXR_0648_1 rise_mask_0.25 seed=0 4.10s
2143 done chncxr resnet50 CHNCXR_0648_1 lime_slic_50 seed=3 2.21s
2144 done chncxr resnet50 CHNCXR_0648_1 rise_grid_4 seed=0 4.86s
2145 done chncxr resnet50 CHNCXR_0648_1 rise_mask_0.25 seed=4 4.45s
2146 done chncxr resnet50 CHNCXR_0648_1 lime_mask_0.75 seed=3 2.16s
2147 done chncxr resnet50 CHNCXR_0648_1 lime_mask_0.25 seed=3 2.15s
2148 done chncxr resnet50 CHNCXR_0648_1 rise_mask_0.25 seed=3 4.46s
2149 done chncxr resnet50 CHNCXR_0648_1 lime_slic_50 seed=4 2.17s
2150 done chncxr resnet50 CHNCXR_0648_1 rise_grid_10 seed=1 4.39s
2151 done chncxr vgg13 CHNCXR_0006_0 rise_grid_4 seed=4 4.90s
2152 done chncxr vgg13 CHNCXR_0006_0 lime_mask_0.25 seed=1 2.21s
2153 done chncxr vgg13 CHNCXR_0006_0 lime_mask_0.75 seed=3 2.21s
2154 done chncxr vgg13 CHNCXR_0006_0 rise_mask_0.75 seed=3 3.30s
2155 done chncxr vgg13 CHNCXR_0006_0 rise_grid_14 seed=4 3.12s
2156 done chncxr vgg13 CHNCXR_0006_0 rise_mask_0.25 seed=4 3.32s
2157 done chncxr vgg13 CHNCXR_0006_0 rise_mask_0.75 seed=1 3.34s
2158 done chncxr vgg13 CHNCXR_0006_0 lime_slic_300 seed=3 2.27s
2159 done chncxr vgg13 CHNCXR_0006_0 lime_mask_0.25 seed=4 2.21s
2160 done chncxr vgg13 CHNCXR_0006_0 lime_slic_200 seed=0 2.24s
2161 done chncxr vgg13 CHNCXR_0006_0 rise_mask_0.25 seed=3 3.29s
2162 done chncxr vgg13 CHNCXR_0006_0 rise_grid_10 seed=2 3.25s
2163 done chncxr vgg13 CHNCXR_0006_0 lime_slic_50 seed=4 2.17s
2164 done chncxr vgg13 CHNCXR_0006_0 lime_slic_300 seed=2 2.24s
2165 done chncxr vgg13 CHNCXR_0006_0 rise_mask_0.25 seed=1 3.30s
2166 done chncxr vgg13 CHNCXR_0006_0 lime_slic_50 seed=1 2.19s
2167 done chncxr vgg13 CHNCXR_0006_0 lime_slic_200 seed=3 2.24s
2168 done chncxr vgg13 CHNCXR_0006_0 rise_grid_4 seed=0 3.65s
2169 done chncxr vgg13 CHNCXR_0006_0 rise_grid_10 seed=1 3.25s
2170 done chncxr vgg13 CHNCXR_0006_0 rise_grid_10 seed=3 3.28s
2171 done chncxr vgg13 CHNCXR_0006_0 rise_mask_0.25 seed=0 3.30s
2172 done chncxr vgg13 CHNCXR_0006_0 lime_mask_0.75 seed=2 2.22s
2173 done chncxr vgg13 CHNCXR_0006_0 lime_mask_0.25 seed=0 2.20s
2174 done chncxr vgg13 CHNCXR_0006_0 rise_grid_14 seed=2 3.10s
2175 done chncxr vgg13 CHNCXR_0006_0 lime_mask_0.25 seed=2 2.20s
2176 done chncxr vgg13 CHNCXR_0006_0 rise_grid_4 seed=1 3.67s
2177 done chncxr vgg13 CHNCXR_0006_0 lime_mask_0.75 seed=4 2.21s
2178 done chncxr vgg13 CHNCXR_0006_0 rise_mask_0.75 seed=0 3.31s
2179 done chncxr vgg13 CHNCXR_0006_0 lime_slic_300 seed=1 2.26s
2180 done chncxr vgg13 CHNCXR_0006_0 rise_grid_4 seed=2 3.66s
2181 done chncxr vgg13 CHNCXR_0006_0 lime_slic_200 seed=2 2.28s
2182 done chncxr vgg13 CHNCXR_0006_0 rise_mask_0.25 seed=2 3.33s
2183 done chncxr vgg13 CHNCXR_0006_0 lime_slic_300 seed=4 2.29s
2184 done chncxr vgg13 CHNCXR_0006_0 lime_slic_50 seed=3 2.20s
2185 done chncxr vgg13 CHNCXR_0006_0 rise_mask_0.75 seed=2 3.32s
2186 done chncxr vgg13 CHNCXR_0006_0 lime_mask_0.75 seed=1 2.21s
2187 done chncxr vgg13 CHNCXR_0006_0 rise_grid_4 seed=3 3.68s
2188 done chncxr vgg13 CHNCXR_0006_0 lime_mask_0.25 seed=3 2.20s
2189 done chncxr vgg13 CHNCXR_0006_0 lime_mask_0.75 seed=0 2.22s
2190 done chncxr vgg13 CHNCXR_0006_0 rise_grid_14 seed=3 3.08s
2191 done chncxr vgg13 CHNCXR_0006_0 rise_grid_14 seed=0 3.15s
2192 done chncxr vgg13 CHNCXR_0006_0 lime_slic_50 seed=2 2.18s
2193 done chncxr vgg13 CHNCXR_0006_0 rise_grid_14 seed=1 3.12s
2194 done chncxr vgg13 CHNCXR_0006_0 lime_slic_200 seed=4 2.24s
2195 done chncxr vgg13 CHNCXR_0006_0 lime_slic_50 seed=0 2.18s
2196 done chncxr vgg13 CHNCXR_0006_0 rise_grid_10 seed=0 3.27s
2197 done chncxr vgg13 CHNCXR_0006_0 rise_mask_0.75 seed=4 3.32s
2198 done chncxr vgg13 CHNCXR_0006_0 lime_slic_300 seed=0 2.24s
2199 done chncxr vgg13 CHNCXR_0006_0 lime_slic_200 seed=1 2.26s
2200 done chncxr vgg13 CHNCXR_0006_0 rise_grid_10 seed=4 3.27s
2201 done chncxr vgg13 CHNCXR_0011_0 lime_slic_50 seed=2 2.19s
2202 done chncxr vgg13 CHNCXR_0011_0 lime_mask_0.25 seed=3 2.20s
2203 done chncxr vgg13 CHNCXR_0011_0 lime_mask_0.25 seed=1 2.21s
2204 done chncxr vgg13 CHNCXR_0011_0 lime_mask_0.75 seed=0 2.21s
2205 done chncxr vgg13 CHNCXR_0011_0 rise_grid_10 seed=4 3.25s
2206 done chncxr vgg13 CHNCXR_0011_0 lime_slic_50 seed=1 2.21s
2207 done chncxr vgg13 CHNCXR_0011_0 lime_mask_0.25 seed=4 2.25s
2208 done chncxr vgg13 CHNCXR_0011_0 lime_slic_300 seed=3 2.21s
2209 done chncxr vgg13 CHNCXR_0011_0 lime_mask_0.75 seed=1 2.23s
2210 done chncxr vgg13 CHNCXR_0011_0 rise_grid_10 seed=3 3.29s
2211 done chncxr vgg13 CHNCXR_0011_0 rise_mask_0.75 seed=4 3.33s
2212 done chncxr vgg13 CHNCXR_0011_0 lime_mask_0.75 seed=3 2.23s
2213 done chncxr vgg13 CHNCXR_0011_0 rise_grid_4 seed=4 3.71s
2214 done chncxr vgg13 CHNCXR_0011_0 rise_grid_4 seed=2 3.65s
2215 done chncxr vgg13 CHNCXR_0011_0 lime_slic_50 seed=3 2.21s
2216 done chncxr vgg13 CHNCXR_0011_0 rise_grid_10 seed=2 3.27s
2217 done chncxr vgg13 CHNCXR_0011_0 lime_mask_0.25 seed=2 2.22s
2218 done chncxr vgg13 CHNCXR_0011_0 lime_mask_0.75 seed=2 2.22s
2219 done chncxr vgg13 CHNCXR_0011_0 lime_slic_50 seed=0 2.21s
2220 done chncxr vgg13 CHNCXR_0011_0 rise_grid_14 seed=3 3.13s
2221 done chncxr vgg13 CHNCXR_0011_0 lime_slic_200 seed=0 2.26s
2222 done chncxr vgg13 CHNCXR_0011_0 lime_slic_200 seed=4 2.25s
2223 done chncxr vgg13 CHNCXR_0011_0 rise_grid_14 seed=2 3.10s
2224 done chncxr vgg13 CHNCXR_0011_0 lime_mask_0.25 seed=0 2.24s
2225 done chncxr vgg13 CHNCXR_0011_0 rise_mask_0.25 seed=4 3.35s
2226 done chncxr vgg13 CHNCXR_0011_0 lime_slic_300 seed=2 2.29s
2227 done chncxr vgg13 CHNCXR_0011_0 lime_slic_200 seed=3 2.28s
2228 done chncxr vgg13 CHNCXR_0011_0 lime_slic_200 seed=2 2.25s
2229 done chncxr vgg13 CHNCXR_0011_0 rise_grid_14 seed=0 3.08s
2230 done chncxr vgg13 CHNCXR_0011_0 rise_grid_4 seed=1 3.69s
2231 done chncxr vgg13 CHNCXR_0011_0 rise_grid_10 seed=1 3.29s
2232 done chncxr vgg13 CHNCXR_0011_0 lime_slic_200 seed=1 2.27s
2233 done chncxr vgg13 CHNCXR_0011_0 rise_mask_0.25 seed=0 3.30s
2234 done chncxr vgg13 CHNCXR_0011_0 lime_slic_300 seed=1 2.32s
2235 done chncxr vgg13 CHNCXR_0011_0 rise_grid_4 seed=3 3.69s
2236 done chncxr vgg13 CHNCXR_0011_0 rise_grid_10 seed=0 3.25s
2237 done chncxr vgg13 CHNCXR_0011_0 lime_slic_300 seed=4 2.25s
2238 done chncxr vgg13 CHNCXR_0011_0 rise_mask_0.75 seed=1 3.30s
2239 done chncxr vgg13 CHNCXR_0011_0 rise_mask_0.25 seed=2 3.30s
2240 done chncxr vgg13 CHNCXR_0011_0 rise_mask_0.75 seed=3 3.33s
2241 done chncxr vgg13 CHNCXR_0011_0 rise_grid_14 seed=1 3.12s
2242 done chncxr vgg13 CHNCXR_0011_0 lime_slic_300 seed=0 2.25s
2243 done chncxr vgg13 CHNCXR_0011_0 rise_mask_0.25 seed=1 3.31s
2244 done chncxr vgg13 CHNCXR_0011_0 rise_mask_0.75 seed=2 3.32s
2245 done chncxr vgg13 CHNCXR_0011_0 rise_grid_14 seed=4 3.08s
2246 done chncxr vgg13 CHNCXR_0011_0 lime_slic_50 seed=4 2.19s
2247 done chncxr vgg13 CHNCXR_0011_0 rise_grid_4 seed=0 3.66s
2248 done chncxr vgg13 CHNCXR_0011_0 rise_mask_0.75 seed=0 3.30s
2249 done chncxr vgg13 CHNCXR_0011_0 rise_mask_0.25 seed=3 3.32s
2250 done chncxr vgg13 CHNCXR_0011_0 lime_mask_0.75 seed=4 2.21s
2251 done chncxr vgg13 CHNCXR_0019_0 rise_grid_4 seed=2 3.65s
2252 done chncxr vgg13 CHNCXR_0019_0 lime_slic_300 seed=4 2.27s
2253 done chncxr vgg13 CHNCXR_0019_0 rise_mask_0.25 seed=0 3.33s
2254 done chncxr vgg13 CHNCXR_0019_0 rise_grid_4 seed=3 3.64s
2255 done chncxr vgg13 CHNCXR_0019_0 rise_grid_10 seed=0 4.43s
2256 done chncxr vgg13 CHNCXR_0019_0 lime_slic_200 seed=1 2.26s
2257 done chncxr vgg13 CHNCXR_0019_0 lime_mask_0.25 seed=1 2.21s
2258 done chncxr vgg13 CHNCXR_0019_0 rise_mask_0.75 seed=3 3.76s
2259 done chncxr vgg13 CHNCXR_0019_0 rise_mask_0.25 seed=2 4.49s
2260 done chncxr vgg13 CHNCXR_0019_0 lime_slic_50 seed=2 2.21s
2261 done chncxr vgg13 CHNCXR_0019_0 rise_mask_0.25 seed=3 4.50s
2262 done chncxr vgg13 CHNCXR_0019_0 lime_mask_0.25 seed=0 2.22s
2263 done chncxr vgg13 CHNCXR_0019_0 lime_slic_300 seed=2 2.28s
2264 done chncxr vgg13 CHNCXR_0019_0 lime_slic_50 seed=3 2.21s
2265 done chncxr vgg13 CHNCXR_0019_0 rise_grid_14 seed=0 4.25s
2266 done chncxr vgg13 CHNCXR_0019_0 lime_slic_50 seed=4 2.21s
2267 done chncxr vgg13 CHNCXR_0019_0 lime_mask_0.75 seed=2 2.22s
2268 done chncxr vgg13 CHNCXR_0019_0 rise_mask_0.25 seed=1 4.49s
2269 done chncxr vgg13 CHNCXR_0019_0 lime_mask_0.25 seed=3 2.21s
2270 done chncxr vgg13 CHNCXR_0019_0 lime_slic_200 seed=3 2.26s
2271 done chncxr vgg13 CHNCXR_0019_0 lime_slic_300 seed=0 2.28s
2272 done chncxr vgg13 CHNCXR_0019_0 rise_mask_0.25 seed=4 4.50s
2273 done chncxr vgg13 CHNCXR_0019_0 lime_mask_0.75 seed=4 2.22s
2274 done chncxr vgg13 CHNCXR_0019_0 rise_mask_0.75 seed=1 4.50s
2275 done chncxr vgg13 CHNCXR_0019_0 rise_grid_14 seed=4 4.25s
2276 done chncxr vgg13 CHNCXR_0019_0 rise_grid_14 seed=2 4.25s
2277 done chncxr vgg13 CHNCXR_0019_0 lime_mask_0.75 seed=0 2.23s
2278 done chncxr vgg13 CHNCXR_0019_0 lime_slic_200 seed=2 2.25s
2279 done chncxr vgg13 CHNCXR_0019_0 lime_slic_200 seed=0 2.26s
2280 done chncxr vgg13 CHNCXR_0019_0 lime_mask_0.75 seed=1 2.22s
2281 done chncxr vgg13 CHNCXR_0019_0 lime_slic_300 seed=1 2.27s
2282 done chncxr vgg13 CHNCXR_0019_0 lime_mask_0.25 seed=4 2.21s
2283 done chncxr vgg13 CHNCXR_0019_0 rise_grid_14 seed=3 4.27s
2284 done chncxr vgg13 CHNCXR_0019_0 rise_grid_10 seed=2 4.43s
2285 done chncxr vgg13 CHNCXR_0019_0 rise_grid_14 seed=1 4.25s
2286 done chncxr vgg13 CHNCXR_0019_0 rise_grid_10 seed=3 4.43s
2287 done chncxr vgg13 CHNCXR_0019_0 lime_slic_300 seed=3 2.28s
2288 done chncxr vgg13 CHNCXR_0019_0 rise_grid_4 seed=4 4.91s
2289 done chncxr vgg13 CHNCXR_0019_0 lime_mask_0.75 seed=3 2.22s
2290 done chncxr vgg13 CHNCXR_0019_0 rise_grid_4 seed=1 4.89s
2291 done chncxr vgg13 CHNCXR_0019_0 rise_mask_0.75 seed=0 4.49s
2292 done chncxr vgg13 CHNCXR_0019_0 rise_mask_0.75 seed=4 4.51s
2293 done chncxr vgg13 CHNCXR_0019_0 rise_grid_10 seed=1 4.43s
2294 done chncxr vgg13 CHNCXR_0019_0 rise_grid_10 seed=4 4.44s
2295 done chncxr vgg13 CHNCXR_0019_0 rise_grid_4 seed=0 4.88s
2296 done chncxr vgg13 CHNCXR_0019_0 lime_slic_50 seed=0 2.20s
2297 done chncxr vgg13 CHNCXR_0019_0 lime_mask_0.25 seed=2 2.16s
2298 done chncxr vgg13 CHNCXR_0019_0 rise_mask_0.75 seed=2 4.49s
2299 done chncxr vgg13 CHNCXR_0019_0 lime_slic_200 seed=4 2.24s
2300 done chncxr vgg13 CHNCXR_0019_0 lime_slic_50 seed=1 2.22s
2301 done chncxr vgg13 CHNCXR_0043_0 lime_mask_0.25 seed=0 2.17s
2302 done chncxr vgg13 CHNCXR_0043_0 rise_grid_10 seed=3 4.43s
2303 done chncxr vgg13 CHNCXR_0043_0 lime_mask_0.25 seed=2 2.21s
2304 done chncxr vgg13 CHNCXR_0043_0 lime_slic_300 seed=0 2.28s
2305 done chncxr vgg13 CHNCXR_0043_0 rise_grid_10 seed=2 4.43s
2306 done chncxr vgg13 CHNCXR_0043_0 rise_grid_4 seed=4 4.87s
2307 done chncxr vgg13 CHNCXR_0043_0 lime_slic_50 seed=0 2.19s
2308 done chncxr vgg13 CHNCXR_0043_0 rise_grid_4 seed=0 4.87s
2309 done chncxr vgg13 CHNCXR_0043_0 lime_mask_0.25 seed=3 2.20s
2310 done chncxr vgg13 CHNCXR_0043_0 lime_slic_300 seed=3 2.27s
2311 done chncxr vgg13 CHNCXR_0043_0 lime_slic_50 seed=4 2.20s
2312 done chncxr vgg13 CHNCXR_0043_0 rise_mask_0.75 seed=3 4.49s
2313 done chncxr vgg13 CHNCXR_0043_0 lime_slic_300 seed=2 2.29s
2314 done chncxr vgg13 CHNCXR_0043_0 rise_grid_14 seed=4 4.24s
2315 done chncxr vgg13 CHNCXR_0043_0 rise_grid_14 seed=3 4.24s
2316 done chncxr vgg13 CHNCXR_0043_0 lime_mask_0.25 seed=4 2.20s
2317 done chncxr vgg13 CHNCXR_0043_0 rise_grid_10 seed=1 4.42s
2318 done chncxr vgg13 CHNCXR_0043_0 lime_mask_0.75 seed=4 2.21s
2319 done chncxr vgg13 CHNCXR_0043_0 lime_slic_200 seed=2 2.26s
2320 done chncxr vgg13 CHNCXR_0043_0 lime_slic_200 seed=1 2.26s
2321 done chncxr vgg13 CHNCXR_0043_0 lime_slic_50 seed=3 2.20s
2322 done chncxr vgg13 CHNCXR_0043_0 rise_grid_14 seed=0 4.23s
2323 done chncxr vgg13 CHNCXR_0043_0 lime_mask_0.75 seed=2 2.22s
2324 done chncxr vgg13 CHNCXR_0043_0 rise_mask_0.25 seed=4 4.35s
2325 done chncxr vgg13 CHNCXR_0043_0 lime_slic_50 seed=1 2.22s
2326 done chncxr vgg13 CHNCXR_0043_0 rise_mask_0.25 seed=1 3.31s
2327 done chncxr vgg13 CHNCXR_0043_0 lime_slic_300 seed=4 2.26s
2328 done chncxr vgg13 CHNCXR_0043_0 rise_grid_4 seed=2 3.64s
2329 done chncxr vgg13 CHNCXR_0043_0 rise_mask_0.25 seed=0 3.29s
2330 done chncxr vgg13 CHNCXR_0043_0 rise_mask_0.75 seed=2 3.29s
2331 done chncxr vgg13 CHNCXR_0043_0 lime_slic_200 seed=4 2.29s
2332 done chncxr vgg13 CHNCXR_0043_0 rise_grid_4 seed=3 4.17s
2333 done chncxr vgg13 CHNCXR_0043_0 rise_grid_4 seed=1 4.90s
2334 done chncxr vgg13 CHNCXR_0043_0 lime_mask_0.75 seed=3 2.29s
2335 done chncxr vgg13 CHNCXR_0043_0 rise_grid_10 seed=4 4.45s
2336 done chncxr vgg13 CHNCXR_0043_0 rise_mask_0.75 seed=0 4.51s
2337 done chncxr vgg13 CHNCXR_0043_0 lime_mask_0.75 seed=0 2.29s
2338 done chncxr vgg13 CHNCXR_0043_0 lime_slic_200 seed=0 2.32s
2339 done chncxr vgg13 CHNCXR_0043_0 rise_mask_0.75 seed=1 4.51s
2340 done chncxr vgg13 CHNCXR_0043_0 rise_mask_0.25 seed=2 4.51s
2341 done chncxr vgg13 CHNCXR_0043_0 lime_slic_300 seed=1 2.35s
2342 done chncxr vgg13 CHNCXR_0043_0 rise_grid_14 seed=1 4.26s
2343 done chncxr vgg13 CHNCXR_0043_0 rise_mask_0.75 seed=4 4.51s
2344 done chncxr vgg13 CHNCXR_0043_0 lime_slic_50 seed=2 2.28s
2345 done chncxr vgg13 CHNCXR_0043_0 lime_mask_0.25 seed=1 2.29s
2346 done chncxr vgg13 CHNCXR_0043_0 rise_grid_14 seed=2 4.26s
2347 done chncxr vgg13 CHNCXR_0043_0 rise_mask_0.25 seed=3 4.01s
2348 done chncxr vgg13 CHNCXR_0043_0 rise_grid_10 seed=0 3.28s
2349 done chncxr vgg13 CHNCXR_0043_0 lime_slic_200 seed=3 2.27s
2350 done chncxr vgg13 CHNCXR_0043_0 lime_mask_0.75 seed=1 2.24s
2351 done chncxr vgg13 CHNCXR_0070_0 lime_slic_300 seed=1 2.30s
2352 done chncxr vgg13 CHNCXR_0070_0 rise_mask_0.75 seed=3 3.33s
2353 done chncxr vgg13 CHNCXR_0070_0 lime_mask_0.25 seed=3 2.24s
2354 done chncxr vgg13 CHNCXR_0070_0 lime_slic_50 seed=3 2.24s
2355 done chncxr vgg13 CHNCXR_0070_0 rise_grid_10 seed=1 3.22s
2356 done chncxr vgg13 CHNCXR_0070_0 rise_grid_14 seed=4 3.11s
2357 done chncxr vgg13 CHNCXR_0070_0 rise_grid_10 seed=4 3.28s
2358 done chncxr vgg13 CHNCXR_0070_0 rise_mask_0.25 seed=4 3.33s
2359 done chncxr vgg13 CHNCXR_0070_0 lime_mask_0.75 seed=3 2.24s
2360 done chncxr vgg13 CHNCXR_0070_0 rise_mask_0.75 seed=2 3.34s
2361 done chncxr vgg13 CHNCXR_0070_0 lime_mask_0.75 seed=2 2.24s
2362 done chncxr vgg13 CHNCXR_0070_0 rise_grid_10 seed=2 3.29s
2363 done chncxr vgg13 CHNCXR_0070_0 rise_grid_14 seed=1 3.11s
2364 done chncxr vgg13 CHNCXR_0070_0 lime_mask_0.25 seed=0 2.26s
2365 done chncxr vgg13 CHNCXR_0070_0 rise_grid_10 seed=0 3.27s
2366 done chncxr vgg13 CHNCXR_0070_0 rise_grid_4 seed=3 3.66s
2367 done chncxr vgg13 CHNCXR_0070_0 rise_mask_0.25 seed=3 3.38s
2368 done chncxr vgg13 CHNCXR_0070_0 rise_grid_4 seed=1 4.90s
2369 done chncxr vgg13 CHNCXR_0070_0 lime_mask_0.75 seed=4 2.28s
2370 done chncxr vgg13 CHNCXR_0070_0 lime_mask_0.75 seed=0 2.27s
2371 done chncxr vgg13 CHNCXR_0070_0 lime_mask_0.25 seed=4 2.26s
2372 done chncxr vgg13 CHNCXR_0070_0 rise_grid_14 seed=0 4.26s
2373 done chncxr vgg13 CHNCXR_0070_0 lime_slic_300 seed=4 2.33s
2374 done chncxr vgg13 CHNCXR_0070_0 lime_slic_300 seed=3 2.34s
2375 done chncxr vgg13 CHNCXR_0070_0 rise_grid_10 seed=3 4.45s
2376 done chncxr vgg13 CHNCXR_0070_0 lime_slic_50 seed=2 2.26s
2377 done chncxr vgg13 CHNCXR_0070_0 rise_grid_4 seed=2 4.91s
2378 done chncxr vgg13 CHNCXR_0070_0 lime_slic_200 seed=0 2.30s
2379 done chncxr vgg13 CHNCXR_0070_0 rise_mask_0.25 seed=1 4.51s
2380 done chncxr vgg13 CHNCXR_0070_0 lime_slic_300 seed=0 2.33s
2381 done chncxr vgg13 CHNCXR_0070_0 lime_slic_50 seed=4 2.26s
2382 done chncxr vgg13 CHNCXR_0070_0 lime_slic_50 seed=0 2.26s
2383 done chncxr vgg13 CHNCXR_0070_0 lime_mask_0.75 seed=1 2.27s
2384 done chncxr vgg13 CHNCXR_0070_0 lime_slic_50 seed=1 2.26s
2385 done chncxr vgg13 CHNCXR_0070_0 lime_slic_200 seed=2 2.23s
2386 done chncxr vgg13 CHNCXR_0070_0 rise_mask_0.25 seed=0 4.50s
2387 done chncxr vgg13 CHNCXR_0070_0 rise_grid_4 seed=4 4.89s
2388 done chncxr vgg13 CHNCXR_0070_0 rise_mask_0.25 seed=2 4.50s
2389 done chncxr vgg13 CHNCXR_0070_0 lime_mask_0.25 seed=2 2.21s
2390 done chncxr vgg13 CHNCXR_0070_0 lime_slic_300 seed=2 2.28s
2391 done chncxr vgg13 CHNCXR_0070_0 rise_grid_14 seed=2 4.25s
2392 done chncxr vgg13 CHNCXR_0070_0 rise_grid_14 seed=3 4.25s
2393 done chncxr vgg13 CHNCXR_0070_0 rise_mask_0.75 seed=1 4.50s
2394 done chncxr vgg13 CHNCXR_0070_0 lime_mask_0.25 seed=1 2.22s
2395 done chncxr vgg13 CHNCXR_0070_0 lime_slic_200 seed=3 2.26s
2396 done chncxr vgg13 CHNCXR_0070_0 rise_mask_0.75 seed=0 3.29s
2397 done chncxr vgg13 CHNCXR_0070_0 rise_grid_4 seed=0 3.65s
2398 done chncxr vgg13 CHNCXR_0070_0 lime_slic_200 seed=4 2.25s
2399 done chncxr vgg13 CHNCXR_0070_0 lime_slic_200 seed=1 2.26s
2400 done chncxr vgg13 CHNCXR_0070_0 rise_mask_0.75 seed=4 3.29s
2401 done chncxr vgg13 CHNCXR_0116_0 lime_mask_0.75 seed=0 2.22s
2402 done chncxr vgg13 CHNCXR_0116_0 rise_grid_14 seed=3 3.24s
2403 done chncxr vgg13 CHNCXR_0116_0 lime_mask_0.75 seed=1 2.25s
2404 done chncxr vgg13 CHNCXR_0116_0 lime_slic_200 seed=2 2.29s
2405 done chncxr vgg13 CHNCXR_0116_0 rise_mask_0.25 seed=0 3.31s
2406 done chncxr vgg13 CHNCXR_0116_0 rise_mask_0.75 seed=2 3.31s
2407 done chncxr vgg13 CHNCXR_0116_0 rise_mask_0.75 seed=0 3.30s
2408 done chncxr vgg13 CHNCXR_0116_0 lime_mask_0.25 seed=1 2.25s
2409 done chncxr vgg13 CHNCXR_0116_0 rise_grid_4 seed=3 3.80s
2410 done chncxr vgg13 CHNCXR_0116_0 lime_slic_300 seed=1 2.36s
2411 done chncxr vgg13 CHNCXR_0116_0 lime_slic_50 seed=0 2.31s
2412 done chncxr vgg13 CHNCXR_0116_0 rise_mask_0.75 seed=1 3.39s
2413 done chncxr vgg13 CHNCXR_0116_0 lime_mask_0.25 seed=0 2.30s
2414 done chncxr vgg13 CHNCXR_0116_0 rise_grid_10 seed=3 3.29s
2415 done chncxr vgg13 CHNCXR_0116_0 rise_grid_14 seed=4 3.71s
2416 done chncxr vgg13 CHNCXR_0116_0 lime_slic_200 seed=4 2.26s
2417 done chncxr vgg13 CHNCXR_0116_0 lime_slic_50 seed=1 2.22s
2418 done chncxr vgg13 CHNCXR_0116_0 rise_grid_14 seed=2 3.05s
2419 done chncxr vgg13 CHNCXR_0116_0 lime_slic_300 seed=2 2.29s
2420 done chncxr vgg13 CHNCXR_0116_0 lime_mask_0.25 seed=4 2.22s
2421 done chncxr vgg13 CHNCXR_0116_0 rise_grid_10 seed=1 3.32s
2422 done chncxr vgg13 CHNCXR_0116_0 rise_grid_10 seed=2 3.26s
2423 done chncxr vgg13 CHNCXR_0116_0 lime_slic_50 seed=2 2.22s
2424 done chncxr vgg13 CHNCXR_0116_0 rise_grid_4 seed=0 3.65s
2425 done chncxr vgg13 CHNCXR_0116_0 rise_grid_4 seed=4 3.65s
2426 done chncxr vgg13 CHNCXR_0116_0 lime_slic_50 seed=4 2.22s
2427 done chncxr vgg13 CHNCXR_0116_0 rise_grid_14 seed=0 3.09s
2428 done chncxr vgg13 CHNCXR_0116_0 rise_mask_0.25 seed=3 3.30s
2429 done chncxr vgg13 CHNCXR_0116_0 rise_mask_0.25 seed=4 3.31s
2430 done chncxr vgg13 CHNCXR_0116_0 rise_grid_10 seed=0 3.26s
2431 done chncxr vgg13 CHNCXR_0116_0 lime_slic_50 seed=3 2.21s
2432 done chncxr vgg13 CHNCXR_0116_0 lime_slic_300 seed=4 2.28s
2433 done chncxr vgg13 CHNCXR_0116_0 rise_mask_0.75 seed=3 3.31s
2434 done chncxr vgg13 CHNCXR_0116_0 lime_mask_0.75 seed=2 2.22s
2435 done chncxr vgg13 CHNCXR_0116_0 lime_mask_0.75 seed=3 2.21s
2436 done chncxr vgg13 CHNCXR_0116_0 rise_mask_0.75 seed=4 4.49s
2437 done chncxr vgg13 CHNCXR_0116_0 lime_mask_0.25 seed=2 2.20s
2438 done chncxr vgg13 CHNCXR_0116_0 rise_grid_4 seed=1 4.61s
2439 done chncxr vgg13 CHNCXR_0116_0 lime_slic_200 seed=0 2.26s
2440 done chncxr vgg13 CHNCXR_0116_0 lime_slic_300 seed=0 2.27s
2441 done chncxr vgg13 CHNCXR_0116_0 rise_grid_14 seed=1 3.13s
2442 done chncxr vgg13 CHNCXR_0116_0 rise_grid_4 seed=2 3.67s
2443 done chncxr vgg13 CHNCXR_0116_0 lime_slic_200 seed=1 2.31s
2444 done chncxr vgg13 CHNCXR_0116_0 lime_mask_0.25 seed=3 2.28s
2445 done chncxr vgg13 CHNCXR_0116_0 rise_mask_0.25 seed=1 3.33s
2446 done chncxr vgg13 CHNCXR_0116_0 lime_mask_0.75 seed=4 2.29s
2447 done chncxr vgg13 CHNCXR_0116_0 lime_slic_300 seed=3 2.33s
2448 done chncxr vgg13 CHNCXR_0116_0 rise_mask_0.25 seed=2 3.32s
2449 done chncxr vgg13 CHNCXR_0116_0 lime_slic_200 seed=3 2.32s
2450 done chncxr vgg13 CHNCXR_0116_0 rise_grid_10 seed=4 4.10s
2451 done chncxr vgg13 CHNCXR_0142_0 lime_slic_50 seed=3 2.22s
2452 done chncxr vgg13 CHNCXR_0142_0 lime_mask_0.75 seed=3 2.16s
2453 done chncxr vgg13 CHNCXR_0142_0 lime_slic_300 seed=1 2.29s
2454 done chncxr vgg13 CHNCXR_0142_0 lime_mask_0.25 seed=4 2.22s
2455 done chncxr vgg13 CHNCXR_0142_0 lime_slic_300 seed=0 2.30s
2456 done chncxr vgg13 CHNCXR_0142_0 lime_slic_200 seed=3 2.28s
2457 done chncxr vgg13 CHNCXR_0142_0 lime_slic_300 seed=4 2.31s
2458 done chncxr vgg13 CHNCXR_0142_0 rise_grid_4 seed=4 3.71s
2459 done chncxr vgg13 CHNCXR_0142_0 rise_mask_0.25 seed=2 3.32s
2460 done chncxr vgg13 CHNCXR_0142_0 rise_grid_4 seed=1 4.76s
2461 done chncxr vgg13 CHNCXR_0142_0 rise_mask_0.25 seed=1 4.50s
2462 done chncxr vgg13 CHNCXR_0142_0 lime_mask_0.75 seed=2 2.28s
2463 done chncxr vgg13 CHNCXR_0142_0 rise_grid_10 seed=1 4.46s
2464 done chncxr vgg13 CHNCXR_0142_0 rise_grid_14 seed=4 3.34s
2465 done chncxr vgg13 CHNCXR_0142_0 lime_slic_200 seed=0 2.29s
2466 done chncxr vgg13 CHNCXR_0142_0 rise_grid_14 seed=2 4.15s
2467 done chncxr vgg13 CHNCXR_0142_0 lime_slic_200 seed=2 2.26s
2468 done chncxr vgg13 CHNCXR_0142_0 lime_slic_50 seed=4 2.22s
2469 done chncxr vgg13 CHNCXR_0142_0 lime_mask_0.25 seed=0 2.22s
2470 done chncxr vgg13 CHNCXR_0142_0 rise_mask_0.75 seed=4 4.50s
2471 done chncxr vgg13 CHNCXR_0142_0 rise_grid_14 seed=3 4.24s
2472 done chncxr vgg13 CHNCXR_0142_0 rise_grid_10 seed=0 4.42s
2473 done chncxr vgg13 CHNCXR_0142_0 lime_mask_0.25 seed=2 2.13s
2474 done chncxr vgg13 CHNCXR_0142_0 lime_mask_0.25 seed=1 2.15s
2475 done chncxr vgg13 CHNCXR_0142_0 rise_grid_10 seed=4 4.42s
2476 done chncxr vgg13 CHNCXR_0142_0 rise_grid_10 seed=3 4.43s
2477 done chncxr vgg13 CHNCXR_0142_0 rise_mask_0.75 seed=0 4.49s
2478 done chncxr vgg13 CHNCXR_0142_0 lime_slic_300 seed=3 2.26s
2479 done chncxr vgg13 CHNCXR_0142_0 rise_grid_14 seed=1 4.28s
2480 done chncxr vgg13 CHNCXR_0142_0 rise_mask_0.75 seed=2 4.50s
2481 done chncxr vgg13 CHNCXR_0142_0 lime_slic_200 seed=4 2.24s
2482 done chncxr vgg13 CHNCXR_0142_0 lime_mask_0.75 seed=1 2.22s
2483 done chncxr vgg13 CHNCXR_0142_0 rise_mask_0.25 seed=3 4.49s
2484 done chncxr vgg13 CHNCXR_0142_0 rise_grid_10 seed=2 4.43s
2485 done chncxr vgg13 CHNCXR_0142_0 lime_slic_50 seed=2 2.18s
2486 done chncxr vgg13 CHNCXR_0142_0 rise_mask_0.25 seed=4 4.47s
2487 done chncxr vgg13 CHNCXR_0142_0 rise_grid_4 seed=0 4.88s
2488 done chncxr vgg13 CHNCXR_0142_0 rise_grid_14 seed=0 4.25s
2489 done chncxr vgg13 CHNCXR_0142_0 rise_grid_4 seed=3 4.89s
2490 done chncxr vgg13 CHNCXR_0142_0 lime_slic_200 seed=1 2.25s
2491 done chncxr vgg13 CHNCXR_0142_0 lime_mask_0.25 seed=3 2.22s
2492 done chncxr vgg13 CHNCXR_0142_0 lime_slic_300 seed=2 2.28s
2493 done chncxr vgg13 CHNCXR_0142_0 rise_mask_0.75 seed=1 4.50s
2494 done chncxr vgg13 CHNCXR_0142_0 lime_slic_50 seed=1 2.20s
2495 done chncxr vgg13 CHNCXR_0142_0 rise_mask_0.75 seed=3 3.25s
2496 done chncxr vgg13 CHNCXR_0142_0 rise_grid_4 seed=2 3.66s
2497 done chncxr vgg13 CHNCXR_0142_0 lime_mask_0.75 seed=0 2.22s
2498 done chncxr vgg13 CHNCXR_0142_0 lime_mask_0.75 seed=4 2.16s
2499 done chncxr vgg13 CHNCXR_0142_0 rise_mask_0.25 seed=0 3.29s
2500 done chncxr vgg13 CHNCXR_0142_0 lime_slic_50 seed=0 2.22s
2501 done chncxr vgg13 CHNCXR_0161_0 rise_grid_4 seed=4 3.66s
2502 done chncxr vgg13 CHNCXR_0161_0 rise_grid_4 seed=2 3.67s
2503 done chncxr vgg13 CHNCXR_0161_0 lime_slic_50 seed=0 2.22s
2504 done chncxr vgg13 CHNCXR_0161_0 rise_grid_4 seed=1 3.66s
2505 done chncxr vgg13 CHNCXR_0161_0 lime_mask_0.25 seed=2 2.20s
2506 done chncxr vgg13 CHNCXR_0161_0 rise_grid_4 seed=0 3.61s
2507 done chncxr vgg13 CHNCXR_0161_0 rise_grid_14 seed=3 3.17s
2508 done chncxr vgg13 CHNCXR_0161_0 lime_mask_0.75 seed=3 2.21s
2509 done chncxr vgg13 CHNCXR_0161_0 rise_grid_10 seed=1 3.25s
2510 done chncxr vgg13 CHNCXR_0161_0 rise_grid_14 seed=2 3.47s
2511 done chncxr vgg13 CHNCXR_0161_0 lime_slic_300 seed=1 2.27s
2512 done chncxr vgg13 CHNCXR_0161_0 lime_slic_50 seed=4 2.21s
2513 done chncxr vgg13 CHNCXR_0161_0 lime_slic_200 seed=0 2.24s
2514 done chncxr vgg13 CHNCXR_0161_0 lime_mask_0.75 seed=1 2.21s
2515 done chncxr vgg13 CHNCXR_0161_0 rise_mask_0.75 seed=1 4.49s
2516 done chncxr vgg13 CHNCXR_0161_0 lime_slic_200 seed=1 2.24s
2517 done chncxr vgg13 CHNCXR_0161_0 rise_mask_0.25 seed=2 4.49s
2518 done chncxr vgg13 CHNCXR_0161_0 rise_grid_10 seed=2 4.43s
2519 done chncxr vgg13 CHNCXR_0161_0 lime_slic_300 seed=3 2.27s
2520 done chncxr vgg13 CHNCXR_0161_0 rise_grid_10 seed=4 4.43s
2521 done chncxr vgg13 CHNCXR_0161_0 rise_grid_10 seed=0 4.43s
2522 done chncxr vgg13 CHNCXR_0161_0 lime_slic_200 seed=2 2.25s
2523 done chncxr vgg13 CHNCXR_0161_0 rise_mask_0.25 seed=3 4.51s
2524 done chncxr vgg13 CHNCXR_0161_0 lime_mask_0.75 seed=0 2.21s
2525 done chncxr vgg13 CHNCXR_0161_0 lime_slic_300 seed=4 2.28s
2526 done chncxr vgg13 CHNCXR_0161_0 rise_mask_0.75 seed=2 4.49s
2527 done chncxr vgg13 CHNCXR_0161_0 rise_grid_14 seed=4 4.25s
2528 done chncxr vgg13 CHNCXR_0161_0 lime_slic_50 seed=1 2.20s
2529 done chncxr vgg13 CHNCXR_0161_0 rise_grid_14 seed=0 4.25s
2530 done chncxr vgg13 CHNCXR_0161_0 rise_grid_4 seed=3 4.89s
2531 done chncxr vgg13 CHNCXR_0161_0 rise_mask_0.25 seed=0 3.60s
2532 done chncxr vgg13 CHNCXR_0161_0 lime_slic_200 seed=3 2.24s
2533 done chncxr vgg13 CHNCXR_0161_0 lime_slic_50 seed=2 2.20s
2534 done chncxr vgg13 CHNCXR_0161_0 rise_mask_0.25 seed=4 3.25s
2535 done chncxr vgg13 CHNCXR_0161_0 lime_slic_300 seed=2 2.26s
2536 done chncxr vgg13 CHNCXR_0161_0 rise_grid_10 seed=3 3.25s
2537 done chncxr vgg13 CHNCXR_0161_0 lime_mask_0.25 seed=1 2.20s
2538 done chncxr vgg13 CHNCXR_0161_0 rise_grid_14 seed=1 3.10s
2539 done chncxr vgg13 CHNCXR_0161_0 rise_mask_0.75 seed=0 3.30s
2540 done chncxr vgg13 CHNCXR_0161_0 lime_mask_0.25 seed=4 2.20s
2541 done chncxr vgg13 CHNCXR_0161_0 lime_slic_50 seed=3 2.13s
2542 done chncxr vgg13 CHNCXR_0161_0 lime_mask_0.25 seed=0 2.13s
2543 done chncxr vgg13 CHNCXR_0161_0 rise_mask_0.75 seed=4 3.26s
2544 done chncxr vgg13 CHNCXR_0161_0 rise_mask_0.75 seed=3 3.30s
2545 done chncxr vgg13 CHNCXR_0161_0 lime_mask_0.25 seed=3 2.30s
2546 done chncxr vgg13 CHNCXR_0161_0 lime_slic_300 seed=0 2.36s
2547 done chncxr vgg13 CHNCXR_0161_0 lime_slic_200 seed=4 2.33s
2548 done chncxr vgg13 CHNCXR_0161_0 lime_mask_0.75 seed=4 2.30s
2549 done chncxr vgg13 CHNCXR_0161_0 lime_mask_0.75 seed=2 2.24s
2550 done chncxr vgg13 CHNCXR_0161_0 rise_mask_0.25 seed=1 3.35s
2551 done chncxr vgg13 CHNCXR_0165_0 rise_grid_10 seed=1 3.32s
2552 done chncxr vgg13 CHNCXR_0165_0 rise_mask_0.75 seed=3 3.36s
2553 done chncxr vgg13 CHNCXR_0165_0 rise_mask_0.25 seed=0 3.38s
2554 done chncxr vgg13 CHNCXR_0165_0 lime_slic_200 seed=3 2.34s
2555 done chncxr vgg13 CHNCXR_0165_0 lime_slic_50 seed=1 2.30s
2556 done chncxr vgg13 CHNCXR_0165_0 lime_mask_0.75 seed=4 2.30s
2557 done chncxr vgg13 CHNCXR_0165_0 lime_slic_50 seed=2 2.28s
2558 done chncxr vgg13 CHNCXR_0165_0 rise_mask_0.25 seed=4 3.70s
2559 done chncxr vgg13 CHNCXR_0165_0 rise_grid_10 seed=0 3.27s
2560 done chncxr vgg13 CHNCXR_0165_0 lime_mask_0.75 seed=2 2.24s
2561 done chncxr vgg13 CHNCXR_0165_0 rise_grid_14 seed=4 3.10s
2562 done chncxr vgg13 CHNCXR_0165_0 lime_slic_300 seed=4 2.29s
2563 done chncxr vgg13 CHNCXR_0165_0 lime_mask_0.25 seed=3 2.24s
2564 done chncxr vgg13 CHNCXR_0165_0 rise_grid_14 seed=3 3.10s
2565 done chncxr vgg13 CHNCXR_0165_0 rise_grid_4 seed=1 3.66s
2566 done chncxr vgg13 CHNCXR_0165_0 lime_mask_0.75 seed=3 2.24s
2567 done chncxr vgg13 CHNCXR_0165_0 rise_mask_0.75 seed=0 3.27s
2568 done chncxr vgg13 CHNCXR_0165_0 lime_mask_0.75 seed=1 2.24s
2569 done chncxr vgg13 CHNCXR_0165_0 lime_slic_50 seed=3 2.23s
2570 done chncxr vgg13 CHNCXR_0165_0 rise_mask_0.75 seed=4 3.31s
2571 done chncxr vgg13 CHNCXR_0165_0 lime_slic_300 seed=3 2.28s
2572 done chncxr vgg13 CHNCXR_0165_0 rise_grid_4 seed=4 3.66s
2573 done chncxr vgg13 CHNCXR_0165_0 rise_grid_14 seed=1 3.22s
2574 done chncxr vgg13 CHNCXR_0165_0 lime_mask_0.25 seed=2 2.25s
2575 done chncxr vgg13 CHNCXR_0165_0 lime_mask_0.25 seed=1 2.25s
2576 done chncxr vgg13 CHNCXR_0165_0 lime_slic_300 seed=0 2.31s
2577 done chncxr vgg13 CHNCXR_0165_0 rise_grid_4 seed=2 3.66s
2578 done chncxr vgg13 CHNCXR_0165_0 lime_slic_50 seed=0 2.24s
2579 done chncxr vgg13 CHNCXR_0165_0 rise_grid_4 seed=3 3.66s
2580 done chncxr vgg13 CHNCXR_0165_0 rise_grid_14 seed=0 4.33s
2581 done chncxr vgg13 CHNCXR_0165_0 lime_slic_200 seed=0 2.62s
2582 done chncxr vgg13 CHNCXR_0165_0 rise_grid_10 seed=4 4.60s
2583 done chncxr vgg13 CHNCXR_0165_0 rise_grid_14 seed=2 4.33s
2584 done chncxr vgg13 CHNCXR_0165_0 rise_grid_10 seed=3 4.60s
2585 done chncxr vgg13 CHNCXR_0165_0 lime_mask_0.25 seed=0 2.58s
2586 done chncxr vgg13 CHNCXR_0165_0 rise_grid_4 seed=0 5.26s
2587 done chncxr vgg13 CHNCXR_0165_0 rise_mask_0.25 seed=3 4.69s
2588 done chncxr vgg13 CHNCXR_0165_0 rise_mask_0.75 seed=1 4.69s
2589 done chncxr vgg13 CHNCXR_0165_0 lime_slic_300 seed=1 2.65s
2590 done chncxr vgg13 CHNCXR_0165_0 rise_mask_0.75 seed=2 4.68s
2591 done chncxr vgg13 CHNCXR_0165_0 lime_slic_300 seed=2 2.65s
2592 done chncxr vgg13 CHNCXR_0165_0 lime_slic_200 seed=1 2.56s
2593 done chncxr vgg13 CHNCXR_0165_0 lime_slic_200 seed=2 2.29s
2594 done chncxr vgg13 CHNCXR_0165_0 rise_mask_0.25 seed=1 4.27s
2595 done chncxr vgg13 CHNCXR_0165_0 lime_slic_200 seed=4 2.28s
2596 done chncxr vgg13 CHNCXR_0165_0 lime_mask_0.75 seed=0 2.25s
2597 done chncxr vgg13 CHNCXR_0165_0 lime_mask_0.25 seed=4 2.18s
2598 done chncxr vgg13 CHNCXR_0165_0 lime_slic_50 seed=4 2.24s
2599 done chncxr vgg13 CHNCXR_0165_0 rise_mask_0.25 seed=2 3.26s
2600 done chncxr vgg13 CHNCXR_0165_0 rise_grid_10 seed=2 3.27s
2601 done chncxr vgg13 CHNCXR_0175_0 rise_grid_10 seed=4 3.26s
2602 done chncxr vgg13 CHNCXR_0175_0 rise_mask_0.25 seed=2 3.31s
2603 done chncxr vgg13 CHNCXR_0175_0 lime_slic_50 seed=1 2.25s
2604 done chncxr vgg13 CHNCXR_0175_0 lime_slic_300 seed=3 2.29s
2605 done chncxr vgg13 CHNCXR_0175_0 lime_slic_50 seed=3 2.24s
2606 done chncxr vgg13 CHNCXR_0175_0 rise_grid_4 seed=2 3.67s
2607 done chncxr vgg13 CHNCXR_0175_0 rise_grid_14 seed=4 3.10s
2608 done chncxr vgg13 CHNCXR_0175_0 rise_mask_0.75 seed=2 3.30s
2609 done chncxr vgg13 CHNCXR_0175_0 lime_mask_0.25 seed=4 2.24s
2610 done chncxr vgg13 CHNCXR_0175_0 lime_mask_0.75 seed=0 2.24s
2611 done chncxr vgg13 CHNCXR_0175_0 lime_slic_200 seed=3 2.26s
2612 done chncxr vgg13 CHNCXR_0175_0 lime_slic_300 seed=1 2.30s
2613 done chncxr vgg13 CHNCXR_0175_0 lime_mask_0.75 seed=1 2.25s
2614 done chncxr vgg13 CHNCXR_0175_0 rise_grid_14 seed=0 3.10s
2615 done chncxr vgg13 CHNCXR_0175_0 rise_mask_0.75 seed=1 3.31s
2616 done chncxr vgg13 CHNCXR_0175_0 rise_grid_4 seed=3 3.65s
2617 done chncxr vgg13 CHNCXR_0175_0 rise_grid_14 seed=2 3.10s
2618 done chncxr vgg13 CHNCXR_0175_0 lime_slic_50 seed=4 2.24s
2619 done chncxr vgg13 CHNCXR_0175_0 rise_mask_0.25 seed=4 3.29s
2620 done chncxr vgg13 CHNCXR_0175_0 rise_grid_4 seed=4 3.66s
2621 done chncxr vgg13 CHNCXR_0175_0 rise_mask_0.75 seed=0 3.31s
2622 done chncxr vgg13 CHNCXR_0175_0 lime_mask_0.75 seed=3 2.25s
2623 done chncxr vgg13 CHNCXR_0175_0 lime_mask_0.25 seed=1 2.25s
2624 done chncxr vgg13 CHNCXR_0175_0 lime_slic_50 seed=2 2.26s
2625 done chncxr vgg13 CHNCXR_0175_0 rise_grid_14 seed=3 4.23s
2626 done chncxr vgg13 CHNCXR_0175_0 rise_mask_0.75 seed=4 4.51s
2627 done chncxr vgg13 CHNCXR_0175_0 rise_grid_10 seed=1 4.44s
2628 done chncxr vgg13 CHNCXR_0175_0 rise_grid_10 seed=0 4.45s
2629 done chncxr vgg13 CHNCXR_0175_0 lime_mask_0.25 seed=3 2.23s
2630 done chncxr vgg13 CHNCXR_0175_0 rise_mask_0.25 seed=0 4.49s
2631 done chncxr vgg13 CHNCXR_0175_0 rise_mask_0.25 seed=3 4.49s
2632 done chncxr vgg13 CHNCXR_0175_0 lime_slic_200 seed=0 2.27s
2633 done chncxr vgg13 CHNCXR_0175_0 rise_mask_0.25 seed=1 4.50s
2634 done chncxr vgg13 CHNCXR_0175_0 rise_mask_0.75 seed=3 4.50s
2635 done chncxr vgg13 CHNCXR_0175_0 lime_mask_0.75 seed=2 2.24s
2636 done chncxr vgg13 CHNCXR_0175_0 lime_slic_50 seed=0 2.23s
2637 done chncxr vgg13 CHNCXR_0175_0 lime_mask_0.75 seed=4 2.24s
2638 done chncxr vgg13 CHNCXR_0175_0 lime_slic_300 seed=0 2.29s
2639 done chncxr vgg13 CHNCXR_0175_0 lime_slic_200 seed=4 2.27s
2640 done chncxr vgg13 CHNCXR_0175_0 rise_grid_10 seed=3 4.45s
2641 done chncxr vgg13 CHNCXR_0175_0 rise_grid_14 seed=1 4.26s
2642 done chncxr vgg13 CHNCXR_0175_0 lime_slic_200 seed=2 2.28s
2643 done chncxr vgg13 CHNCXR_0175_0 lime_slic_300 seed=4 2.31s
2644 done chncxr vgg13 CHNCXR_0175_0 rise_grid_10 seed=2 4.18s
2645 done chncxr vgg13 CHNCXR_0175_0 rise_grid_4 seed=0 3.68s
2646 done chncxr vgg13 CHNCXR_0175_0 lime_mask_0.25 seed=2 2.21s
2647 done chncxr vgg13 CHNCXR_0175_0 lime_slic_200 seed=1 2.23s
2648 done chncxr vgg13 CHNCXR_0175_0 lime_slic_300 seed=2 2.24s
2649 done chncxr vgg13 CHNCXR_0175_0 lime_mask_0.25 seed=0 2.19s
2650 done chncxr vgg13 CHNCXR_0175_0 rise_grid_4 seed=1 3.59s
2651 done chncxr vgg13 CHNCXR_0194_0 lime_mask_0.75 seed=3 2.20s
2652 done chncxr vgg13 CHNCXR_0194_0 rise_grid_10 seed=4 3.26s
2653 done chncxr vgg13 CHNCXR_0194_0 lime_slic_50 seed=3 2.20s
2654 done chncxr vgg13 CHNCXR_0194_0 rise_mask_0.25 seed=3 3.30s
2655 done chncxr vgg13 CHNCXR_0194_0 lime_slic_50 seed=1 2.21s
2656 done chncxr vgg13 CHNCXR_0194_0 lime_mask_0.75 seed=1 2.23s
2657 done chncxr vgg13 CHNCXR_0194_0 lime_mask_0.75 seed=4 2.14s
2658 done chncxr vgg13 CHNCXR_0194_0 lime_mask_0.75 seed=2 2.24s
2659 done chncxr vgg13 CHNCXR_0194_0 rise_mask_0.25 seed=0 4.50s
2660 done chncxr vgg13 CHNCXR_0194_0 lime_mask_0.25 seed=3 2.24s
2661 done chncxr vgg13 CHNCXR_0194_0 rise_grid_10 seed=0 3.26s
2662 done chncxr vgg13 CHNCXR_0194_0 lime_slic_50 seed=2 2.24s
2663 done chncxr vgg13 CHNCXR_0194_0 lime_slic_200 seed=3 2.27s
2664 done chncxr vgg13 CHNCXR_0194_0 lime_slic_200 seed=0 2.25s
2665 done chncxr vgg13 CHNCXR_0194_0 rise_grid_10 seed=2 4.43s
2666 done chncxr vgg13 CHNCXR_0194_0 lime_slic_50 seed=4 2.21s
2667 done chncxr vgg13 CHNCXR_0194_0 rise_mask_0.75 seed=1 4.49s
2668 done chncxr vgg13 CHNCXR_0194_0 lime_slic_50 seed=0 2.20s
2669 done chncxr vgg13 CHNCXR_0194_0 lime_slic_300 seed=3 2.27s
2670 done chncxr vgg13 CHNCXR_0194_0 rise_grid_4 seed=4 4.88s
2671 done chncxr vgg13 CHNCXR_0194_0 lime_mask_0.75 seed=0 2.22s
2672 done chncxr vgg13 CHNCXR_0194_0 lime_slic_300 seed=0 2.27s
2673 done chncxr vgg13 CHNCXR_0194_0 rise_mask_0.75 seed=4 4.48s
2674 done chncxr vgg13 CHNCXR_0194_0 rise_grid_14 seed=0 4.24s
2675 done chncxr vgg13 CHNCXR_0194_0 rise_mask_0.25 seed=4 4.49s
2676 done chncxr vgg13 CHNCXR_0194_0 lime_mask_0.25 seed=1 2.20s
2677 done chncxr vgg13 CHNCXR_0194_0 rise_grid_4 seed=0 4.88s
2678 done chncxr vgg13 CHNCXR_0194_0 lime_mask_0.25 seed=0 2.21s
2679 done chncxr vgg13 CHNCXR_0194_0 rise_grid_10 seed=3 4.43s
2680 done chncxr vgg13 CHNCXR_0194_0 rise_grid_14 seed=3 4.25s
2681 done chncxr vgg13 CHNCXR_0194_0 rise_mask_0.25 seed=1 4.49s
2682 done chncxr vgg13 CHNCXR_0194_0 rise_mask_0.75 seed=3 4.49s
2683 done chncxr vgg13 CHNCXR_0194_0 rise_grid_4 seed=3 4.89s
2684 done chncxr vgg13 CHNCXR_0194_0 rise_grid_14 seed=4 4.25s
2685 done chncxr vgg13 CHNCXR_0194_0 lime_slic_300 seed=1 2.26s
2686 done chncxr vgg13 CHNCXR_0194_0 lime_slic_300 seed=2 2.27s
2687 done chncxr vgg13 CHNCXR_0194_0 rise_mask_0.75 seed=0 4.49s
2688 done chncxr vgg13 CHNCXR_0194_0 rise_mask_0.25 seed=2 4.49s
2689 done chncxr vgg13 CHNCXR_0194_0 lime_slic_200 seed=1 2.24s
2690 done chncxr vgg13 CHNCXR_0194_0 lime_mask_0.25 seed=2 2.19s
2691 done chncxr vgg13 CHNCXR_0194_0 rise_grid_4 seed=1 4.88s
2692 done chncxr vgg13 CHNCXR_0194_0 rise_grid_14 seed=1 4.25s
2693 done chncxr vgg13 CHNCXR_0194_0 lime_slic_200 seed=4 2.25s
2694 done chncxr vgg13 CHNCXR_0194_0 rise_grid_4 seed=2 4.89s
2695 done chncxr vgg13 CHNCXR_0194_0 lime_slic_200 seed=2 2.26s
2696 done chncxr vgg13 CHNCXR_0194_0 rise_mask_0.75 seed=2 4.49s
2697 done chncxr vgg13 CHNCXR_0194_0 rise_grid_10 seed=1 4.44s
2698 done chncxr vgg13 CHNCXR_0194_0 rise_grid_14 seed=2 4.25s
2699 done chncxr vgg13 CHNCXR_0194_0 lime_slic_300 seed=4 2.28s
2700 done chncxr vgg13 CHNCXR_0194_0 lime_mask_0.25 seed=4 2.21s
2701 done chncxr vgg13 CHNCXR_0209_0 lime_slic_300 seed=0 2.28s
2702 done chncxr vgg13 CHNCXR_0209_0 rise_grid_4 seed=1 4.89s
2703 done chncxr vgg13 CHNCXR_0209_0 lime_slic_50 seed=4 2.21s
2704 done chncxr vgg13 CHNCXR_0209_0 lime_mask_0.25 seed=3 2.21s
2705 done chncxr vgg13 CHNCXR_0209_0 rise_mask_0.25 seed=0 4.49s
2706 done chncxr vgg13 CHNCXR_0209_0 rise_grid_4 seed=3 4.89s
2707 done chncxr vgg13 CHNCXR_0209_0 rise_mask_0.25 seed=1 4.49s
2708 done chncxr vgg13 CHNCXR_0209_0 rise_mask_0.25 seed=3 4.48s
2709 done chncxr vgg13 CHNCXR_0209_0 lime_slic_50 seed=1 2.18s
2710 done chncxr vgg13 CHNCXR_0209_0 rise_mask_0.75 seed=2 4.49s
2711 done chncxr vgg13 CHNCXR_0209_0 lime_mask_0.25 seed=0 2.20s
2712 done chncxr vgg13 CHNCXR_0209_0 lime_mask_0.25 seed=2 2.21s
2713 done chncxr vgg13 CHNCXR_0209_0 rise_grid_14 seed=2 4.25s
2714 done chncxr vgg13 CHNCXR_0209_0 lime_mask_0.75 seed=0 2.21s
2715 done chncxr vgg13 CHNCXR_0209_0 lime_slic_300 seed=4 2.27s
2716 done chncxr vgg13 CHNCXR_0209_0 lime_slic_300 seed=2 2.26s
2717 done chncxr vgg13 CHNCXR_0209_0 lime_mask_0.75 seed=3 2.23s
2718 done chncxr vgg13 CHNCXR_0209_0 rise_grid_14 seed=1 4.25s
2719 done chncxr vgg13 CHNCXR_0209_0 lime_slic_200 seed=1 2.26s
2720 done chncxr vgg13 CHNCXR_0209_0 lime_mask_0.75 seed=4 2.21s
2721 done chncxr vgg13 CHNCXR_0209_0 rise_grid_10 seed=1 4.43s
2722 done chncxr vgg13 CHNCXR_0209_0 rise_grid_10 seed=4 4.43s
2723 done chncxr vgg13 CHNCXR_0209_0 rise_grid_4 seed=2 4.88s
2724 done chncxr vgg13 CHNCXR_0209_0 rise_grid_4 seed=4 4.89s
2725 done chncxr vgg13 CHNCXR_0209_0 lime_slic_50 seed=3 2.21s
2726 done chncxr vgg13 CHNCXR_0209_0 rise_grid_10 seed=3 4.44s
2727 done chncxr vgg13 CHNCXR_0209_0 rise_mask_0.75 seed=4 4.49s
2728 done chncxr vgg13 CHNCXR_0209_0 rise_mask_0.75 seed=0 4.50s
2729 done chncxr vgg13 CHNCXR_0209_0 lime_mask_0.75 seed=2 2.22s
2730 done chncxr vgg13 CHNCXR_0209_0 lime_slic_50 seed=0 2.20s
2731 done chncxr vgg13 CHNCXR_0209_0 lime_slic_200 seed=2 2.25s
2732 done chncxr vgg13 CHNCXR_0209_0 lime_slic_300 seed=1 2.28s
2733 done chncxr vgg13 CHNCXR_0209_0 rise_mask_0.25 seed=4 4.49s
2734 done chncxr vgg13 CHNCXR_0209_0 rise_grid_4 seed=0 4.89s
2735 done chncxr vgg13 CHNCXR_0209_0 rise_mask_0.75 seed=1 4.50s
2736 done chncxr vgg13 CHNCXR_0209_0 lime_slic_200 seed=4 2.25s
2737 done chncxr vgg13 CHNCXR_0209_0 rise_grid_14 seed=0 4.25s
2738 done chncxr vgg13 CHNCXR_0209_0 lime_slic_300 seed=3 2.28s
2739 done chncxr vgg13 CHNCXR_0209_0 lime_slic_200 seed=3 2.25s
2740 done chncxr vgg13 CHNCXR_0209_0 rise_grid_14 seed=3 4.25s
2741 done chncxr vgg13 CHNCXR_0209_0 rise_grid_10 seed=0 4.44s
2742 done chncxr vgg13 CHNCXR_0209_0 lime_mask_0.75 seed=1 2.23s
2743 done chncxr vgg13 CHNCXR_0209_0 rise_mask_0.75 seed=3 4.50s
2744 done chncxr vgg13 CHNCXR_0209_0 lime_slic_200 seed=0 2.25s
2745 done chncxr vgg13 CHNCXR_0209_0 rise_mask_0.25 seed=2 4.50s
2746 done chncxr vgg13 CHNCXR_0209_0 rise_grid_14 seed=4 4.25s
2747 done chncxr vgg13 CHNCXR_0209_0 rise_grid_10 seed=2 4.44s
2748 done chncxr vgg13 CHNCXR_0209_0 lime_slic_50 seed=2 2.22s
2749 done chncxr vgg13 CHNCXR_0209_0 lime_mask_0.25 seed=4 2.22s
2750 done chncxr vgg13 CHNCXR_0209_0 lime_mask_0.25 seed=1 2.21s
2751 done chncxr vgg13 CHNCXR_0218_0 lime_slic_300 seed=1 2.29s
2752 done chncxr vgg13 CHNCXR_0218_0 rise_grid_14 seed=4 4.25s
2753 done chncxr vgg13 CHNCXR_0218_0 rise_mask_0.75 seed=3 4.50s
2754 done chncxr vgg13 CHNCXR_0218_0 lime_mask_0.75 seed=3 2.23s
2755 done chncxr vgg13 CHNCXR_0218_0 lime_mask_0.75 seed=0 2.22s
2756 done chncxr vgg13 CHNCXR_0218_0 lime_slic_200 seed=4 2.26s
2757 done chncxr vgg13 CHNCXR_0218_0 rise_grid_14 seed=1 4.29s
2758 done chncxr vgg13 CHNCXR_0218_0 rise_mask_0.25 seed=0 4.49s
2759 done chncxr vgg13 CHNCXR_0218_0 rise_mask_0.75 seed=0 4.49s
2760 done chncxr vgg13 CHNCXR_0218_0 lime_slic_200 seed=3 2.25s
2761 done chncxr vgg13 CHNCXR_0218_0 rise_mask_0.25 seed=3 4.49s
2762 done chncxr vgg13 CHNCXR_0218_0 lime_mask_0.25 seed=0 2.22s
2763 done chncxr vgg13 CHNCXR_0218_0 rise_grid_14 seed=3 4.24s
2764 done chncxr vgg13 CHNCXR_0218_0 rise_grid_10 seed=2 4.43s
2765 done chncxr vgg13 CHNCXR_0218_0 rise_grid_4 seed=1 4.88s
2766 done chncxr vgg13 CHNCXR_0218_0 lime_mask_0.75 seed=2 2.17s
2767 done chncxr vgg13 CHNCXR_0218_0 rise_grid_10 seed=3 4.41s
2768 done chncxr vgg13 CHNCXR_0218_0 lime_mask_0.75 seed=4 2.17s
2769 done chncxr vgg13 CHNCXR_0218_0 lime_mask_0.25 seed=4 2.17s
2770 done chncxr vgg13 CHNCXR_0218_0 rise_grid_10 seed=4 4.22s
2771 done chncxr vgg13 CHNCXR_0218_0 lime_slic_50 seed=1 2.21s
2772 done chncxr vgg13 CHNCXR_0218_0 lime_slic_50 seed=4 2.21s
2773 done chncxr vgg13 CHNCXR_0218_0 lime_slic_300 seed=2 2.28s
2774 done chncxr vgg13 CHNCXR_0218_0 lime_slic_200 seed=1 2.25s
2775 done chncxr vgg13 CHNCXR_0218_0 rise_grid_4 seed=0 4.90s
2776 done chncxr vgg13 CHNCXR_0218_0 lime_mask_0.25 seed=2 2.22s
2777 done chncxr vgg13 CHNCXR_0218_0 rise_mask_0.25 seed=1 4.50s
2778 done chncxr vgg13 CHNCXR_0218_0 rise_grid_4 seed=2 4.87s
2779 done chncxr vgg13 CHNCXR_0218_0 rise_grid_10 seed=0 4.41s
2780 done chncxr vgg13 CHNCXR_0218_0 rise_mask_0.75 seed=4 4.24s
2781 done chncxr vgg13 CHNCXR_0218_0 lime_slic_200 seed=2 2.32s
2782 done chncxr vgg13 CHNCXR_0218_0 rise_mask_0.75 seed=1 3.76s
2783 done chncxr vgg13 CHNCXR_0218_0 lime_slic_50 seed=0 2.21s
2784 done chncxr vgg13 CHNCXR_0218_0 rise_grid_14 seed=0 4.25s
2785 done chncxr vgg13 CHNCXR_0218_0 rise_grid_14 seed=2 4.25s
2786 done chncxr vgg13 CHNCXR_0218_0 rise_mask_0.25 seed=4 4.50s
2787 done chncxr vgg13 CHNCXR_0218_0 rise_grid_4 seed=3 4.27s
2788 done chncxr vgg13 CHNCXR_0218_0 lime_slic_300 seed=4 2.31s
2789 done chncxr vgg13 CHNCXR_0218_0 lime_mask_0.25 seed=1 2.26s
2790 done chncxr vgg13 CHNCXR_0218_0 lime_slic_50 seed=3 2.24s
2791 done chncxr vgg13 CHNCXR_0218_0 lime_slic_300 seed=0 2.31s
2792 done chncxr vgg13 CHNCXR_0218_0 rise_grid_4 seed=4 3.66s
2793 done chncxr vgg13 CHNCXR_0218_0 rise_mask_0.25 seed=2 3.48s
2794 done chncxr vgg13 CHNCXR_0218_0 lime_mask_0.25 seed=3 2.23s
2795 done chncxr vgg13 CHNCXR_0218_0 rise_mask_0.75 seed=2 3.33s
2796 done chncxr vgg13 CHNCXR_0218_0 lime_slic_50 seed=2 2.24s
2797 done chncxr vgg13 CHNCXR_0218_0 lime_mask_0.75 seed=1 2.22s
2798 done chncxr vgg13 CHNCXR_0218_0 lime_slic_200 seed=0 2.28s
2799 done chncxr vgg13 CHNCXR_0218_0 rise_grid_10 seed=1 3.27s
2800 done chncxr vgg13 CHNCXR_0218_0 lime_slic_300 seed=3 2.30s
2801 done chncxr vgg13 CHNCXR_0230_0 lime_slic_300 seed=2 2.30s
2802 done chncxr vgg13 CHNCXR_0230_0 rise_grid_4 seed=0 3.67s
2803 done chncxr vgg13 CHNCXR_0230_0 rise_mask_0.75 seed=2 3.33s
2804 done chncxr vgg13 CHNCXR_0230_0 lime_slic_50 seed=0 2.24s
2805 done chncxr vgg13 CHNCXR_0230_0 rise_mask_0.75 seed=0 3.31s
2806 done chncxr vgg13 CHNCXR_0230_0 rise_grid_14 seed=3 3.16s
2807 done chncxr vgg13 CHNCXR_0230_0 lime_slic_300 seed=3 2.30s
2808 done chncxr vgg13 CHNCXR_0230_0 lime_mask_0.25 seed=0 2.22s
2809 done chncxr vgg13 CHNCXR_0230_0 rise_grid_10 seed=0 3.27s
2810 done chncxr vgg13 CHNCXR_0230_0 lime_slic_300 seed=1 2.29s
2811 done chncxr vgg13 CHNCXR_0230_0 lime_slic_200 seed=3 2.26s
2812 done chncxr vgg13 CHNCXR_0230_0 lime_slic_50 seed=2 2.22s
2813 done chncxr vgg13 CHNCXR_0230_0 lime_slic_300 seed=0 2.29s
2814 done chncxr vgg13 CHNCXR_0230_0 rise_mask_0.75 seed=4 3.33s
2815 done chncxr vgg13 CHNCXR_0230_0 rise_mask_0.25 seed=0 3.34s
2816 done chncxr vgg13 CHNCXR_0230_0 lime_mask_0.25 seed=4 2.23s
2817 done chncxr vgg13 CHNCXR_0230_0 lime_mask_0.25 seed=2 2.24s
2818 done chncxr vgg13 CHNCXR_0230_0 lime_mask_0.75 seed=0 2.27s
2819 done chncxr vgg13 CHNCXR_0230_0 rise_grid_4 seed=3 4.96s
2820 done chncxr vgg13 CHNCXR_0230_0 lime_mask_0.25 seed=1 2.26s
2821 done chncxr vgg13 CHNCXR_0230_0 rise_grid_10 seed=1 3.63s
2822 done chncxr vgg13 CHNCXR_0230_0 lime_slic_200 seed=0 2.26s
2823 done chncxr vgg13 CHNCXR_0230_0 rise_grid_4 seed=2 3.67s
2824 done chncxr vgg13 CHNCXR_0230_0 rise_grid_10 seed=2 3.29s
2825 done chncxr vgg13 CHNCXR_0230_0 rise_grid_4 seed=1 3.67s
2826 done chncxr vgg13 CHNCXR_0230_0 lime_mask_0.25 seed=3 2.22s
2827 done chncxr vgg13 CHNCXR_0230_0 lime_slic_200 seed=2 2.26s
2828 done chncxr vgg13 CHNCXR_0230_0 lime_mask_0.75 seed=2 2.21s
2829 done chncxr vgg13 CHNCXR_0230_0 rise_grid_4 seed=4 3.69s
2830 done chncxr vgg13 CHNCXR_0230_0 rise_grid_14 seed=1 3.14s
2831 done chncxr vgg13 CHNCXR_0230_0 rise_mask_0.25 seed=3 3.33s
2832 done chncxr vgg13 CHNCXR_0230_0 lime_slic_200 seed=1 2.26s
2833 done chncxr vgg13 CHNCXR_0230_0 rise_mask_0.25 seed=1 3.32s
2834 done chncxr vgg13 CHNCXR_0230_0 lime_slic_200 seed=4 2.26s
2835 done chncxr vgg13 CHNCXR_0230_0 rise_grid_14 seed=4 3.10s
2836 done chncxr vgg13 CHNCXR_0230_0 lime_mask_0.75 seed=1 2.21s
2837 done chncxr vgg13 CHNCXR_0230_0 rise_mask_0.25 seed=2 3.32s
2838 done chncxr vgg13 CHNCXR_0230_0 rise_mask_0.75 seed=1 3.31s
2839 done chncxr vgg13 CHNCXR_0230_0 rise_grid_14 seed=2 3.11s
2840 done chncxr vgg13 CHNCXR_0230_0 rise_mask_0.25 seed=4 3.33s
2841 done chncxr vgg13 CHNCXR_0230_0 rise_grid_10 seed=4 3.27s
2842 done chncxr vgg13 CHNCXR_0230_0 lime_mask_0.75 seed=4 2.23s
2843 done chncxr vgg13 CHNCXR_0230_0 lime_slic_50 seed=1 2.22s
2844 done chncxr vgg13 CHNCXR_0230_0 lime_slic_300 seed=4 2.26s
2845 done chncxr vgg13 CHNCXR_0230_0 lime_slic_50 seed=3 2.22s
2846 done chncxr vgg13 CHNCXR_0230_0 rise_mask_0.75 seed=3 3.31s
2847 done chncxr vgg13 CHNCXR_0230_0 lime_slic_50 seed=4 2.23s
2848 done chncxr vgg13 CHNCXR_0230_0 rise_grid_10 seed=3 3.29s
2849 done chncxr vgg13 CHNCXR_0230_0 lime_mask_0.75 seed=3 2.24s
2850 done chncxr vgg13 CHNCXR_0230_0 rise_grid_14 seed=0 3.12s
2851 done chncxr vgg13 CHNCXR_0257_0 lime_slic_300 seed=0 2.29s
2852 done chncxr vgg13 CHNCXR_0257_0 rise_mask_0.75 seed=3 3.33s
2853 done chncxr vgg13 CHNCXR_0257_0 lime_mask_0.25 seed=0 2.23s
2854 done chncxr vgg13 CHNCXR_0257_0 rise_mask_0.25 seed=2 3.32s
2855 done chncxr vgg13 CHNCXR_0257_0 rise_mask_0.25 seed=0 3.34s
2856 done chncxr vgg13 CHNCXR_0257_0 lime_mask_0.75 seed=3 2.24s
2857 done chncxr vgg13 CHNCXR_0257_0 lime_mask_0.75 seed=1 2.23s
2858 done chncxr vgg13 CHNCXR_0257_0 rise_grid_14 seed=3 3.12s
2859 done chncxr vgg13 CHNCXR_0257_0 lime_slic_50 seed=1 2.24s
2860 done chncxr vgg13 CHNCXR_0257_0 rise_grid_14 seed=0 3.11s
2861 done chncxr vgg13 CHNCXR_0257_0 lime_mask_0.75 seed=4 2.24s
2862 done chncxr vgg13 CHNCXR_0257_0 rise_grid_4 seed=4 3.68s
2863 done chncxr vgg13 CHNCXR_0257_0 lime_slic_300 seed=3 2.29s
2864 done chncxr vgg13 CHNCXR_0257_0 rise_grid_4 seed=2 3.67s
2865 done chncxr vgg13 CHNCXR_0257_0 lime_mask_0.75 seed=0 2.24s
2866 done chncxr vgg13 CHNCXR_0257_0 lime_mask_0.75 seed=2 2.23s
2867 done chncxr vgg13 CHNCXR_0257_0 lime_slic_300 seed=4 2.29s
2868 done chncxr vgg13 CHNCXR_0257_0 lime_slic_200 seed=2 2.25s
2869 done chncxr vgg13 CHNCXR_0257_0 lime_mask_0.25 seed=3 2.23s
2870 done chncxr vgg13 CHNCXR_0257_0 lime_slic_50 seed=4 2.21s
2871 done chncxr vgg13 CHNCXR_0257_0 rise_mask_0.25 seed=1 3.31s
2872 done chncxr vgg13 CHNCXR_0257_0 rise_grid_4 seed=3 3.67s
2873 done chncxr vgg13 CHNCXR_0257_0 lime_mask_0.25 seed=4 2.22s
2874 done chncxr vgg13 CHNCXR_0257_0 rise_mask_0.75 seed=2 3.27s
2875 done chncxr vgg13 CHNCXR_0257_0 lime_slic_50 seed=0 2.22s
2876 done chncxr vgg13 CHNCXR_0257_0 lime_slic_200 seed=3 2.26s
2877 done chncxr vgg13 CHNCXR_0257_0 rise_grid_10 seed=4 3.25s
2878 done chncxr vgg13 CHNCXR_0257_0 rise_grid_14 seed=2 3.10s
2879 done chncxr vgg13 CHNCXR_0257_0 lime_slic_300 seed=2 2.28s
2880 done chncxr vgg13 CHNCXR_0257_0 lime_slic_50 seed=3 2.21s
2881 done chncxr vgg13 CHNCXR_0257_0 lime_slic_200 seed=1 2.22s
2882 done chncxr vgg13 CHNCXR_0257_0 rise_grid_10 seed=1 3.27s
2883 done chncxr vgg13 CHNCXR_0257_0 rise_grid_10 seed=2 3.26s
2884 done chncxr vgg13 CHNCXR_0257_0 lime_slic_300 seed=1 2.30s
2885 done chncxr vgg13 CHNCXR_0257_0 rise_grid_10 seed=0 3.27s
2886 done chncxr vgg13 CHNCXR_0257_0 rise_grid_4 seed=0 4.28s
2887 done chncxr vgg13 CHNCXR_0257_0 lime_slic_50 seed=2 2.30s
2888 done chncxr vgg13 CHNCXR_0257_0 rise_grid_10 seed=3 3.33s
2889 done chncxr vgg13 CHNCXR_0257_0 rise_mask_0.75 seed=0 3.40s
2890 done chncxr vgg13 CHNCXR_0257_0 lime_slic_200 seed=0 2.35s
2891 done chncxr vgg13 CHNCXR_0257_0 rise_mask_0.75 seed=4 3.40s
2892 done chncxr vgg13 CHNCXR_0257_0 lime_mask_0.25 seed=2 2.26s
2893 done chncxr vgg13 CHNCXR_0257_0 rise_grid_4 seed=1 3.68s
2894 done chncxr vgg13 CHNCXR_0257_0 rise_mask_0.25 seed=3 3.32s
2895 done chncxr vgg13 CHNCXR_0257_0 rise_grid_14 seed=4 3.13s
2896 done chncxr vgg13 CHNCXR_0257_0 rise_mask_0.25 seed=4 3.31s
2897 done chncxr vgg13 CHNCXR_0257_0 rise_mask_0.75 seed=1 3.32s
2898 done chncxr vgg13 CHNCXR_0257_0 lime_mask_0.25 seed=1 2.25s
2899 done chncxr vgg13 CHNCXR_0257_0 lime_slic_200 seed=4 2.28s
2900 done chncxr vgg13 CHNCXR_0257_0 rise_grid_14 seed=1 3.12s
2901 done chncxr vgg13 CHNCXR_0275_0 lime_mask_0.75 seed=3 2.26s
2902 done chncxr vgg13 CHNCXR_0275_0 lime_mask_0.25 seed=3 2.25s
2903 done chncxr vgg13 CHNCXR_0275_0 lime_slic_50 seed=0 2.25s
2904 done chncxr vgg13 CHNCXR_0275_0 rise_grid_4 seed=2 3.70s
2905 done chncxr vgg13 CHNCXR_0275_0 lime_slic_50 seed=4 2.25s
2906 done chncxr vgg13 CHNCXR_0275_0 lime_mask_0.25 seed=2 2.21s
2907 done chncxr vgg13 CHNCXR_0275_0 rise_grid_14 seed=3 3.11s
2908 done chncxr vgg13 CHNCXR_0275_0 rise_mask_0.75 seed=1 3.34s
2909 done chncxr vgg13 CHNCXR_0275_0 rise_mask_0.25 seed=1 3.32s
2910 done chncxr vgg13 CHNCXR_0275_0 rise_mask_0.25 seed=4 3.32s
2911 done chncxr vgg13 CHNCXR_0275_0 rise_grid_14 seed=2 3.11s
2912 done chncxr vgg13 CHNCXR_0275_0 rise_mask_0.75 seed=3 3.31s
2913 done chncxr vgg13 CHNCXR_0275_0 rise_grid_14 seed=4 3.12s
2914 done chncxr vgg13 CHNCXR_0275_0 lime_slic_300 seed=4 2.30s
2915 done chncxr vgg13 CHNCXR_0275_0 rise_grid_4 seed=0 3.66s
2916 done chncxr vgg13 CHNCXR_0275_0 rise_grid_10 seed=4 3.31s
2917 done chncxr vgg13 CHNCXR_0275_0 lime_slic_300 seed=2 2.30s
2918 done chncxr vgg13 CHNCXR_0275_0 rise_mask_0.25 seed=2 3.32s
2919 done chncxr vgg13 CHNCXR_0275_0 lime_slic_200 seed=2 2.29s
2920 done chncxr vgg13 CHNCXR_0275_0 lime_slic_50 seed=1 2.24s
2921 done chncxr vgg13 CHNCXR_0275_0 lime_slic_200 seed=4 2.27s
2922 done chncxr vgg13 CHNCXR_0275_0 rise_mask_0.75 seed=2 3.32s
2923 done chncxr vgg13 CHNCXR_0275_0 lime_slic_200 seed=0 2.27s
2924 done chncxr vgg13 CHNCXR_0275_0 lime_slic_50 seed=2 2.24s
2925 done chncxr vgg13 CHNCXR_0275_0 rise_grid_10 seed=3 3.28s
2926 done chncxr vgg13 CHNCXR_0275_0 lime_mask_0.25 seed=0 2.24s
2927 done chncxr vgg13 CHNCXR_0275_0 lime_mask_0.75 seed=1 2.25s
2928 done chncxr vgg13 CHNCXR_0275_0 lime_mask_0.25 seed=4 2.23s
2929 done chncxr vgg13 CHNCXR_0275_0 lime_slic_300 seed=3 2.30s
2930 done chncxr vgg13 CHNCXR_0275_0 lime_mask_0.75 seed=0 2.23s
2931 done chncxr vgg13 CHNCXR_0275_0 lime_slic_300 seed=0 2.29s
2932 done chncxr vgg13 CHNCXR_0275_0 rise_grid_10 seed=2 3.26s
2933 done chncxr vgg13 CHNCXR_0275_0 lime_slic_300 seed=1 2.28s
2934 done chncxr vgg13 CHNCXR_0275_0 lime_mask_0.75 seed=2 2.22s
2935 done chncxr vgg13 CHNCXR_0275_0 rise_mask_0.25 seed=0 3.30s
2936 done chncxr vgg13 CHNCXR_0275_0 rise_grid_10 seed=0 3.25s
2937 done chncxr vgg13 CHNCXR_0275_0 rise_mask_0.75 seed=0 3.28s
2938 done chncxr vgg13 CHNCXR_0275_0 rise_grid_4 seed=4 3.65s
2939 done chncxr vgg13 CHNCXR_0275_0 lime_slic_200 seed=3 2.28s
2940 done chncxr vgg13 CHNCXR_0275_0 rise_mask_0.25 seed=3 3.31s
2941 done chncxr vgg13 CHNCXR_0275_0 rise_mask_0.75 seed=4 3.30s
2942 done chncxr vgg13 CHNCXR_0275_0 rise_grid_4 seed=1 3.64s
2943 done chncxr vgg13 CHNCXR_0275_0 rise_grid_4 seed=3 3.65s
2944 done chncxr vgg13 CHNCXR_0275_0 lime_mask_0.25 seed=1 2.21s
2945 done chncxr vgg13 CHNCXR_0275_0 lime_slic_50 seed=3 2.28s
2946 done chncxr vgg13 CHNCXR_0275_0 lime_mask_0.75 seed=4 2.30s
2947 done chncxr vgg13 CHNCXR_0275_0 lime_slic_200 seed=1 2.35s
2948 done chncxr vgg13 CHNCXR_0275_0 rise_grid_10 seed=1 4.53s
2949 done chncxr vgg13 CHNCXR_0275_0 rise_grid_14 seed=0 3.51s
2950 done chncxr vgg13 CHNCXR_0275_0 rise_grid_14 seed=1 3.29s
2951 done chncxr vgg13 CHNCXR_0301_0 rise_grid_14 seed=4 3.76s
2952 done chncxr vgg13 CHNCXR_0301_0 lime_mask_0.25 seed=0 2.24s
2953 done chncxr vgg13 CHNCXR_0301_0 rise_mask_0.75 seed=2 4.54s
2954 done chncxr vgg13 CHNCXR_0301_0 rise_grid_10 seed=0 4.48s
2955 done chncxr vgg13 CHNCXR_0301_0 lime_mask_0.75 seed=3 2.29s
2956 done chncxr vgg13 CHNCXR_0301_0 rise_mask_0.75 seed=4 4.52s
2957 done chncxr vgg13 CHNCXR_0301_0 lime_mask_0.25 seed=4 2.30s
2958 done chncxr vgg13 CHNCXR_0301_0 rise_mask_0.25 seed=1 4.48s
2959 done chncxr vgg13 CHNCXR_0301_0 lime_mask_0.75 seed=0 2.31s
2960 done chncxr vgg13 CHNCXR_0301_0 rise_mask_0.25 seed=4 4.13s
2961 done chncxr vgg13 CHNCXR_0301_0 lime_slic_50 seed=2 2.32s
2962 done chncxr vgg13 CHNCXR_0301_0 rise_mask_0.25 seed=0 4.55s
2963 done chncxr vgg13 CHNCXR_0301_0 lime_slic_300 seed=4 2.33s
2964 done chncxr vgg13 CHNCXR_0301_0 lime_mask_0.25 seed=1 2.28s
2965 done chncxr vgg13 CHNCXR_0301_0 rise_grid_14 seed=2 4.30s
2966 done chncxr vgg13 CHNCXR_0301_0 lime_slic_200 seed=2 2.31s
2967 done chncxr vgg13 CHNCXR_0301_0 lime_mask_0.75 seed=2 2.26s
2968 done chncxr vgg13 CHNCXR_0301_0 lime_slic_50 seed=3 2.23s
2969 done chncxr vgg13 CHNCXR_0301_0 rise_grid_14 seed=1 3.56s
2970 done chncxr vgg13 CHNCXR_0301_0 lime_mask_0.75 seed=1 2.22s
2971 done chncxr vgg13 CHNCXR_0301_0 lime_slic_200 seed=4 2.25s
2972 done chncxr vgg13 CHNCXR_0301_0 rise_grid_4 seed=0 4.72s
2973 done chncxr vgg13 CHNCXR_0301_0 lime_slic_200 seed=0 2.28s
2974 done chncxr vgg13 CHNCXR_0301_0 rise_grid_4 seed=1 4.79s
2975 done chncxr vgg13 CHNCXR_0301_0 rise_mask_0.75 seed=3 4.41s
2976 done chncxr vgg13 CHNCXR_0301_0 rise_mask_0.25 seed=2 4.59s
2977 done chncxr vgg13 CHNCXR_0301_0 lime_slic_300 seed=2 2.32s
2978 done chncxr vgg13 CHNCXR_0301_0 rise_grid_10 seed=2 4.45s
2979 done chncxr vgg13 CHNCXR_0301_0 lime_mask_0.25 seed=2 2.25s
2980 done chncxr vgg13 CHNCXR_0301_0 rise_grid_14 seed=0 4.26s
2981 done chncxr vgg13 CHNCXR_0301_0 lime_slic_200 seed=1 2.30s
2982 done chncxr vgg13 CHNCXR_0301_0 lime_mask_0.25 seed=3 2.24s
2983 done chncxr vgg13 CHNCXR_0301_0 lime_mask_0.75 seed=4 2.25s
2984 done chncxr vgg13 CHNCXR_0301_0 lime_slic_300 seed=0 2.30s
2985 done chncxr vgg13 CHNCXR_0301_0 rise_grid_10 seed=4 4.49s
2986 done chncxr vgg13 CHNCXR_0301_0 rise_grid_4 seed=2 4.95s
2987 done chncxr vgg13 CHNCXR_0301_0 rise_grid_10 seed=1 4.50s
2988 done chncxr vgg13 CHNCXR_0301_0 lime_slic_50 seed=4 2.26s
2989 done chncxr vgg13 CHNCXR_0301_0 lime_slic_50 seed=1 2.25s
2990 done chncxr vgg13 CHNCXR_0301_0 lime_slic_300 seed=1 2.28s
2991 done chncxr vgg13 CHNCXR_0301_0 rise_grid_4 seed=4 4.96s
2992 done chncxr vgg13 CHNCXR_0301_0 rise_grid_10 seed=3 4.50s
2993 done chncxr vgg13 CHNCXR_0301_0 rise_mask_0.75 seed=1 4.57s
2994 done chncxr vgg13 CHNCXR_0301_0 lime_slic_200 seed=3 2.31s
2995 done chncxr vgg13 CHNCXR_0301_0 rise_mask_0.75 seed=0 4.56s
2996 done chncxr vgg13 CHNCXR_0301_0 rise_mask_0.25 seed=3 4.56s
2997 done chncxr vgg13 CHNCXR_0301_0 rise_grid_14 seed=3 4.32s
2998 done chncxr vgg13 CHNCXR_0301_0 lime_slic_50 seed=0 2.27s
2999 done chncxr vgg13 CHNCXR_0301_0 rise_grid_4 seed=3 3.95s
3000 done chncxr vgg13 CHNCXR_0301_0 lime_slic_300 seed=3 2.30s
3001 done chncxr vgg13 CHNCXR_0342_1 rise_mask_0.75 seed=4 3.31s
3002 done chncxr vgg13 CHNCXR_0342_1 lime_slic_300 seed=0 2.30s
3003 done chncxr vgg13 CHNCXR_0342_1 lime_mask_0.25 seed=4 2.25s
3004 done chncxr vgg13 CHNCXR_0342_1 lime_slic_50 seed=2 2.23s
3005 done chncxr vgg13 CHNCXR_0342_1 rise_grid_14 seed=2 3.11s
3006 done chncxr vgg13 CHNCXR_0342_1 rise_grid_10 seed=4 3.26s
3007 done chncxr vgg13 CHNCXR_0342_1 lime_slic_50 seed=1 2.23s
3008 done chncxr vgg13 CHNCXR_0342_1 rise_grid_14 seed=1 3.11s
3009 done chncxr vgg13 CHNCXR_0342_1 lime_mask_0.25 seed=1 2.24s
3010 done chncxr vgg13 CHNCXR_0342_1 rise_grid_4 seed=2 4.90s
3011 done chncxr vgg13 CHNCXR_0342_1 rise_grid_10 seed=3 3.72s
3012 done chncxr vgg13 CHNCXR_0342_1 lime_slic_300 seed=1 2.27s
3013 done chncxr vgg13 CHNCXR_0342_1 lime_slic_200 seed=2 2.25s
3014 done chncxr vgg13 CHNCXR_0342_1 lime_slic_200 seed=3 2.25s
3015 done chncxr vgg13 CHNCXR_0342_1 lime_mask_0.25 seed=0 2.20s
3016 done chncxr vgg13 CHNCXR_0342_1 lime_mask_0.75 seed=4 2.18s
3017 done chncxr vgg13 CHNCXR_0342_1 rise_mask_0.75 seed=0 3.31s
3018 done chncxr vgg13 CHNCXR_0342_1 lime_mask_0.25 seed=3 2.21s
3019 done chncxr vgg13 CHNCXR_0342_1 lime_mask_0.75 seed=0 2.22s
3020 done chncxr vgg13 CHNCXR_0342_1 rise_grid_4 seed=4 4.89s
3021 done chncxr vgg13 CHNCXR_0342_1 rise_grid_4 seed=0 4.88s
3022 done chncxr vgg13 CHNCXR_0342_1 lime_mask_0.25 seed=2 2.20s
3023 done chncxr vgg13 CHNCXR_0342_1 lime_mask_0.75 seed=2 2.22s
3024 done chncxr vgg13 CHNCXR_0342_1 lime_mask_0.75 seed=1 2.22s
3025 done chncxr vgg13 CHNCXR_0342_1 rise_grid_4 seed=1 4.90s
3026 done chncxr vgg13 CHNCXR_0342_1 rise_mask_0.75 seed=2 4.52s
3027 done chncxr vgg13 CHNCXR_0342_1 lime_slic_50 seed=0 2.22s
3028 done chncxr vgg13 CHNCXR_0342_1 rise_mask_0.25 seed=4 4.50s
3029 done chncxr vgg13 CHNCXR_0342_1 rise_grid_10 seed=2 4.46s
3030 done chncxr vgg13 CHNCXR_0342_1 rise_grid_14 seed=0 4.26s
3031 done chncxr vgg13 CHNCXR_0342_1 lime_slic_200 seed=0 2.25s
3032 done chncxr vgg13 CHNCXR_0342_1 rise_grid_14 seed=3 4.25s
3033 done chncxr vgg13 CHNCXR_0342_1 lime_slic_200 seed=4 2.25s
3034 done chncxr vgg13 CHNCXR_0342_1 rise_grid_4 seed=3 4.88s
3035 done chncxr vgg13 CHNCXR_0342_1 rise_grid_10 seed=1 4.43s
3036 done chncxr vgg13 CHNCXR_0342_1 rise_mask_0.25 seed=3 4.49s
3037 done chncxr vgg13 CHNCXR_0342_1 rise_grid_14 seed=4 4.25s
3038 done chncxr vgg13 CHNCXR_0342_1 lime_slic_50 seed=4 2.19s
3039 done chncxr vgg13 CHNCXR_0342_1 lime_slic_50 seed=3 2.21s
3040 done chncxr vgg13 CHNCXR_0342_1 lime_mask_0.75 seed=3 2.21s
3041 done chncxr vgg13 CHNCXR_0342_1 rise_mask_0.25 seed=0 4.50s
3042 done chncxr vgg13 CHNCXR_0342_1 lime_slic_300 seed=3 2.28s
3043 done chncxr vgg13 CHNCXR_0342_1 lime_slic_300 seed=4 2.28s
3044 done chncxr vgg13 CHNCXR_0342_1 rise_mask_0.75 seed=1 4.50s
3045 done chncxr vgg13 CHNCXR_0342_1 lime_slic_200 seed=1 2.25s
3046 done chncxr vgg13 CHNCXR_0342_1 lime_slic_300 seed=2 2.28s
3047 done chncxr vgg13 CHNCXR_0342_1 rise_mask_0.25 seed=1 4.50s
3048 done chncxr vgg13 CHNCXR_0342_1 rise_mask_0.75 seed=3 4.50s
3049 done chncxr vgg13 CHNCXR_0342_1 rise_grid_10 seed=0 4.44s
3050 done chncxr vgg13 CHNCXR_0342_1 rise_mask_0.25 seed=2 4.50s
3051 done chncxr vgg13 CHNCXR_0347_1 rise_mask_0.25 seed=3 4.50s
3052 done chncxr vgg13 CHNCXR_0347_1 lime_mask_0.75 seed=4 2.22s
3053 done chncxr vgg13 CHNCXR_0347_1 rise_grid_10 seed=4 4.44s
3054 done chncxr vgg13 CHNCXR_0347_1 rise_mask_0.75 seed=2 4.50s
3055 done chncxr vgg13 CHNCXR_0347_1 lime_slic_200 seed=0 2.26s
3056 done chncxr vgg13 CHNCXR_0347_1 rise_grid_4 seed=1 4.89s
3057 done chncxr vgg13 CHNCXR_0347_1 rise_mask_0.25 seed=1 4.50s
3058 done chncxr vgg13 CHNCXR_0347_1 lime_slic_200 seed=1 2.25s
3059 done chncxr vgg13 CHNCXR_0347_1 rise_grid_10 seed=3 4.44s
3060 done chncxr vgg13 CHNCXR_0347_1 lime_slic_50 seed=1 2.21s
3061 done chncxr vgg13 CHNCXR_0347_1 lime_slic_50 seed=4 2.15s
3062 done chncxr vgg13 CHNCXR_0347_1 lime_slic_300 seed=2 2.28s
3063 done chncxr vgg13 CHNCXR_0347_1 lime_mask_0.75 seed=3 2.22s
3064 done chncxr vgg13 CHNCXR_0347_1 rise_grid_14 seed=0 4.27s
3065 done chncxr vgg13 CHNCXR_0347_1 lime_slic_200 seed=3 2.29s
3066 done chncxr vgg13 CHNCXR_0347_1 rise_mask_0.25 seed=4 3.31s
3067 done chncxr vgg13 CHNCXR_0347_1 lime_slic_300 seed=1 2.29s
3068 done chncxr vgg13 CHNCXR_0347_1 rise_mask_0.75 seed=0 3.31s
3069 done chncxr vgg13 CHNCXR_0347_1 lime_mask_0.75 seed=0 2.25s
3070 done chncxr vgg13 CHNCXR_0347_1 lime_mask_0.25 seed=0 2.24s
3071 done chncxr vgg13 CHNCXR_0347_1 rise_grid_4 seed=2 3.66s
3072 done chncxr vgg13 CHNCXR_0347_1 lime_mask_0.75 seed=1 2.25s
3073 done chncxr vgg13 CHNCXR_0347_1 lime_mask_0.25 seed=2 2.24s
3074 done chncxr vgg13 CHNCXR_0347_1 lime_mask_0.25 seed=4 2.22s
3075 done chncxr vgg13 CHNCXR_0347_1 rise_mask_0.25 seed=2 3.29s
3076 done chncxr vgg13 CHNCXR_0347_1 rise_grid_4 seed=4 3.63s
3077 done chncxr vgg13 CHNCXR_0347_1 rise_mask_0.75 seed=4 3.32s
3078 done chncxr vgg13 CHNCXR_0347_1 rise_grid_10 seed=2 3.28s
3079 done chncxr vgg13 CHNCXR_0347_1 lime_slic_300 seed=4 2.32s
3080 done chncxr vgg13 CHNCXR_0347_1 lime_mask_0.25 seed=3 2.25s
3081 done chncxr vgg13 CHNCXR_0347_1 rise_grid_14 seed=3 3.13s
3082 done chncxr vgg13 CHNCXR_0347_1 rise_grid_14 seed=2 3.24s
3083 done chncxr vgg13 CHNCXR_0347_1 rise_grid_10 seed=0 3.28s
3084 done chncxr vgg13 CHNCXR_0347_1 rise_mask_0.75 seed=3 3.59s
3085 done chncxr vgg13 CHNCXR_0347_1 rise_grid_10 seed=1 4.37s
3086 done chncxr vgg13 CHNCXR_0347_1 lime_slic_300 seed=3 2.31s
3087 done chncxr vgg13 CHNCXR_0347_1 rise_mask_0.25 seed=0 4.05s
3088 done chncxr vgg13 CHNCXR_0347_1 lime_slic_50 seed=2 2.33s
3089 done chncxr vgg13 CHNCXR_0347_1 rise_grid_14 seed=1 3.31s
3090 done chncxr vgg13 CHNCXR_0347_1 rise_mask_0.75 seed=1 4.65s
3091 done chncxr vgg13 CHNCXR_0347_1 lime_slic_300 seed=0 2.37s
3092 done chncxr vgg13 CHNCXR_0347_1 lime_slic_50 seed=3 2.26s
3093 done chncxr vgg13 CHNCXR_0347_1 lime_slic_200 seed=4 2.35s
3094 done chncxr vgg13 CHNCXR_0347_1 lime_slic_200 seed=2 2.34s
3095 done chncxr vgg13 CHNCXR_0347_1 rise_grid_14 seed=4 3.61s
3096 done chncxr vgg13 CHNCXR_0347_1 lime_slic_50 seed=0 2.25s
3097 done chncxr vgg13 CHNCXR_0347_1 rise_grid_4 seed=3 4.95s
3098 done chncxr vgg13 CHNCXR_0347_1 rise_grid_4 seed=0 4.74s
3099 done chncxr vgg13 CHNCXR_0347_1 lime_mask_0.25 seed=1 2.28s
3100 done chncxr vgg13 CHNCXR_0347_1 lime_mask_0.75 seed=2 2.27s
3101 done chncxr vgg13 CHNCXR_0353_1 rise_grid_14 seed=0 4.26s
3102 done chncxr vgg13 CHNCXR_0353_1 lime_slic_50 seed=3 2.26s
3103 done chncxr vgg13 CHNCXR_0353_1 lime_mask_0.25 seed=2 2.25s
3104 done chncxr vgg13 CHNCXR_0353_1 rise_mask_0.25 seed=0 4.52s
3105 done chncxr vgg13 CHNCXR_0353_1 rise_grid_10 seed=1 4.47s
3106 done chncxr vgg13 CHNCXR_0353_1 lime_mask_0.75 seed=0 2.26s
3107 done chncxr vgg13 CHNCXR_0353_1 lime_slic_200 seed=4 2.30s
3108 done chncxr vgg13 CHNCXR_0353_1 lime_mask_0.75 seed=4 2.27s
3109 done chncxr vgg13 CHNCXR_0353_1 rise_grid_10 seed=2 4.45s
3110 done chncxr vgg13 CHNCXR_0353_1 rise_grid_10 seed=3 4.44s
3111 done chncxr vgg13 CHNCXR_0353_1 lime_mask_0.75 seed=3 2.27s
3112 done chncxr vgg13 CHNCXR_0353_1 rise_mask_0.75 seed=0 4.51s
3113 done chncxr vgg13 CHNCXR_0353_1 rise_grid_4 seed=1 4.90s
3114 done chncxr vgg13 CHNCXR_0353_1 rise_grid_14 seed=3 4.27s
3115 done chncxr vgg13 CHNCXR_0353_1 rise_mask_0.75 seed=1 4.37s
3116 done chncxr vgg13 CHNCXR_0353_1 rise_grid_4 seed=2 3.93s
3117 done chncxr vgg13 CHNCXR_0353_1 lime_mask_0.25 seed=4 2.34s
3118 done chncxr vgg13 CHNCXR_0353_1 lime_slic_200 seed=2 2.37s
3119 done chncxr vgg13 CHNCXR_0353_1 rise_grid_4 seed=3 4.94s
3120 done chncxr vgg13 CHNCXR_0353_1 lime_slic_300 seed=1 2.34s
3121 done chncxr vgg13 CHNCXR_0353_1 rise_mask_0.25 seed=1 4.53s
3122 done chncxr vgg13 CHNCXR_0353_1 lime_mask_0.25 seed=0 2.29s
3123 done chncxr vgg13 CHNCXR_0353_1 rise_grid_14 seed=2 4.28s
3124 done chncxr vgg13 CHNCXR_0353_1 rise_mask_0.75 seed=4 4.53s
3125 done chncxr vgg13 CHNCXR_0353_1 rise_mask_0.75 seed=3 4.54s
3126 done chncxr vgg13 CHNCXR_0353_1 lime_slic_50 seed=2 2.30s
3127 done chncxr vgg13 CHNCXR_0353_1 rise_grid_4 seed=0 4.95s
3128 done chncxr vgg13 CHNCXR_0353_1 lime_slic_300 seed=3 2.37s
3129 done chncxr vgg13 CHNCXR_0353_1 lime_mask_0.25 seed=3 2.29s
3130 done chncxr vgg13 CHNCXR_0353_1 rise_grid_10 seed=4 4.48s
3131 done chncxr vgg13 CHNCXR_0353_1 rise_grid_14 seed=1 4.28s
3132 done chncxr vgg13 CHNCXR_0353_1 lime_slic_50 seed=0 2.31s
3133 done chncxr vgg13 CHNCXR_0353_1 rise_grid_4 seed=4 4.92s
3134 done chncxr vgg13 CHNCXR_0353_1 rise_mask_0.25 seed=4 3.34s
3135 done chncxr vgg13 CHNCXR_0353_1 lime_slic_200 seed=0 2.30s
3136 done chncxr vgg13 CHNCXR_0353_1 rise_grid_14 seed=4 4.27s
3137 done chncxr vgg13 CHNCXR_0353_1 lime_slic_300 seed=2 2.35s
3138 done chncxr vgg13 CHNCXR_0353_1 lime_slic_300 seed=4 2.34s
3139 done chncxr vgg13 CHNCXR_0353_1 lime_slic_300 seed=0 2.34s
3140 done chncxr vgg13 CHNCXR_0353_1 lime_mask_0.25 seed=1 2.29s
3141 done chncxr vgg13 CHNCXR_0353_1 rise_mask_0.25 seed=3 4.51s
3142 done chncxr vgg13 CHNCXR_0353_1 lime_slic_50 seed=1 2.24s
3143 done chncxr vgg13 CHNCXR_0353_1 lime_slic_200 seed=1 2.29s
3144 done chncxr vgg13 CHNCXR_0353_1 rise_grid_10 seed=0 4.45s
3145 done chncxr vgg13 CHNCXR_0353_1 lime_slic_200 seed=3 2.30s
3146 done chncxr vgg13 CHNCXR_0353_1 rise_mask_0.25 seed=2 4.54s
3147 done chncxr vgg13 CHNCXR_0353_1 rise_mask_0.75 seed=2 4.40s
3148 done chncxr vgg13 CHNCXR_0353_1 lime_mask_0.75 seed=1 2.26s
3149 done chncxr vgg13 CHNCXR_0353_1 lime_slic_50 seed=4 2.25s
3150 done chncxr vgg13 CHNCXR_0353_1 lime_mask_0.75 seed=2 2.32s
3151 done chncxr vgg13 CHNCXR_0398_1 lime_slic_200 seed=2 2.31s
3152 done chncxr vgg13 CHNCXR_0398_1 rise_grid_14 seed=4 3.94s
3153 done chncxr vgg13 CHNCXR_0398_1 lime_slic_200 seed=0 2.30s
3154 done chncxr vgg13 CHNCXR_0398_1 rise_grid_10 seed=0 4.46s
3155 done chncxr vgg13 CHNCXR_0398_1 rise_mask_0.75 seed=1 4.53s
3156 done chncxr vgg13 CHNCXR_0398_1 lime_mask_0.75 seed=1 2.30s
3157 done chncxr vgg13 CHNCXR_0398_1 lime_slic_200 seed=4 2.31s
3158 done chncxr vgg13 CHNCXR_0398_1 lime_mask_0.25 seed=4 2.32s
3159 done chncxr vgg13 CHNCXR_0398_1 rise_mask_0.75 seed=0 4.51s
3160 done chncxr vgg13 CHNCXR_0398_1 rise_grid_4 seed=3 4.89s
3161 done chncxr vgg13 CHNCXR_0398_1 lime_mask_0.75 seed=4 2.26s
3162 done chncxr vgg13 CHNCXR_0398_1 rise_grid_4 seed=1 4.93s
3163 done chncxr vgg13 CHNCXR_0398_1 rise_mask_0.75 seed=2 4.52s
3164 done chncxr vgg13 CHNCXR_0398_1 rise_grid_10 seed=4 4.67s
3165 done chncxr vgg13 CHNCXR_0398_1 lime_slic_50 seed=4 2.31s
3166 done chncxr vgg13 CHNCXR_0398_1 lime_mask_0.75 seed=3 2.29s
3167 done chncxr vgg13 CHNCXR_0398_1 lime_slic_200 seed=1 2.35s
3168 done chncxr vgg13 CHNCXR_0398_1 rise_grid_4 seed=0 4.94s
3169 done chncxr vgg13 CHNCXR_0398_1 lime_slic_300 seed=3 2.28s
3170 done chncxr vgg13 CHNCXR_0398_1 rise_mask_0.25 seed=3 3.45s
3171 done chncxr vgg13 CHNCXR_0398_1 lime_mask_0.75 seed=0 2.22s
3172 done chncxr vgg13 CHNCXR_0398_1 lime_mask_0.25 seed=2 2.13s
3173 done chncxr vgg13 CHNCXR_0398_1 lime_slic_200 seed=3 2.22s
3174 done chncxr vgg13 CHNCXR_0398_1 lime_slic_50 seed=0 2.22s
3175 done chncxr vgg13 CHNCXR_0398_1 rise_mask_0.25 seed=2 3.30s
3176 done chncxr vgg13 CHNCXR_0398_1 rise_mask_0.25 seed=4 3.31s
3177 done chncxr vgg13 CHNCXR_0398_1 lime_slic_300 seed=1 2.28s
3178 done chncxr vgg13 CHNCXR_0398_1 lime_mask_0.75 seed=2 2.22s
3179 done chncxr vgg13 CHNCXR_0398_1 rise_grid_4 seed=4 3.67s
3180 done chncxr vgg13 CHNCXR_0398_1 rise_grid_14 seed=0 3.11s
3181 done chncxr vgg13 CHNCXR_0398_1 lime_slic_300 seed=4 2.29s
3182 done chncxr vgg13 CHNCXR_0398_1 rise_grid_4 seed=2 3.68s
3183 done chncxr vgg13 CHNCXR_0398_1 rise_grid_14 seed=1 3.11s
3184 done chncxr vgg13 CHNCXR_0398_1 lime_slic_300 seed=2 2.34s
3185 done chncxr vgg13 CHNCXR_0398_1 rise_grid_10 seed=1 3.85s
3186 done chncxr vgg13 CHNCXR_0398_1 lime_slic_50 seed=3 2.28s
3187 done chncxr vgg13 CHNCXR_0398_1 lime_slic_50 seed=1 2.27s
3188 done chncxr vgg13 CHNCXR_0398_1 rise_grid_14 seed=3 3.13s
3189 done chncxr vgg13 CHNCXR_0398_1 rise_mask_0.75 seed=4 3.33s
3190 done chncxr vgg13 CHNCXR_0398_1 rise_mask_0.25 seed=0 3.33s
3191 done chncxr vgg13 CHNCXR_0398_1 rise_grid_10 seed=3 3.28s
3192 done chncxr vgg13 CHNCXR_0398_1 lime_slic_300 seed=0 2.34s
3193 done chncxr vgg13 CHNCXR_0398_1 lime_mask_0.25 seed=0 2.26s
3194 done chncxr vgg13 CHNCXR_0398_1 lime_mask_0.25 seed=1 2.25s
3195 done chncxr vgg13 CHNCXR_0398_1 rise_mask_0.25 seed=1 3.32s
3196 done chncxr vgg13 CHNCXR_0398_1 lime_slic_50 seed=2 2.21s
3197 done chncxr vgg13 CHNCXR_0398_1 lime_mask_0.25 seed=3 2.20s
3198 done chncxr vgg13 CHNCXR_0398_1 rise_mask_0.75 seed=3 3.35s
3199 done chncxr vgg13 CHNCXR_0398_1 rise_grid_10 seed=2 3.33s
3200 done chncxr vgg13 CHNCXR_0398_1 rise_grid_14 seed=2 3.11s
3201 done chncxr vgg13 CHNCXR_0405_1 lime_mask_0.75 seed=1 2.23s
3202 done chncxr vgg13 CHNCXR_0405_1 rise_mask_0.75 seed=0 4.50s
3203 done chncxr vgg13 CHNCXR_0405_1 lime_mask_0.25 seed=2 2.22s
3204 done chncxr vgg13 CHNCXR_0405_1 lime_slic_300 seed=1 2.29s
3205 done chncxr vgg13 CHNCXR_0405_1 rise_grid_14 seed=3 4.28s
3206 done chncxr vgg13 CHNCXR_0405_1 rise_mask_0.25 seed=0 4.56s
3207 done chncxr vgg13 CHNCXR_0405_1 rise_mask_0.25 seed=1 4.35s
3208 done chncxr vgg13 CHNCXR_0405_1 rise_mask_0.75 seed=3 4.56s
3209 done chncxr vgg13 CHNCXR_0405_1 rise_grid_4 seed=4 4.59s
3210 done chncxr vgg13 CHNCXR_0405_1 rise_mask_0.75 seed=2 4.38s
3211 done chncxr vgg13 CHNCXR_0405_1 lime_slic_50 seed=3 2.28s
3212 done chncxr vgg13 CHNCXR_0405_1 rise_mask_0.25 seed=2 4.12s
3213 done chncxr vgg13 CHNCXR_0405_1 rise_mask_0.75 seed=1 4.48s
3214 done chncxr vgg13 CHNCXR_0405_1 lime_slic_300 seed=0 2.34s
3215 done chncxr vgg13 CHNCXR_0405_1 rise_grid_14 seed=1 4.31s
3216 done chncxr vgg13 CHNCXR_0405_1 lime_mask_0.75 seed=3 2.30s
3217 done chncxr vgg13 CHNCXR_0405_1 lime_slic_200 seed=2 2.35s
3218 done chncxr vgg13 CHNCXR_0405_1 lime_slic_50 seed=0 2.31s
3219 done chncxr vgg13 CHNCXR_0405_1 lime_mask_0.75 seed=4 2.29s
3220 done chncxr vgg13 CHNCXR_0405_1 rise_grid_10 seed=0 4.48s
3221 done chncxr vgg13 CHNCXR_0405_1 lime_mask_0.75 seed=0 2.25s
3222 done chncxr vgg13 CHNCXR_0405_1 lime_slic_200 seed=3 2.30s
3223 done chncxr vgg13 CHNCXR_0405_1 lime_mask_0.25 seed=3 2.24s
3224 done chncxr vgg13 CHNCXR_0405_1 lime_slic_200 seed=1 2.28s
3225 done chncxr vgg13 CHNCXR_0405_1 rise_grid_14 seed=2 4.25s
3226 done chncxr vgg13 CHNCXR_0405_1 lime_mask_0.25 seed=4 2.27s
3227 done chncxr vgg13 CHNCXR_0405_1 rise_grid_10 seed=3 4.46s
3228 done chncxr vgg13 CHNCXR_0405_1 rise_mask_0.25 seed=3 4.52s
3229 done chncxr vgg13 CHNCXR_0405_1 rise_grid_10 seed=2 4.45s
3230 done chncxr vgg13 CHNCXR_0405_1 rise_grid_14 seed=0 4.27s
3231 done chncxr vgg13 CHNCXR_0405_1 rise_grid_10 seed=1 4.44s
3232 done chncxr vgg13 CHNCXR_0405_1 lime_slic_50 seed=2 2.22s
3233 done chncxr vgg13 CHNCXR_0405_1 rise_mask_0.75 seed=4 4.51s
3234 done chncxr vgg13 CHNCXR_0405_1 rise_mask_0.25 seed=4 4.51s
3235 done chncxr vgg13 CHNCXR_0405_1 rise_grid_4 seed=1 4.89s
3236 done chncxr vgg13 CHNCXR_0405_1 lime_slic_200 seed=0 2.27s
3237 done chncxr vgg13 CHNCXR_0405_1 rise_grid_4 seed=0 4.89s
3238 done chncxr vgg13 CHNCXR_0405_1 lime_slic_300 seed=4 2.28s
3239 done chncxr vgg13 CHNCXR_0405_1 lime_slic_300 seed=3 2.29s
3240 done chncxr vgg13 CHNCXR_0405_1 lime_slic_50 seed=4 2.22s
3241 done chncxr vgg13 CHNCXR_0405_1 rise_grid_14 seed=4 4.25s
3242 done chncxr vgg13 CHNCXR_0405_1 rise_grid_10 seed=4 4.43s
3243 done chncxr vgg13 CHNCXR_0405_1 lime_mask_0.25 seed=0 2.22s
3244 done chncxr vgg13 CHNCXR_0405_1 lime_slic_200 seed=4 2.26s
3245 done chncxr vgg13 CHNCXR_0405_1 lime_mask_0.75 seed=2 2.23s
3246 done chncxr vgg13 CHNCXR_0405_1 lime_slic_300 seed=2 2.32s
3247 done chncxr vgg13 CHNCXR_0405_1 rise_grid_4 seed=2 4.90s
3248 done chncxr vgg13 CHNCXR_0405_1 lime_slic_50 seed=1 2.23s
3249 done chncxr vgg13 CHNCXR_0405_1 lime_mask_0.25 seed=1 2.21s
3250 done chncxr vgg13 CHNCXR_0405_1 rise_grid_4 seed=3 4.89s
3251 done chncxr vgg13 CHNCXR_0408_1 rise_grid_4 seed=0 4.89s
3252 done chncxr vgg13 CHNCXR_0408_1 lime_slic_50 seed=4 2.26s
3253 done chncxr vgg13 CHNCXR_0408_1 lime_slic_200 seed=1 2.29s
3254 done chncxr vgg13 CHNCXR_0408_1 rise_grid_14 seed=3 4.27s
3255 done chncxr vgg13 CHNCXR_0408_1 lime_mask_0.25 seed=1 2.27s
3256 done chncxr vgg13 CHNCXR_0408_1 rise_grid_10 seed=0 4.45s
3257 done chncxr vgg13 CHNCXR_0408_1 rise_grid_10 seed=4 4.49s
3258 done chncxr vgg13 CHNCXR_0408_1 lime_slic_300 seed=0 2.28s
3259 done chncxr vgg13 CHNCXR_0408_1 lime_slic_200 seed=0 2.27s
3260 done chncxr vgg13 CHNCXR_0408_1 lime_mask_0.25 seed=0 2.21s
3261 done chncxr vgg13 CHNCXR_0408_1 lime_mask_0.25 seed=4 2.16s
3262 done chncxr vgg13 CHNCXR_0408_1 rise_grid_14 seed=4 3.11s
3263 done chncxr vgg13 CHNCXR_0408_1 rise_mask_0.25 seed=3 3.38s
3264 done chncxr vgg13 CHNCXR_0408_1 lime_slic_300 seed=2 2.32s
3265 done chncxr vgg13 CHNCXR_0408_1 lime_slic_200 seed=4 2.29s
3266 done chncxr vgg13 CHNCXR_0408_1 lime_slic_50 seed=2 2.25s
3267 done chncxr vgg13 CHNCXR_0408_1 lime_slic_300 seed=1 2.31s
3268 done chncxr vgg13 CHNCXR_0408_1 lime_mask_0.75 seed=4 2.27s
3269 done chncxr vgg13 CHNCXR_0408_1 rise_mask_0.25 seed=0 4.51s
3270 done chncxr vgg13 CHNCXR_0408_1 rise_grid_10 seed=2 4.49s
3271 done chncxr vgg13 CHNCXR_0408_1 lime_slic_200 seed=2 2.30s
3272 done chncxr vgg13 CHNCXR_0408_1 rise_grid_14 seed=1 4.35s
3273 done chncxr vgg13 CHNCXR_0408_1 lime_mask_0.25 seed=3 2.32s
3274 done chncxr vgg13 CHNCXR_0408_1 lime_mask_0.75 seed=3 2.26s
3275 done chncxr vgg13 CHNCXR_0408_1 lime_mask_0.25 seed=2 2.25s
3276 done chncxr vgg13 CHNCXR_0408_1 lime_mask_0.75 seed=1 2.26s
3277 done chncxr vgg13 CHNCXR_0408_1 rise_mask_0.25 seed=1 4.41s
3278 done chncxr vgg13 CHNCXR_0408_1 lime_mask_0.75 seed=0 2.37s
3279 done chncxr vgg13 CHNCXR_0408_1 rise_grid_14 seed=2 3.72s
3280 done chncxr vgg13 CHNCXR_0408_1 rise_grid_10 seed=1 4.44s
3281 done chncxr vgg13 CHNCXR_0408_1 rise_mask_0.75 seed=1 4.48s
3282 done chncxr vgg13 CHNCXR_0408_1 lime_slic_50 seed=3 2.26s
3283 done chncxr vgg13 CHNCXR_0408_1 lime_slic_300 seed=3 2.34s
3284 done chncxr vgg13 CHNCXR_0408_1 lime_slic_50 seed=0 2.27s
3285 done chncxr vgg13 CHNCXR_0408_1 rise_grid_4 seed=4 4.52s
3286 done chncxr vgg13 CHNCXR_0408_1 rise_grid_4 seed=2 4.84s
3287 done chncxr vgg13 CHNCXR_0408_1 rise_mask_0.75 seed=4 4.19s
3288 done chncxr vgg13 CHNCXR_0408_1 rise_grid_4 seed=3 4.95s
3289 done chncxr vgg13 CHNCXR_0408_1 rise_grid_4 seed=1 4.90s
3290 done chncxr vgg13 CHNCXR_0408_1 lime_mask_0.75 seed=2 2.27s
3291 done chncxr vgg13 CHNCXR_0408_1 rise_mask_0.75 seed=0 4.51s
3292 done chncxr vgg13 CHNCXR_0408_1 rise_mask_0.75 seed=2 3.73s
3293 done chncxr vgg13 CHNCXR_0408_1 lime_slic_300 seed=4 2.30s
3294 done chncxr vgg13 CHNCXR_0408_1 rise_mask_0.25 seed=4 3.40s
3295 done chncxr vgg13 CHNCXR_0408_1 rise_grid_10 seed=3 3.26s
3296 done chncxr vgg13 CHNCXR_0408_1 rise_grid_14 seed=0 3.10s
3297 done chncxr vgg13 CHNCXR_0408_1 lime_slic_200 seed=3 2.26s
3298 done chncxr vgg13 CHNCXR_0408_1 lime_slic_50 seed=1 2.22s
3299 done chncxr vgg13 CHNCXR_0408_1 rise_mask_0.75 seed=3 3.31s
3300 done chncxr vgg13 CHNCXR_0408_1 rise_mask_0.25 seed=2 3.31s
3301 done chncxr vgg13 CHNCXR_0428_1 rise_grid_10 seed=0 3.29s
3302 done chncxr vgg13 CHNCXR_0428_1 rise_grid_10 seed=2 3.29s
3303 done chncxr vgg13 CHNCXR_0428_1 lime_slic_200 seed=1 2.26s
3304 done chncxr vgg13 CHNCXR_0428_1 rise_grid_14 seed=4 3.10s
3305 done chncxr vgg13 CHNCXR_0428_1 lime_slic_50 seed=2 2.22s
3306 done chncxr vgg13 CHNCXR_0428_1 rise_grid_4 seed=3 3.65s
3307 done chncxr vgg13 CHNCXR_0428_1 rise_mask_0.75 seed=1 3.31s
3308 done chncxr vgg13 CHNCXR_0428_1 rise_mask_0.25 seed=0 3.35s
3309 done chncxr vgg13 CHNCXR_0428_1 lime_mask_0.75 seed=4 2.23s
3310 done chncxr vgg13 CHNCXR_0428_1 rise_mask_0.75 seed=4 3.31s
3311 done chncxr vgg13 CHNCXR_0428_1 lime_mask_0.75 seed=0 2.23s
3312 done chncxr vgg13 CHNCXR_0428_1 rise_grid_4 seed=2 3.63s
3313 done chncxr vgg13 CHNCXR_0428_1 rise_mask_0.25 seed=2 3.31s
3314 done chncxr vgg13 CHNCXR_0428_1 lime_slic_50 seed=1 2.21s
3315 done chncxr vgg13 CHNCXR_0428_1 rise_grid_14 seed=2 3.10s
3316 done chncxr vgg13 CHNCXR_0428_1 rise_mask_0.75 seed=2 3.29s
3317 done chncxr vgg13 CHNCXR_0428_1 lime_mask_0.75 seed=1 2.23s
3318 done chncxr vgg13 CHNCXR_0428_1 rise_grid_10 seed=3 3.25s
3319 done chncxr vgg13 CHNCXR_0428_1 lime_slic_300 seed=2 2.28s
3320 done chncxr vgg13 CHNCXR_0428_1 lime_mask_0.75 seed=2 2.22s
3321 done chncxr vgg13 CHNCXR_0428_1 rise_grid_10 seed=1 3.22s
3322 done chncxr vgg13 CHNCXR_0428_1 lime_slic_200 seed=2 2.26s
3323 done chncxr vgg13 CHNCXR_0428_1 rise_mask_0.25 seed=4 3.30s
3324 done chncxr vgg13 CHNCXR_0428_1 rise_grid_14 seed=0 3.09s
3325 done chncxr vgg13 CHNCXR_0428_1 lime_slic_300 seed=3 2.29s
3326 done chncxr vgg13 CHNCXR_0428_1 rise_mask_0.25 seed=1 3.30s
3327 done chncxr vgg13 CHNCXR_0428_1 rise_grid_4 seed=4 3.65s
3328 done chncxr vgg13 CHNCXR_0428_1 lime_slic_50 seed=4 2.21s
3329 done chncxr vgg13 CHNCXR_0428_1 lime_mask_0.25 seed=4 2.17s
3330 done chncxr vgg13 CHNCXR_0428_1 rise_grid_4 seed=1 3.66s
3331 done chncxr vgg13 CHNCXR_0428_1 rise_grid_14 seed=1 3.09s
3332 done chncxr vgg13 CHNCXR_0428_1 lime_slic_200 seed=4 2.26s
3333 done chncxr vgg13 CHNCXR_0428_1 lime_slic_300 seed=4 2.28s
3334 done chncxr vgg13 CHNCXR_0428_1 rise_grid_4 seed=0 3.66s
3335 done chncxr vgg13 CHNCXR_0428_1 rise_mask_0.25 seed=3 3.43s
3336 done chncxr vgg13 CHNCXR_0428_1 lime_mask_0.25 seed=2 2.21s
3337 done chncxr vgg13 CHNCXR_0428_1 rise_mask_0.75 seed=3 3.30s
3338 done chncxr vgg13 CHNCXR_0428_1 lime_mask_0.75 seed=3 2.22s
3339 done chncxr vgg13 CHNCXR_0428_1 lime_slic_300 seed=0 2.28s
3340 done chncxr vgg13 CHNCXR_0428_1 lime_slic_50 seed=3 2.22s
3341 done chncxr vgg13 CHNCXR_0428_1 lime_mask_0.25 seed=3 2.21s
3342 done chncxr vgg13 CHNCXR_0428_1 lime_slic_200 seed=3 2.25s
3343 done chncxr vgg13 CHNCXR_0428_1 lime_slic_300 seed=1 2.27s
3344 done chncxr vgg13 CHNCXR_0428_1 rise_grid_14 seed=3 3.09s
3345 done chncxr vgg13 CHNCXR_0428_1 rise_mask_0.75 seed=0 3.31s
3346 done chncxr vgg13 CHNCXR_0428_1 lime_mask_0.25 seed=1 2.21s
3347 done chncxr vgg13 CHNCXR_0428_1 rise_grid_10 seed=4 3.26s
3348 done chncxr vgg13 CHNCXR_0428_1 lime_slic_200 seed=0 2.27s
3349 done chncxr vgg13 CHNCXR_0428_1 lime_slic_50 seed=0 2.22s
3350 done chncxr vgg13 CHNCXR_0428_1 lime_mask_0.25 seed=0 2.17s
3351 done chncxr vgg13 CHNCXR_0433_1 rise_grid_10 seed=0 3.25s
3352 done chncxr vgg13 CHNCXR_0433_1 rise_grid_14 seed=3 3.09s
3353 done chncxr vgg13 CHNCXR_0433_1 lime_slic_300 seed=4 2.28s
3354 done chncxr vgg13 CHNCXR_0433_1 rise_grid_14 seed=0 3.10s
3355 done chncxr vgg13 CHNCXR_0433_1 lime_slic_50 seed=1 2.22s
3356 done chncxr vgg13 CHNCXR_0433_1 rise_mask_0.75 seed=1 3.87s
3357 done chncxr vgg13 CHNCXR_0433_1 rise_grid_14 seed=4 3.10s
3358 done chncxr vgg13 CHNCXR_0433_1 rise_grid_10 seed=3 3.29s
3359 done chncxr vgg13 CHNCXR_0433_1 rise_grid_14 seed=1 3.54s
3360 done chncxr vgg13 CHNCXR_0433_1 lime_slic_200 seed=2 2.27s
3361 done chncxr vgg13 CHNCXR_0433_1 rise_grid_10 seed=4 4.44s
3362 done chncxr vgg13 CHNCXR_0433_1 lime_slic_50 seed=2 2.23s
3363 done chncxr vgg13 CHNCXR_0433_1 lime_mask_0.25 seed=0 2.17s
3364 done chncxr vgg13 CHNCXR_0433_1 lime_slic_300 seed=3 2.30s
3365 done chncxr vgg13 CHNCXR_0433_1 rise_mask_0.25 seed=3 3.32s
3366 done chncxr vgg13 CHNCXR_0433_1 lime_slic_300 seed=2 2.29s
3367 done chncxr vgg13 CHNCXR_0433_1 lime_slic_50 seed=3 2.24s
3368 done chncxr vgg13 CHNCXR_0433_1 lime_mask_0.25 seed=4 2.20s
3369 done chncxr vgg13 CHNCXR_0433_1 lime_mask_0.75 seed=1 2.25s
3370 done chncxr vgg13 CHNCXR_0433_1 rise_grid_4 seed=4 3.65s
3371 done chncxr vgg13 CHNCXR_0433_1 rise_grid_4 seed=3 3.65s
3372 done chncxr vgg13 CHNCXR_0433_1 rise_mask_0.25 seed=4 3.31s
3373 done chncxr vgg13 CHNCXR_0433_1 lime_mask_0.75 seed=4 2.24s
3374 done chncxr vgg13 CHNCXR_0433_1 rise_grid_4 seed=1 3.65s
3375 done chncxr vgg13 CHNCXR_0433_1 lime_slic_200 seed=4 2.27s
3376 done chncxr vgg13 CHNCXR_0433_1 lime_mask_0.75 seed=2 2.23s
3377 done chncxr vgg13 CHNCXR_0433_1 lime_mask_0.25 seed=3 2.23s
3378 done chncxr vgg13 CHNCXR_0433_1 lime_mask_0.75 seed=3 2.22s
3379 done chncxr vgg13 CHNCXR_0433_1 rise_mask_0.75 seed=0 4.45s
3380 done chncxr vgg13 CHNCXR_0433_1 lime_slic_50 seed=0 2.29s
3381 done chncxr vgg13 CHNCXR_0433_1 rise_mask_0.75 seed=3 3.35s
3382 done chncxr vgg13 CHNCXR_0433_1 lime_slic_200 seed=0 2.31s
3383 done chncxr vgg13 CHNCXR_0433_1 rise_grid_10 seed=2 3.32s
3384 done chncxr vgg13 CHNCXR_0433_1 rise_grid_4 seed=0 3.78s
3385 done chncxr vgg13 CHNCXR_0433_1 rise_mask_0.25 seed=0 3.48s
3386 done chncxr vgg13 CHNCXR_0433_1 rise_grid_10 seed=1 3.25s
3387 done chncxr vgg13 CHNCXR_0433_1 rise_mask_0.75 seed=2 3.26s
3388 done chncxr vgg13 CHNCXR_0433_1 lime_slic_200 seed=1 2.19s
3389 done chncxr vgg13 CHNCXR_0433_1 lime_slic_300 seed=1 2.29s
3390 done chncxr vgg13 CHNCXR_0433_1 lime_mask_0.25 seed=1 2.24s
3391 done chncxr vgg13 CHNCXR_0433_1 rise_mask_0.75 seed=4 3.31s
3392 done chncxr vgg13 CHNCXR_0433_1 lime_slic_200 seed=3 2.28s
3393 done chncxr vgg13 CHNCXR_0433_1 rise_mask_0.25 seed=1 3.31s
3394 done chncxr vgg13 CHNCXR_0433_1 rise_mask_0.25 seed=2 3.31s
3395 done chncxr vgg13 CHNCXR_0433_1 rise_grid_14 seed=2 3.10s
3396 done chncxr vgg13 CHNCXR_0433_1 rise_grid_4 seed=2 4.90s
3397 done chncxr vgg13 CHNCXR_0433_1 lime_slic_300 seed=0 2.33s
3398 done chncxr vgg13 CHNCXR_0433_1 lime_mask_0.25 seed=2 2.26s
3399 done chncxr vgg13 CHNCXR_0433_1 lime_mask_0.75 seed=0 2.27s
3400 done chncxr vgg13 CHNCXR_0433_1 lime_slic_50 seed=4 2.26s
3401 done chncxr vgg13 CHNCXR_0436_1 rise_grid_4 seed=0 4.95s
3402 done chncxr vgg13 CHNCXR_0436_1 lime_slic_200 seed=3 2.29s
3403 done chncxr vgg13 CHNCXR_0436_1 rise_grid_14 seed=2 3.12s
3404 done chncxr vgg13 CHNCXR_0436_1 lime_mask_0.75 seed=4 2.25s
3405 done chncxr vgg13 CHNCXR_0436_1 rise_mask_0.25 seed=4 3.32s
3406 done chncxr vgg13 CHNCXR_0436_1 rise_mask_0.25 seed=2 4.18s
3407 done chncxr vgg13 CHNCXR_0436_1 rise_mask_0.75 seed=3 4.50s
3408 done chncxr vgg13 CHNCXR_0436_1 rise_grid_10 seed=1 4.43s
3409 done chncxr vgg13 CHNCXR_0436_1 lime_slic_200 seed=1 2.26s
3410 done chncxr vgg13 CHNCXR_0436_1 lime_slic_50 seed=4 2.20s
3411 done chncxr vgg13 CHNCXR_0436_1 rise_grid_4 seed=1 4.67s
3412 done chncxr vgg13 CHNCXR_0436_1 lime_mask_0.75 seed=3 2.31s
3413 done chncxr vgg13 CHNCXR_0436_1 lime_mask_0.25 seed=2 2.30s
3414 done chncxr vgg13 CHNCXR_0436_1 rise_grid_10 seed=4 4.40s
3415 done chncxr vgg13 CHNCXR_0436_1 lime_mask_0.25 seed=0 2.25s
3416 done chncxr vgg13 CHNCXR_0436_1 rise_mask_0.25 seed=3 4.55s
3417 done chncxr vgg13 CHNCXR_0436_1 lime_mask_0.75 seed=2 2.31s
3418 done chncxr vgg13 CHNCXR_0436_1 rise_grid_10 seed=0 4.23s
3419 done chncxr vgg13 CHNCXR_0436_1 lime_mask_0.75 seed=0 2.32s
3420 done chncxr vgg13 CHNCXR_0436_1 lime_mask_0.25 seed=4 2.37s
3421 done chncxr vgg13 CHNCXR_0436_1 lime_slic_200 seed=4 2.40s
3422 done chncxr vgg13 CHNCXR_0436_1 lime_slic_300 seed=1 2.36s
3423 done chncxr vgg13 CHNCXR_0436_1 rise_grid_14 seed=3 3.84s
3424 done chncxr vgg13 CHNCXR_0436_1 lime_mask_0.25 seed=3 2.30s
3425 done chncxr vgg13 CHNCXR_0436_1 lime_mask_0.75 seed=1 2.32s
3426 done chncxr vgg13 CHNCXR_0436_1 lime_slic_200 seed=2 2.36s
3427 done chncxr vgg13 CHNCXR_0436_1 lime_mask_0.25 seed=1 2.32s
3428 done chncxr vgg13 CHNCXR_0436_1 lime_slic_300 seed=4 2.31s
3429 done chncxr vgg13 CHNCXR_0436_1 rise_mask_0.25 seed=1 4.55s
3430 done chncxr vgg13 CHNCXR_0436_1 rise_grid_14 seed=1 4.29s
3431 done chncxr vgg13 CHNCXR_0436_1 lime_slic_50 seed=2 2.32s
3432 done chncxr vgg13 CHNCXR_0436_1 rise_grid_4 seed=3 4.83s
3433 done chncxr vgg13 CHNCXR_0436_1 rise_mask_0.75 seed=2 4.55s
3434 done chncxr vgg13 CHNCXR_0436_1 lime_slic_50 seed=0 2.29s
3435 done chncxr vgg13 CHNCXR_0436_1 rise_grid_14 seed=0 4.27s
3436 done chncxr vgg13 CHNCXR_0436_1 rise_mask_0.75 seed=4 4.56s
3437 done chncxr vgg13 CHNCXR_0436_1 rise_mask_0.25 seed=0 4.55s
3438 done chncxr vgg13 CHNCXR_0436_1 lime_slic_50 seed=3 2.29s
3439 done chncxr vgg13 CHNCXR_0436_1 rise_grid_10 seed=2 4.31s
3440 done chncxr vgg13 CHNCXR_0436_1 lime_slic_300 seed=3 2.38s
3441 done chncxr vgg13 CHNCXR_0436_1 lime_slic_300 seed=0 2.35s
3442 done chncxr vgg13 CHNCXR_0436_1 rise_grid_4 seed=4 4.99s
3443 done chncxr vgg13 CHNCXR_0436_1 rise_grid_14 seed=4 4.33s
3444 done chncxr vgg13 CHNCXR_0436_1 rise_grid_10 seed=3 4.89s
3445 done chncxr vgg13 CHNCXR_0436_1 rise_grid_4 seed=2 5.33s
3446 done chncxr vgg13 CHNCXR_0436_1 lime_slic_300 seed=2 2.35s
3447 done chncxr vgg13 CHNCXR_0436_1 rise_mask_0.75 seed=0 4.43s
3448 done chncxr vgg13 CHNCXR_0436_1 lime_slic_50 seed=1 2.29s
3449 done chncxr vgg13 CHNCXR_0436_1 rise_mask_0.75 seed=1 4.53s
3450 done chncxr vgg13 CHNCXR_0436_1 lime_slic_200 seed=0 2.24s
3451 done chncxr vgg13 CHNCXR_0444_1 rise_grid_14 seed=4 3.64s
3452 done chncxr vgg13 CHNCXR_0444_1 rise_grid_4 seed=4 4.89s
3453 done chncxr vgg13 CHNCXR_0444_1 lime_slic_200 seed=1 2.24s
3454 done chncxr vgg13 CHNCXR_0444_1 lime_mask_0.75 seed=2 2.22s
3455 done chncxr vgg13 CHNCXR_0444_1 lime_slic_300 seed=4 2.27s
3456 done chncxr vgg13 CHNCXR_0444_1 rise_mask_0.25 seed=4 3.55s
3457 done chncxr vgg13 CHNCXR_0444_1 rise_grid_10 seed=2 3.27s
3458 done chncxr vgg13 CHNCXR_0444_1 lime_slic_50 seed=2 2.21s
3459 done chncxr vgg13 CHNCXR_0444_1 lime_mask_0.75 seed=3 2.19s
3460 done chncxr vgg13 CHNCXR_0444_1 rise_grid_10 seed=0 3.28s
3461 done chncxr vgg13 CHNCXR_0444_1 lime_slic_300 seed=2 2.28s
3462 done chncxr vgg13 CHNCXR_0444_1 lime_mask_0.25 seed=3 2.20s
3463 done chncxr vgg13 CHNCXR_0444_1 rise_grid_4 seed=2 3.67s
3464 done chncxr vgg13 CHNCXR_0444_1 lime_mask_0.25 seed=1 2.22s
3465 done chncxr vgg13 CHNCXR_0444_1 lime_slic_50 seed=1 2.21s
3466 done chncxr vgg13 CHNCXR_0444_1 rise_grid_10 seed=3 4.32s
3467 done chncxr vgg13 CHNCXR_0444_1 rise_mask_0.75 seed=3 4.50s
3468 done chncxr vgg13 CHNCXR_0444_1 lime_slic_300 seed=1 2.28s
3469 done chncxr vgg13 CHNCXR_0444_1 rise_grid_10 seed=1 4.44s
3470 done chncxr vgg13 CHNCXR_0444_1 rise_mask_0.25 seed=1 4.50s
3471 done chncxr vgg13 CHNCXR_0444_1 rise_mask_0.75 seed=1 4.51s
3472 done chncxr vgg13 CHNCXR_0444_1 lime_slic_50 seed=0 2.19s
3473 done chncxr vgg13 CHNCXR_0444_1 rise_grid_4 seed=1 4.88s
3474 done chncxr vgg13 CHNCXR_0444_1 lime_slic_200 seed=3 2.23s
3475 done chncxr vgg13 CHNCXR_0444_1 rise_grid_14 seed=1 4.25s
3476 done chncxr vgg13 CHNCXR_0444_1 rise_mask_0.75 seed=0 4.50s
3477 done chncxr vgg13 CHNCXR_0444_1 lime_mask_0.75 seed=4 2.20s
3478 done chncxr vgg13 CHNCXR_0444_1 lime_slic_300 seed=0 2.26s
3479 done chncxr vgg13 CHNCXR_0444_1 lime_slic_200 seed=4 2.24s
3480 done chncxr vgg13 CHNCXR_0444_1 lime_slic_300 seed=3 2.27s
3481 done chncxr vgg13 CHNCXR_0444_1 rise_mask_0.75 seed=4 4.50s
3482 done chncxr vgg13 CHNCXR_0444_1 rise_grid_14 seed=0 4.31s
3483 done chncxr vgg13 CHNCXR_0444_1 lime_mask_0.25 seed=0 2.22s
3484 done chncxr vgg13 CHNCXR_0444_1 lime_slic_200 seed=2 2.25s
3485 done chncxr vgg13 CHNCXR_0444_1 rise_grid_10 seed=4 4.46s
3486 done chncxr vgg13 CHNCXR_0444_1 rise_grid_14 seed=2 4.25s
3487 done chncxr vgg13 CHNCXR_0444_1 lime_mask_0.25 seed=4 2.22s
3488 done chncxr vgg13 CHNCXR_0444_1 rise_grid_4 seed=0 4.88s
3489 done chncxr vgg13 CHNCXR_0444_1 rise_mask_0.25 seed=0 4.55s
3490 done chncxr vgg13 CHNCXR_0444_1 rise_mask_0.25 seed=2 4.58s
3491 done chncxr vgg13 CHNCXR_0444_1 rise_grid_4 seed=3 5.33s
3492 done chncxr vgg13 CHNCXR_0444_1 lime_mask_0.25 seed=2 2.77s
3493 done chncxr vgg13 CHNCXR_0444_1 lime_mask_0.75 seed=0 2.82s
3494 done chncxr vgg13 CHNCXR_0444_1 rise_grid_14 seed=3 4.48s
3495 done chncxr vgg13 CHNCXR_0444_1 lime_slic_50 seed=3 2.32s
3496 done chncxr vgg13 CHNCXR_0444_1 lime_slic_200 seed=0 2.35s
3497 done chncxr vgg13 CHNCXR_0444_1 lime_mask_0.75 seed=1 2.31s
3498 done chncxr vgg13 CHNCXR_0444_1 rise_mask_0.25 seed=3 4.54s
3499 done chncxr vgg13 CHNCXR_0444_1 rise_mask_0.75 seed=2 4.53s
3500 done chncxr vgg13 CHNCXR_0444_1 lime_slic_50 seed=4 2.30s
3501 done chncxr vgg13 CHNCXR_0453_1 rise_mask_0.75 seed=0 4.59s
3502 done chncxr vgg13 CHNCXR_0453_1 rise_grid_4 seed=3 4.27s
3503 done chncxr vgg13 CHNCXR_0453_1 rise_grid_4 seed=4 4.63s
3504 done chncxr vgg13 CHNCXR_0453_1 lime_mask_0.75 seed=4 2.31s
3505 done chncxr vgg13 CHNCXR_0453_1 lime_slic_50 seed=4 2.29s
3506 done chncxr vgg13 CHNCXR_0453_1 lime_mask_0.25 seed=0 2.37s
3507 done chncxr vgg13 CHNCXR_0453_1 lime_mask_0.25 seed=1 2.38s
3508 done chncxr vgg13 CHNCXR_0453_1 rise_grid_14 seed=1 3.72s
3509 done chncxr vgg13 CHNCXR_0453_1 rise_mask_0.25 seed=2 4.43s
3510 done chncxr vgg13 CHNCXR_0453_1 rise_mask_0.25 seed=3 4.00s
3511 done chncxr vgg13 CHNCXR_0453_1 rise_grid_10 seed=3 4.45s
3512 done chncxr vgg13 CHNCXR_0453_1 rise_grid_14 seed=3 4.17s
3513 done chncxr vgg13 CHNCXR_0453_1 lime_slic_300 seed=2 2.35s
3514 done chncxr vgg13 CHNCXR_0453_1 rise_grid_10 seed=0 4.45s
3515 done chncxr vgg13 CHNCXR_0453_1 rise_grid_10 seed=1 4.13s
3516 done chncxr vgg13 CHNCXR_0453_1 rise_grid_10 seed=2 4.36s
3517 done chncxr vgg13 CHNCXR_0453_1 rise_grid_10 seed=4 4.35s
3518 done chncxr vgg13 CHNCXR_0453_1 lime_mask_0.75 seed=3 2.33s
3519 done chncxr vgg13 CHNCXR_0453_1 rise_mask_0.75 seed=3 4.54s
3520 done chncxr vgg13 CHNCXR_0453_1 lime_slic_300 seed=0 2.36s
3521 done chncxr vgg13 CHNCXR_0453_1 lime_slic_300 seed=4 2.36s
3522 done chncxr vgg13 CHNCXR_0453_1 lime_mask_0.75 seed=0 2.34s
3523 done chncxr vgg13 CHNCXR_0453_1 lime_mask_0.25 seed=3 2.33s
3524 done chncxr vgg13 CHNCXR_0453_1 rise_mask_0.75 seed=2 4.55s
3525 done chncxr vgg13 CHNCXR_0453_1 rise_mask_0.75 seed=4 3.65s
3526 done chncxr vgg13 CHNCXR_0453_1 lime_mask_0.75 seed=1 2.21s
3527 done chncxr vgg13 CHNCXR_0453_1 rise_grid_4 seed=2 3.69s
3528 done chncxr vgg13 CHNCXR_0453_1 lime_slic_50 seed=3 2.20s
3529 done chncxr vgg13 CHNCXR_0453_1 lime_slic_200 seed=0 2.25s
3530 done chncxr vgg13 CHNCXR_0453_1 lime_mask_0.75 seed=2 2.24s
3531 done chncxr vgg13 CHNCXR_0453_1 lime_slic_200 seed=3 2.27s
3532 done chncxr vgg13 CHNCXR_0453_1 rise_grid_14 seed=0 4.25s
3533 done chncxr vgg13 CHNCXR_0453_1 rise_mask_0.25 seed=1 4.50s
3534 done chncxr vgg13 CHNCXR_0453_1 rise_grid_14 seed=2 4.26s
3535 done chncxr vgg13 CHNCXR_0453_1 lime_slic_50 seed=0 2.24s
3536 done chncxr vgg13 CHNCXR_0453_1 lime_mask_0.25 seed=2 2.21s
3537 done chncxr vgg13 CHNCXR_0453_1 lime_slic_200 seed=2 2.29s
3538 done chncxr vgg13 CHNCXR_0453_1 rise_mask_0.75 seed=1 4.51s
3539 done chncxr vgg13 CHNCXR_0453_1 lime_slic_50 seed=2 2.24s
3540 done chncxr vgg13 CHNCXR_0453_1 lime_mask_0.25 seed=4 2.17s
3541 done chncxr vgg13 CHNCXR_0453_1 lime_slic_200 seed=1 2.27s
3542 done chncxr vgg13 CHNCXR_0453_1 rise_mask_0.25 seed=4 4.50s
3543 done chncxr vgg13 CHNCXR_0453_1 lime_slic_300 seed=3 2.29s
3544 done chncxr vgg13 CHNCXR_0453_1 rise_grid_14 seed=4 3.10s
3545 done chncxr vgg13 CHNCXR_0453_1 rise_grid_4 seed=0 3.65s
3546 done chncxr vgg13 CHNCXR_0453_1 lime_slic_50 seed=1 2.23s
3547 done chncxr vgg13 CHNCXR_0453_1 lime_slic_200 seed=4 2.27s
3548 done chncxr vgg13 CHNCXR_0453_1 lime_slic_300 seed=1 2.33s
3549 done chncxr vgg13 CHNCXR_0453_1 rise_grid_4 seed=1 3.69s
3550 done chncxr vgg13 CHNCXR_0453_1 rise_mask_0.25 seed=0 3.34s
3551 done chncxr vgg13 CHNCXR_0468_1 lime_slic_50 seed=0 2.24s
3552 done chncxr vgg13 CHNCXR_0468_1 rise_mask_0.75 seed=2 3.31s
3553 done chncxr vgg13 CHNCXR_0468_1 lime_mask_0.25 seed=0 2.20s
3554 done chncxr vgg13 CHNCXR_0468_1 lime_mask_0.75 seed=1 2.21s
3555 done chncxr vgg13 CHNCXR_0468_1 lime_slic_200 seed=3 2.18s
3556 done chncxr vgg13 CHNCXR_0468_1 rise_grid_14 seed=4 3.11s
3557 done chncxr vgg13 CHNCXR_0468_1 rise_mask_0.25 seed=3 3.39s
3558 done chncxr vgg13 CHNCXR_0468_1 rise_grid_14 seed=2 3.11s
3559 done chncxr vgg13 CHNCXR_0468_1 rise_mask_0.25 seed=0 3.30s
3560 done chncxr vgg13 CHNCXR_0468_1 rise_grid_4 seed=4 3.68s
3561 done chncxr vgg13 CHNCXR_0468_1 rise_grid_4 seed=0 3.65s
3562 done chncxr vgg13 CHNCXR_0468_1 lime_mask_0.25 seed=2 2.24s
3563 done chncxr vgg13 CHNCXR_0468_1 lime_slic_300 seed=1 2.31s
3564 done chncxr vgg13 CHNCXR_0468_1 lime_mask_0.75 seed=0 2.25s
3565 done chncxr vgg13 CHNCXR_0468_1 lime_slic_300 seed=3 2.29s
3566 done chncxr vgg13 CHNCXR_0468_1 rise_grid_10 seed=1 3.29s
3567 done chncxr vgg13 CHNCXR_0468_1 rise_grid_14 seed=3 3.10s
3568 done chncxr vgg13 CHNCXR_0468_1 lime_slic_200 seed=0 2.25s
3569 done chncxr vgg13 CHNCXR_0468_1 lime_slic_300 seed=4 2.28s
3570 done chncxr vgg13 CHNCXR_0468_1 rise_grid_10 seed=0 3.71s
3571 done chncxr vgg13 CHNCXR_0468_1 lime_slic_200 seed=4 2.29s
3572 done chncxr vgg13 CHNCXR_0468_1 rise_grid_10 seed=3 4.45s
3573 done chncxr vgg13 CHNCXR_0468_1 rise_grid_4 seed=3 4.88s
3574 done chncxr vgg13 CHNCXR_0468_1 rise_mask_0.75 seed=3 4.22s
3575 done chncxr vgg13 CHNCXR_0468_1 rise_mask_0.25 seed=4 4.19s
3576 done chncxr vgg13 CHNCXR_0468_1 lime_slic_50 seed=1 2.23s
3577 done chncxr vgg13 CHNCXR_0468_1 rise_mask_0.25 seed=2 4.51s
3578 done chncxr vgg13 CHNCXR_0468_1 lime_mask_0.75 seed=3 2.25s
3579 done chncxr vgg13 CHNCXR_0468_1 lime_slic_50 seed=3 2.23s
3580 done chncxr vgg13 CHNCXR_0468_1 lime_slic_50 seed=4 2.26s
3581 done chncxr vgg13 CHNCXR_0468_1 rise_grid_10 seed=2 4.38s
3582 done chncxr vgg13 CHNCXR_0468_1 rise_mask_0.25 seed=1 4.35s
3583 done chncxr vgg13 CHNCXR_0468_1 lime_mask_0.75 seed=4 2.20s
3584 done chncxr vgg13 CHNCXR_0468_1 rise_grid_10 seed=4 4.42s
3585 done chncxr vgg13 CHNCXR_0468_1 lime_slic_300 seed=2 2.32s
3586 done chncxr vgg13 CHNCXR_0468_1 rise_grid_4 seed=2 4.92s
3587 done chncxr vgg13 CHNCXR_0468_1 lime_mask_0.75 seed=2 2.29s
3588 done chncxr vgg13 CHNCXR_0468_1 lime_mask_0.25 seed=3 2.25s
3589 done chncxr vgg13 CHNCXR_0468_1 rise_mask_0.75 seed=1 4.50s
3590 done chncxr vgg13 CHNCXR_0468_1 rise_grid_4 seed=1 4.90s
3591 done chncxr vgg13 CHNCXR_0468_1 lime_slic_300 seed=0 2.34s
3592 done chncxr vgg13 CHNCXR_0468_1 lime_mask_0.25 seed=4 2.27s
3593 done chncxr vgg13 CHNCXR_0468_1 rise_grid_14 seed=1 4.28s
3594 done chncxr vgg13 CHNCXR_0468_1 rise_mask_0.75 seed=4 4.49s
3595 done chncxr vgg13 CHNCXR_0468_1 lime_slic_200 seed=2 2.30s
3596 done chncxr vgg13 CHNCXR_0468_1 rise_grid_14 seed=0 4.23s
3597 done chncxr vgg13 CHNCXR_0468_1 rise_mask_0.75 seed=0 4.54s
3598 done chncxr vgg13 CHNCXR_0468_1 lime_slic_200 seed=1 2.34s
3599 done chncxr vgg13 CHNCXR_0468_1 lime_slic_50 seed=2 2.30s
3600 done chncxr vgg13 CHNCXR_0468_1 lime_mask_0.25 seed=1 2.31s
3601 done chncxr vgg13 CHNCXR_0479_1 rise_grid_10 seed=1 4.46s
3602 done chncxr vgg13 CHNCXR_0479_1 lime_slic_200 seed=0 2.30s
3603 done chncxr vgg13 CHNCXR_0479_1 lime_mask_0.25 seed=3 2.30s
3604 done chncxr vgg13 CHNCXR_0479_1 lime_slic_300 seed=3 2.38s
3605 done chncxr vgg13 CHNCXR_0479_1 rise_grid_14 seed=1 4.24s
3606 done chncxr vgg13 CHNCXR_0479_1 rise_mask_0.25 seed=4 4.51s
3607 done chncxr vgg13 CHNCXR_0479_1 rise_mask_0.25 seed=0 4.51s
3608 done chncxr vgg13 CHNCXR_0479_1 lime_slic_200 seed=3 2.28s
3609 done chncxr vgg13 CHNCXR_0479_1 lime_slic_50 seed=1 2.24s
3610 done chncxr vgg13 CHNCXR_0479_1 rise_mask_0.25 seed=1 4.53s
3611 done chncxr vgg13 CHNCXR_0479_1 lime_mask_0.75 seed=2 2.19s
3612 done chncxr vgg13 CHNCXR_0479_1 rise_grid_10 seed=4 4.42s
3613 done chncxr vgg13 CHNCXR_0479_1 lime_mask_0.25 seed=0 2.18s
3614 done chncxr vgg13 CHNCXR_0479_1 rise_grid_4 seed=0 4.87s
3615 done chncxr vgg13 CHNCXR_0479_1 lime_slic_50 seed=3 2.18s
3616 done chncxr vgg13 CHNCXR_0479_1 rise_grid_14 seed=3 4.22s
3617 done chncxr vgg13 CHNCXR_0479_1 rise_grid_4 seed=4 4.87s
3618 done chncxr vgg13 CHNCXR_0479_1 rise_grid_14 seed=2 4.24s
3619 done chncxr vgg13 CHNCXR_0479_1 lime_slic_300 seed=4 2.24s
3620 done chncxr vgg13 CHNCXR_0479_1 rise_grid_10 seed=2 4.42s
3621 done chncxr vgg13 CHNCXR_0479_1 lime_slic_50 seed=2 2.18s
3622 done chncxr vgg13 CHNCXR_0479_1 lime_mask_0.75 seed=0 2.19s
3623 done chncxr vgg13 CHNCXR_0479_1 lime_slic_200 seed=2 2.22s
3624 done chncxr vgg13 CHNCXR_0479_1 lime_mask_0.75 seed=1 2.19s
3625 done chncxr vgg13 CHNCXR_0479_1 lime_slic_200 seed=4 2.23s
3626 done chncxr vgg13 CHNCXR_0479_1 rise_mask_0.75 seed=1 3.79s
3627 done chncxr vgg13 CHNCXR_0479_1 rise_grid_10 seed=0 3.37s
3628 done chncxr vgg13 CHNCXR_0479_1 lime_slic_50 seed=4 2.25s
3629 done chncxr vgg13 CHNCXR_0479_1 lime_mask_0.25 seed=1 2.18s
3630 done chncxr vgg13 CHNCXR_0479_1 lime_slic_200 seed=1 2.27s
3631 done chncxr vgg13 CHNCXR_0479_1 lime_mask_0.75 seed=3 2.21s
3632 done chncxr vgg13 CHNCXR_0479_1 rise_grid_14 seed=0 3.58s
3633 done chncxr vgg13 CHNCXR_0479_1 rise_mask_0.75 seed=2 3.35s
3634 done chncxr vgg13 CHNCXR_0479_1 lime_slic_300 seed=0 2.31s
3635 done chncxr vgg13 CHNCXR_0479_1 rise_grid_10 seed=3 3.32s
3636 done chncxr vgg13 CHNCXR_0479_1 rise_grid_14 seed=4 3.16s
3637 done chncxr vgg13 CHNCXR_0479_1 lime_mask_0.25 seed=2 2.28s
3638 done chncxr vgg13 CHNCXR_0479_1 rise_mask_0.75 seed=3 4.49s
3639 done chncxr vgg13 CHNCXR_0479_1 rise_mask_0.25 seed=2 4.52s
3640 done chncxr vgg13 CHNCXR_0479_1 rise_mask_0.75 seed=0 4.45s
3641 done chncxr vgg13 CHNCXR_0479_1 lime_mask_0.75 seed=4 2.34s
3642 done chncxr vgg13 CHNCXR_0479_1 lime_slic_50 seed=0 2.30s
3643 done chncxr vgg13 CHNCXR_0479_1 lime_slic_300 seed=1 2.35s
3644 done chncxr vgg13 CHNCXR_0479_1 rise_grid_4 seed=2 4.91s
3645 done chncxr vgg13 CHNCXR_0479_1 rise_mask_0.25 seed=3 4.43s
3646 done chncxr vgg13 CHNCXR_0479_1 lime_mask_0.25 seed=4 2.24s
3647 done chncxr vgg13 CHNCXR_0479_1 lime_slic_300 seed=2 2.31s
3648 done chncxr vgg13 CHNCXR_0479_1 rise_grid_4 seed=1 4.92s
3649 done chncxr vgg13 CHNCXR_0479_1 rise_grid_4 seed=3 4.90s
3650 done chncxr vgg13 CHNCXR_0479_1 rise_mask_0.75 seed=4 4.50s
3651 done chncxr vgg13 CHNCXR_0481_1 lime_mask_0.75 seed=0 2.26s
3652 done chncxr vgg13 CHNCXR_0481_1 lime_slic_200 seed=0 2.27s
3653 done chncxr vgg13 CHNCXR_0481_1 lime_slic_50 seed=3 2.22s
3654 done chncxr vgg13 CHNCXR_0481_1 rise_mask_0.75 seed=1 3.32s
3655 done chncxr vgg13 CHNCXR_0481_1 lime_mask_0.25 seed=3 2.24s
3656 done chncxr vgg13 CHNCXR_0481_1 lime_slic_300 seed=4 2.31s
3657 done chncxr vgg13 CHNCXR_0481_1 rise_grid_4 seed=2 4.89s
3658 done chncxr vgg13 CHNCXR_0481_1 lime_slic_300 seed=1 2.31s
3659 done chncxr vgg13 CHNCXR_0481_1 lime_mask_0.25 seed=0 2.24s
3660 done chncxr vgg13 CHNCXR_0481_1 lime_slic_300 seed=0 2.30s
3661 done chncxr vgg13 CHNCXR_0481_1 rise_grid_10 seed=0 4.44s
3662 done chncxr vgg13 CHNCXR_0481_1 lime_slic_200 seed=4 2.28s
3663 done chncxr vgg13 CHNCXR_0481_1 lime_mask_0.75 seed=2 2.25s
3664 done chncxr vgg13 CHNCXR_0481_1 lime_mask_0.75 seed=3 2.25s
3665 done chncxr vgg13 CHNCXR_0481_1 rise_grid_14 seed=3 4.26s
3666 done chncxr vgg13 CHNCXR_0481_1 lime_slic_200 seed=3 2.28s
3667 done chncxr vgg13 CHNCXR_0481_1 lime_mask_0.75 seed=4 2.25s
3668 done chncxr vgg13 CHNCXR_0481_1 rise_grid_10 seed=3 4.44s
3669 done chncxr vgg13 CHNCXR_0481_1 lime_slic_300 seed=3 2.31s
3670 done chncxr vgg13 CHNCXR_0481_1 rise_mask_0.75 seed=2 4.50s
3671 done chncxr vgg13 CHNCXR_0481_1 lime_slic_50 seed=2 2.25s
3672 done chncxr vgg13 CHNCXR_0481_1 rise_mask_0.75 seed=0 4.50s
3673 done chncxr vgg13 CHNCXR_0481_1 rise_grid_4 seed=0 4.90s
3674 done chncxr vgg13 CHNCXR_0481_1 rise_grid_10 seed=4 4.45s
3675 done chncxr vgg13 CHNCXR_0481_1 rise_mask_0.75 seed=4 4.51s
3676 done chncxr vgg13 CHNCXR_0481_1 lime_slic_50 seed=4 2.26s
3677 done chncxr vgg13 CHNCXR_0481_1 rise_mask_0.75 seed=3 3.76s
3678 done chncxr vgg13 CHNCXR_0481_1 lime_slic_200 seed=2 2.34s
3679 done chncxr vgg13 CHNCXR_0481_1 lime_mask_0.25 seed=4 2.29s
3680 done chncxr vgg13 CHNCXR_0481_1 rise_mask_0.25 seed=4 3.37s
3681 done chncxr vgg13 CHNCXR_0481_1 rise_grid_4 seed=3 3.73s
3682 done chncxr vgg13 CHNCXR_0481_1 rise_mask_0.25 seed=2 3.36s
3683 done chncxr vgg13 CHNCXR_0481_1 lime_slic_300 seed=2 2.35s
3684 done chncxr vgg13 CHNCXR_0481_1 rise_grid_4 seed=1 3.72s
3685 done chncxr vgg13 CHNCXR_0481_1 lime_slic_50 seed=0 2.28s
3686 done chncxr vgg13 CHNCXR_0481_1 lime_slic_50 seed=1 2.29s
3687 done chncxr vgg13 CHNCXR_0481_1 rise_mask_0.25 seed=3 4.39s
3688 done chncxr vgg13 CHNCXR_0481_1 lime_mask_0.25 seed=2 2.30s
3689 done chncxr vgg13 CHNCXR_0481_1 lime_slic_200 seed=1 2.34s
3690 done chncxr vgg13 CHNCXR_0481_1 rise_grid_14 seed=1 4.27s
3691 done chncxr vgg13 CHNCXR_0481_1 rise_grid_10 seed=2 3.56s
3692 done chncxr vgg13 CHNCXR_0481_1 rise_grid_4 seed=4 4.91s
3693 done chncxr vgg13 CHNCXR_0481_1 rise_grid_10 seed=1 3.77s
3694 done chncxr vgg13 CHNCXR_0481_1 rise_mask_0.25 seed=0 4.53s
3695 done chncxr vgg13 CHNCXR_0481_1 lime_mask_0.75 seed=1 2.70s
3696 done chncxr vgg13 CHNCXR_0481_1 rise_grid_14 seed=0 4.44s
3697 done chncxr vgg13 CHNCXR_0481_1 rise_grid_14 seed=2 4.52s
3698 done chncxr vgg13 CHNCXR_0481_1 lime_mask_0.25 seed=1 2.81s
3699 done chncxr vgg13 CHNCXR_0481_1 rise_grid_14 seed=4 4.76s
3700 done chncxr vgg13 CHNCXR_0481_1 rise_mask_0.25 seed=1 4.85s
3701 done chncxr vgg13 CHNCXR_0503_1 lime_slic_200 seed=3 2.66s
3702 done chncxr vgg13 CHNCXR_0503_1 lime_mask_0.75 seed=1 2.65s
3703 done chncxr vgg13 CHNCXR_0503_1 rise_mask_0.75 seed=4 4.62s
3704 done chncxr vgg13 CHNCXR_0503_1 rise_grid_4 seed=1 5.18s
3705 done chncxr vgg13 CHNCXR_0503_1 lime_mask_0.25 seed=1 2.62s
3706 done chncxr vgg13 CHNCXR_0503_1 lime_slic_50 seed=1 2.61s
3707 done chncxr vgg13 CHNCXR_0503_1 lime_slic_300 seed=4 2.63s
3708 done chncxr vgg13 CHNCXR_0503_1 lime_mask_0.25 seed=4 2.58s
3709 done chncxr vgg13 CHNCXR_0503_1 rise_grid_14 seed=2 4.10s
3710 done chncxr vgg13 CHNCXR_0503_1 lime_mask_0.75 seed=2 2.58s
3711 done chncxr vgg13 CHNCXR_0503_1 lime_slic_200 seed=4 2.59s
3712 done chncxr vgg13 CHNCXR_0503_1 rise_grid_14 seed=0 4.36s
3713 done chncxr vgg13 CHNCXR_0503_1 rise_grid_10 seed=1 4.59s
3714 done chncxr vgg13 CHNCXR_0503_1 rise_grid_4 seed=4 4.79s
3715 done chncxr vgg13 CHNCXR_0503_1 lime_slic_200 seed=1 2.37s
3716 done chncxr vgg13 CHNCXR_0503_1 rise_mask_0.25 seed=2 4.54s
3717 done chncxr vgg13 CHNCXR_0503_1 lime_mask_0.25 seed=3 2.32s
3718 done chncxr vgg13 CHNCXR_0503_1 rise_grid_14 seed=3 4.29s
3719 done chncxr vgg13 CHNCXR_0503_1 rise_grid_10 seed=4 4.34s
3720 done chncxr vgg13 CHNCXR_0503_1 rise_mask_0.25 seed=3 3.98s
3721 done chncxr vgg13 CHNCXR_0503_1 rise_grid_10 seed=0 4.46s
3722 done chncxr vgg13 CHNCXR_0503_1 lime_slic_50 seed=3 2.32s
3723 done chncxr vgg13 CHNCXR_0503_1 lime_slic_300 seed=2 2.40s
3724 done chncxr vgg13 CHNCXR_0503_1 lime_mask_0.25 seed=2 2.36s
3725 done chncxr vgg13 CHNCXR_0503_1 lime_slic_50 seed=2 2.31s
3726 done chncxr vgg13 CHNCXR_0503_1 lime_slic_200 seed=2 2.47s
3727 done chncxr vgg13 CHNCXR_0503_1 lime_mask_0.75 seed=4 2.43s
3728 done chncxr vgg13 CHNCXR_0503_1 rise_mask_0.25 seed=0 4.55s
3729 done chncxr vgg13 CHNCXR_0503_1 rise_mask_0.75 seed=2 4.53s
3730 done chncxr vgg13 CHNCXR_0503_1 lime_mask_0.75 seed=3 2.29s
3731 done chncxr vgg13 CHNCXR_0503_1 lime_slic_50 seed=0 2.26s
3732 done chncxr vgg13 CHNCXR_0503_1 rise_grid_14 seed=4 4.28s
3733 done chncxr vgg13 CHNCXR_0503_1 rise_grid_14 seed=1 3.80s
3734 done chncxr vgg13 CHNCXR_0503_1 rise_grid_4 seed=2 3.68s
3735 done chncxr vgg13 CHNCXR_0503_1 lime_slic_300 seed=1 2.26s
3736 done chncxr vgg13 CHNCXR_0503_1 rise_mask_0.75 seed=1 4.49s
3737 done chncxr vgg13 CHNCXR_0503_1 lime_slic_300 seed=0 2.28s
3738 done chncxr vgg13 CHNCXR_0503_1 lime_mask_0.75 seed=0 2.23s
3739 done chncxr vgg13 CHNCXR_0503_1 rise_mask_0.25 seed=4 4.50s
3740 done chncxr vgg13 CHNCXR_0503_1 lime_mask_0.25 seed=0 2.21s
3741 done chncxr vgg13 CHNCXR_0503_1 rise_mask_0.25 seed=1 3.34s
3742 done chncxr vgg13 CHNCXR_0503_1 rise_grid_4 seed=0 3.66s
3743 done chncxr vgg13 CHNCXR_0503_1 lime_slic_200 seed=0 2.26s
3744 done chncxr vgg13 CHNCXR_0503_1 lime_slic_50 seed=4 2.24s
3745 done chncxr vgg13 CHNCXR_0503_1 rise_grid_10 seed=2 3.28s
3746 done chncxr vgg13 CHNCXR_0503_1 rise_mask_0.75 seed=0 3.33s
3747 done chncxr vgg13 CHNCXR_0503_1 rise_mask_0.75 seed=3 3.32s
3748 done chncxr vgg13 CHNCXR_0503_1 rise_grid_4 seed=3 3.67s
3749 done chncxr vgg13 CHNCXR_0503_1 rise_grid_10 seed=3 3.28s
3750 done chncxr vgg13 CHNCXR_0503_1 lime_slic_300 seed=3 2.29s
3751 done chncxr vgg13 CHNCXR_0518_1 rise_mask_0.75 seed=4 3.33s
3752 done chncxr vgg13 CHNCXR_0518_1 lime_slic_300 seed=0 2.30s
3753 done chncxr vgg13 CHNCXR_0518_1 rise_grid_10 seed=3 3.27s
3754 done chncxr vgg13 CHNCXR_0518_1 lime_slic_300 seed=1 2.29s
3755 done chncxr vgg13 CHNCXR_0518_1 lime_slic_200 seed=2 2.27s
3756 done chncxr vgg13 CHNCXR_0518_1 rise_mask_0.75 seed=1 3.33s
3757 done chncxr vgg13 CHNCXR_0518_1 rise_grid_4 seed=1 4.07s
3758 done chncxr vgg13 CHNCXR_0518_1 lime_slic_50 seed=2 2.27s
3759 done chncxr vgg13 CHNCXR_0518_1 lime_slic_300 seed=4 2.28s
3760 done chncxr vgg13 CHNCXR_0518_1 rise_grid_10 seed=1 3.37s
3761 done chncxr vgg13 CHNCXR_0518_1 rise_grid_4 seed=2 4.95s
3762 done chncxr vgg13 CHNCXR_0518_1 rise_mask_0.25 seed=1 4.53s
3763 done chncxr vgg13 CHNCXR_0518_1 lime_slic_200 seed=4 2.29s
3764 done chncxr vgg13 CHNCXR_0518_1 lime_mask_0.75 seed=0 2.28s
3765 done chncxr vgg13 CHNCXR_0518_1 rise_grid_14 seed=1 3.43s
3766 done chncxr vgg13 CHNCXR_0518_1 lime_mask_0.75 seed=4 2.28s
3767 done chncxr vgg13 CHNCXR_0518_1 rise_mask_0.75 seed=3 4.51s
3768 done chncxr vgg13 CHNCXR_0518_1 lime_mask_0.25 seed=0 2.31s
3769 done chncxr vgg13 CHNCXR_0518_1 lime_mask_0.25 seed=2 2.31s
3770 done chncxr vgg13 CHNCXR_0518_1 rise_grid_4 seed=3 4.97s
3771 done chncxr vgg13 CHNCXR_0518_1 rise_mask_0.75 seed=2 4.25s
3772 done chncxr vgg13 CHNCXR_0518_1 lime_slic_300 seed=3 2.31s
3773 done chncxr vgg13 CHNCXR_0518_1 lime_mask_0.25 seed=4 2.28s
3774 done chncxr vgg13 CHNCXR_0518_1 lime_slic_50 seed=1 2.31s
3775 done chncxr vgg13 CHNCXR_0518_1 lime_slic_50 seed=0 2.29s
3776 done chncxr vgg13 CHNCXR_0518_1 rise_grid_14 seed=4 3.61s
3777 done chncxr vgg13 CHNCXR_0518_1 rise_mask_0.75 seed=0 4.09s
3778 done chncxr vgg13 CHNCXR_0518_1 lime_slic_200 seed=3 2.36s
3779 done chncxr vgg13 CHNCXR_0518_1 rise_grid_10 seed=4 4.45s
3780 done chncxr vgg13 CHNCXR_0518_1 rise_grid_14 seed=2 3.93s
3781 done chncxr vgg13 CHNCXR_0518_1 rise_grid_4 seed=4 4.98s
3782 done chncxr vgg13 CHNCXR_0518_1 lime_slic_50 seed=3 2.32s
3783 done chncxr vgg13 CHNCXR_0518_1 lime_slic_200 seed=0 2.39s
3784 done chncxr vgg13 CHNCXR_0518_1 rise_grid_14 seed=3 4.55s
3785 done chncxr vgg13 CHNCXR_0518_1 lime_mask_0.25 seed=1 2.41s
3786 done chncxr vgg13 CHNCXR_0518_1 rise_grid_4 seed=0 4.83s
3787 done chncxr vgg13 CHNCXR_0518_1 lime_slic_50 seed=4 2.25s
3788 done chncxr vgg13 CHNCXR_0518_1 rise_grid_10 seed=2 4.44s
3789 done chncxr vgg13 CHNCXR_0518_1 lime_mask_0.75 seed=1 2.21s
3790 done chncxr vgg13 CHNCXR_0518_1 rise_grid_10 seed=0 4.43s
3791 done chncxr vgg13 CHNCXR_0518_1 rise_grid_14 seed=0 4.24s
3792 done chncxr vgg13 CHNCXR_0518_1 lime_slic_300 seed=2 2.26s
3793 done chncxr vgg13 CHNCXR_0518_1 rise_mask_0.25 seed=0 4.49s
3794 done chncxr vgg13 CHNCXR_0518_1 lime_slic_200 seed=1 2.26s
3795 done chncxr vgg13 CHNCXR_0518_1 rise_mask_0.25 seed=2 4.50s
3796 done chncxr vgg13 CHNCXR_0518_1 lime_mask_0.75 seed=2 2.22s
3797 done chncxr vgg13 CHNCXR_0518_1 lime_mask_0.25 seed=3 2.20s
3798 done chncxr vgg13 CHNCXR_0518_1 rise_mask_0.25 seed=3 4.50s
3799 done chncxr vgg13 CHNCXR_0518_1 lime_mask_0.75 seed=3 2.22s
3800 done chncxr vgg13 CHNCXR_0518_1 rise_mask_0.25 seed=4 4.50s
3801 done chncxr vgg13 CHNCXR_0525_1 rise_grid_4 seed=3 4.89s
3802 done chncxr vgg13 CHNCXR_0525_1 lime_slic_50 seed=3 2.26s
3803 done chncxr vgg13 CHNCXR_0525_1 rise_mask_0.25 seed=2 3.61s
3804 done chncxr vgg13 CHNCXR_0525_1 lime_slic_300 seed=3 2.32s
3805 done chncxr vgg13 CHNCXR_0525_1 lime_mask_0.25 seed=4 2.27s
3806 done chncxr vgg13 CHNCXR_0525_1 rise_grid_10 seed=1 3.27s
3807 done chncxr vgg13 CHNCXR_0525_1 lime_mask_0.75 seed=2 2.27s
3808 done chncxr vgg13 CHNCXR_0525_1 lime_slic_50 seed=2 2.17s
3809 done chncxr vgg13 CHNCXR_0525_1 rise_grid_14 seed=3 4.25s
3810 done chncxr vgg13 CHNCXR_0525_1 rise_mask_0.25 seed=4 4.49s
3811 done chncxr vgg13 CHNCXR_0525_1 lime_slic_300 seed=1 2.27s
3812 done chncxr vgg13 CHNCXR_0525_1 rise_grid_10 seed=2 4.44s
3813 done chncxr vgg13 CHNCXR_0525_1 rise_mask_0.75 seed=0 4.54s
3814 done chncxr vgg13 CHNCXR_0525_1 lime_slic_50 seed=0 2.21s
3815 done chncxr vgg13 CHNCXR_0525_1 lime_slic_200 seed=4 2.24s
3816 done chncxr vgg13 CHNCXR_0525_1 rise_grid_10 seed=3 4.56s
3817 done chncxr vgg13 CHNCXR_0525_1 lime_slic_200 seed=1 2.33s
3818 done chncxr vgg13 CHNCXR_0525_1 lime_mask_0.75 seed=3 2.27s
3819 done chncxr vgg13 CHNCXR_0525_1 lime_mask_0.75 seed=1 2.27s
3820 done chncxr vgg13 CHNCXR_0525_1 lime_slic_300 seed=0 2.33s
3821 done chncxr vgg13 CHNCXR_0525_1 rise_grid_4 seed=0 4.90s
3822 done chncxr vgg13 CHNCXR_0525_1 lime_slic_300 seed=4 2.33s
3823 done chncxr vgg13 CHNCXR_0525_1 rise_grid_4 seed=2 4.90s
3824 done chncxr vgg13 CHNCXR_0525_1 rise_mask_0.75 seed=2 4.51s
3825 done chncxr vgg13 CHNCXR_0525_1 lime_slic_200 seed=2 2.28s
3826 done chncxr vgg13 CHNCXR_0525_1 lime_slic_50 seed=1 2.23s
3827 done chncxr vgg13 CHNCXR_0525_1 lime_slic_300 seed=2 2.30s
3828 done chncxr vgg13 CHNCXR_0525_1 lime_mask_0.25 seed=1 2.25s
3829 done chncxr vgg13 CHNCXR_0525_1 lime_slic_200 seed=0 2.29s
3830 done chncxr vgg13 CHNCXR_0525_1 rise_mask_0.75 seed=3 4.50s
3831 done chncxr vgg13 CHNCXR_0525_1 rise_grid_4 seed=4 4.94s
3832 done chncxr vgg13 CHNCXR_0525_1 lime_mask_0.25 seed=2 2.27s
3833 done chncxr vgg13 CHNCXR_0525_1 lime_mask_0.25 seed=3 2.27s
3834 done chncxr vgg13 CHNCXR_0525_1 rise_mask_0.25 seed=3 4.51s
3835 done chncxr vgg13 CHNCXR_0525_1 rise_grid_14 seed=0 3.13s
3836 done chncxr vgg13 CHNCXR_0525_1 rise_grid_4 seed=1 3.70s
3837 done chncxr vgg13 CHNCXR_0525_1 rise_mask_0.25 seed=0 3.33s
3838 done chncxr vgg13 CHNCXR_0525_1 lime_mask_0.75 seed=0 2.27s
3839 done chncxr vgg13 CHNCXR_0525_1 rise_grid_10 seed=4 3.27s
3840 done chncxr vgg13 CHNCXR_0525_1 rise_mask_0.75 seed=4 3.32s
3841 done chncxr vgg13 CHNCXR_0525_1 rise_mask_0.25 seed=1 3.32s
3842 done chncxr vgg13 CHNCXR_0525_1 rise_grid_10 seed=0 3.28s
3843 done chncxr vgg13 CHNCXR_0525_1 lime_mask_0.75 seed=4 2.28s
3844 done chncxr vgg13 CHNCXR_0525_1 lime_slic_200 seed=3 2.31s
3845 done chncxr vgg13 CHNCXR_0525_1 rise_mask_0.75 seed=1 3.38s
3846 done chncxr vgg13 CHNCXR_0525_1 rise_grid_14 seed=4 3.16s
3847 done chncxr vgg13 CHNCXR_0525_1 lime_mask_0.25 seed=0 2.28s
3848 done chncxr vgg13 CHNCXR_0525_1 lime_slic_50 seed=4 2.21s
3849 done chncxr vgg13 CHNCXR_0525_1 rise_grid_14 seed=2 3.15s
3850 done chncxr vgg13 CHNCXR_0525_1 rise_grid_14 seed=1 3.15s
3851 done chncxr vgg13 CHNCXR_0538_1 lime_slic_300 seed=4 2.34s
3852 done chncxr vgg13 CHNCXR_0538_1 rise_grid_10 seed=1 4.46s
3853 done chncxr vgg13 CHNCXR_0538_1 lime_mask_0.75 seed=1 2.21s
3854 done chncxr vgg13 CHNCXR_0538_1 rise_grid_4 seed=2 3.66s
3855 done chncxr vgg13 CHNCXR_0538_1 rise_mask_0.25 seed=2 3.32s
3856 done chncxr vgg13 CHNCXR_0538_1 rise_mask_0.75 seed=3 3.31s
3857 done chncxr vgg13 CHNCXR_0538_1 rise_grid_4 seed=3 3.65s
3858 done chncxr vgg13 CHNCXR_0538_1 rise_mask_0.75 seed=2 4.50s
3859 done chncxr vgg13 CHNCXR_0538_1 rise_grid_10 seed=4 4.15s
3860 done chncxr vgg13 CHNCXR_0538_1 rise_grid_4 seed=1 4.89s
3861 done chncxr vgg13 CHNCXR_0538_1 rise_grid_14 seed=1 4.25s
3862 done chncxr vgg13 CHNCXR_0538_1 lime_mask_0.25 seed=1 2.23s
3863 done chncxr vgg13 CHNCXR_0538_1 lime_slic_50 seed=3 2.20s
3864 done chncxr vgg13 CHNCXR_0538_1 lime_slic_300 seed=2 2.19s
3865 done chncxr vgg13 CHNCXR_0538_1 lime_slic_200 seed=4 2.24s
3866 done chncxr vgg13 CHNCXR_0538_1 lime_mask_0.25 seed=0 2.20s
3867 done chncxr vgg13 CHNCXR_0538_1 lime_slic_300 seed=0 2.27s
3868 done chncxr vgg13 CHNCXR_0538_1 lime_mask_0.25 seed=4 2.22s
3869 done chncxr vgg13 CHNCXR_0538_1 lime_slic_300 seed=1 2.27s
3870 done chncxr vgg13 CHNCXR_0538_1 rise_mask_0.25 seed=1 4.50s
3871 done chncxr vgg13 CHNCXR_0538_1 lime_slic_200 seed=1 2.25s
3872 done chncxr vgg13 CHNCXR_0538_1 lime_slic_50 seed=4 2.20s
3873 done chncxr vgg13 CHNCXR_0538_1 rise_mask_0.75 seed=1 4.49s
3874 done chncxr vgg13 CHNCXR_0538_1 lime_slic_50 seed=1 2.21s
3875 done chncxr vgg13 CHNCXR_0538_1 lime_mask_0.75 seed=0 2.21s
3876 done chncxr vgg13 CHNCXR_0538_1 rise_mask_0.75 seed=0 3.64s
3877 done chncxr vgg13 CHNCXR_0538_1 rise_mask_0.25 seed=3 3.30s
3878 done chncxr vgg13 CHNCXR_0538_1 rise_grid_10 seed=0 3.26s
3879 done chncxr vgg13 CHNCXR_0538_1 rise_grid_10 seed=3 3.25s
3880 done chncxr vgg13 CHNCXR_0538_1 rise_mask_0.75 seed=4 3.32s
3881 done chncxr vgg13 CHNCXR_0538_1 lime_slic_50 seed=2 2.19s
3882 done chncxr vgg13 CHNCXR_0538_1 rise_grid_14 seed=3 3.08s
3883 done chncxr vgg13 CHNCXR_0538_1 lime_slic_200 seed=2 2.23s
3884 done chncxr vgg13 CHNCXR_0538_1 lime_mask_0.75 seed=3 2.20s
3885 done chncxr vgg13 CHNCXR_0538_1 rise_grid_10 seed=2 3.24s
3886 done chncxr vgg13 CHNCXR_0538_1 rise_grid_14 seed=2 3.09s
3887 done chncxr vgg13 CHNCXR_0538_1 lime_slic_300 seed=3 2.25s
3888 done chncxr vgg13 CHNCXR_0538_1 rise_grid_14 seed=0 3.10s
3889 done chncxr vgg13 CHNCXR_0538_1 lime_slic_200 seed=3 2.23s
3890 done chncxr vgg13 CHNCXR_0538_1 lime_mask_0.25 seed=3 2.19s
3891 done chncxr vgg13 CHNCXR_0538_1 lime_mask_0.75 seed=2 2.21s
3892 done chncxr vgg13 CHNCXR_0538_1 rise_mask_0.25 seed=4 3.31s
3893 done chncxr vgg13 CHNCXR_0538_1 rise_grid_14 seed=4 3.13s
3894 done chncxr vgg13 CHNCXR_0538_1 lime_slic_50 seed=0 2.25s
3895 done chncxr vgg13 CHNCXR_0538_1 rise_grid_4 seed=0 3.67s
3896 done chncxr vgg13 CHNCXR_0538_1 lime_mask_0.75 seed=4 2.26s
3897 done chncxr vgg13 CHNCXR_0538_1 lime_slic_200 seed=0 2.28s
3898 done chncxr vgg13 CHNCXR_0538_1 lime_mask_0.25 seed=2 2.25s
3899 done chncxr vgg13 CHNCXR_0538_1 rise_mask_0.25 seed=0 3.33s
3900 done chncxr vgg13 CHNCXR_0538_1 rise_grid_4 seed=4 3.69s
3901 done chncxr vgg13 CHNCXR_0557_1 lime_slic_300 seed=0 2.32s
3902 done chncxr vgg13 CHNCXR_0557_1 lime_slic_300 seed=1 2.32s
3903 done chncxr vgg13 CHNCXR_0557_1 rise_grid_14 seed=2 4.25s
3904 done chncxr vgg13 CHNCXR_0557_1 lime_slic_50 seed=4 2.20s
3905 done chncxr vgg13 CHNCXR_0557_1 rise_grid_14 seed=3 4.25s
3906 done chncxr vgg13 CHNCXR_0557_1 lime_mask_0.75 seed=0 2.21s
3907 done chncxr vgg13 CHNCXR_0557_1 rise_grid_4 seed=2 3.75s
3908 done chncxr vgg13 CHNCXR_0557_1 lime_slic_300 seed=4 2.31s
3909 done chncxr vgg13 CHNCXR_0557_1 rise_grid_10 seed=2 4.44s
3910 done chncxr vgg13 CHNCXR_0557_1 lime_mask_0.25 seed=1 2.22s
3911 done chncxr vgg13 CHNCXR_0557_1 lime_slic_50 seed=0 2.21s
3912 done chncxr vgg13 CHNCXR_0557_1 lime_mask_0.75 seed=1 2.21s
3913 done chncxr vgg13 CHNCXR_0557_1 rise_grid_14 seed=4 4.25s
3914 done chncxr vgg13 CHNCXR_0557_1 rise_grid_4 seed=3 3.87s
3915 done chncxr vgg13 CHNCXR_0557_1 lime_mask_0.75 seed=2 2.22s
3916 done chncxr vgg13 CHNCXR_0557_1 rise_grid_10 seed=0 3.25s
3917 done chncxr vgg13 CHNCXR_0557_1 lime_mask_0.25 seed=0 2.27s
3918 done chncxr vgg13 CHNCXR_0557_1 lime_slic_200 seed=4 2.29s
3919 done chncxr vgg13 CHNCXR_0557_1 rise_mask_0.75 seed=3 3.32s
3920 done chncxr vgg13 CHNCXR_0557_1 lime_mask_0.75 seed=3 2.26s
3921 done chncxr vgg13 CHNCXR_0557_1 rise_grid_10 seed=3 3.29s
3922 done chncxr vgg13 CHNCXR_0557_1 rise_grid_10 seed=4 3.26s
3923 done chncxr vgg13 CHNCXR_0557_1 rise_grid_4 seed=4 3.67s
3924 done chncxr vgg13 CHNCXR_0557_1 lime_mask_0.75 seed=4 2.25s
3925 done chncxr vgg13 CHNCXR_0557_1 lime_slic_200 seed=2 2.28s
3926 done chncxr vgg13 CHNCXR_0557_1 lime_slic_200 seed=1 2.28s
3927 done chncxr vgg13 CHNCXR_0557_1 rise_mask_0.25 seed=1 3.33s
3928 done chncxr vgg13 CHNCXR_0557_1 lime_slic_50 seed=1 2.25s
3929 done chncxr vgg13 CHNCXR_0557_1 rise_mask_0.75 seed=2 3.30s
3930 done chncxr vgg13 CHNCXR_0557_1 lime_mask_0.25 seed=2 2.24s
3931 done chncxr vgg13 CHNCXR_0557_1 rise_mask_0.25 seed=0 3.32s
3932 done chncxr vgg13 CHNCXR_0557_1 rise_grid_4 seed=0 3.66s
3933 done chncxr vgg13 CHNCXR_0557_1 lime_slic_50 seed=2 2.27s
3934 done chncxr vgg13 CHNCXR_0557_1 lime_mask_0.25 seed=4 2.23s
3935 done chncxr vgg13 CHNCXR_0557_1 rise_mask_0.25 seed=2 3.30s
3936 done chncxr vgg13 CHNCXR_0557_1 lime_slic_300 seed=2 2.31s
3937 done chncxr vgg13 CHNCXR_0557_1 rise_mask_0.25 seed=4 3.30s
3938 done chncxr vgg13 CHNCXR_0557_1 rise_grid_10 seed=1 3.25s
3939 done chncxr vgg13 CHNCXR_0557_1 rise_grid_4 seed=1 3.64s
3940 done chncxr vgg13 CHNCXR_0557_1 rise_mask_0.25 seed=3 3.29s
3941 done chncxr vgg13 CHNCXR_0557_1 lime_mask_0.25 seed=3 2.22s
3942 done chncxr vgg13 CHNCXR_0557_1 rise_grid_14 seed=1 3.11s
3943 done chncxr vgg13 CHNCXR_0557_1 lime_slic_200 seed=0 2.28s
3944 done chncxr vgg13 CHNCXR_0557_1 rise_mask_0.75 seed=1 3.32s
3945 done chncxr vgg13 CHNCXR_0557_1 rise_mask_0.75 seed=0 3.32s
3946 done chncxr vgg13 CHNCXR_0557_1 lime_slic_300 seed=3 2.31s
3947 done chncxr vgg13 CHNCXR_0557_1 rise_mask_0.75 seed=4 3.32s
3948 done chncxr vgg13 CHNCXR_0557_1 rise_grid_14 seed=0 3.11s
3949 done chncxr vgg13 CHNCXR_0557_1 lime_slic_200 seed=3 2.31s
3950 done chncxr vgg13 CHNCXR_0557_1 lime_slic_50 seed=3 2.27s
3951 done chncxr vgg13 CHNCXR_0571_1 lime_slic_200 seed=4 2.26s
3952 done chncxr vgg13 CHNCXR_0571_1 lime_mask_0.75 seed=0 2.28s
3953 done chncxr vgg13 CHNCXR_0571_1 rise_grid_10 seed=4 3.31s
3954 done chncxr vgg13 CHNCXR_0571_1 lime_slic_300 seed=0 2.36s
3955 done chncxr vgg13 CHNCXR_0571_1 rise_mask_0.75 seed=1 3.38s
3956 done chncxr vgg13 CHNCXR_0571_1 rise_mask_0.25 seed=0 3.38s
3957 done chncxr vgg13 CHNCXR_0571_1 lime_slic_50 seed=0 2.29s
3958 done chncxr vgg13 CHNCXR_0571_1 rise_mask_0.25 seed=2 3.33s
3959 done chncxr vgg13 CHNCXR_0571_1 rise_mask_0.25 seed=4 3.33s
3960 done chncxr vgg13 CHNCXR_0571_1 lime_mask_0.25 seed=4 2.27s
3961 done chncxr vgg13 CHNCXR_0571_1 rise_grid_4 seed=0 3.75s
3962 done chncxr vgg13 CHNCXR_0571_1 lime_mask_0.25 seed=2 2.27s
3963 done chncxr vgg13 CHNCXR_0571_1 rise_grid_14 seed=1 3.12s
3964 done chncxr vgg13 CHNCXR_0571_1 lime_slic_300 seed=4 2.34s
3965 done chncxr vgg13 CHNCXR_0571_1 rise_grid_10 seed=2 3.28s
3966 done chncxr vgg13 CHNCXR_0571_1 rise_grid_4 seed=2 3.67s
3967 done chncxr vgg13 CHNCXR_0571_1 rise_grid_14 seed=4 3.12s
3968 done chncxr vgg13 CHNCXR_0571_1 lime_slic_300 seed=2 2.30s
3969 done chncxr vgg13 CHNCXR_0571_1 lime_mask_0.75 seed=1 2.25s
3970 done chncxr vgg13 CHNCXR_0571_1 lime_slic_200 seed=0 2.28s
3971 done chncxr vgg13 CHNCXR_0571_1 lime_mask_0.75 seed=3 2.24s
3972 done chncxr vgg13 CHNCXR_0571_1 lime_slic_300 seed=1 2.30s
3973 done chncxr vgg13 CHNCXR_0571_1 rise_mask_0.25 seed=3 3.34s
3974 done chncxr vgg13 CHNCXR_0571_1 rise_grid_10 seed=1 3.28s
3975 done chncxr vgg13 CHNCXR_0571_1 rise_mask_0.75 seed=4 3.33s
3976 done chncxr vgg13 CHNCXR_0571_1 lime_mask_0.25 seed=3 2.25s
3977 done chncxr vgg13 CHNCXR_0571_1 rise_grid_14 seed=3 3.11s
3978 done chncxr vgg13 CHNCXR_0571_1 lime_slic_200 seed=3 2.28s
3979 done chncxr vgg13 CHNCXR_0571_1 lime_mask_0.75 seed=4 2.24s
3980 done chncxr vgg13 CHNCXR_0571_1 rise_grid_10 seed=0 3.27s
3981 done chncxr vgg13 CHNCXR_0571_1 lime_mask_0.25 seed=1 2.24s
3982 done chncxr vgg13 CHNCXR_0571_1 lime_slic_50 seed=2 2.24s
3983 done chncxr vgg13 CHNCXR_0571_1 lime_slic_200 seed=2 2.21s
3984 done chncxr vgg13 CHNCXR_0571_1 rise_grid_10 seed=3 3.26s
3985 done chncxr vgg13 CHNCXR_0571_1 lime_slic_300 seed=3 2.31s
3986 done chncxr vgg13 CHNCXR_0571_1 lime_slic_200 seed=1 2.28s
3987 done chncxr vgg13 CHNCXR_0571_1 rise_grid_4 seed=3 3.66s
3988 done chncxr vgg13 CHNCXR_0571_1 rise_mask_0.75 seed=2 3.32s
3989 done chncxr vgg13 CHNCXR_0571_1 lime_slic_50 seed=4 2.23s
3990 done chncxr vgg13 CHNCXR_0571_1 lime_slic_50 seed=1 2.23s
3991 done chncxr vgg13 CHNCXR_0571_1 lime_slic_50 seed=3 2.21s
3992 done chncxr vgg13 CHNCXR_0571_1 lime_mask_0.75 seed=2 2.25s
3993 done chncxr vgg13 CHNCXR_0571_1 rise_grid_4 seed=1 3.67s
3994 done chncxr vgg13 CHNCXR_0571_1 rise_grid_14 seed=2 3.14s
3995 done chncxr vgg13 CHNCXR_0571_1 rise_mask_0.25 seed=1 3.32s
3996 done chncxr vgg13 CHNCXR_0571_1 lime_mask_0.25 seed=0 2.25s
3997 done chncxr vgg13 CHNCXR_0571_1 rise_mask_0.75 seed=3 3.32s
3998 done chncxr vgg13 CHNCXR_0571_1 rise_grid_14 seed=0 3.11s
3999 done chncxr vgg13 CHNCXR_0571_1 rise_mask_0.75 seed=0 3.31s
4000 done chncxr vgg13 CHNCXR_0571_1 rise_grid_4 seed=4 3.69s
4001 done chncxr vgg13 CHNCXR_0579_1 lime_mask_0.25 seed=3 2.26s
4002 done chncxr vgg13 CHNCXR_0579_1 rise_mask_0.75 seed=0 4.51s
4003 done chncxr vgg13 CHNCXR_0579_1 rise_grid_4 seed=3 3.77s
4004 done chncxr vgg13 CHNCXR_0579_1 lime_slic_50 seed=0 2.29s
4005 done chncxr vgg13 CHNCXR_0579_1 lime_slic_50 seed=3 2.29s
4006 done chncxr vgg13 CHNCXR_0579_1 rise_mask_0.75 seed=3 3.37s
4007 done chncxr vgg13 CHNCXR_0579_1 lime_slic_300 seed=3 2.36s
4008 done chncxr vgg13 CHNCXR_0579_1 lime_mask_0.25 seed=4 2.29s
4009 done chncxr vgg13 CHNCXR_0579_1 lime_slic_300 seed=1 2.36s
4010 done chncxr vgg13 CHNCXR_0579_1 rise_grid_10 seed=4 3.32s
4011 done chncxr vgg13 CHNCXR_0579_1 lime_slic_200 seed=1 2.32s
4012 done chncxr vgg13 CHNCXR_0579_1 rise_grid_14 seed=4 3.16s
4013 done chncxr vgg13 CHNCXR_0579_1 rise_mask_0.25 seed=4 3.36s
4014 done chncxr vgg13 CHNCXR_0579_1 lime_slic_200 seed=0 2.33s
4015 done chncxr vgg13 CHNCXR_0579_1 lime_slic_200 seed=3 2.33s
4016 done chncxr vgg13 CHNCXR_0579_1 rise_mask_0.75 seed=1 3.37s
4017 done chncxr vgg13 CHNCXR_0579_1 rise_mask_0.25 seed=1 3.37s
4018 done chncxr vgg13 CHNCXR_0579_1 lime_slic_200 seed=2 2.33s
4019 done chncxr vgg13 CHNCXR_0579_1 rise_grid_14 seed=1 3.15s
4020 done chncxr vgg13 CHNCXR_0579_1 rise_mask_0.25 seed=2 3.37s
4021 done chncxr vgg13 CHNCXR_0579_1 rise_mask_0.75 seed=2 3.45s
4022 done chncxr vgg13 CHNCXR_0579_1 lime_mask_0.75 seed=2 2.32s
4023 done chncxr vgg13 CHNCXR_0579_1 lime_slic_50 seed=2 2.29s
4024 done chncxr vgg13 CHNCXR_0579_1 lime_slic_300 seed=2 2.33s
4025 done chncxr vgg13 CHNCXR_0579_1 rise_mask_0.25 seed=0 3.39s
4026 done chncxr vgg13 CHNCXR_0579_1 lime_slic_50 seed=1 2.32s
4027 done chncxr vgg13 CHNCXR_0579_1 rise_grid_10 seed=2 3.33s
4028 done chncxr vgg13 CHNCXR_0579_1 lime_mask_0.25 seed=1 2.30s
4029 done chncxr vgg13 CHNCXR_0579_1 lime_mask_0.75 seed=4 2.31s
4030 done chncxr vgg13 CHNCXR_0579_1 lime_slic_300 seed=0 2.38s
4031 done chncxr vgg13 CHNCXR_0579_1 lime_mask_0.75 seed=1 2.32s
4032 done chncxr vgg13 CHNCXR_0579_1 lime_mask_0.75 seed=3 2.28s
4033 done chncxr vgg13 CHNCXR_0579_1 rise_mask_0.75 seed=4 3.38s
4034 done chncxr vgg13 CHNCXR_0579_1 lime_slic_200 seed=4 2.34s
4035 done chncxr vgg13 CHNCXR_0579_1 rise_grid_10 seed=1 3.33s
4036 done chncxr vgg13 CHNCXR_0579_1 rise_grid_4 seed=0 3.74s
4037 done chncxr vgg13 CHNCXR_0579_1 lime_mask_0.75 seed=0 2.31s
4038 done chncxr vgg13 CHNCXR_0579_1 lime_mask_0.25 seed=0 2.30s
4039 done chncxr vgg13 CHNCXR_0579_1 rise_grid_14 seed=0 3.18s
4040 done chncxr vgg13 CHNCXR_0579_1 rise_grid_14 seed=2 3.17s
4041 done chncxr vgg13 CHNCXR_0579_1 lime_slic_300 seed=4 2.36s
4042 done chncxr vgg13 CHNCXR_0579_1 rise_grid_14 seed=3 3.16s
4043 done chncxr vgg13 CHNCXR_0579_1 rise_grid_4 seed=1 3.74s
4044 done chncxr vgg13 CHNCXR_0579_1 lime_slic_50 seed=4 2.30s
4045 done chncxr vgg13 CHNCXR_0579_1 rise_grid_4 seed=2 3.75s
4046 done chncxr vgg13 CHNCXR_0579_1 rise_mask_0.25 seed=3 3.40s
4047 done chncxr vgg13 CHNCXR_0579_1 lime_mask_0.25 seed=2 2.31s
4048 done chncxr vgg13 CHNCXR_0579_1 rise_grid_10 seed=0 3.34s
4049 done chncxr vgg13 CHNCXR_0579_1 rise_grid_4 seed=4 3.79s
4050 done chncxr vgg13 CHNCXR_0579_1 rise_grid_10 seed=3 4.24s
4051 done chncxr vgg13 CHNCXR_0583_1 lime_slic_200 seed=0 2.37s
4052 done chncxr vgg13 CHNCXR_0583_1 lime_slic_300 seed=1 2.38s
4053 done chncxr vgg13 CHNCXR_0583_1 rise_grid_14 seed=2 3.19s
4054 done chncxr vgg13 CHNCXR_0583_1 rise_mask_0.25 seed=0 4.24s
4055 done chncxr vgg13 CHNCXR_0583_1 lime_slic_50 seed=3 2.18s
4056 done chncxr vgg13 CHNCXR_0583_1 rise_grid_14 seed=1 4.01s
4057 done chncxr vgg13 CHNCXR_0583_1 rise_mask_0.75 seed=1 3.30s
4058 done chncxr vgg13 CHNCXR_0583_1 lime_slic_300 seed=3 2.25s
4059 done chncxr vgg13 CHNCXR_0583_1 lime_mask_0.25 seed=1 2.19s
4060 done chncxr vgg13 CHNCXR_0583_1 rise_grid_4 seed=2 3.67s
4061 done chncxr vgg13 CHNCXR_0583_1 lime_slic_50 seed=1 2.21s
4062 done chncxr vgg13 CHNCXR_0583_1 rise_mask_0.75 seed=4 4.49s
4063 done chncxr vgg13 CHNCXR_0583_1 rise_grid_10 seed=3 4.44s
4064 done chncxr vgg13 CHNCXR_0583_1 lime_slic_200 seed=3 2.26s
4065 done chncxr vgg13 CHNCXR_0583_1 rise_grid_14 seed=0 3.31s
4066 done chncxr vgg13 CHNCXR_0583_1 lime_slic_300 seed=4 2.31s
4067 done chncxr vgg13 CHNCXR_0583_1 rise_mask_0.75 seed=3 3.72s
4068 done chncxr vgg13 CHNCXR_0583_1 rise_grid_4 seed=0 4.90s
4069 done chncxr vgg13 CHNCXR_0583_1 rise_mask_0.25 seed=2 4.50s
4070 done chncxr vgg13 CHNCXR_0583_1 lime_slic_300 seed=2 2.30s
4071 done chncxr vgg13 CHNCXR_0583_1 lime_mask_0.75 seed=0 2.25s
4072 done chncxr vgg13 CHNCXR_0583_1 rise_mask_0.75 seed=0 4.50s
4073 done chncxr vgg13 CHNCXR_0583_1 rise_grid_10 seed=0 4.44s
4074 done chncxr vgg13 CHNCXR_0583_1 rise_grid_14 seed=3 3.86s
4075 done chncxr vgg13 CHNCXR_0583_1 lime_slic_50 seed=4 2.31s
4076 done chncxr vgg13 CHNCXR_0583_1 rise_grid_10 seed=1 4.20s
4077 done chncxr vgg13 CHNCXR_0583_1 lime_mask_0.75 seed=2 2.37s
4078 done chncxr vgg13 CHNCXR_0583_1 lime_mask_0.75 seed=1 2.34s
4079 done chncxr vgg13 CHNCXR_0583_1 rise_grid_4 seed=4 4.81s
4080 done chncxr vgg13 CHNCXR_0583_1 rise_mask_0.25 seed=4 4.55s
4081 done chncxr vgg13 CHNCXR_0583_1 rise_mask_0.25 seed=1 4.33s
4082 done chncxr vgg13 CHNCXR_0583_1 lime_slic_300 seed=0 2.31s
4083 done chncxr vgg13 CHNCXR_0583_1 rise_grid_10 seed=2 3.54s
4084 done chncxr vgg13 CHNCXR_0583_1 rise_grid_10 seed=4 3.82s
4085 done chncxr vgg13 CHNCXR_0583_1 lime_slic_50 seed=2 2.29s
4086 done chncxr vgg13 CHNCXR_0583_1 rise_grid_14 seed=4 4.26s
4087 done chncxr vgg13 CHNCXR_0583_1 lime_mask_0.75 seed=4 2.23s
4088 done chncxr vgg13 CHNCXR_0583_1 lime_slic_200 seed=1 2.27s
4089 done chncxr vgg13 CHNCXR_0583_1 lime_mask_0.75 seed=3 2.31s
4090 done chncxr vgg13 CHNCXR_0583_1 rise_mask_0.25 seed=3 4.54s
4091 done chncxr vgg13 CHNCXR_0583_1 lime_mask_0.25 seed=0 2.27s
4092 done chncxr vgg13 CHNCXR_0583_1 lime_mask_0.25 seed=2 2.26s
4093 done chncxr vgg13 CHNCXR_0583_1 rise_mask_0.75 seed=2 4.54s
4094 done chncxr vgg13 CHNCXR_0583_1 lime_slic_50 seed=0 2.31s
4095 done chncxr vgg13 CHNCXR_0583_1 lime_slic_200 seed=2 2.32s
4096 done chncxr vgg13 CHNCXR_0583_1 lime_slic_200 seed=4 2.34s
4097 done chncxr vgg13 CHNCXR_0583_1 rise_grid_4 seed=1 4.82s
4098 done chncxr vgg13 CHNCXR_0583_1 rise_grid_4 seed=3 4.46s
4099 done chncxr vgg13 CHNCXR_0583_1 lime_mask_0.25 seed=3 2.28s
4100 done chncxr vgg13 CHNCXR_0583_1 lime_mask_0.25 seed=4 2.28s
4101 done chncxr vgg13 CHNCXR_0587_1 lime_slic_200 seed=3 2.31s
4102 done chncxr vgg13 CHNCXR_0587_1 rise_mask_0.25 seed=3 4.16s
4103 done chncxr vgg13 CHNCXR_0587_1 rise_grid_14 seed=3 4.29s
4104 done chncxr vgg13 CHNCXR_0587_1 rise_grid_4 seed=3 4.96s
4105 done chncxr vgg13 CHNCXR_0587_1 rise_grid_10 seed=1 4.55s
4106 done chncxr vgg13 CHNCXR_0587_1 lime_mask_0.25 seed=0 2.29s
4107 done chncxr vgg13 CHNCXR_0587_1 rise_grid_14 seed=2 4.37s
4108 done chncxr vgg13 CHNCXR_0587_1 lime_slic_300 seed=0 2.33s
4109 done chncxr vgg13 CHNCXR_0587_1 rise_grid_14 seed=4 4.17s
4110 done chncxr vgg13 CHNCXR_0587_1 rise_mask_0.75 seed=2 4.53s
4111 done chncxr vgg13 CHNCXR_0587_1 lime_mask_0.25 seed=2 2.28s
4112 done chncxr vgg13 CHNCXR_0587_1 lime_mask_0.25 seed=3 2.22s
4113 done chncxr vgg13 CHNCXR_0587_1 rise_grid_10 seed=0 4.44s
4114 done chncxr vgg13 CHNCXR_0587_1 rise_mask_0.75 seed=0 4.50s
4115 done chncxr vgg13 CHNCXR_0587_1 lime_slic_50 seed=4 2.21s
4116 done chncxr vgg13 CHNCXR_0587_1 lime_mask_0.75 seed=1 2.23s
4117 done chncxr vgg13 CHNCXR_0587_1 lime_slic_200 seed=2 2.26s
4118 done chncxr vgg13 CHNCXR_0587_1 rise_mask_0.25 seed=2 4.50s
4119 done chncxr vgg13 CHNCXR_0587_1 lime_mask_0.25 seed=1 2.22s
4120 done chncxr vgg13 CHNCXR_0587_1 rise_mask_0.25 seed=4 4.50s
4121 done chncxr vgg13 CHNCXR_0587_1 lime_slic_50 seed=2 2.22s
4122 done chncxr vgg13 CHNCXR_0587_1 rise_grid_4 seed=4 4.89s
4123 done chncxr vgg13 CHNCXR_0587_1 lime_slic_300 seed=1 2.29s
4124 done chncxr vgg13 CHNCXR_0587_1 rise_mask_0.75 seed=4 4.50s
4125 done chncxr vgg13 CHNCXR_0587_1 lime_mask_0.75 seed=2 2.24s
4126 done chncxr vgg13 CHNCXR_0587_1 rise_grid_4 seed=2 4.94s
4127 done chncxr vgg13 CHNCXR_0587_1 lime_slic_200 seed=1 2.24s
4128 done chncxr vgg13 CHNCXR_0587_1 lime_mask_0.75 seed=0 2.21s
4129 done chncxr vgg13 CHNCXR_0587_1 lime_slic_200 seed=0 2.26s
4130 done chncxr vgg13 CHNCXR_0587_1 rise_grid_14 seed=1 4.25s
4131 done chncxr vgg13 CHNCXR_0587_1 lime_slic_50 seed=3 2.20s
4132 done chncxr vgg13 CHNCXR_0587_1 lime_slic_50 seed=0 2.18s
4133 done chncxr vgg13 CHNCXR_0587_1 lime_slic_300 seed=3 2.26s
4134 done chncxr vgg13 CHNCXR_0587_1 lime_slic_300 seed=4 2.26s
4135 done chncxr vgg13 CHNCXR_0587_1 lime_slic_50 seed=1 2.20s
4136 done chncxr vgg13 CHNCXR_0587_1 rise_mask_0.25 seed=1 4.49s
4137 done chncxr vgg13 CHNCXR_0587_1 lime_slic_200 seed=4 2.24s
4138 done chncxr vgg13 CHNCXR_0587_1 rise_mask_0.75 seed=3 4.49s
4139 done chncxr vgg13 CHNCXR_0587_1 lime_mask_0.75 seed=3 2.21s
4140 done chncxr vgg13 CHNCXR_0587_1 rise_mask_0.75 seed=1 4.49s
4141 done chncxr vgg13 CHNCXR_0587_1 lime_slic_300 seed=2 2.34s
4142 done chncxr vgg13 CHNCXR_0587_1 rise_grid_14 seed=0 4.28s
4143 done chncxr vgg13 CHNCXR_0587_1 rise_grid_10 seed=2 4.25s
4144 done chncxr vgg13 CHNCXR_0587_1 rise_grid_10 seed=3 4.15s
4145 done chncxr vgg13 CHNCXR_0587_1 rise_grid_4 seed=1 4.88s
4146 done chncxr vgg13 CHNCXR_0587_1 lime_mask_0.75 seed=4 2.26s
4147 done chncxr vgg13 CHNCXR_0587_1 lime_mask_0.25 seed=4 2.26s
4148 done chncxr vgg13 CHNCXR_0587_1 rise_mask_0.25 seed=0 4.56s
4149 done chncxr vgg13 CHNCXR_0587_1 rise_grid_10 seed=4 4.54s
4150 done chncxr vgg13 CHNCXR_0587_1 rise_grid_4 seed=0 4.92s
4151 done chncxr vgg13 CHNCXR_0602_1 rise_mask_0.75 seed=0 4.56s
4152 done chncxr vgg13 CHNCXR_0602_1 lime_slic_300 seed=1 2.32s
4153 done chncxr vgg13 CHNCXR_0602_1 lime_slic_50 seed=4 2.25s
4154 done chncxr vgg13 CHNCXR_0602_1 rise_mask_0.75 seed=4 4.51s
4155 done chncxr vgg13 CHNCXR_0602_1 lime_slic_300 seed=2 2.32s
4156 done chncxr vgg13 CHNCXR_0602_1 rise_grid_14 seed=1 4.26s
4157 done chncxr vgg13 CHNCXR_0602_1 rise_grid_4 seed=4 4.72s
4158 done chncxr vgg13 CHNCXR_0602_1 rise_mask_0.75 seed=1 3.39s
4159 done chncxr vgg13 CHNCXR_0602_1 rise_mask_0.25 seed=3 3.36s
4160 done chncxr vgg13 CHNCXR_0602_1 rise_mask_0.25 seed=2 3.37s
4161 done chncxr vgg13 CHNCXR_0602_1 lime_mask_0.25 seed=2 2.28s
4162 done chncxr vgg13 CHNCXR_0602_1 lime_slic_50 seed=2 2.28s
4163 done chncxr vgg13 CHNCXR_0602_1 rise_grid_10 seed=1 3.25s
4164 done chncxr vgg13 CHNCXR_0602_1 rise_grid_14 seed=2 3.11s
4165 done chncxr vgg13 CHNCXR_0602_1 lime_mask_0.75 seed=4 2.29s
4166 done chncxr vgg13 CHNCXR_0602_1 lime_slic_300 seed=3 2.33s
4167 done chncxr vgg13 CHNCXR_0602_1 rise_grid_14 seed=3 3.16s
4168 done chncxr vgg13 CHNCXR_0602_1 lime_mask_0.25 seed=4 2.27s
4169 done chncxr vgg13 CHNCXR_0602_1 lime_slic_200 seed=1 2.37s
4170 done chncxr vgg13 CHNCXR_0602_1 lime_slic_50 seed=3 2.27s
4171 done chncxr vgg13 CHNCXR_0602_1 lime_mask_0.75 seed=3 2.27s
4172 done chncxr vgg13 CHNCXR_0602_1 rise_mask_0.25 seed=4 3.34s
4173 done chncxr vgg13 CHNCXR_0602_1 rise_grid_14 seed=0 3.14s
4174 done chncxr vgg13 CHNCXR_0602_1 rise_grid_4 seed=2 3.71s
4175 done chncxr vgg13 CHNCXR_0602_1 lime_mask_0.75 seed=1 2.28s
4176 done chncxr vgg13 CHNCXR_0602_1 lime_slic_200 seed=3 2.30s
4177 done chncxr vgg13 CHNCXR_0602_1 rise_grid_10 seed=2 3.32s
4178 done chncxr vgg13 CHNCXR_0602_1 lime_slic_200 seed=0 2.30s
4179 done chncxr vgg13 CHNCXR_0602_1 lime_slic_200 seed=2 2.30s
4180 done chncxr vgg13 CHNCXR_0602_1 rise_grid_10 seed=4 4.44s
4181 done chncxr vgg13 CHNCXR_0602_1 lime_slic_50 seed=0 2.23s
4182 done chncxr vgg13 CHNCXR_0602_1 rise_grid_4 seed=1 4.90s
4183 done chncxr vgg13 CHNCXR_0602_1 rise_grid_4 seed=0 4.89s
4184 done chncxr vgg13 CHNCXR_0602_1 lime_slic_50 seed=1 2.23s
4185 done chncxr vgg13 CHNCXR_0602_1 rise_mask_0.75 seed=2 4.53s
4186 done chncxr vgg13 CHNCXR_0602_1 rise_mask_0.25 seed=1 4.50s
4187 done chncxr vgg13 CHNCXR_0602_1 rise_grid_10 seed=3 4.44s
4188 done chncxr vgg13 CHNCXR_0602_1 lime_slic_300 seed=4 2.30s
4189 done chncxr vgg13 CHNCXR_0602_1 lime_mask_0.25 seed=1 2.24s
4190 done chncxr vgg13 CHNCXR_0602_1 lime_mask_0.75 seed=2 2.24s
4191 done chncxr vgg13 CHNCXR_0602_1 lime_slic_300 seed=0 2.29s
4192 done chncxr vgg13 CHNCXR_0602_1 lime_slic_200 seed=4 2.30s
4193 done chncxr vgg13 CHNCXR_0602_1 rise_mask_0.75 seed=3 3.72s
4194 done chncxr vgg13 CHNCXR_0602_1 rise_grid_4 seed=3 3.66s
4195 done chncxr vgg13 CHNCXR_0602_1 rise_mask_0.25 seed=0 3.31s
4196 done chncxr vgg13 CHNCXR_0602_1 rise_grid_10 seed=0 3.25s
4197 done chncxr vgg13 CHNCXR_0602_1 lime_mask_0.25 seed=0 2.22s
4198 done chncxr vgg13 CHNCXR_0602_1 lime_mask_0.75 seed=0 2.24s
4199 done chncxr vgg13 CHNCXR_0602_1 lime_mask_0.25 seed=3 2.25s
4200 done chncxr vgg13 CHNCXR_0602_1 rise_grid_14 seed=4 4.03s
4201 done chncxr vgg13 CHNCXR_0620_1 lime_mask_0.25 seed=2 2.24s
4202 done chncxr vgg13 CHNCXR_0620_1 lime_slic_50 seed=2 2.24s
4203 done chncxr vgg13 CHNCXR_0620_1 rise_grid_4 seed=3 4.69s
4204 done chncxr vgg13 CHNCXR_0620_1 lime_slic_200 seed=0 2.32s
4205 done chncxr vgg13 CHNCXR_0620_1 rise_grid_10 seed=2 3.91s
4206 done chncxr vgg13 CHNCXR_0620_1 lime_mask_0.75 seed=4 2.27s
4207 done chncxr vgg13 CHNCXR_0620_1 lime_slic_200 seed=1 2.24s
4208 done chncxr vgg13 CHNCXR_0620_1 rise_grid_14 seed=1 3.29s
4209 done chncxr vgg13 CHNCXR_0620_1 rise_grid_10 seed=1 3.93s
4210 done chncxr vgg13 CHNCXR_0620_1 lime_mask_0.25 seed=1 2.21s
4211 done chncxr vgg13 CHNCXR_0620_1 lime_slic_300 seed=2 2.28s
4212 done chncxr vgg13 CHNCXR_0620_1 rise_grid_10 seed=4 3.51s
4213 done chncxr vgg13 CHNCXR_0620_1 lime_slic_200 seed=2 2.32s
4214 done chncxr vgg13 CHNCXR_0620_1 rise_grid_14 seed=3 3.16s
4215 done chncxr vgg13 CHNCXR_0620_1 rise_grid_4 seed=2 3.74s
4216 done chncxr vgg13 CHNCXR_0620_1 rise_grid_14 seed=4 3.15s
4217 done chncxr vgg13 CHNCXR_0620_1 lime_slic_200 seed=4 2.30s
4218 done chncxr vgg13 CHNCXR_0620_1 rise_mask_0.75 seed=0 3.35s
4219 done chncxr vgg13 CHNCXR_0620_1 lime_slic_300 seed=4 2.33s
4220 done chncxr vgg13 CHNCXR_0620_1 lime_slic_200 seed=3 2.32s
4221 done chncxr vgg13 CHNCXR_0620_1 rise_grid_14 seed=0 3.14s
4222 done chncxr vgg13 CHNCXR_0620_1 rise_mask_0.25 seed=3 3.34s
4223 done chncxr vgg13 CHNCXR_0620_1 lime_slic_300 seed=3 2.31s
4224 done chncxr vgg13 CHNCXR_0620_1 lime_slic_50 seed=4 2.25s
4225 done chncxr vgg13 CHNCXR_0620_1 rise_mask_0.75 seed=2 4.49s
4226 done chncxr vgg13 CHNCXR_0620_1 rise_grid_4 seed=4 4.92s
4227 done chncxr vgg13 CHNCXR_0620_1 lime_mask_0.75 seed=0 2.26s
4228 done chncxr vgg13 CHNCXR_0620_1 lime_mask_0.75 seed=3 2.26s
4229 done chncxr vgg13 CHNCXR_0620_1 rise_grid_4 seed=1 3.68s
4230 done chncxr vgg13 CHNCXR_0620_1 rise_grid_14 seed=2 3.14s
4231 done chncxr vgg13 CHNCXR_0620_1 rise_mask_0.75 seed=3 4.52s
4232 done chncxr vgg13 CHNCXR_0620_1 rise_mask_0.25 seed=2 3.99s
4233 done chncxr vgg13 CHNCXR_0620_1 rise_mask_0.25 seed=1 3.37s
4234 done chncxr vgg13 CHNCXR_0620_1 lime_slic_50 seed=1 2.24s
4235 done chncxr vgg13 CHNCXR_0620_1 lime_slic_50 seed=3 2.26s
4236 done chncxr vgg13 CHNCXR_0620_1 rise_mask_0.25 seed=0 3.43s
4237 done chncxr vgg13 CHNCXR_0620_1 rise_mask_0.25 seed=4 3.40s
4238 done chncxr vgg13 CHNCXR_0620_1 lime_slic_50 seed=0 2.28s
4239 done chncxr vgg13 CHNCXR_0620_1 rise_mask_0.75 seed=4 3.41s
4240 done chncxr vgg13 CHNCXR_0620_1 rise_mask_0.75 seed=1 3.60s
4241 done chncxr vgg13 CHNCXR_0620_1 rise_grid_10 seed=3 3.48s
4242 done chncxr vgg13 CHNCXR_0620_1 rise_grid_10 seed=0 3.35s
4243 done chncxr vgg13 CHNCXR_0620_1 rise_grid_4 seed=0 3.77s
4244 done chncxr vgg13 CHNCXR_0620_1 lime_mask_0.25 seed=3 2.31s
4245 done chncxr vgg13 CHNCXR_0620_1 lime_mask_0.75 seed=1 2.29s
4246 done chncxr vgg13 CHNCXR_0620_1 lime_mask_0.25 seed=0 2.29s
4247 done chncxr vgg13 CHNCXR_0620_1 lime_slic_300 seed=1 2.35s
4248 done chncxr vgg13 CHNCXR_0620_1 lime_mask_0.75 seed=2 2.27s
4249 done chncxr vgg13 CHNCXR_0620_1 lime_slic_300 seed=0 2.25s
4250 done chncxr vgg13 CHNCXR_0620_1 lime_mask_0.25 seed=4 2.21s
4251 done chncxr vgg13 CHNCXR_0648_1 lime_mask_0.75 seed=4 2.16s
4252 done chncxr vgg13 CHNCXR_0648_1 rise_grid_14 seed=3 3.09s
4253 done chncxr vgg13 CHNCXR_0648_1 lime_slic_50 seed=0 2.20s
4254 done chncxr vgg13 CHNCXR_0648_1 rise_grid_4 seed=4 3.60s
4255 done chncxr vgg13 CHNCXR_0648_1 rise_mask_0.75 seed=1 3.31s
4256 done chncxr vgg13 CHNCXR_0648_1 rise_grid_4 seed=3 3.70s
4257 done chncxr vgg13 CHNCXR_0648_1 lime_slic_300 seed=0 2.29s
4258 done chncxr vgg13 CHNCXR_0648_1 lime_slic_200 seed=3 2.28s
4259 done chncxr vgg13 CHNCXR_0648_1 rise_grid_14 seed=4 3.15s
4260 done chncxr vgg13 CHNCXR_0648_1 rise_grid_4 seed=1 3.79s
4261 done chncxr vgg13 CHNCXR_0648_1 rise_mask_0.75 seed=3 3.33s
4262 done chncxr vgg13 CHNCXR_0648_1 lime_mask_0.25 seed=2 2.22s
4263 done chncxr vgg13 CHNCXR_0648_1 lime_mask_0.75 seed=2 2.21s
4264 done chncxr vgg13 CHNCXR_0648_1 rise_mask_0.25 seed=2 3.31s
4265 done chncxr vgg13 CHNCXR_0648_1 lime_mask_0.25 seed=4 2.21s
4266 done chncxr vgg13 CHNCXR_0648_1 lime_mask_0.75 seed=0 2.22s
4267 done chncxr vgg13 CHNCXR_0648_1 rise_grid_10 seed=0 3.32s
4268 done chncxr vgg13 CHNCXR_0648_1 rise_grid_14 seed=2 3.12s
4269 done chncxr vgg13 CHNCXR_0648_1 lime_slic_200 seed=0 2.26s
4270 done chncxr vgg13 CHNCXR_0648_1 lime_slic_50 seed=2 2.22s
4271 done chncxr vgg13 CHNCXR_0648_1 rise_grid_14 seed=1 4.27s
4272 done chncxr vgg13 CHNCXR_0648_1 lime_slic_200 seed=1 2.25s
4273 done chncxr vgg13 CHNCXR_0648_1 lime_slic_200 seed=4 2.25s
4274 done chncxr vgg13 CHNCXR_0648_1 lime_slic_50 seed=1 2.21s
4275 done chncxr vgg13 CHNCXR_0648_1 rise_grid_10 seed=4 3.42s
4276 done chncxr vgg13 CHNCXR_0648_1 lime_slic_200 seed=2 2.24s
4277 done chncxr vgg13 CHNCXR_0648_1 lime_mask_0.75 seed=1 2.20s
4278 done chncxr vgg13 CHNCXR_0648_1 rise_mask_0.25 seed=1 3.30s
4279 done chncxr vgg13 CHNCXR_0648_1 lime_slic_300 seed=1 2.26s
4280 done chncxr vgg13 CHNCXR_0648_1 lime_slic_300 seed=2 2.27s
4281 done chncxr vgg13 CHNCXR_0648_1 lime_mask_0.25 seed=0 2.21s
4282 done chncxr vgg13 CHNCXR_0648_1 rise_mask_0.75 seed=0 3.32s
4283 done chncxr vgg13 CHNCXR_0648_1 lime_slic_300 seed=3 2.28s
4284 done chncxr vgg13 CHNCXR_0648_1 rise_mask_0.75 seed=4 3.32s
4285 done chncxr vgg13 CHNCXR_0648_1 rise_grid_10 seed=2 4.46s
4286 done chncxr vgg13 CHNCXR_0648_1 lime_mask_0.25 seed=1 2.27s
4287 done chncxr vgg13 CHNCXR_0648_1 rise_grid_14 seed=0 3.66s
4288 done chncxr vgg13 CHNCXR_0648_1 rise_grid_10 seed=3 4.44s
4289 done chncxr vgg13 CHNCXR_0648_1 rise_grid_4 seed=2 4.91s
4290 done chncxr vgg13 CHNCXR_0648_1 rise_mask_0.75 seed=2 4.51s
4291 done chncxr vgg13 CHNCXR_0648_1 lime_slic_300 seed=4 2.30s
4292 done chncxr vgg13 CHNCXR_0648_1 rise_mask_0.25 seed=0 4.50s
4293 done chncxr vgg13 CHNCXR_0648_1 lime_slic_50 seed=3 2.24s
4294 done chncxr vgg13 CHNCXR_0648_1 rise_grid_4 seed=0 4.90s
4295 done chncxr vgg13 CHNCXR_0648_1 rise_mask_0.25 seed=4 4.51s
4296 done chncxr vgg13 CHNCXR_0648_1 lime_mask_0.75 seed=3 2.28s
4297 done chncxr vgg13 CHNCXR_0648_1 lime_mask_0.25 seed=3 2.28s
4298 done chncxr vgg13 CHNCXR_0648_1 rise_mask_0.25 seed=3 4.51s
4299 done chncxr vgg13 CHNCXR_0648_1 lime_slic_50 seed=4 2.27s
4300 done chncxr vgg13 CHNCXR_0648_1 rise_grid_10 seed=1 4.43s
