1 stability chncxr resnet50 CHNCXR_0006_0 lime_budget_256 seed=0
2 stability chncxr resnet50 CHNCXR_0006_0 lime_budget_256 seed=1
3 stability chncxr resnet50 CHNCXR_0006_0 lime_budget_256 seed=2
4 stability chncxr resnet50 CHNCXR_0006_0 lime_budget_256 seed=3
5 stability chncxr resnet50 CHNCXR_0006_0 lime_budget_256 seed=4
6 stability chncxr resnet50 CHNCXR_0006_0 lime_budget_512 seed=0
7 stability chncxr resnet50 CHNCXR_0006_0 lime_budget_512 seed=1
8 stability chncxr resnet50 CHNCXR_0006_0 lime_budget_512 seed=2
9 stability chncxr resnet50 CHNCXR_0006_0 lime_budget_512 seed=3
10 stability chncxr resnet50 CHNCXR_0006_0 lime_budget_512 seed=4
11 stability chncxr resnet50 CHNCXR_0006_0 lime_budget_1024 seed=0
12 stability chncxr resnet50 CHNCXR_0006_0 lime_budget_1024 seed=1
13 stability chncxr resnet50 CHNCXR_0006_0 lime_budget_1024 seed=2
14 stability chncxr resnet50 CHNCXR_0006_0 lime_budget_1024 seed=3
15 stability chncxr resnet50 CHNCXR_0006_0 lime_budget_1024 seed=4
16 stability chncxr resnet50 CHNCXR_0006_0 lime_budget_2048 seed=0
17 stability chncxr resnet50 CHNCXR_0006_0 lime_budget_2048 seed=1
18 stability chncxr resnet50 CHNCXR_0006_0 lime_budget_2048 seed=2
19 stability chncxr resnet50 CHNCXR_0006_0 lime_budget_2048 seed=3
20 stability chncxr resnet50 CHNCXR_0006_0 lime_budget_2048 seed=4
21 stability chncxr resnet50 CHNCXR_0006_0 rise_budget_256 seed=0
22 stability chncxr resnet50 CHNCXR_0006_0 rise_budget_256 seed=1
23 stability chncxr resnet50 CHNCXR_0006_0 rise_budget_256 seed=2
24 stability chncxr resnet50 CHNCXR_0006_0 rise_budget_256 seed=3
25 stability chncxr resnet50 CHNCXR_0006_0 rise_budget_256 seed=4
26 stability chncxr resnet50 CHNCXR_0006_0 rise_budget_512 seed=0
27 stability chncxr resnet50 CHNCXR_0006_0 rise_budget_512 seed=1
28 stability chncxr resnet50 CHNCXR_0006_0 rise_budget_512 seed=2
29 stability chncxr resnet50 CHNCXR_0006_0 rise_budget_512 seed=3
30 stability chncxr resnet50 CHNCXR_0006_0 rise_budget_512 seed=4
31 stability chncxr resnet50 CHNCXR_0006_0 rise_budget_1024 seed=0
32 stability chncxr resnet50 CHNCXR_0006_0 rise_budget_1024 seed=1
33 stability chncxr resnet50 CHNCXR_0006_0 rise_budget_1024 seed=2
34 stability chncxr resnet50 CHNCXR_0006_0 rise_budget_1024 seed=3
35 stability chncxr resnet50 CHNCXR_0006_0 rise_budget_1024 seed=4
36 stability chncxr resnet50 CHNCXR_0006_0 rise_budget_2048 seed=0
37 stability chncxr resnet50 CHNCXR_0006_0 rise_budget_2048 seed=1
38 stability chncxr resnet50 CHNCXR_0006_0 rise_budget_2048 seed=2
39 stability chncxr resnet50 CHNCXR_0006_0 rise_budget_2048 seed=3
40 stability chncxr resnet50 CHNCXR_0006_0 rise_budget_2048 seed=4
41 stability chncxr resnet50 CHNCXR_0006_0 kernel_shap_budget_256 seed=0
42 stability chncxr resnet50 CHNCXR_0006_0 kernel_shap_budget_256 seed=1
43 stability chncxr resnet50 CHNCXR_0006_0 kernel_shap_budget_256 seed=2
44 stability chncxr resnet50 CHNCXR_0006_0 kernel_shap_budget_256 seed=3
45 stability chncxr resnet50 CHNCXR_0006_0 kernel_shap_budget_256 seed=4
46 stability chncxr resnet50 CHNCXR_0006_0 kernel_shap_budget_512 seed=0
47 stability chncxr resnet50 CHNCXR_0006_0 kernel_shap_budget_512 seed=1
48 stability chncxr resnet50 CHNCXR_0006_0 kernel_shap_budget_512 seed=2
49 stability chncxr resnet50 CHNCXR_0006_0 kernel_shap_budget_512 seed=3
50 stability chncxr resnet50 CHNCXR_0006_0 kernel_shap_budget_512 seed=4
51 stability chncxr resnet50 CHNCXR_0006_0 kernel_shap_budget_1024 seed=0
52 stability chncxr resnet50 CHNCXR_0006_0 kernel_shap_budget_1024 seed=1
53 stability chncxr resnet50 CHNCXR_0006_0 kernel_shap_budget_1024 seed=2
54 stability chncxr resnet50 CHNCXR_0006_0 kernel_shap_budget_1024 seed=3
55 stability chncxr resnet50 CHNCXR_0006_0 kernel_shap_budget_1024 seed=4
56 stability chncxr resnet50 CHNCXR_0006_0 kernel_shap_budget_2048 seed=0
57 stability chncxr resnet50 CHNCXR_0006_0 kernel_shap_budget_2048 seed=1
58 stability chncxr resnet50 CHNCXR_0006_0 kernel_shap_budget_2048 seed=2
59 stability chncxr resnet50 CHNCXR_0006_0 kernel_shap_budget_2048 seed=3
60 stability chncxr resnet50 CHNCXR_0006_0 kernel_shap_budget_2048 seed=4
61 stability chncxr resnet50 CHNCXR_0006_0 ablation_default seed=None
62 stability chncxr resnet50 CHNCXR_0011_0 lime_budget_256 seed=0
63 stability chncxr resnet50 CHNCXR_0011_0 lime_budget_256 seed=1
64 stability chncxr resnet50 CHNCXR_0011_0 lime_budget_256 seed=2
65 stability chncxr resnet50 CHNCXR_0011_0 lime_budget_256 seed=3
66 stability chncxr resnet50 CHNCXR_0011_0 lime_budget_256 seed=4
67 stability chncxr resnet50 CHNCXR_0011_0 lime_budget_512 seed=0
68 stability chncxr resnet50 CHNCXR_0011_0 lime_budget_512 seed=1
69 stability chncxr resnet50 CHNCXR_0011_0 lime_budget_512 seed=2
70 stability chncxr resnet50 CHNCXR_0011_0 lime_budget_512 seed=3
71 stability chncxr resnet50 CHNCXR_0011_0 lime_budget_512 seed=4
72 stability chncxr resnet50 CHNCXR_0011_0 lime_budget_1024 seed=0
73 stability chncxr resnet50 CHNCXR_0011_0 lime_budget_1024 seed=1
74 stability chncxr resnet50 CHNCXR_0011_0 lime_budget_1024 seed=2
75 stability chncxr resnet50 CHNCXR_0011_0 lime_budget_1024 seed=3
76 stability chncxr resnet50 CHNCXR_0011_0 lime_budget_1024 seed=4
77 stability chncxr resnet50 CHNCXR_0011_0 lime_budget_2048 seed=0
78 stability chncxr resnet50 CHNCXR_0011_0 lime_budget_2048 seed=1
79 stability chncxr resnet50 CHNCXR_0011_0 lime_budget_2048 seed=2
80 stability chncxr resnet50 CHNCXR_0011_0 lime_budget_2048 seed=3
81 stability chncxr resnet50 CHNCXR_0011_0 lime_budget_2048 seed=4
82 stability chncxr resnet50 CHNCXR_0011_0 rise_budget_256 seed=0
83 stability chncxr resnet50 CHNCXR_0011_0 rise_budget_256 seed=1
84 stability chncxr resnet50 CHNCXR_0011_0 rise_budget_256 seed=2
85 stability chncxr resnet50 CHNCXR_0011_0 rise_budget_256 seed=3
86 stability chncxr resnet50 CHNCXR_0011_0 rise_budget_256 seed=4
87 stability chncxr resnet50 CHNCXR_0011_0 rise_budget_512 seed=0
88 stability chncxr resnet50 CHNCXR_0011_0 rise_budget_512 seed=1
89 stability chncxr resnet50 CHNCXR_0011_0 rise_budget_512 seed=2
90 stability chncxr resnet50 CHNCXR_0011_0 rise_budget_512 seed=3
91 stability chncxr resnet50 CHNCXR_0011_0 rise_budget_512 seed=4
92 stability chncxr resnet50 CHNCXR_0011_0 rise_budget_1024 seed=0
93 stability chncxr resnet50 CHNCXR_0011_0 rise_budget_1024 seed=1
94 stability chncxr resnet50 CHNCXR_0011_0 rise_budget_1024 seed=2
95 stability chncxr resnet50 CHNCXR_0011_0 rise_budget_1024 seed=3
96 stability chncxr resnet50 CHNCXR_0011_0 rise_budget_1024 seed=4
97 stability chncxr resnet50 CHNCXR_0011_0 rise_budget_2048 seed=0
98 stability chncxr resnet50 CHNCXR_0011_0 rise_budget_2048 seed=1
99 stability chncxr resnet50 CHNCXR_0011_0 rise_budget_2048 seed=2
100 stability chncxr resnet50 CHNCXR_0011_0 rise_budget_2048 seed=3
101 stability chncxr resnet50 CHNCXR_0011_0 rise_budget_2048 seed=4
102 stability chncxr resnet50 CHNCXR_0011_0 kernel_shap_budget_256 seed=0
103 stability chncxr resnet50 CHNCXR_0011_0 kernel_shap_budget_256 seed=1
104 stability chncxr resnet50 CHNCXR_0011_0 kernel_shap_budget_256 seed=2
105 stability chncxr resnet50 CHNCXR_0011_0 kernel_shap_budget_256 seed=3
106 stability chncxr resnet50 CHNCXR_0011_0 kernel_shap_budget_256 seed=4
107 stability chncxr resnet50 CHNCXR_0011_0 kernel_shap_budget_512 seed=0
108 stability chncxr resnet50 CHNCXR_0011_0 kernel_shap_budget_512 seed=1
109 stability chncxr resnet50 CHNCXR_0011_0 kernel_shap_budget_512 seed=2
110 stability chncxr resnet50 CHNCXR_0011_0 kernel_shap_budget_512 seed=3
111 stability chncxr resnet50 CHNCXR_0011_0 kernel_shap_budget_512 seed=4
112 stability chncxr resnet50 CHNCXR_0011_0 kernel_shap_budget_1024 seed=0
113 stability chncxr resnet50 CHNCXR_0011_0 kernel_shap_budget_1024 seed=1
114 stability chncxr resnet50 CHNCXR_0011_0 kernel_shap_budget_1024 seed=2
115 stability chncxr resnet50 CHNCXR_0011_0 kernel_shap_budget_1024 seed=3
116 stability chncxr resnet50 CHNCXR_0011_0 kernel_shap_budget_1024 seed=4
117 stability chncxr resnet50 CHNCXR_0011_0 kernel_shap_budget_2048 seed=0
118 stability chncxr resnet50 CHNCXR_0011_0 kernel_shap_budget_2048 seed=1
119 stability chncxr resnet50 CHNCXR_0011_0 kernel_shap_budget_2048 seed=2
120 stability chncxr resnet50 CHNCXR_0011_0 kernel_shap_budget_2048 seed=3
121 stability chncxr resnet50 CHNCXR_0011_0 kernel_shap_budget_2048 seed=4
122 stability chncxr resnet50 CHNCXR_0011_0 ablation_default seed=None
123 stability chncxr resnet50 CHNCXR_0019_0 lime_budget_256 seed=0
124 stability chncxr resnet50 CHNCXR_0019_0 lime_budget_256 seed=1
125 stability chncxr resnet50 CHNCXR_0019_0 lime_budget_256 seed=2
126 stability chncxr resnet50 CHNCXR_0019_0 lime_budget_256 seed=3
127 stability chncxr resnet50 CHNCXR_0019_0 lime_budget_256 seed=4
128 stability chncxr resnet50 CHNCXR_0019_0 lime_budget_512 seed=0
129 stability chncxr resnet50 CHNCXR_0019_0 lime_budget_512 seed=1
130 stability chncxr resnet50 CHNCXR_0019_0 lime_budget_512 seed=2
131 stability chncxr resnet50 CHNCXR_0019_0 lime_budget_512 seed=3
132 stability chncxr resnet50 CHNCXR_0019_0 lime_budget_512 seed=4
133 stability chncxr resnet50 CHNCXR_0019_0 lime_budget_1024 seed=0
134 stability chncxr resnet50 CHNCXR_0019_0 lime_budget_1024 seed=1
135 stability chncxr resnet50 CHNCXR_0019_0 lime_budget_1024 seed=2
136 stability chncxr resnet50 CHNCXR_0019_0 lime_budget_1024 seed=3
137 stability chncxr resnet50 CHNCXR_0019_0 lime_budget_1024 seed=4
138 stability chncxr resnet50 CHNCXR_0019_0 lime_budget_2048 seed=0
139 stability chncxr resnet50 CHNCXR_0019_0 lime_budget_2048 seed=1
140 stability chncxr resnet50 CHNCXR_0019_0 lime_budget_2048 seed=2
141 stability chncxr resnet50 CHNCXR_0019_0 lime_budget_2048 seed=3
142 stability chncxr resnet50 CHNCXR_0019_0 lime_budget_2048 seed=4
143 stability chncxr resnet50 CHNCXR_0019_0 rise_budget_256 seed=0
144 stability chncxr resnet50 CHNCXR_0019_0 rise_budget_256 seed=1
145 stability chncxr resnet50 CHNCXR_0019_0 rise_budget_256 seed=2
146 stability chncxr resnet50 CHNCXR_0019_0 rise_budget_256 seed=3
147 stability chncxr resnet50 CHNCXR_0019_0 rise_budget_256 seed=4
148 stability chncxr resnet50 CHNCXR_0019_0 rise_budget_512 seed=0
149 stability chncxr resnet50 CHNCXR_0019_0 rise_budget_512 seed=1
150 stability chncxr resnet50 CHNCXR_0019_0 rise_budget_512 seed=2
151 stability chncxr resnet50 CHNCXR_0019_0 rise_budget_512 seed=3
152 stability chncxr resnet50 CHNCXR_0019_0 rise_budget_512 seed=4
153 stability chncxr resnet50 CHNCXR_0019_0 rise_budget_1024 seed=0
154 stability chncxr resnet50 CHNCXR_0019_0 rise_budget_1024 seed=1
155 stability chncxr resnet50 CHNCXR_0019_0 rise_budget_1024 seed=2
156 stability chncxr resnet50 CHNCXR_0019_0 rise_budget_1024 seed=3
157 stability chncxr resnet50 CHNCXR_0019_0 rise_budget_1024 seed=4
158 stability chncxr resnet50 CHNCXR_0019_0 rise_budget_2048 seed=0
159 stability chncxr resnet50 CHNCXR_0019_0 rise_budget_2048 seed=1
160 stability chncxr resnet50 CHNCXR_0019_0 rise_budget_2048 seed=2
161 stability chncxr resnet50 CHNCXR_0019_0 rise_budget_2048 seed=3
162 stability chncxr resnet50 CHNCXR_0019_0 rise_budget_2048 seed=4
163 stability chncxr resnet50 CHNCXR_0019_0 kernel_shap_budget_256 seed=0
164 stability chncxr resnet50 CHNCXR_0019_0 kernel_shap_budget_256 seed=1
165 stability chncxr resnet50 CHNCXR_0019_0 kernel_shap_budget_256 seed=2
166 stability chncxr resnet50 CHNCXR_0019_0 kernel_shap_budget_256 seed=3
167 stability chncxr resnet50 CHNCXR_0019_0 kernel_shap_budget_256 seed=4
168 stability chncxr resnet50 CHNCXR_0019_0 kernel_shap_budget_512 seed=0
169 stability chncxr resnet50 CHNCXR_0019_0 kernel_shap_budget_512 seed=1
170 stability chncxr resnet50 CHNCXR_0019_0 kernel_shap_budget_512 seed=2
171 stability chncxr resnet50 CHNCXR_0019_0 kernel_shap_budget_512 seed=3
172 stability chncxr resnet50 CHNCXR_0019_0 kernel_shap_budget_512 seed=4
173 stability chncxr resnet50 CHNCXR_0019_0 kernel_shap_budget_1024 seed=0
174 stability chncxr resnet50 CHNCXR_0019_0 kernel_shap_budget_1024 seed=1
175 stability chncxr resnet50 CHNCXR_0019_0 kernel_shap_budget_1024 seed=2
176 stability chncxr resnet50 CHNCXR_0019_0 kernel_shap_budget_1024 seed=3
177 stability chncxr resnet50 CHNCXR_0019_0 kernel_shap_budget_1024 seed=4
178 stability chncxr resnet50 CHNCXR_0019_0 kernel_shap_budget_2048 seed=0
179 stability chncxr resnet50 CHNCXR_0019_0 kernel_shap_budget_2048 seed=1
180 stability chncxr resnet50 CHNCXR_0019_0 kernel_shap_budget_2048 seed=2
181 stability chncxr resnet50 CHNCXR_0019_0 kernel_shap_budget_2048 seed=3
182 stability chncxr resnet50 CHNCXR_0019_0 kernel_shap_budget_2048 seed=4
183 stability chncxr resnet50 CHNCXR_0019_0 ablation_default seed=None
184 stability chncxr resnet50 CHNCXR_0043_0 lime_budget_256 seed=0
185 stability chncxr resnet50 CHNCXR_0043_0 lime_budget_256 seed=1
186 stability chncxr resnet50 CHNCXR_0043_0 lime_budget_256 seed=2
187 stability chncxr resnet50 CHNCXR_0043_0 lime_budget_256 seed=3
188 stability chncxr resnet50 CHNCXR_0043_0 lime_budget_256 seed=4
189 stability chncxr resnet50 CHNCXR_0043_0 lime_budget_512 seed=0
190 stability chncxr resnet50 CHNCXR_0043_0 lime_budget_512 seed=1
191 stability chncxr resnet50 CHNCXR_0043_0 lime_budget_512 seed=2
192 stability chncxr resnet50 CHNCXR_0043_0 lime_budget_512 seed=3
193 stability chncxr resnet50 CHNCXR_0043_0 lime_budget_512 seed=4
194 stability chncxr resnet50 CHNCXR_0043_0 lime_budget_1024 seed=0
195 stability chncxr resnet50 CHNCXR_0043_0 lime_budget_1024 seed=1
196 stability chncxr resnet50 CHNCXR_0043_0 lime_budget_1024 seed=2
197 stability chncxr resnet50 CHNCXR_0043_0 lime_budget_1024 seed=3
198 stability chncxr resnet50 CHNCXR_0043_0 lime_budget_1024 seed=4
199 stability chncxr resnet50 CHNCXR_0043_0 lime_budget_2048 seed=0
200 stability chncxr resnet50 CHNCXR_0043_0 lime_budget_2048 seed=1
201 stability chncxr resnet50 CHNCXR_0043_0 lime_budget_2048 seed=2
202 stability chncxr resnet50 CHNCXR_0043_0 lime_budget_2048 seed=3
203 stability chncxr resnet50 CHNCXR_0043_0 lime_budget_2048 seed=4
204 stability chncxr resnet50 CHNCXR_0043_0 rise_budget_256 seed=0
205 stability chncxr resnet50 CHNCXR_0043_0 rise_budget_256 seed=1
206 stability chncxr resnet50 CHNCXR_0043_0 rise_budget_256 seed=2
207 stability chncxr resnet50 CHNCXR_0043_0 rise_budget_256 seed=3
208 stability chncxr resnet50 CHNCXR_0043_0 rise_budget_256 seed=4
209 stability chncxr resnet50 CHNCXR_0043_0 rise_budget_512 seed=0
210 stability chncxr resnet50 CHNCXR_0043_0 rise_budget_512 seed=1
211 stability chncxr resnet50 CHNCXR_0043_0 rise_budget_512 seed=2
212 stability chncxr resnet50 CHNCXR_0043_0 rise_budget_512 seed=3
213 stability chncxr resnet50 CHNCXR_0043_0 rise_budget_512 seed=4
214 stability chncxr resnet50 CHNCXR_0043_0 rise_budget_1024 seed=0
215 stability chncxr resnet50 CHNCXR_0043_0 rise_budget_1024 seed=1
216 stability chncxr resnet50 CHNCXR_0043_0 rise_budget_1024 seed=2
217 stability chncxr resnet50 CHNCXR_0043_0 rise_budget_1024 seed=3
218 stability chncxr resnet50 CHNCXR_0043_0 rise_budget_1024 seed=4
219 stability chncxr resnet50 CHNCXR_0043_0 rise_budget_2048 seed=0
220 stability chncxr resnet50 CHNCXR_0043_0 rise_budget_2048 seed=1
221 stability chncxr resnet50 CHNCXR_0043_0 rise_budget_2048 seed=2
222 stability chncxr resnet50 CHNCXR_0043_0 rise_budget_2048 seed=3
223 stability chncxr resnet50 CHNCXR_0043_0 rise_budget_2048 seed=4
224 stability chncxr resnet50 CHNCXR_0043_0 kernel_shap_budget_256 seed=0
225 stability chncxr resnet50 CHNCXR_0043_0 kernel_shap_budget_256 seed=1
226 stability chncxr resnet50 CHNCXR_0043_0 kernel_shap_budget_256 seed=2
227 stability chncxr resnet50 CHNCXR_0043_0 kernel_shap_budget_256 seed=3
228 stability chncxr resnet50 CHNCXR_0043_0 kernel_shap_budget_256 seed=4
229 stability chncxr resnet50 CHNCXR_0043_0 kernel_shap_budget_512 seed=0
230 stability chncxr resnet50 CHNCXR_0043_0 kernel_shap_budget_512 seed=1
231 stability chncxr resnet50 CHNCXR_0043_0 kernel_shap_budget_512 seed=2
232 stability chncxr resnet50 CHNCXR_0043_0 kernel_shap_budget_512 seed=3
233 stability chncxr resnet50 CHNCXR_0043_0 kernel_shap_budget_512 seed=4
234 stability chncxr resnet50 CHNCXR_0043_0 kernel_shap_budget_1024 seed=0
235 stability chncxr resnet50 CHNCXR_0043_0 kernel_shap_budget_1024 seed=1
236 stability chncxr resnet50 CHNCXR_0043_0 kernel_shap_budget_1024 seed=2
237 stability chncxr resnet50 CHNCXR_0043_0 kernel_shap_budget_1024 seed=3
238 stability chncxr resnet50 CHNCXR_0043_0 kernel_shap_budget_1024 seed=4
239 stability chncxr resnet50 CHNCXR_0043_0 kernel_shap_budget_2048 seed=0
240 stability chncxr resnet50 CHNCXR_0043_0 kernel_shap_budget_2048 seed=1
241 stability chncxr resnet50 CHNCXR_0043_0 kernel_shap_budget_2048 seed=2
242 stability chncxr resnet50 CHNCXR_0043_0 kernel_shap_budget_2048 seed=3
243 stability chncxr resnet50 CHNCXR_0043_0 kernel_shap_budget_2048 seed=4
244 stability chncxr resnet50 CHNCXR_0043_0 ablation_default seed=None
245 stability chncxr resnet50 CHNCXR_0070_0 lime_budget_256 seed=0
246 stability chncxr resnet50 CHNCXR_0070_0 lime_budget_256 seed=1
247 stability chncxr resnet50 CHNCXR_0070_0 lime_budget_256 seed=2
248 stability chncxr resnet50 CHNCXR_0070_0 lime_budget_256 seed=3
249 stability chncxr resnet50 CHNCXR_0070_0 lime_budget_256 seed=4
250 stability chncxr resnet50 CHNCXR_0070_0 lime_budget_512 seed=0
251 stability chncxr resnet50 CHNCXR_0070_0 lime_budget_512 seed=1
252 stability chncxr resnet50 CHNCXR_0070_0 lime_budget_512 seed=2
253 stability chncxr resnet50 CHNCXR_0070_0 lime_budget_512 seed=3
254 stability chncxr resnet50 CHNCXR_0070_0 lime_budget_512 seed=4
255 stability chncxr resnet50 CHNCXR_0070_0 lime_budget_1024 seed=0
256 stability chncxr resnet50 CHNCXR_0070_0 lime_budget_1024 seed=1
257 stability chncxr resnet50 CHNCXR_0070_0 lime_budget_1024 seed=2
258 stability chncxr resnet50 CHNCXR_0070_0 lime_budget_1024 seed=3
259 stability chncxr resnet50 CHNCXR_0070_0 lime_budget_1024 seed=4
260 stability chncxr resnet50 CHNCXR_0070_0 lime_budget_2048 seed=0
261 stability chncxr resnet50 CHNCXR_0070_0 lime_budget_2048 seed=1
262 stability chncxr resnet50 CHNCXR_0070_0 lime_budget_2048 seed=2
263 stability chncxr resnet50 CHNCXR_0070_0 lime_budget_2048 seed=3
264 stability chncxr resnet50 CHNCXR_0070_0 lime_budget_2048 seed=4
265 stability chncxr resnet50 CHNCXR_0070_0 rise_budget_256 seed=0
266 stability chncxr resnet50 CHNCXR_0070_0 rise_budget_256 seed=1
267 stability chncxr resnet50 CHNCXR_0070_0 rise_budget_256 seed=2
268 stability chncxr resnet50 CHNCXR_0070_0 rise_budget_256 seed=3
269 stability chncxr resnet50 CHNCXR_0070_0 rise_budget_256 seed=4
270 stability chncxr resnet50 CHNCXR_0070_0 rise_budget_512 seed=0
271 stability chncxr resnet50 CHNCXR_0070_0 rise_budget_512 seed=1
272 stability chncxr resnet50 CHNCXR_0070_0 rise_budget_512 seed=2
273 stability chncxr resnet50 CHNCXR_0070_0 rise_budget_512 seed=3
274 stability chncxr resnet50 CHNCXR_0070_0 rise_budget_512 seed=4
275 stability chncxr resnet50 CHNCXR_0070_0 rise_budget_1024 seed=0
276 stability chncxr resnet50 CHNCXR_0070_0 rise_budget_1024 seed=1
277 stability chncxr resnet50 CHNCXR_0070_0 rise_budget_1024 seed=2
278 stability chncxr resnet50 CHNCXR_0070_0 rise_budget_1024 seed=3
279 stability chncxr resnet50 CHNCXR_0070_0 rise_budget_1024 seed=4
280 stability chncxr resnet50 CHNCXR_0070_0 rise_budget_2048 seed=0
281 stability chncxr resnet50 CHNCXR_0070_0 rise_budget_2048 seed=1
282 stability chncxr resnet50 CHNCXR_0070_0 rise_budget_2048 seed=2
283 stability chncxr resnet50 CHNCXR_0070_0 rise_budget_2048 seed=3
284 stability chncxr resnet50 CHNCXR_0070_0 rise_budget_2048 seed=4
285 stability chncxr resnet50 CHNCXR_0070_0 kernel_shap_budget_256 seed=0
286 stability chncxr resnet50 CHNCXR_0070_0 kernel_shap_budget_256 seed=1
287 stability chncxr resnet50 CHNCXR_0070_0 kernel_shap_budget_256 seed=2
288 stability chncxr resnet50 CHNCXR_0070_0 kernel_shap_budget_256 seed=3
289 stability chncxr resnet50 CHNCXR_0070_0 kernel_shap_budget_256 seed=4
290 stability chncxr resnet50 CHNCXR_0070_0 kernel_shap_budget_512 seed=0
291 stability chncxr resnet50 CHNCXR_0070_0 kernel_shap_budget_512 seed=1
292 stability chncxr resnet50 CHNCXR_0070_0 kernel_shap_budget_512 seed=2
293 stability chncxr resnet50 CHNCXR_0070_0 kernel_shap_budget_512 seed=3
294 stability chncxr resnet50 CHNCXR_0070_0 kernel_shap_budget_512 seed=4
295 stability chncxr resnet50 CHNCXR_0070_0 kernel_shap_budget_1024 seed=0
296 stability chncxr resnet50 CHNCXR_0070_0 kernel_shap_budget_1024 seed=1
297 stability chncxr resnet50 CHNCXR_0070_0 kernel_shap_budget_1024 seed=2
298 stability chncxr resnet50 CHNCXR_0070_0 kernel_shap_budget_1024 seed=3
299 stability chncxr resnet50 CHNCXR_0070_0 kernel_shap_budget_1024 seed=4
300 stability chncxr resnet50 CHNCXR_0070_0 kernel_shap_budget_2048 seed=0
301 stability chncxr resnet50 CHNCXR_0070_0 kernel_shap_budget_2048 seed=1
302 stability chncxr resnet50 CHNCXR_0070_0 kernel_shap_budget_2048 seed=2
303 stability chncxr resnet50 CHNCXR_0070_0 kernel_shap_budget_2048 seed=3
304 stability chncxr resnet50 CHNCXR_0070_0 kernel_shap_budget_2048 seed=4
305 stability chncxr resnet50 CHNCXR_0070_0 ablation_default seed=None
306 stability chncxr resnet50 CHNCXR_0116_0 lime_budget_256 seed=0
307 stability chncxr resnet50 CHNCXR_0116_0 lime_budget_256 seed=1
308 stability chncxr resnet50 CHNCXR_0116_0 lime_budget_256 seed=2
309 stability chncxr resnet50 CHNCXR_0116_0 lime_budget_256 seed=3
310 stability chncxr resnet50 CHNCXR_0116_0 lime_budget_256 seed=4
311 stability chncxr resnet50 CHNCXR_0116_0 lime_budget_512 seed=0
312 stability chncxr resnet50 CHNCXR_0116_0 lime_budget_512 seed=1
313 stability chncxr resnet50 CHNCXR_0116_0 lime_budget_512 seed=2
314 stability chncxr resnet50 CHNCXR_0116_0 lime_budget_512 seed=3
315 stability chncxr resnet50 CHNCXR_0116_0 lime_budget_512 seed=4
316 stability chncxr resnet50 CHNCXR_0116_0 lime_budget_1024 seed=0
317 stability chncxr resnet50 CHNCXR_0116_0 lime_budget_1024 seed=1
318 stability chncxr resnet50 CHNCXR_0116_0 lime_budget_1024 seed=2
319 stability chncxr resnet50 CHNCXR_0116_0 lime_budget_1024 seed=3
320 stability chncxr resnet50 CHNCXR_0116_0 lime_budget_1024 seed=4
321 stability chncxr resnet50 CHNCXR_0116_0 lime_budget_2048 seed=0
322 stability chncxr resnet50 CHNCXR_0116_0 lime_budget_2048 seed=1
323 stability chncxr resnet50 CHNCXR_0116_0 lime_budget_2048 seed=2
324 stability chncxr resnet50 CHNCXR_0116_0 lime_budget_2048 seed=3
325 stability chncxr resnet50 CHNCXR_0116_0 lime_budget_2048 seed=4
326 stability chncxr resnet50 CHNCXR_0116_0 rise_budget_256 seed=0
327 stability chncxr resnet50 CHNCXR_0116_0 rise_budget_256 seed=1
328 stability chncxr resnet50 CHNCXR_0116_0 rise_budget_256 seed=2
329 stability chncxr resnet50 CHNCXR_0116_0 rise_budget_256 seed=3
330 stability chncxr resnet50 CHNCXR_0116_0 rise_budget_256 seed=4
331 stability chncxr resnet50 CHNCXR_0116_0 rise_budget_512 seed=0
332 stability chncxr resnet50 CHNCXR_0116_0 rise_budget_512 seed=1
333 stability chncxr resnet50 CHNCXR_0116_0 rise_budget_512 seed=2
334 stability chncxr resnet50 CHNCXR_0116_0 rise_budget_512 seed=3
335 stability chncxr resnet50 CHNCXR_0116_0 rise_budget_512 seed=4
336 stability chncxr resnet50 CHNCXR_0116_0 rise_budget_1024 seed=0
337 stability chncxr resnet50 CHNCXR_0116_0 rise_budget_1024 seed=1
338 stability chncxr resnet50 CHNCXR_0116_0 rise_budget_1024 seed=2
339 stability chncxr resnet50 CHNCXR_0116_0 rise_budget_1024 seed=3
340 stability chncxr resnet50 CHNCXR_0116_0 rise_budget_1024 seed=4
341 stability chncxr resnet50 CHNCXR_0116_0 rise_budget_2048 seed=0
342 stability chncxr resnet50 CHNCXR_0116_0 rise_budget_2048 seed=1
343 stability chncxr resnet50 CHNCXR_0116_0 rise_budget_2048 seed=2
344 stability chncxr resnet50 CHNCXR_0116_0 rise_budget_2048 seed=3
345 stability chncxr resnet50 CHNCXR_0116_0 rise_budget_2048 seed=4
346 stability chncxr resnet50 CHNCXR_0116_0 kernel_shap_budget_256 seed=0
347 stability chncxr resnet50 CHNCXR_0116_0 kernel_shap_budget_256 seed=1
348 stability chncxr resnet50 CHNCXR_0116_0 kernel_shap_budget_256 seed=2
349 stability chncxr resnet50 CHNCXR_0116_0 kernel_shap_budget_256 seed=3
350 stability chncxr resnet50 CHNCXR_0116_0 kernel_shap_budget_256 seed=4
351 stability chncxr resnet50 CHNCXR_0116_0 kernel_shap_budget_512 seed=0
352 stability chncxr resnet50 CHNCXR_0116_0 kernel_shap_budget_512 seed=1
353 stability chncxr resnet50 CHNCXR_0116_0 kernel_shap_budget_512 seed=2
354 stability chncxr resnet50 CHNCXR_0116_0 kernel_shap_budget_512 seed=3
355 stability chncxr resnet50 CHNCXR_0116_0 kernel_shap_budget_512 seed=4
356 stability chncxr resnet50 CHNCXR_0116_0 kernel_shap_budget_1024 seed=0
357 stability chncxr resnet50 CHNCXR_0116_0 kernel_shap_budget_1024 seed=1
358 stability chncxr resnet50 CHNCXR_0116_0 kernel_shap_budget_1024 seed=2
359 stability chncxr resnet50 CHNCXR_0116_0 kernel_shap_budget_1024 seed=3
360 stability chncxr resnet50 CHNCXR_0116_0 kernel_shap_budget_1024 seed=4
361 stability chncxr resnet50 CHNCXR_0116_0 kernel_shap_budget_2048 seed=0
362 stability chncxr resnet50 CHNCXR_0116_0 kernel_shap_budget_2048 seed=1
363 stability chncxr resnet50 CHNCXR_0116_0 kernel_shap_budget_2048 seed=2
364 stability chncxr resnet50 CHNCXR_0116_0 kernel_shap_budget_2048 seed=3
365 stability chncxr resnet50 CHNCXR_0116_0 kernel_shap_budget_2048 seed=4
366 stability chncxr resnet50 CHNCXR_0116_0 ablation_default seed=None
367 stability chncxr resnet50 CHNCXR_0142_0 lime_budget_256 seed=0
368 stability chncxr resnet50 CHNCXR_0142_0 lime_budget_256 seed=1
369 stability chncxr resnet50 CHNCXR_0142_0 lime_budget_256 seed=2
370 stability chncxr resnet50 CHNCXR_0142_0 lime_budget_256 seed=3
371 stability chncxr resnet50 CHNCXR_0142_0 lime_budget_256 seed=4
372 stability chncxr resnet50 CHNCXR_0142_0 lime_budget_512 seed=0
373 stability chncxr resnet50 CHNCXR_0142_0 lime_budget_512 seed=1
374 stability chncxr resnet50 CHNCXR_0142_0 lime_budget_512 seed=2
375 stability chncxr resnet50 CHNCXR_0142_0 lime_budget_512 seed=3
376 stability chncxr resnet50 CHNCXR_0142_0 lime_budget_512 seed=4
377 stability chncxr resnet50 CHNCXR_0142_0 lime_budget_1024 seed=0
378 stability chncxr resnet50 CHNCXR_0142_0 lime_budget_1024 seed=1
379 stability chncxr resnet50 CHNCXR_0142_0 lime_budget_1024 seed=2
380 stability chncxr resnet50 CHNCXR_0142_0 lime_budget_1024 seed=3
381 stability chncxr resnet50 CHNCXR_0142_0 lime_budget_1024 seed=4
382 stability chncxr resnet50 CHNCXR_0142_0 lime_budget_2048 seed=0
383 stability chncxr resnet50 CHNCXR_0142_0 lime_budget_2048 seed=1
384 stability chncxr resnet50 CHNCXR_0142_0 lime_budget_2048 seed=2
385 stability chncxr resnet50 CHNCXR_0142_0 lime_budget_2048 seed=3
386 stability chncxr resnet50 CHNCXR_0142_0 lime_budget_2048 seed=4
387 stability chncxr resnet50 CHNCXR_0142_0 rise_budget_256 seed=0
388 stability chncxr resnet50 CHNCXR_0142_0 rise_budget_256 seed=1
389 stability chncxr resnet50 CHNCXR_0142_0 rise_budget_256 seed=2
390 stability chncxr resnet50 CHNCXR_0142_0 rise_budget_256 seed=3
391 stability chncxr resnet50 CHNCXR_0142_0 rise_budget_256 seed=4
392 stability chncxr resnet50 CHNCXR_0142_0 rise_budget_512 seed=0
393 stability chncxr resnet50 CHNCXR_0142_0 rise_budget_512 seed=1
394 stability chncxr resnet50 CHNCXR_0142_0 rise_budget_512 seed=2
395 stability chncxr resnet50 CHNCXR_0142_0 rise_budget_512 seed=3
396 stability chncxr resnet50 CHNCXR_0142_0 rise_budget_512 seed=4
397 stability chncxr resnet50 CHNCXR_0142_0 rise_budget_1024 seed=0
398 stability chncxr resnet50 CHNCXR_0142_0 rise_budget_1024 seed=1
399 stability chncxr resnet50 CHNCXR_0142_0 rise_budget_1024 seed=2
400 stability chncxr resnet50 CHNCXR_0142_0 rise_budget_1024 seed=3
401 stability chncxr resnet50 CHNCXR_0142_0 rise_budget_1024 seed=4
402 stability chncxr resnet50 CHNCXR_0142_0 rise_budget_2048 seed=0
403 stability chncxr resnet50 CHNCXR_0142_0 rise_budget_2048 seed=1
404 stability chncxr resnet50 CHNCXR_0142_0 rise_budget_2048 seed=2
405 stability chncxr resnet50 CHNCXR_0142_0 rise_budget_2048 seed=3
406 stability chncxr resnet50 CHNCXR_0142_0 rise_budget_2048 seed=4
407 stability chncxr resnet50 CHNCXR_0142_0 kernel_shap_budget_256 seed=0
408 stability chncxr resnet50 CHNCXR_0142_0 kernel_shap_budget_256 seed=1
409 stability chncxr resnet50 CHNCXR_0142_0 kernel_shap_budget_256 seed=2
410 stability chncxr resnet50 CHNCXR_0142_0 kernel_shap_budget_256 seed=3
411 stability chncxr resnet50 CHNCXR_0142_0 kernel_shap_budget_256 seed=4
412 stability chncxr resnet50 CHNCXR_0142_0 kernel_shap_budget_512 seed=0
413 stability chncxr resnet50 CHNCXR_0142_0 kernel_shap_budget_512 seed=1
414 stability chncxr resnet50 CHNCXR_0142_0 kernel_shap_budget_512 seed=2
415 stability chncxr resnet50 CHNCXR_0142_0 kernel_shap_budget_512 seed=3
416 stability chncxr resnet50 CHNCXR_0142_0 kernel_shap_budget_512 seed=4
417 stability chncxr resnet50 CHNCXR_0142_0 kernel_shap_budget_1024 seed=0
418 stability chncxr resnet50 CHNCXR_0142_0 kernel_shap_budget_1024 seed=1
419 stability chncxr resnet50 CHNCXR_0142_0 kernel_shap_budget_1024 seed=2
420 stability chncxr resnet50 CHNCXR_0142_0 kernel_shap_budget_1024 seed=3
421 stability chncxr resnet50 CHNCXR_0142_0 kernel_shap_budget_1024 seed=4
422 stability chncxr resnet50 CHNCXR_0142_0 kernel_shap_budget_2048 seed=0
423 stability chncxr resnet50 CHNCXR_0142_0 kernel_shap_budget_2048 seed=1
424 stability chncxr resnet50 CHNCXR_0142_0 kernel_shap_budget_2048 seed=2
425 stability chncxr resnet50 CHNCXR_0142_0 kernel_shap_budget_2048 seed=3
426 stability chncxr resnet50 CHNCXR_0142_0 kernel_shap_budget_2048 seed=4
427 stability chncxr resnet50 CHNCXR_0142_0 ablation_default seed=None
428 stability chncxr resnet50 CHNCXR_0161_0 lime_budget_256 seed=0
429 stability chncxr resnet50 CHNCXR_0161_0 lime_budget_256 seed=1
430 stability chncxr resnet50 CHNCXR_0161_0 lime_budget_256 seed=2
431 stability chncxr resnet50 CHNCXR_0161_0 lime_budget_256 seed=3
432 stability chncxr resnet50 CHNCXR_0161_0 lime_budget_256 seed=4
433 stability chncxr resnet50 CHNCXR_0161_0 lime_budget_512 seed=0
434 stability chncxr resnet50 CHNCXR_0161_0 lime_budget_512 seed=1
435 stability chncxr resnet50 CHNCXR_0161_0 lime_budget_512 seed=2
436 stability chncxr resnet50 CHNCXR_0161_0 lime_budget_512 seed=3
437 stability chncxr resnet50 CHNCXR_0161_0 lime_budget_512 seed=4
438 stability chncxr resnet50 CHNCXR_0161_0 lime_budget_1024 seed=0
439 stability chncxr resnet50 CHNCXR_0161_0 lime_budget_1024 seed=1
440 stability chncxr resnet50 CHNCXR_0161_0 lime_budget_1024 seed=2
441 stability chncxr resnet50 CHNCXR_0161_0 lime_budget_1024 seed=3
442 stability chncxr resnet50 CHNCXR_0161_0 lime_budget_1024 seed=4
443 stability chncxr resnet50 CHNCXR_0161_0 lime_budget_2048 seed=0
444 stability chncxr resnet50 CHNCXR_0161_0 lime_budget_2048 seed=1
445 stability chncxr resnet50 CHNCXR_0161_0 lime_budget_2048 seed=2
446 stability chncxr resnet50 CHNCXR_0161_0 lime_budget_2048 seed=3
447 stability chncxr resnet50 CHNCXR_0161_0 lime_budget_2048 seed=4
448 stability chncxr resnet50 CHNCXR_0161_0 rise_budget_256 seed=0
449 stability chncxr resnet50 CHNCXR_0161_0 rise_budget_256 seed=1
450 stability chncxr resnet50 CHNCXR_0161_0 rise_budget_256 seed=2
451 stability chncxr resnet50 CHNCXR_0161_0 rise_budget_256 seed=3
452 stability chncxr resnet50 CHNCXR_0161_0 rise_budget_256 seed=4
453 stability chncxr resnet50 CHNCXR_0161_0 rise_budget_512 seed=0
454 stability chncxr resnet50 CHNCXR_0161_0 rise_budget_512 seed=1
455 stability chncxr resnet50 CHNCXR_0161_0 rise_budget_512 seed=2
456 stability chncxr resnet50 CHNCXR_0161_0 rise_budget_512 seed=3
457 stability chncxr resnet50 CHNCXR_0161_0 rise_budget_512 seed=4
458 stability chncxr resnet50 CHNCXR_0161_0 rise_budget_1024 seed=0
459 stability chncxr resnet50 CHNCXR_0161_0 rise_budget_1024 seed=1
460 stability chncxr resnet50 CHNCXR_0161_0 rise_budget_1024 seed=2
461 stability chncxr resnet50 CHNCXR_0161_0 rise_budget_1024 seed=3
462 stability chncxr resnet50 CHNCXR_0161_0 rise_budget_1024 seed=4
463 stability chncxr resnet50 CHNCXR_0161_0 rise_budget_2048 seed=0
464 stability chncxr resnet50 CHNCXR_0161_0 rise_budget_2048 seed=1
465 stability chncxr resnet50 CHNCXR_0161_0 rise_budget_2048 seed=2
466 stability chncxr resnet50 CHNCXR_0161_0 rise_budget_2048 seed=3
467 stability chncxr resnet50 CHNCXR_0161_0 rise_budget_2048 seed=4
468 stability chncxr resnet50 CHNCXR_0161_0 kernel_shap_budget_256 seed=0
469 stability chncxr resnet50 CHNCXR_0161_0 kernel_shap_budget_256 seed=1
470 stability chncxr resnet50 CHNCXR_0161_0 kernel_shap_budget_256 seed=2
471 stability chncxr resnet50 CHNCXR_0161_0 kernel_shap_budget_256 seed=3
472 stability chncxr resnet50 CHNCXR_0161_0 kernel_shap_budget_256 seed=4
473 stability chncxr resnet50 CHNCXR_0161_0 kernel_shap_budget_512 seed=0
474 stability chncxr resnet50 CHNCXR_0161_0 kernel_shap_budget_512 seed=1
475 stability chncxr resnet50 CHNCXR_0161_0 kernel_shap_budget_512 seed=2
476 stability chncxr resnet50 CHNCXR_0161_0 kernel_shap_budget_512 seed=3
477 stability chncxr resnet50 CHNCXR_0161_0 kernel_shap_budget_512 seed=4
478 stability chncxr resnet50 CHNCXR_0161_0 kernel_shap_budget_1024 seed=0
479 stability chncxr resnet50 CHNCXR_0161_0 kernel_shap_budget_1024 seed=1
480 stability chncxr resnet50 CHNCXR_0161_0 kernel_shap_budget_1024 seed=2
481 stability chncxr resnet50 CHNCXR_0161_0 kernel_shap_budget_1024 seed=3
482 stability chncxr resnet50 CHNCXR_0161_0 kernel_shap_budget_1024 seed=4
483 stability chncxr resnet50 CHNCXR_0161_0 kernel_shap_budget_2048 seed=0
484 stability chncxr resnet50 CHNCXR_0161_0 kernel_shap_budget_2048 seed=1
485 stability chncxr resnet50 CHNCXR_0161_0 kernel_shap_budget_2048 seed=2
486 stability chncxr resnet50 CHNCXR_0161_0 kernel_shap_budget_2048 seed=3
487 stability chncxr resnet50 CHNCXR_0161_0 kernel_shap_budget_2048 seed=4
488 stability chncxr resnet50 CHNCXR_0161_0 ablation_default seed=None
489 stability chncxr resnet50 CHNCXR_0165_0 lime_budget_256 seed=0
490 stability chncxr resnet50 CHNCXR_0165_0 lime_budget_256 seed=1
491 stability chncxr resnet50 CHNCXR_0165_0 lime_budget_256 seed=2
492 stability chncxr resnet50 CHNCXR_0165_0 lime_budget_256 seed=3
493 stability chncxr resnet50 CHNCXR_0165_0 lime_budget_256 seed=4
494 stability chncxr resnet50 CHNCXR_0165_0 lime_budget_512 seed=0
495 stability chncxr resnet50 CHNCXR_0165_0 lime_budget_512 seed=1
496 stability chncxr resnet50 CHNCXR_0165_0 lime_budget_512 seed=2
497 stability chncxr resnet50 CHNCXR_0165_0 lime_budget_512 seed=3
498 stability chncxr resnet50 CHNCXR_0165_0 lime_budget_512 seed=4
499 stability chncxr resnet50 CHNCXR_0165_0 lime_budget_1024 seed=0
500 stability chncxr resnet50 CHNCXR_0165_0 lime_budget_1024 seed=1
501 stability chncxr resnet50 CHNCXR_0165_0 lime_budget_1024 seed=2
502 stability chncxr resnet50 CHNCXR_0165_0 lime_budget_1024 seed=3
503 stability chncxr resnet50 CHNCXR_0165_0 lime_budget_1024 seed=4
504 stability chncxr resnet50 CHNCXR_0165_0 lime_budget_2048 seed=0
505 stability chncxr resnet50 CHNCXR_0165_0 lime_budget_2048 seed=1
506 stability chncxr resnet50 CHNCXR_0165_0 lime_budget_2048 seed=2
507 stability chncxr resnet50 CHNCXR_0165_0 lime_budget_2048 seed=3
508 stability chncxr resnet50 CHNCXR_0165_0 lime_budget_2048 seed=4
509 stability chncxr resnet50 CHNCXR_0165_0 rise_budget_256 seed=0
510 stability chncxr resnet50 CHNCXR_0165_0 rise_budget_256 seed=1
511 stability chncxr resnet50 CHNCXR_0165_0 rise_budget_256 seed=2
512 stability chncxr resnet50 CHNCXR_0165_0 rise_budget_256 seed=3
513 stability chncxr resnet50 CHNCXR_0165_0 rise_budget_256 seed=4
514 stability chncxr resnet50 CHNCXR_0165_0 rise_budget_512 seed=0
515 stability chncxr resnet50 CHNCXR_0165_0 rise_budget_512 seed=1
516 stability chncxr resnet50 CHNCXR_0165_0 rise_budget_512 seed=2
517 stability chncxr resnet50 CHNCXR_0165_0 rise_budget_512 seed=3
518 stability chncxr resnet50 CHNCXR_0165_0 rise_budget_512 seed=4
519 stability chncxr resnet50 CHNCXR_0165_0 rise_budget_1024 seed=0
520 stability chncxr resnet50 CHNCXR_0165_0 rise_budget_1024 seed=1
521 stability chncxr resnet50 CHNCXR_0165_0 rise_budget_1024 seed=2
522 stability chncxr resnet50 CHNCXR_0165_0 rise_budget_1024 seed=3
523 stability chncxr resnet50 CHNCXR_0165_0 rise_budget_1024 seed=4
524 stability chncxr resnet50 CHNCXR_0165_0 rise_budget_2048 seed=0
525 stability chncxr resnet50 CHNCXR_0165_0 rise_budget_2048 seed=1
526 stability chncxr resnet50 CHNCXR_0165_0 rise_budget_2048 seed=2
527 stability chncxr resnet50 CHNCXR_0165_0 rise_budget_2048 seed=3
528 stability chncxr resnet50 CHNCXR_0165_0 rise_budget_2048 seed=4
529 stability chncxr resnet50 CHNCXR_0165_0 kernel_shap_budget_256 seed=0
530 stability chncxr resnet50 CHNCXR_0165_0 kernel_shap_budget_256 seed=1
531 stability chncxr resnet50 CHNCXR_0165_0 kernel_shap_budget_256 seed=2
532 stability chncxr resnet50 CHNCXR_0165_0 kernel_shap_budget_256 seed=3
533 stability chncxr resnet50 CHNCXR_0165_0 kernel_shap_budget_256 seed=4
534 stability chncxr resnet50 CHNCXR_0165_0 kernel_shap_budget_512 seed=0
535 stability chncxr resnet50 CHNCXR_0165_0 kernel_shap_budget_512 seed=1
536 stability chncxr resnet50 CHNCXR_0165_0 kernel_shap_budget_512 seed=2
537 stability chncxr resnet50 CHNCXR_0165_0 kernel_shap_budget_512 seed=3
538 stability chncxr resnet50 CHNCXR_0165_0 kernel_shap_budget_512 seed=4
539 stability chncxr resnet50 CHNCXR_0165_0 kernel_shap_budget_1024 seed=0
540 stability chncxr resnet50 CHNCXR_0165_0 kernel_shap_budget_1024 seed=1
541 stability chncxr resnet50 CHNCXR_0165_0 kernel_shap_budget_1024 seed=2
542 stability chncxr resnet50 CHNCXR_0165_0 kernel_shap_budget_1024 seed=3
543 stability chncxr resnet50 CHNCXR_0165_0 kernel_shap_budget_1024 seed=4
544 stability chncxr resnet50 CHNCXR_0165_0 kernel_shap_budget_2048 seed=0
545 stability chncxr resnet50 CHNCXR_0165_0 kernel_shap_budget_2048 seed=1
546 stability chncxr resnet50 CHNCXR_0165_0 kernel_shap_budget_2048 seed=2
547 stability chncxr resnet50 CHNCXR_0165_0 kernel_shap_budget_2048 seed=3
548 stability chncxr resnet50 CHNCXR_0165_0 kernel_shap_budget_2048 seed=4
549 stability chncxr resnet50 CHNCXR_0165_0 ablation_default seed=None
550 stability chncxr resnet50 CHNCXR_0175_0 lime_budget_256 seed=0
551 stability chncxr resnet50 CHNCXR_0175_0 lime_budget_256 seed=1
552 stability chncxr resnet50 CHNCXR_0175_0 lime_budget_256 seed=2
553 stability chncxr resnet50 CHNCXR_0175_0 lime_budget_256 seed=3
554 stability chncxr resnet50 CHNCXR_0175_0 lime_budget_256 seed=4
555 stability chncxr resnet50 CHNCXR_0175_0 lime_budget_512 seed=0
556 stability chncxr resnet50 CHNCXR_0175_0 lime_budget_512 seed=1
557 stability chncxr resnet50 CHNCXR_0175_0 lime_budget_512 seed=2
558 stability chncxr resnet50 CHNCXR_0175_0 lime_budget_512 seed=3
559 stability chncxr resnet50 CHNCXR_0175_0 lime_budget_512 seed=4
560 stability chncxr resnet50 CHNCXR_0175_0 lime_budget_1024 seed=0
561 stability chncxr resnet50 CHNCXR_0175_0 lime_budget_1024 seed=1
562 stability chncxr resnet50 CHNCXR_0175_0 lime_budget_1024 seed=2
563 stability chncxr resnet50 CHNCXR_0175_0 lime_budget_1024 seed=3
564 stability chncxr resnet50 CHNCXR_0175_0 lime_budget_1024 seed=4
565 stability chncxr resnet50 CHNCXR_0175_0 lime_budget_2048 seed=0
566 stability chncxr resnet50 CHNCXR_0175_0 lime_budget_2048 seed=1
567 stability chncxr resnet50 CHNCXR_0175_0 lime_budget_2048 seed=2
568 stability chncxr resnet50 CHNCXR_0175_0 lime_budget_2048 seed=3
569 stability chncxr resnet50 CHNCXR_0175_0 lime_budget_2048 seed=4
570 stability chncxr resnet50 CHNCXR_0175_0 rise_budget_256 seed=0
571 stability chncxr resnet50 CHNCXR_0175_0 rise_budget_256 seed=1
572 stability chncxr resnet50 CHNCXR_0175_0 rise_budget_256 seed=2
573 stability chncxr resnet50 CHNCXR_0175_0 rise_budget_256 seed=3
574 stability chncxr resnet50 CHNCXR_0175_0 rise_budget_256 seed=4
575 stability chncxr resnet50 CHNCXR_0175_0 rise_budget_512 seed=0
576 stability chncxr resnet50 CHNCXR_0175_0 rise_budget_512 seed=1
577 stability chncxr resnet50 CHNCXR_0175_0 rise_budget_512 seed=2
578 stability chncxr resnet50 CHNCXR_0175_0 rise_budget_512 seed=3
579 stability chncxr resnet50 CHNCXR_0175_0 rise_budget_512 seed=4
580 stability chncxr resnet50 CHNCXR_0175_0 rise_budget_1024 seed=0
581 stability chncxr resnet50 CHNCXR_0175_0 rise_budget_1024 seed=1
582 stability chncxr resnet50 CHNCXR_0175_0 rise_budget_1024 seed=2
583 stability chncxr resnet50 CHNCXR_0175_0 rise_budget_1024 seed=3
584 stability chncxr resnet50 CHNCXR_0175_0 rise_budget_1024 seed=4
585 stability chncxr resnet50 CHNCXR_0175_0 rise_budget_2048 seed=0
586 stability chncxr resnet50 CHNCXR_0175_0 rise_budget_2048 seed=1
587 stability chncxr resnet50 CHNCXR_0175_0 rise_budget_2048 seed=2
588 stability chncxr resnet50 CHNCXR_0175_0 rise_budget_2048 seed=3
589 stability chncxr resnet50 CHNCXR_0175_0 rise_budget_2048 seed=4
590 stability chncxr resnet50 CHNCXR_0175_0 kernel_shap_budget_256 seed=0
591 stability chncxr resnet50 CHNCXR_0175_0 kernel_shap_budget_256 seed=1
592 stability chncxr resnet50 CHNCXR_0175_0 kernel_shap_budget_256 seed=2
593 stability chncxr resnet50 CHNCXR_0175_0 kernel_shap_budget_256 seed=3
594 stability chncxr resnet50 CHNCXR_0175_0 kernel_shap_budget_256 seed=4
595 stability chncxr resnet50 CHNCXR_0175_0 kernel_shap_budget_512 seed=0
596 stability chncxr resnet50 CHNCXR_0175_0 kernel_shap_budget_512 seed=1
597 stability chncxr resnet50 CHNCXR_0175_0 kernel_shap_budget_512 seed=2
598 stability chncxr resnet50 CHNCXR_0175_0 kernel_shap_budget_512 seed=3
599 stability chncxr resnet50 CHNCXR_0175_0 kernel_shap_budget_512 seed=4
600 stability chncxr resnet50 CHNCXR_0175_0 kernel_shap_budget_1024 seed=0
601 stability chncxr resnet50 CHNCXR_0175_0 kernel_shap_budget_1024 seed=1
602 stability chncxr resnet50 CHNCXR_0175_0 kernel_shap_budget_1024 seed=2
603 stability chncxr resnet50 CHNCXR_0175_0 kernel_shap_budget_1024 seed=3
604 stability chncxr resnet50 CHNCXR_0175_0 kernel_shap_budget_1024 seed=4
605 stability chncxr resnet50 CHNCXR_0175_0 kernel_shap_budget_2048 seed=0
606 stability chncxr resnet50 CHNCXR_0175_0 kernel_shap_budget_2048 seed=1
607 stability chncxr resnet50 CHNCXR_0175_0 kernel_shap_budget_2048 seed=2
608 stability chncxr resnet50 CHNCXR_0175_0 kernel_shap_budget_2048 seed=3
609 stability chncxr resnet50 CHNCXR_0175_0 kernel_shap_budget_2048 seed=4
610 stability chncxr resnet50 CHNCXR_0175_0 ablation_default seed=None
611 stability chncxr resnet50 CHNCXR_0194_0 lime_budget_256 seed=0
612 stability chncxr resnet50 CHNCXR_0194_0 lime_budget_256 seed=1
613 stability chncxr resnet50 CHNCXR_0194_0 lime_budget_256 seed=2
614 stability chncxr resnet50 CHNCXR_0194_0 lime_budget_256 seed=3
615 stability chncxr resnet50 CHNCXR_0194_0 lime_budget_256 seed=4
616 stability chncxr resnet50 CHNCXR_0194_0 lime_budget_512 seed=0
617 stability chncxr resnet50 CHNCXR_0194_0 lime_budget_512 seed=1
618 stability chncxr resnet50 CHNCXR_0194_0 lime_budget_512 seed=2
619 stability chncxr resnet50 CHNCXR_0194_0 lime_budget_512 seed=3
620 stability chncxr resnet50 CHNCXR_0194_0 lime_budget_512 seed=4
621 stability chncxr resnet50 CHNCXR_0194_0 lime_budget_1024 seed=0
622 stability chncxr resnet50 CHNCXR_0194_0 lime_budget_1024 seed=1
623 stability chncxr resnet50 CHNCXR_0194_0 lime_budget_1024 seed=2
624 stability chncxr resnet50 CHNCXR_0194_0 lime_budget_1024 seed=3
625 stability chncxr resnet50 CHNCXR_0194_0 lime_budget_1024 seed=4
626 stability chncxr resnet50 CHNCXR_0194_0 lime_budget_2048 seed=0
627 stability chncxr resnet50 CHNCXR_0194_0 lime_budget_2048 seed=1
628 stability chncxr resnet50 CHNCXR_0194_0 lime_budget_2048 seed=2
629 stability chncxr resnet50 CHNCXR_0194_0 lime_budget_2048 seed=3
630 stability chncxr resnet50 CHNCXR_0194_0 lime_budget_2048 seed=4
631 stability chncxr resnet50 CHNCXR_0194_0 rise_budget_256 seed=0
632 stability chncxr resnet50 CHNCXR_0194_0 rise_budget_256 seed=1
633 stability chncxr resnet50 CHNCXR_0194_0 rise_budget_256 seed=2
634 stability chncxr resnet50 CHNCXR_0194_0 rise_budget_256 seed=3
635 stability chncxr resnet50 CHNCXR_0194_0 rise_budget_256 seed=4
636 stability chncxr resnet50 CHNCXR_0194_0 rise_budget_512 seed=0
637 stability chncxr resnet50 CHNCXR_0194_0 rise_budget_512 seed=1
638 stability chncxr resnet50 CHNCXR_0194_0 rise_budget_512 seed=2
639 stability chncxr resnet50 CHNCXR_0194_0 rise_budget_512 seed=3
640 stability chncxr resnet50 CHNCXR_0194_0 rise_budget_512 seed=4
641 stability chncxr resnet50 CHNCXR_0194_0 rise_budget_1024 seed=0
642 stability chncxr resnet50 CHNCXR_0194_0 rise_budget_1024 seed=1
643 stability chncxr resnet50 CHNCXR_0194_0 rise_budget_1024 seed=2
644 stability chncxr resnet50 CHNCXR_0194_0 rise_budget_1024 seed=3
645 stability chncxr resnet50 CHNCXR_0194_0 rise_budget_1024 seed=4
646 stability chncxr resnet50 CHNCXR_0194_0 rise_budget_2048 seed=0
647 stability chncxr resnet50 CHNCXR_0194_0 rise_budget_2048 seed=1
648 stability chncxr resnet50 CHNCXR_0194_0 rise_budget_2048 seed=2
649 stability chncxr resnet50 CHNCXR_0194_0 rise_budget_2048 seed=3
650 stability chncxr resnet50 CHNCXR_0194_0 rise_budget_2048 seed=4
651 stability chncxr resnet50 CHNCXR_0194_0 kernel_shap_budget_256 seed=0
652 stability chncxr resnet50 CHNCXR_0194_0 kernel_shap_budget_256 seed=1
653 stability chncxr resnet50 CHNCXR_0194_0 kernel_shap_budget_256 seed=2
654 stability chncxr resnet50 CHNCXR_0194_0 kernel_shap_budget_256 seed=3
655 stability chncxr resnet50 CHNCXR_0194_0 kernel_shap_budget_256 seed=4
656 stability chncxr resnet50 CHNCXR_0194_0 kernel_shap_budget_512 seed=0
657 stability chncxr resnet50 CHNCXR_0194_0 kernel_shap_budget_512 seed=1
658 stability chncxr resnet50 CHNCXR_0194_0 kernel_shap_budget_512 seed=2
659 stability chncxr resnet50 CHNCXR_0194_0 kernel_shap_budget_512 seed=3
660 stability chncxr resnet50 CHNCXR_0194_0 kernel_shap_budget_512 seed=4
661 stability chncxr resnet50 CHNCXR_0194_0 kernel_shap_budget_1024 seed=0
662 stability chncxr resnet50 CHNCXR_0194_0 kernel_shap_budget_1024 seed=1
663 stability chncxr resnet50 CHNCXR_0194_0 kernel_shap_budget_1024 seed=2
664 stability chncxr resnet50 CHNCXR_0194_0 kernel_shap_budget_1024 seed=3
665 stability chncxr resnet50 CHNCXR_0194_0 kernel_shap_budget_1024 seed=4
666 stability chncxr resnet50 CHNCXR_0194_0 kernel_shap_budget_2048 seed=0
667 stability chncxr resnet50 CHNCXR_0194_0 kernel_shap_budget_2048 seed=1
668 stability chncxr resnet50 CHNCXR_0194_0 kernel_shap_budget_2048 seed=2
669 stability chncxr resnet50 CHNCXR_0194_0 kernel_shap_budget_2048 seed=3
670 stability chncxr resnet50 CHNCXR_0194_0 kernel_shap_budget_2048 seed=4
671 stability chncxr resnet50 CHNCXR_0194_0 ablation_default seed=None
672 stability chncxr resnet50 CHNCXR_0209_0 lime_budget_256 seed=0
673 stability chncxr resnet50 CHNCXR_0209_0 lime_budget_256 seed=1
674 stability chncxr resnet50 CHNCXR_0209_0 lime_budget_256 seed=2
675 stability chncxr resnet50 CHNCXR_0209_0 lime_budget_256 seed=3
676 stability chncxr resnet50 CHNCXR_0209_0 lime_budget_256 seed=4
677 stability chncxr resnet50 CHNCXR_0209_0 lime_budget_512 seed=0
678 stability chncxr resnet50 CHNCXR_0209_0 lime_budget_512 seed=1
679 stability chncxr resnet50 CHNCXR_0209_0 lime_budget_512 seed=2
680 stability chncxr resnet50 CHNCXR_0209_0 lime_budget_512 seed=3
681 stability chncxr resnet50 CHNCXR_0209_0 lime_budget_512 seed=4
682 stability chncxr resnet50 CHNCXR_0209_0 lime_budget_1024 seed=0
683 stability chncxr resnet50 CHNCXR_0209_0 lime_budget_1024 seed=1
684 stability chncxr resnet50 CHNCXR_0209_0 lime_budget_1024 seed=2
685 stability chncxr resnet50 CHNCXR_0209_0 lime_budget_1024 seed=3
686 stability chncxr resnet50 CHNCXR_0209_0 lime_budget_1024 seed=4
687 stability chncxr resnet50 CHNCXR_0209_0 lime_budget_2048 seed=0
688 stability chncxr resnet50 CHNCXR_0209_0 lime_budget_2048 seed=1
689 stability chncxr resnet50 CHNCXR_0209_0 lime_budget_2048 seed=2
690 stability chncxr resnet50 CHNCXR_0209_0 lime_budget_2048 seed=3
691 stability chncxr resnet50 CHNCXR_0209_0 lime_budget_2048 seed=4
692 stability chncxr resnet50 CHNCXR_0209_0 rise_budget_256 seed=0
693 stability chncxr resnet50 CHNCXR_0209_0 rise_budget_256 seed=1
694 stability chncxr resnet50 CHNCXR_0209_0 rise_budget_256 seed=2
695 stability chncxr resnet50 CHNCXR_0209_0 rise_budget_256 seed=3
696 stability chncxr resnet50 CHNCXR_0209_0 rise_budget_256 seed=4
697 stability chncxr resnet50 CHNCXR_0209_0 rise_budget_512 seed=0
698 stability chncxr resnet50 CHNCXR_0209_0 rise_budget_512 seed=1
699 stability chncxr resnet50 CHNCXR_0209_0 rise_budget_512 seed=2
700 stability chncxr resnet50 CHNCXR_0209_0 rise_budget_512 seed=3
701 stability chncxr resnet50 CHNCXR_0209_0 rise_budget_512 seed=4
702 stability chncxr resnet50 CHNCXR_0209_0 rise_budget_1024 seed=0
703 stability chncxr resnet50 CHNCXR_0209_0 rise_budget_1024 seed=1
704 stability chncxr resnet50 CHNCXR_0209_0 rise_budget_1024 seed=2
705 stability chncxr resnet50 CHNCXR_0209_0 rise_budget_1024 seed=3
706 stability chncxr resnet50 CHNCXR_0209_0 rise_budget_1024 seed=4
707 stability chncxr resnet50 CHNCXR_0209_0 rise_budget_2048 seed=0
708 stability chncxr resnet50 CHNCXR_0209_0 rise_budget_2048 seed=1
709 stability chncxr resnet50 CHNCXR_0209_0 rise_budget_2048 seed=2
710 stability chncxr resnet50 CHNCXR_0209_0 rise_budget_2048 seed=3
711 stability chncxr resnet50 CHNCXR_0209_0 rise_budget_2048 seed=4
712 stability chncxr resnet50 CHNCXR_0209_0 kernel_shap_budget_256 seed=0
713 stability chncxr resnet50 CHNCXR_0209_0 kernel_shap_budget_256 seed=1
714 stability chncxr resnet50 CHNCXR_0209_0 kernel_shap_budget_256 seed=2
715 stability chncxr resnet50 CHNCXR_0209_0 kernel_shap_budget_256 seed=3
716 stability chncxr resnet50 CHNCXR_0209_0 kernel_shap_budget_256 seed=4
717 stability chncxr resnet50 CHNCXR_0209_0 kernel_shap_budget_512 seed=0
718 stability chncxr resnet50 CHNCXR_0209_0 kernel_shap_budget_512 seed=1
719 stability chncxr resnet50 CHNCXR_0209_0 kernel_shap_budget_512 seed=2
720 stability chncxr resnet50 CHNCXR_0209_0 kernel_shap_budget_512 seed=3
721 stability chncxr resnet50 CHNCXR_0209_0 kernel_shap_budget_512 seed=4
722 stability chncxr resnet50 CHNCXR_0209_0 kernel_shap_budget_1024 seed=0
723 stability chncxr resnet50 CHNCXR_0209_0 kernel_shap_budget_1024 seed=1
724 stability chncxr resnet50 CHNCXR_0209_0 kernel_shap_budget_1024 seed=2
725 stability chncxr resnet50 CHNCXR_0209_0 kernel_shap_budget_1024 seed=3
726 stability chncxr resnet50 CHNCXR_0209_0 kernel_shap_budget_1024 seed=4
727 stability chncxr resnet50 CHNCXR_0209_0 kernel_shap_budget_2048 seed=0
728 stability chncxr resnet50 CHNCXR_0209_0 kernel_shap_budget_2048 seed=1
729 stability chncxr resnet50 CHNCXR_0209_0 kernel_shap_budget_2048 seed=2
730 stability chncxr resnet50 CHNCXR_0209_0 kernel_shap_budget_2048 seed=3
731 stability chncxr resnet50 CHNCXR_0209_0 kernel_shap_budget_2048 seed=4
732 stability chncxr resnet50 CHNCXR_0209_0 ablation_default seed=None
733 stability chncxr resnet50 CHNCXR_0218_0 lime_budget_256 seed=0
734 stability chncxr resnet50 CHNCXR_0218_0 lime_budget_256 seed=1
735 stability chncxr resnet50 CHNCXR_0218_0 lime_budget_256 seed=2
736 stability chncxr resnet50 CHNCXR_0218_0 lime_budget_256 seed=3
737 stability chncxr resnet50 CHNCXR_0218_0 lime_budget_256 seed=4
738 stability chncxr resnet50 CHNCXR_0218_0 lime_budget_512 seed=0
739 stability chncxr resnet50 CHNCXR_0218_0 lime_budget_512 seed=1
740 stability chncxr resnet50 CHNCXR_0218_0 lime_budget_512 seed=2
741 stability chncxr resnet50 CHNCXR_0218_0 lime_budget_512 seed=3
742 stability chncxr resnet50 CHNCXR_0218_0 lime_budget_512 seed=4
743 stability chncxr resnet50 CHNCXR_0218_0 lime_budget_1024 seed=0
744 stability chncxr resnet50 CHNCXR_0218_0 lime_budget_1024 seed=1
745 stability chncxr resnet50 CHNCXR_0218_0 lime_budget_1024 seed=2
746 stability chncxr resnet50 CHNCXR_0218_0 lime_budget_1024 seed=3
747 stability chncxr resnet50 CHNCXR_0218_0 lime_budget_1024 seed=4
748 stability chncxr resnet50 CHNCXR_0218_0 lime_budget_2048 seed=0
749 stability chncxr resnet50 CHNCXR_0218_0 lime_budget_2048 seed=1
750 stability chncxr resnet50 CHNCXR_0218_0 lime_budget_2048 seed=2
751 stability chncxr resnet50 CHNCXR_0218_0 lime_budget_2048 seed=3
752 stability chncxr resnet50 CHNCXR_0218_0 lime_budget_2048 seed=4
753 stability chncxr resnet50 CHNCXR_0218_0 rise_budget_256 seed=0
754 stability chncxr resnet50 CHNCXR_0218_0 rise_budget_256 seed=1
755 stability chncxr resnet50 CHNCXR_0218_0 rise_budget_256 seed=2
756 stability chncxr resnet50 CHNCXR_0218_0 rise_budget_256 seed=3
757 stability chncxr resnet50 CHNCXR_0218_0 rise_budget_256 seed=4
758 stability chncxr resnet50 CHNCXR_0218_0 rise_budget_512 seed=0
759 stability chncxr resnet50 CHNCXR_0218_0 rise_budget_512 seed=1
760 stability chncxr resnet50 CHNCXR_0218_0 rise_budget_512 seed=2
761 stability chncxr resnet50 CHNCXR_0218_0 rise_budget_512 seed=3
762 stability chncxr resnet50 CHNCXR_0218_0 rise_budget_512 seed=4
763 stability chncxr resnet50 CHNCXR_0218_0 rise_budget_1024 seed=0
764 stability chncxr resnet50 CHNCXR_0218_0 rise_budget_1024 seed=1
765 stability chncxr resnet50 CHNCXR_0218_0 rise_budget_1024 seed=2
766 stability chncxr resnet50 CHNCXR_0218_0 rise_budget_1024 seed=3
767 stability chncxr resnet50 CHNCXR_0218_0 rise_budget_1024 seed=4
768 stability chncxr resnet50 CHNCXR_0218_0 rise_budget_2048 seed=0
769 stability chncxr resnet50 CHNCXR_0218_0 rise_budget_2048 seed=1
770 stability chncxr resnet50 CHNCXR_0218_0 rise_budget_2048 seed=2
771 stability chncxr resnet50 CHNCXR_0218_0 rise_budget_2048 seed=3
772 stability chncxr resnet50 CHNCXR_0218_0 rise_budget_2048 seed=4
773 stability chncxr resnet50 CHNCXR_0218_0 kernel_shap_budget_256 seed=0
774 stability chncxr resnet50 CHNCXR_0218_0 kernel_shap_budget_256 seed=1
775 stability chncxr resnet50 CHNCXR_0218_0 kernel_shap_budget_256 seed=2
776 stability chncxr resnet50 CHNCXR_0218_0 kernel_shap_budget_256 seed=3
777 stability chncxr resnet50 CHNCXR_0218_0 kernel_shap_budget_256 seed=4
778 stability chncxr resnet50 CHNCXR_0218_0 kernel_shap_budget_512 seed=0
779 stability chncxr resnet50 CHNCXR_0218_0 kernel_shap_budget_512 seed=1
780 stability chncxr resnet50 CHNCXR_0218_0 kernel_shap_budget_512 seed=2
781 stability chncxr resnet50 CHNCXR_0218_0 kernel_shap_budget_512 seed=3
782 stability chncxr resnet50 CHNCXR_0218_0 kernel_shap_budget_512 seed=4
783 stability chncxr resnet50 CHNCXR_0218_0 kernel_shap_budget_1024 seed=0
784 stability chncxr resnet50 CHNCXR_0218_0 kernel_shap_budget_1024 seed=1
785 stability chncxr resnet50 CHNCXR_0218_0 kernel_shap_budget_1024 seed=2
786 stability chncxr resnet50 CHNCXR_0218_0 kernel_shap_budget_1024 seed=3
787 stability chncxr resnet50 CHNCXR_0218_0 kernel_shap_budget_1024 seed=4
788 stability chncxr resnet50 CHNCXR_0218_0 kernel_shap_budget_2048 seed=0
789 stability chncxr resnet50 CHNCXR_0218_0 kernel_shap_budget_2048 seed=1
790 stability chncxr resnet50 CHNCXR_0218_0 kernel_shap_budget_2048 seed=2
791 stability chncxr resnet50 CHNCXR_0218_0 kernel_shap_budget_2048 seed=3
792 stability chncxr resnet50 CHNCXR_0218_0 kernel_shap_budget_2048 seed=4
793 stability chncxr resnet50 CHNCXR_0218_0 ablation_default seed=None
794 stability chncxr resnet50 CHNCXR_0230_0 lime_budget_256 seed=0
795 stability chncxr resnet50 CHNCXR_0230_0 lime_budget_256 seed=1
796 stability chncxr resnet50 CHNCXR_0230_0 lime_budget_256 seed=2
797 stability chncxr resnet50 CHNCXR_0230_0 lime_budget_256 seed=3
798 stability chncxr resnet50 CHNCXR_0230_0 lime_budget_256 seed=4
799 stability chncxr resnet50 CHNCXR_0230_0 lime_budget_512 seed=0
800 stability chncxr resnet50 CHNCXR_0230_0 lime_budget_512 seed=1
801 stability chncxr resnet50 CHNCXR_0230_0 lime_budget_512 seed=2
802 stability chncxr resnet50 CHNCXR_0230_0 lime_budget_512 seed=3
803 stability chncxr resnet50 CHNCXR_0230_0 lime_budget_512 seed=4
804 stability chncxr resnet50 CHNCXR_0230_0 lime_budget_1024 seed=0
805 stability chncxr resnet50 CHNCXR_0230_0 lime_budget_1024 seed=1
806 stability chncxr resnet50 CHNCXR_0230_0 lime_budget_1024 seed=2
807 stability chncxr resnet50 CHNCXR_0230_0 lime_budget_1024 seed=3
808 stability chncxr resnet50 CHNCXR_0230_0 lime_budget_1024 seed=4
809 stability chncxr resnet50 CHNCXR_0230_0 lime_budget_2048 seed=0
810 stability chncxr resnet50 CHNCXR_0230_0 lime_budget_2048 seed=1
811 stability chncxr resnet50 CHNCXR_0230_0 lime_budget_2048 seed=2
812 stability chncxr resnet50 CHNCXR_0230_0 lime_budget_2048 seed=3
813 stability chncxr resnet50 CHNCXR_0230_0 lime_budget_2048 seed=4
814 stability chncxr resnet50 CHNCXR_0230_0 rise_budget_256 seed=0
815 stability chncxr resnet50 CHNCXR_0230_0 rise_budget_256 seed=1
816 stability chncxr resnet50 CHNCXR_0230_0 rise_budget_256 seed=2
817 stability chncxr resnet50 CHNCXR_0230_0 rise_budget_256 seed=3
818 stability chncxr resnet50 CHNCXR_0230_0 rise_budget_256 seed=4
819 stability chncxr resnet50 CHNCXR_0230_0 rise_budget_512 seed=0
820 stability chncxr resnet50 CHNCXR_0230_0 rise_budget_512 seed=1
821 stability chncxr resnet50 CHNCXR_0230_0 rise_budget_512 seed=2
822 stability chncxr resnet50 CHNCXR_0230_0 rise_budget_512 seed=3
823 stability chncxr resnet50 CHNCXR_0230_0 rise_budget_512 seed=4
824 stability chncxr resnet50 CHNCXR_0230_0 rise_budget_1024 seed=0
825 stability chncxr resnet50 CHNCXR_0230_0 rise_budget_1024 seed=1
826 stability chncxr resnet50 CHNCXR_0230_0 rise_budget_1024 seed=2
827 stability chncxr resnet50 CHNCXR_0230_0 rise_budget_1024 seed=3
828 stability chncxr resnet50 CHNCXR_0230_0 rise_budget_1024 seed=4
829 stability chncxr resnet50 CHNCXR_0230_0 rise_budget_2048 seed=0
830 stability chncxr resnet50 CHNCXR_0230_0 rise_budget_2048 seed=1
831 stability chncxr resnet50 CHNCXR_0230_0 rise_budget_2048 seed=2
832 stability chncxr resnet50 CHNCXR_0230_0 rise_budget_2048 seed=3
833 stability chncxr resnet50 CHNCXR_0230_0 rise_budget_2048 seed=4
834 stability chncxr resnet50 CHNCXR_0230_0 kernel_shap_budget_256 seed=0
835 stability chncxr resnet50 CHNCXR_0230_0 kernel_shap_budget_256 seed=1
836 stability chncxr resnet50 CHNCXR_0230_0 kernel_shap_budget_256 seed=2
837 stability chncxr resnet50 CHNCXR_0230_0 kernel_shap_budget_256 seed=3
838 stability chncxr resnet50 CHNCXR_0230_0 kernel_shap_budget_256 seed=4
839 stability chncxr resnet50 CHNCXR_0230_0 kernel_shap_budget_512 seed=0
840 stability chncxr resnet50 CHNCXR_0230_0 kernel_shap_budget_512 seed=1
841 stability chncxr resnet50 CHNCXR_0230_0 kernel_shap_budget_512 seed=2
842 stability chncxr resnet50 CHNCXR_0230_0 kernel_shap_budget_512 seed=3
843 stability chncxr resnet50 CHNCXR_0230_0 kernel_shap_budget_512 seed=4
844 stability chncxr resnet50 CHNCXR_0230_0 kernel_shap_budget_1024 seed=0
845 stability chncxr resnet50 CHNCXR_0230_0 kernel_shap_budget_1024 seed=1
846 stability chncxr resnet50 CHNCXR_0230_0 kernel_shap_budget_1024 seed=2
847 stability chncxr resnet50 CHNCXR_0230_0 kernel_shap_budget_1024 seed=3
848 stability chncxr resnet50 CHNCXR_0230_0 kernel_shap_budget_1024 seed=4
849 stability chncxr resnet50 CHNCXR_0230_0 kernel_shap_budget_2048 seed=0
850 stability chncxr resnet50 CHNCXR_0230_0 kernel_shap_budget_2048 seed=1
851 stability chncxr resnet50 CHNCXR_0230_0 kernel_shap_budget_2048 seed=2
852 stability chncxr resnet50 CHNCXR_0230_0 kernel_shap_budget_2048 seed=3
853 stability chncxr resnet50 CHNCXR_0230_0 kernel_shap_budget_2048 seed=4
854 stability chncxr resnet50 CHNCXR_0230_0 ablation_default seed=None
855 stability chncxr resnet50 CHNCXR_0257_0 lime_budget_256 seed=0
856 stability chncxr resnet50 CHNCXR_0257_0 lime_budget_256 seed=1
857 stability chncxr resnet50 CHNCXR_0257_0 lime_budget_256 seed=2
858 stability chncxr resnet50 CHNCXR_0257_0 lime_budget_256 seed=3
859 stability chncxr resnet50 CHNCXR_0257_0 lime_budget_256 seed=4
860 stability chncxr resnet50 CHNCXR_0257_0 lime_budget_512 seed=0
861 stability chncxr resnet50 CHNCXR_0257_0 lime_budget_512 seed=1
862 stability chncxr resnet50 CHNCXR_0257_0 lime_budget_512 seed=2
863 stability chncxr resnet50 CHNCXR_0257_0 lime_budget_512 seed=3
864 stability chncxr resnet50 CHNCXR_0257_0 lime_budget_512 seed=4
865 stability chncxr resnet50 CHNCXR_0257_0 lime_budget_1024 seed=0
866 stability chncxr resnet50 CHNCXR_0257_0 lime_budget_1024 seed=1
867 stability chncxr resnet50 CHNCXR_0257_0 lime_budget_1024 seed=2
868 stability chncxr resnet50 CHNCXR_0257_0 lime_budget_1024 seed=3
869 stability chncxr resnet50 CHNCXR_0257_0 lime_budget_1024 seed=4
870 stability chncxr resnet50 CHNCXR_0257_0 lime_budget_2048 seed=0
871 stability chncxr resnet50 CHNCXR_0257_0 lime_budget_2048 seed=1
872 stability chncxr resnet50 CHNCXR_0257_0 lime_budget_2048 seed=2
873 stability chncxr resnet50 CHNCXR_0257_0 lime_budget_2048 seed=3
874 stability chncxr resnet50 CHNCXR_0257_0 lime_budget_2048 seed=4
875 stability chncxr resnet50 CHNCXR_0257_0 rise_budget_256 seed=0
876 stability chncxr resnet50 CHNCXR_0257_0 rise_budget_256 seed=1
877 stability chncxr resnet50 CHNCXR_0257_0 rise_budget_256 seed=2
878 stability chncxr resnet50 CHNCXR_0257_0 rise_budget_256 seed=3
879 stability chncxr resnet50 CHNCXR_0257_0 rise_budget_256 seed=4
880 stability chncxr resnet50 CHNCXR_0257_0 rise_budget_512 seed=0
881 stability chncxr resnet50 CHNCXR_0257_0 rise_budget_512 seed=1
882 stability chncxr resnet50 CHNCXR_0257_0 rise_budget_512 seed=2
883 stability chncxr resnet50 CHNCXR_0257_0 rise_budget_512 seed=3
884 stability chncxr resnet50 CHNCXR_0257_0 rise_budget_512 seed=4
885 stability chncxr resnet50 CHNCXR_0257_0 rise_budget_1024 seed=0
886 stability chncxr resnet50 CHNCXR_0257_0 rise_budget_1024 seed=1
887 stability chncxr resnet50 CHNCXR_0257_0 rise_budget_1024 seed=2
888 stability chncxr resnet50 CHNCXR_0257_0 rise_budget_1024 seed=3
889 stability chncxr resnet50 CHNCXR_0257_0 rise_budget_1024 seed=4
890 stability chncxr resnet50 CHNCXR_0257_0 rise_budget_2048 seed=0
891 stability chncxr resnet50 CHNCXR_0257_0 rise_budget_2048 seed=1
892 stability chncxr resnet50 CHNCXR_0257_0 rise_budget_2048 seed=2
893 stability chncxr resnet50 CHNCXR_0257_0 rise_budget_2048 seed=3
894 stability chncxr resnet50 CHNCXR_0257_0 rise_budget_2048 seed=4
895 stability chncxr resnet50 CHNCXR_0257_0 kernel_shap_budget_256 seed=0
896 stability chncxr resnet50 CHNCXR_0257_0 kernel_shap_budget_256 seed=1
897 stability chncxr resnet50 CHNCXR_0257_0 kernel_shap_budget_256 seed=2
898 stability chncxr resnet50 CHNCXR_0257_0 kernel_shap_budget_256 seed=3
899 stability chncxr resnet50 CHNCXR_0257_0 kernel_shap_budget_256 seed=4
900 stability chncxr resnet50 CHNCXR_0257_0 kernel_shap_budget_512 seed=0
901 stability chncxr resnet50 CHNCXR_0257_0 kernel_shap_budget_512 seed=1
902 stability chncxr resnet50 CHNCXR_0257_0 kernel_shap_budget_512 seed=2
903 stability chncxr resnet50 CHNCXR_0257_0 kernel_shap_budget_512 seed=3
904 stability chncxr resnet50 CHNCXR_0257_0 kernel_shap_budget_512 seed=4
905 stability chncxr resnet50 CHNCXR_0257_0 kernel_shap_budget_1024 seed=0
906 stability chncxr resnet50 CHNCXR_0257_0 kernel_shap_budget_1024 seed=1
907 stability chncxr resnet50 CHNCXR_0257_0 kernel_shap_budget_1024 seed=2
908 stability chncxr resnet50 CHNCXR_0257_0 kernel_shap_budget_1024 seed=3
909 stability chncxr resnet50 CHNCXR_0257_0 kernel_shap_budget_1024 seed=4
910 stability chncxr resnet50 CHNCXR_0257_0 kernel_shap_budget_2048 seed=0
911 stability chncxr resnet50 CHNCXR_0257_0 kernel_shap_budget_2048 seed=1
912 stability chncxr resnet50 CHNCXR_0257_0 kernel_shap_budget_2048 seed=2
913 stability chncxr resnet50 CHNCXR_0257_0 kernel_shap_budget_2048 seed=3
914 stability chncxr resnet50 CHNCXR_0257_0 kernel_shap_budget_2048 seed=4
915 stability chncxr resnet50 CHNCXR_0257_0 ablation_default seed=None
916 stability chncxr resnet50 CHNCXR_0275_0 lime_budget_256 seed=0
917 stability chncxr resnet50 CHNCXR_0275_0 lime_budget_256 seed=1
918 stability chncxr resnet50 CHNCXR_0275_0 lime_budget_256 seed=2
919 stability chncxr resnet50 CHNCXR_0275_0 lime_budget_256 seed=3
920 stability chncxr resnet50 CHNCXR_0275_0 lime_budget_256 seed=4
921 stability chncxr resnet50 CHNCXR_0275_0 lime_budget_512 seed=0
922 stability chncxr resnet50 CHNCXR_0275_0 lime_budget_512 seed=1
923 stability chncxr resnet50 CHNCXR_0275_0 lime_budget_512 seed=2
924 stability chncxr resnet50 CHNCXR_0275_0 lime_budget_512 seed=3
925 stability chncxr resnet50 CHNCXR_0275_0 lime_budget_512 seed=4
926 stability chncxr resnet50 CHNCXR_0275_0 lime_budget_1024 seed=0
927 stability chncxr resnet50 CHNCXR_0275_0 lime_budget_1024 seed=1
928 stability chncxr resnet50 CHNCXR_0275_0 lime_budget_1024 seed=2
929 stability chncxr resnet50 CHNCXR_0275_0 lime_budget_1024 seed=3
930 stability chncxr resnet50 CHNCXR_0275_0 lime_budget_1024 seed=4
931 stability chncxr resnet50 CHNCXR_0275_0 lime_budget_2048 seed=0
932 stability chncxr resnet50 CHNCXR_0275_0 lime_budget_2048 seed=1
933 stability chncxr resnet50 CHNCXR_0275_0 lime_budget_2048 seed=2
934 stability chncxr resnet50 CHNCXR_0275_0 lime_budget_2048 seed=3
935 stability chncxr resnet50 CHNCXR_0275_0 lime_budget_2048 seed=4
936 stability chncxr resnet50 CHNCXR_0275_0 rise_budget_256 seed=0
937 stability chncxr resnet50 CHNCXR_0275_0 rise_budget_256 seed=1
938 stability chncxr resnet50 CHNCXR_0275_0 rise_budget_256 seed=2
939 stability chncxr resnet50 CHNCXR_0275_0 rise_budget_256 seed=3
940 stability chncxr resnet50 CHNCXR_0275_0 rise_budget_256 seed=4
941 stability chncxr resnet50 CHNCXR_0275_0 rise_budget_512 seed=0
942 stability chncxr resnet50 CHNCXR_0275_0 rise_budget_512 seed=1
943 stability chncxr resnet50 CHNCXR_0275_0 rise_budget_512 seed=2
944 stability chncxr resnet50 CHNCXR_0275_0 rise_budget_512 seed=3
945 stability chncxr resnet50 CHNCXR_0275_0 rise_budget_512 seed=4
946 stability chncxr resnet50 CHNCXR_0275_0 rise_budget_1024 seed=0
947 stability chncxr resnet50 CHNCXR_0275_0 rise_budget_1024 seed=1
948 stability chncxr resnet50 CHNCXR_0275_0 rise_budget_1024 seed=2
949 stability chncxr resnet50 CHNCXR_0275_0 rise_budget_1024 seed=3
950 stability chncxr resnet50 CHNCXR_0275_0 rise_budget_1024 seed=4
951 stability chncxr resnet50 CHNCXR_0275_0 rise_budget_2048 seed=0
952 stability chncxr resnet50 CHNCXR_0275_0 rise_budget_2048 seed=1
953 stability chncxr resnet50 CHNCXR_0275_0 rise_budget_2048 seed=2
954 stability chncxr resnet50 CHNCXR_0275_0 rise_budget_2048 seed=3
955 stability chncxr resnet50 CHNCXR_0275_0 rise_budget_2048 seed=4
956 stability chncxr resnet50 CHNCXR_0275_0 kernel_shap_budget_256 seed=0
957 stability chncxr resnet50 CHNCXR_0275_0 kernel_shap_budget_256 seed=1
958 stability chncxr resnet50 CHNCXR_0275_0 kernel_shap_budget_256 seed=2
959 stability chncxr resnet50 CHNCXR_0275_0 kernel_shap_budget_256 seed=3
960 stability chncxr resnet50 CHNCXR_0275_0 kernel_shap_budget_256 seed=4
961 stability chncxr resnet50 CHNCXR_0275_0 kernel_shap_budget_512 seed=0
962 stability chncxr resnet50 CHNCXR_0275_0 kernel_shap_budget_512 seed=1
963 stability chncxr resnet50 CHNCXR_0275_0 kernel_shap_budget_512 seed=2
964 stability chncxr resnet50 CHNCXR_0275_0 kernel_shap_budget_512 seed=3
965 stability chncxr resnet50 CHNCXR_0275_0 kernel_shap_budget_512 seed=4
966 stability chncxr resnet50 CHNCXR_0275_0 kernel_shap_budget_1024 seed=0
967 stability chncxr resnet50 CHNCXR_0275_0 kernel_shap_budget_1024 seed=1
968 stability chncxr resnet50 CHNCXR_0275_0 kernel_shap_budget_1024 seed=2
969 stability chncxr resnet50 CHNCXR_0275_0 kernel_shap_budget_1024 seed=3
970 stability chncxr resnet50 CHNCXR_0275_0 kernel_shap_budget_1024 seed=4
971 stability chncxr resnet50 CHNCXR_0275_0 kernel_shap_budget_2048 seed=0
972 stability chncxr resnet50 CHNCXR_0275_0 kernel_shap_budget_2048 seed=1
973 stability chncxr resnet50 CHNCXR_0275_0 kernel_shap_budget_2048 seed=2
974 stability chncxr resnet50 CHNCXR_0275_0 kernel_shap_budget_2048 seed=3
975 stability chncxr resnet50 CHNCXR_0275_0 kernel_shap_budget_2048 seed=4
976 stability chncxr resnet50 CHNCXR_0275_0 ablation_default seed=None
977 stability chncxr resnet50 CHNCXR_0301_0 lime_budget_256 seed=0
978 stability chncxr resnet50 CHNCXR_0301_0 lime_budget_256 seed=1
979 stability chncxr resnet50 CHNCXR_0301_0 lime_budget_256 seed=2
980 stability chncxr resnet50 CHNCXR_0301_0 lime_budget_256 seed=3
981 stability chncxr resnet50 CHNCXR_0301_0 lime_budget_256 seed=4
982 stability chncxr resnet50 CHNCXR_0301_0 lime_budget_512 seed=0
983 stability chncxr resnet50 CHNCXR_0301_0 lime_budget_512 seed=1
984 stability chncxr resnet50 CHNCXR_0301_0 lime_budget_512 seed=2
985 stability chncxr resnet50 CHNCXR_0301_0 lime_budget_512 seed=3
986 stability chncxr resnet50 CHNCXR_0301_0 lime_budget_512 seed=4
987 stability chncxr resnet50 CHNCXR_0301_0 lime_budget_1024 seed=0
988 stability chncxr resnet50 CHNCXR_0301_0 lime_budget_1024 seed=1
989 stability chncxr resnet50 CHNCXR_0301_0 lime_budget_1024 seed=2
990 stability chncxr resnet50 CHNCXR_0301_0 lime_budget_1024 seed=3
991 stability chncxr resnet50 CHNCXR_0301_0 lime_budget_1024 seed=4
992 stability chncxr resnet50 CHNCXR_0301_0 lime_budget_2048 seed=0
993 stability chncxr resnet50 CHNCXR_0301_0 lime_budget_2048 seed=1
994 stability chncxr resnet50 CHNCXR_0301_0 lime_budget_2048 seed=2
995 stability chncxr resnet50 CHNCXR_0301_0 lime_budget_2048 seed=3
996 stability chncxr resnet50 CHNCXR_0301_0 lime_budget_2048 seed=4
997 stability chncxr resnet50 CHNCXR_0301_0 rise_budget_256 seed=0
998 stability chncxr resnet50 CHNCXR_0301_0 rise_budget_256 seed=1
999 stability chncxr resnet50 CHNCXR_0301_0 rise_budget_256 seed=2
1000 stability chncxr resnet50 CHNCXR_0301_0 rise_budget_256 seed=3
1001 stability chncxr resnet50 CHNCXR_0301_0 rise_budget_256 seed=4
1002 stability chncxr resnet50 CHNCXR_0301_0 rise_budget_512 seed=0
1003 stability chncxr resnet50 CHNCXR_0301_0 rise_budget_512 seed=1
1004 stability chncxr resnet50 CHNCXR_0301_0 rise_budget_512 seed=2
1005 stability chncxr resnet50 CHNCXR_0301_0 rise_budget_512 seed=3
1006 stability chncxr resnet50 CHNCXR_0301_0 rise_budget_512 seed=4
1007 stability chncxr resnet50 CHNCXR_0301_0 rise_budget_1024 seed=0
1008 stability chncxr resnet50 CHNCXR_0301_0 rise_budget_1024 seed=1
1009 stability chncxr resnet50 CHNCXR_0301_0 rise_budget_1024 seed=2
1010 stability chncxr resnet50 CHNCXR_0301_0 rise_budget_1024 seed=3
1011 stability chncxr resnet50 CHNCXR_0301_0 rise_budget_1024 seed=4
1012 stability chncxr resnet50 CHNCXR_0301_0 rise_budget_2048 seed=0
1013 stability chncxr resnet50 CHNCXR_0301_0 rise_budget_2048 seed=1
1014 stability chncxr resnet50 CHNCXR_0301_0 rise_budget_2048 seed=2
1015 stability chncxr resnet50 CHNCXR_0301_0 rise_budget_2048 seed=3
1016 stability chncxr resnet50 CHNCXR_0301_0 rise_budget_2048 seed=4
1017 stability chncxr resnet50 CHNCXR_0301_0 kernel_shap_budget_256 seed=0
1018 stability chncxr resnet50 CHNCXR_0301_0 kernel_shap_budget_256 seed=1
1019 stability chncxr resnet50 CHNCXR_0301_0 kernel_shap_budget_256 seed=2
1020 stability chncxr resnet50 CHNCXR_0301_0 kernel_shap_budget_256 seed=3
1021 stability chncxr resnet50 CHNCXR_0301_0 kernel_shap_budget_256 seed=4
1022 stability chncxr resnet50 CHNCXR_0301_0 kernel_shap_budget_512 seed=0
1023 stability chncxr resnet50 CHNCXR_0301_0 kernel_shap_budget_512 seed=1
1024 stability chncxr resnet50 CHNCXR_0301_0 kernel_shap_budget_512 seed=2
1025 stability chncxr resnet50 CHNCXR_0301_0 kernel_shap_budget_512 seed=3
1026 stability chncxr resnet50 CHNCXR_0301_0 kernel_shap_budget_512 seed=4
1027 stability chncxr resnet50 CHNCXR_0301_0 kernel_shap_budget_1024 seed=0
1028 stability chncxr resnet50 CHNCXR_0301_0 kernel_shap_budget_1024 seed=1
1029 stability chncxr resnet50 CHNCXR_0301_0 kernel_shap_budget_1024 seed=2
1030 stability chncxr resnet50 CHNCXR_0301_0 kernel_shap_budget_1024 seed=3
1031 stability chncxr resnet50 CHNCXR_0301_0 kernel_shap_budget_1024 seed=4
1032 stability chncxr resnet50 CHNCXR_0301_0 kernel_shap_budget_2048 seed=0
1033 stability chncxr resnet50 CHNCXR_0301_0 kernel_shap_budget_2048 seed=1
1034 stability chncxr resnet50 CHNCXR_0301_0 kernel_shap_budget_2048 seed=2
1035 stability chncxr resnet50 CHNCXR_0301_0 kernel_shap_budget_2048 seed=3
1036 stability chncxr resnet50 CHNCXR_0301_0 kernel_shap_budget_2048 seed=4
1037 stability chncxr resnet50 CHNCXR_0301_0 ablation_default seed=None
1038 stability chncxr resnet50 CHNCXR_0342_1 lime_budget_256 seed=0
1039 stability chncxr resnet50 CHNCXR_0342_1 lime_budget_256 seed=1
1040 stability chncxr resnet50 CHNCXR_0342_1 lime_budget_256 seed=2
1041 stability chncxr resnet50 CHNCXR_0342_1 lime_budget_256 seed=3
1042 stability chncxr resnet50 CHNCXR_0342_1 lime_budget_256 seed=4
1043 stability chncxr resnet50 CHNCXR_0342_1 lime_budget_512 seed=0
1044 stability chncxr resnet50 CHNCXR_0342_1 lime_budget_512 seed=1
1045 stability chncxr resnet50 CHNCXR_0342_1 lime_budget_512 seed=2
1046 stability chncxr resnet50 CHNCXR_0342_1 lime_budget_512 seed=3
1047 stability chncxr resnet50 CHNCXR_0342_1 lime_budget_512 seed=4
1048 stability chncxr resnet50 CHNCXR_0342_1 lime_budget_1024 seed=0
1049 stability chncxr resnet50 CHNCXR_0342_1 lime_budget_1024 seed=1
1050 stability chncxr resnet50 CHNCXR_0342_1 lime_budget_1024 seed=2
1051 stability chncxr resnet50 CHNCXR_0342_1 lime_budget_1024 seed=3
1052 stability chncxr resnet50 CHNCXR_0342_1 lime_budget_1024 seed=4
1053 stability chncxr resnet50 CHNCXR_0342_1 lime_budget_2048 seed=0
1054 stability chncxr resnet50 CHNCXR_0342_1 lime_budget_2048 seed=1
1055 stability chncxr resnet50 CHNCXR_0342_1 lime_budget_2048 seed=2
1056 stability chncxr resnet50 CHNCXR_0342_1 lime_budget_2048 seed=3
1057 stability chncxr resnet50 CHNCXR_0342_1 lime_budget_2048 seed=4
1058 stability chncxr resnet50 CHNCXR_0342_1 rise_budget_256 seed=0
1059 stability chncxr resnet50 CHNCXR_0342_1 rise_budget_256 seed=1
1060 stability chncxr resnet50 CHNCXR_0342_1 rise_budget_256 seed=2
1061 stability chncxr resnet50 CHNCXR_0342_1 rise_budget_256 seed=3
1062 stability chncxr resnet50 CHNCXR_0342_1 rise_budget_256 seed=4
1063 stability chncxr resnet50 CHNCXR_0342_1 rise_budget_512 seed=0
1064 stability chncxr resnet50 CHNCXR_0342_1 rise_budget_512 seed=1
1065 stability chncxr resnet50 CHNCXR_0342_1 rise_budget_512 seed=2
1066 stability chncxr resnet50 CHNCXR_0342_1 rise_budget_512 seed=3
1067 stability chncxr resnet50 CHNCXR_0342_1 rise_budget_512 seed=4
1068 stability chncxr resnet50 CHNCXR_0342_1 rise_budget_1024 seed=0
1069 stability chncxr resnet50 CHNCXR_0342_1 rise_budget_1024 seed=1
1070 stability chncxr resnet50 CHNCXR_0342_1 rise_budget_1024 seed=2
1071 stability chncxr resnet50 CHNCXR_0342_1 rise_budget_1024 seed=3
1072 stability chncxr resnet50 CHNCXR_0342_1 rise_budget_1024 seed=4
1073 stability chncxr resnet50 CHNCXR_0342_1 rise_budget_2048 seed=0
1074 stability chncxr resnet50 CHNCXR_0342_1 rise_budget_2048 seed=1
1075 stability chncxr resnet50 CHNCXR_0342_1 rise_budget_2048 seed=2
1076 stability chncxr resnet50 CHNCXR_0342_1 rise_budget_2048 seed=3
1077 stability chncxr resnet50 CHNCXR_0342_1 rise_budget_2048 seed=4
1078 stability chncxr resnet50 CHNCXR_0342_1 kernel_shap_budget_256 seed=0
1079 stability chncxr resnet50 CHNCXR_0342_1 kernel_shap_budget_256 seed=1
1080 stability chncxr resnet50 CHNCXR_0342_1 kernel_shap_budget_256 seed=2
1081 stability chncxr resnet50 CHNCXR_0342_1 kernel_shap_budget_256 seed=3
1082 stability chncxr resnet50 CHNCXR_0342_1 kernel_shap_budget_256 seed=4
1083 stability chncxr resnet50 CHNCXR_0342_1 kernel_shap_budget_512 seed=0
1084 stability chncxr resnet50 CHNCXR_0342_1 kernel_shap_budget_512 seed=1
1085 stability chncxr resnet50 CHNCXR_0342_1 kernel_shap_budget_512 seed=2
1086 stability chncxr resnet50 CHNCXR_0342_1 kernel_shap_budget_512 seed=3
1087 stability chncxr resnet50 CHNCXR_0342_1 kernel_shap_budget_512 seed=4
1088 stability chncxr resnet50 CHNCXR_0342_1 kernel_shap_budget_1024 seed=0
1089 stability chncxr resnet50 CHNCXR_0342_1 kernel_shap_budget_1024 seed=1
1090 stability chncxr resnet50 CHNCXR_0342_1 kernel_shap_budget_1024 seed=2
1091 stability chncxr resnet50 CHNCXR_0342_1 kernel_shap_budget_1024 seed=3
1092 stability chncxr resnet50 CHNCXR_0342_1 kernel_shap_budget_1024 seed=4
1093 stability chncxr resnet50 CHNCXR_0342_1 kernel_shap_budget_2048 seed=0
1094 stability chncxr resnet50 CHNCXR_0342_1 kernel_shap_budget_2048 seed=1
1095 stability chncxr resnet50 CHNCXR_0342_1 kernel_shap_budget_2048 seed=2
1096 stability chncxr resnet50 CHNCXR_0342_1 kernel_shap_budget_2048 seed=3
1097 stability chncxr resnet50 CHNCXR_0342_1 kernel_shap_budget_2048 seed=4
1098 stability chncxr resnet50 CHNCXR_0342_1 ablation_default seed=None
1099 stability chncxr resnet50 CHNCXR_0347_1 lime_budget_256 seed=0
1100 stability chncxr resnet50 CHNCXR_0347_1 lime_budget_256 seed=1
1101 stability chncxr resnet50 CHNCXR_0347_1 lime_budget_256 seed=2
1102 stability chncxr resnet50 CHNCXR_0347_1 lime_budget_256 seed=3
1103 stability chncxr resnet50 CHNCXR_0347_1 lime_budget_256 seed=4
1104 stability chncxr resnet50 CHNCXR_0347_1 lime_budget_512 seed=0
1105 stability chncxr resnet50 CHNCXR_0347_1 lime_budget_512 seed=1
1106 stability chncxr resnet50 CHNCXR_0347_1 lime_budget_512 seed=2
1107 stability chncxr resnet50 CHNCXR_0347_1 lime_budget_512 seed=3
1108 stability chncxr resnet50 CHNCXR_0347_1 lime_budget_512 seed=4
1109 stability chncxr resnet50 CHNCXR_0347_1 lime_budget_1024 seed=0
1110 stability chncxr resnet50 CHNCXR_0347_1 lime_budget_1024 seed=1
1111 stability chncxr resnet50 CHNCXR_0347_1 lime_budget_1024 seed=2
1112 stability chncxr resnet50 CHNCXR_0347_1 lime_budget_1024 seed=3
1113 stability chncxr resnet50 CHNCXR_0347_1 lime_budget_1024 seed=4
1114 stability chncxr resnet50 CHNCXR_0347_1 lime_budget_2048 seed=0
1115 stability chncxr resnet50 CHNCXR_0347_1 lime_budget_2048 seed=1
1116 stability chncxr resnet50 CHNCXR_0347_1 lime_budget_2048 seed=2
1117 stability chncxr resnet50 CHNCXR_0347_1 lime_budget_2048 seed=3
1118 stability chncxr resnet50 CHNCXR_0347_1 lime_budget_2048 seed=4
1119 stability chncxr resnet50 CHNCXR_0347_1 rise_budget_256 seed=0
1120 stability chncxr resnet50 CHNCXR_0347_1 rise_budget_256 seed=1
1121 stability chncxr resnet50 CHNCXR_0347_1 rise_budget_256 seed=2
1122 stability chncxr resnet50 CHNCXR_0347_1 rise_budget_256 seed=3
1123 stability chncxr resnet50 CHNCXR_0347_1 rise_budget_256 seed=4
1124 stability chncxr resnet50 CHNCXR_0347_1 rise_budget_512 seed=0
1125 stability chncxr resnet50 CHNCXR_0347_1 rise_budget_512 seed=1
1126 stability chncxr resnet50 CHNCXR_0347_1 rise_budget_512 seed=2
1127 stability chncxr resnet50 CHNCXR_0347_1 rise_budget_512 seed=3
1128 stability chncxr resnet50 CHNCXR_0347_1 rise_budget_512 seed=4
1129 stability chncxr resnet50 CHNCXR_0347_1 rise_budget_1024 seed=0
1130 stability chncxr resnet50 CHNCXR_0347_1 rise_budget_1024 seed=1
1131 stability chncxr resnet50 CHNCXR_0347_1 rise_budget_1024 seed=2
1132 stability chncxr resnet50 CHNCXR_0347_1 rise_budget_1024 seed=3
1133 stability chncxr resnet50 CHNCXR_0347_1 rise_budget_1024 seed=4
1134 stability chncxr resnet50 CHNCXR_0347_1 rise_budget_2048 seed=0
1135 stability chncxr resnet50 CHNCXR_0347_1 rise_budget_2048 seed=1
1136 stability chncxr resnet50 CHNCXR_0347_1 rise_budget_2048 seed=2
1137 stability chncxr resnet50 CHNCXR_0347_1 rise_budget_2048 seed=3
1138 stability chncxr resnet50 CHNCXR_0347_1 rise_budget_2048 seed=4
1139 stability chncxr resnet50 CHNCXR_0347_1 kernel_shap_budget_256 seed=0
1140 stability chncxr resnet50 CHNCXR_0347_1 kernel_shap_budget_256 seed=1
1141 stability chncxr resnet50 CHNCXR_0347_1 kernel_shap_budget_256 seed=2
1142 stability chncxr resnet50 CHNCXR_0347_1 kernel_shap_budget_256 seed=3
1143 stability chncxr resnet50 CHNCXR_0347_1 kernel_shap_budget_256 seed=4
1144 stability chncxr resnet50 CHNCXR_0347_1 kernel_shap_budget_512 seed=0
1145 stability chncxr resnet50 CHNCXR_0347_1 kernel_shap_budget_512 seed=1
1146 stability chncxr resnet50 CHNCXR_0347_1 kernel_shap_budget_512 seed=2
1147 stability chncxr resnet50 CHNCXR_0347_1 kernel_shap_budget_512 seed=3
1148 stability chncxr resnet50 CHNCXR_0347_1 kernel_shap_budget_512 seed=4
1149 stability chncxr resnet50 CHNCXR_0347_1 kernel_shap_budget_1024 seed=0
1150 stability chncxr resnet50 CHNCXR_0347_1 kernel_shap_budget_1024 seed=1
1151 stability chncxr resnet50 CHNCXR_0347_1 kernel_shap_budget_1024 seed=2
1152 stability chncxr resnet50 CHNCXR_0347_1 kernel_shap_budget_1024 seed=3
1153 stability chncxr resnet50 CHNCXR_0347_1 kernel_shap_budget_1024 seed=4
1154 stability chncxr resnet50 CHNCXR_0347_1 kernel_shap_budget_2048 seed=0
1155 stability chncxr resnet50 CHNCXR_0347_1 kernel_shap_budget_2048 seed=1
1156 stability chncxr resnet50 CHNCXR_0347_1 kernel_shap_budget_2048 seed=2
1157 stability chncxr resnet50 CHNCXR_0347_1 kernel_shap_budget_2048 seed=3
1158 stability chncxr resnet50 CHNCXR_0347_1 kernel_shap_budget_2048 seed=4
1159 stability chncxr resnet50 CHNCXR_0347_1 ablation_default seed=None
1160 stability chncxr resnet50 CHNCXR_0353_1 lime_budget_256 seed=0
1161 stability chncxr resnet50 CHNCXR_0353_1 lime_budget_256 seed=1
1162 stability chncxr resnet50 CHNCXR_0353_1 lime_budget_256 seed=2
1163 stability chncxr resnet50 CHNCXR_0353_1 lime_budget_256 seed=3
1164 stability chncxr resnet50 CHNCXR_0353_1 lime_budget_256 seed=4
1165 stability chncxr resnet50 CHNCXR_0353_1 lime_budget_512 seed=0
1166 stability chncxr resnet50 CHNCXR_0353_1 lime_budget_512 seed=1
1167 stability chncxr resnet50 CHNCXR_0353_1 lime_budget_512 seed=2
1168 stability chncxr resnet50 CHNCXR_0353_1 lime_budget_512 seed=3
1169 stability chncxr resnet50 CHNCXR_0353_1 lime_budget_512 seed=4
1170 stability chncxr resnet50 CHNCXR_0353_1 lime_budget_1024 seed=0
1171 stability chncxr resnet50 CHNCXR_0353_1 lime_budget_1024 seed=1
1172 stability chncxr resnet50 CHNCXR_0353_1 lime_budget_1024 seed=2
1173 stability chncxr resnet50 CHNCXR_0353_1 lime_budget_1024 seed=3
1174 stability chncxr resnet50 CHNCXR_0353_1 lime_budget_1024 seed=4
1175 stability chncxr resnet50 CHNCXR_0353_1 lime_budget_2048 seed=0
1176 stability chncxr resnet50 CHNCXR_0353_1 lime_budget_2048 seed=1
1177 stability chncxr resnet50 CHNCXR_0353_1 lime_budget_2048 seed=2
1178 stability chncxr resnet50 CHNCXR_0353_1 lime_budget_2048 seed=3
1179 stability chncxr resnet50 CHNCXR_0353_1 lime_budget_2048 seed=4
1180 stability chncxr resnet50 CHNCXR_0353_1 rise_budget_256 seed=0
1181 stability chncxr resnet50 CHNCXR_0353_1 rise_budget_256 seed=1
1182 stability chncxr resnet50 CHNCXR_0353_1 rise_budget_256 seed=2
1183 stability chncxr resnet50 CHNCXR_0353_1 rise_budget_256 seed=3
1184 stability chncxr resnet50 CHNCXR_0353_1 rise_budget_256 seed=4
1185 stability chncxr resnet50 CHNCXR_0353_1 rise_budget_512 seed=0
1186 stability chncxr resnet50 CHNCXR_0353_1 rise_budget_512 seed=1
1187 stability chncxr resnet50 CHNCXR_0353_1 rise_budget_512 seed=2
1188 stability chncxr resnet50 CHNCXR_0353_1 rise_budget_512 seed=3
1189 stability chncxr resnet50 CHNCXR_0353_1 rise_budget_512 seed=4
1190 stability chncxr resnet50 CHNCXR_0353_1 rise_budget_1024 seed=0
1191 stability chncxr resnet50 CHNCXR_0353_1 rise_budget_1024 seed=1
1192 stability chncxr resnet50 CHNCXR_0353_1 rise_budget_1024 seed=2
1193 stability chncxr resnet50 CHNCXR_0353_1 rise_budget_1024 seed=3
1194 stability chncxr resnet50 CHNCXR_0353_1 rise_budget_1024 seed=4
1195 stability chncxr resnet50 CHNCXR_0353_1 rise_budget_2048 seed=0
1196 stability chncxr resnet50 CHNCXR_0353_1 rise_budget_2048 seed=1
1197 stability chncxr resnet50 CHNCXR_0353_1 rise_budget_2048 seed=2
1198 stability chncxr resnet50 CHNCXR_0353_1 rise_budget_2048 seed=3
1199 stability chncxr resnet50 CHNCXR_0353_1 rise_budget_2048 seed=4
1200 stability chncxr resnet50 CHNCXR_0353_1 kernel_shap_budget_256 seed=0
1201 stability chncxr resnet50 CHNCXR_0353_1 kernel_shap_budget_256 seed=1
1202 stability chncxr resnet50 CHNCXR_0353_1 kernel_shap_budget_256 seed=2
1203 stability chncxr resnet50 CHNCXR_0353_1 kernel_shap_budget_256 seed=3
1204 stability chncxr resnet50 CHNCXR_0353_1 kernel_shap_budget_256 seed=4
1205 stability chncxr resnet50 CHNCXR_0353_1 kernel_shap_budget_512 seed=0
1206 stability chncxr resnet50 CHNCXR_0353_1 kernel_shap_budget_512 seed=1
1207 stability chncxr resnet50 CHNCXR_0353_1 kernel_shap_budget_512 seed=2
1208 stability chncxr resnet50 CHNCXR_0353_1 kernel_shap_budget_512 seed=3
1209 stability chncxr resnet50 CHNCXR_0353_1 kernel_shap_budget_512 seed=4
1210 stability chncxr resnet50 CHNCXR_0353_1 kernel_shap_budget_1024 seed=0
1211 stability chncxr resnet50 CHNCXR_0353_1 kernel_shap_budget_1024 seed=1
1212 stability chncxr resnet50 CHNCXR_0353_1 kernel_shap_budget_1024 seed=2
1213 stability chncxr resnet50 CHNCXR_0353_1 kernel_shap_budget_1024 seed=3
1214 stability chncxr resnet50 CHNCXR_0353_1 kernel_shap_budget_1024 seed=4
1215 stability chncxr resnet50 CHNCXR_0353_1 kernel_shap_budget_2048 seed=0
1216 stability chncxr resnet50 CHNCXR_0353_1 kernel_shap_budget_2048 seed=1
1217 stability chncxr resnet50 CHNCXR_0353_1 kernel_shap_budget_2048 seed=2
1218 stability chncxr resnet50 CHNCXR_0353_1 kernel_shap_budget_2048 seed=3
1219 stability chncxr resnet50 CHNCXR_0353_1 kernel_shap_budget_2048 seed=4
1220 stability chncxr resnet50 CHNCXR_0353_1 ablation_default seed=None
1221 stability chncxr resnet50 CHNCXR_0398_1 lime_budget_256 seed=0
1222 stability chncxr resnet50 CHNCXR_0398_1 lime_budget_256 seed=1
1223 stability chncxr resnet50 CHNCXR_0398_1 lime_budget_256 seed=2
1224 stability chncxr resnet50 CHNCXR_0398_1 lime_budget_256 seed=3
1225 stability chncxr resnet50 CHNCXR_0398_1 lime_budget_256 seed=4
1226 stability chncxr resnet50 CHNCXR_0398_1 lime_budget_512 seed=0
1227 stability chncxr resnet50 CHNCXR_0398_1 lime_budget_512 seed=1
1228 stability chncxr resnet50 CHNCXR_0398_1 lime_budget_512 seed=2
1229 stability chncxr resnet50 CHNCXR_0398_1 lime_budget_512 seed=3
1230 stability chncxr resnet50 CHNCXR_0398_1 lime_budget_512 seed=4
1231 stability chncxr resnet50 CHNCXR_0398_1 lime_budget_1024 seed=0
1232 stability chncxr resnet50 CHNCXR_0398_1 lime_budget_1024 seed=1
1233 stability chncxr resnet50 CHNCXR_0398_1 lime_budget_1024 seed=2
1234 stability chncxr resnet50 CHNCXR_0398_1 lime_budget_1024 seed=3
1235 stability chncxr resnet50 CHNCXR_0398_1 lime_budget_1024 seed=4
1236 stability chncxr resnet50 CHNCXR_0398_1 lime_budget_2048 seed=0
1237 stability chncxr resnet50 CHNCXR_0398_1 lime_budget_2048 seed=1
1238 stability chncxr resnet50 CHNCXR_0398_1 lime_budget_2048 seed=2
1239 stability chncxr resnet50 CHNCXR_0398_1 lime_budget_2048 seed=3
1240 stability chncxr resnet50 CHNCXR_0398_1 lime_budget_2048 seed=4
1241 stability chncxr resnet50 CHNCXR_0398_1 rise_budget_256 seed=0
1242 stability chncxr resnet50 CHNCXR_0398_1 rise_budget_256 seed=1
1243 stability chncxr resnet50 CHNCXR_0398_1 rise_budget_256 seed=2
1244 stability chncxr resnet50 CHNCXR_0398_1 rise_budget_256 seed=3
1245 stability chncxr resnet50 CHNCXR_0398_1 rise_budget_256 seed=4
1246 stability chncxr resnet50 CHNCXR_0398_1 rise_budget_512 seed=0
1247 stability chncxr resnet50 CHNCXR_0398_1 rise_budget_512 seed=1
1248 stability chncxr resnet50 CHNCXR_0398_1 rise_budget_512 seed=2
1249 stability chncxr resnet50 CHNCXR_0398_1 rise_budget_512 seed=3
1250 stability chncxr resnet50 CHNCXR_0398_1 rise_budget_512 seed=4
1251 stability chncxr resnet50 CHNCXR_0398_1 rise_budget_1024 seed=0
1252 stability chncxr resnet50 CHNCXR_0398_1 rise_budget_1024 seed=1
1253 stability chncxr resnet50 CHNCXR_0398_1 rise_budget_1024 seed=2
1254 stability chncxr resnet50 CHNCXR_0398_1 rise_budget_1024 seed=3
1255 stability chncxr resnet50 CHNCXR_0398_1 rise_budget_1024 seed=4
1256 stability chncxr resnet50 CHNCXR_0398_1 rise_budget_2048 seed=0
1257 stability chncxr resnet50 CHNCXR_0398_1 rise_budget_2048 seed=1
1258 stability chncxr resnet50 CHNCXR_0398_1 rise_budget_2048 seed=2
1259 stability chncxr resnet50 CHNCXR_0398_1 rise_budget_2048 seed=3
1260 stability chncxr resnet50 CHNCXR_0398_1 rise_budget_2048 seed=4
1261 stability chncxr resnet50 CHNCXR_0398_1 kernel_shap_budget_256 seed=0
1262 stability chncxr resnet50 CHNCXR_0398_1 kernel_shap_budget_256 seed=1
1263 stability chncxr resnet50 CHNCXR_0398_1 kernel_shap_budget_256 seed=2
1264 stability chncxr resnet50 CHNCXR_0398_1 kernel_shap_budget_256 seed=3
1265 stability chncxr resnet50 CHNCXR_0398_1 kernel_shap_budget_256 seed=4
1266 stability chncxr resnet50 CHNCXR_0398_1 kernel_shap_budget_512 seed=0
1267 stability chncxr resnet50 CHNCXR_0398_1 kernel_shap_budget_512 seed=1
1268 stability chncxr resnet50 CHNCXR_0398_1 kernel_shap_budget_512 seed=2
1269 stability chncxr resnet50 CHNCXR_0398_1 kernel_shap_budget_512 seed=3
1270 stability chncxr resnet50 CHNCXR_0398_1 kernel_shap_budget_512 seed=4
1271 stability chncxr resnet50 CHNCXR_0398_1 kernel_shap_budget_1024 seed=0
1272 stability chncxr resnet50 CHNCXR_0398_1 kernel_shap_budget_1024 seed=1
1273 stability chncxr resnet50 CHNCXR_0398_1 kernel_shap_budget_1024 seed=2
1274 stability chncxr resnet50 CHNCXR_0398_1 kernel_shap_budget_1024 seed=3
1275 stability chncxr resnet50 CHNCXR_0398_1 kernel_shap_budget_1024 seed=4
1276 stability chncxr resnet50 CHNCXR_0398_1 kernel_shap_budget_2048 seed=0
1277 stability chncxr resnet50 CHNCXR_0398_1 kernel_shap_budget_2048 seed=1
1278 stability chncxr resnet50 CHNCXR_0398_1 kernel_shap_budget_2048 seed=2
1279 stability chncxr resnet50 CHNCXR_0398_1 kernel_shap_budget_2048 seed=3
1280 stability chncxr resnet50 CHNCXR_0398_1 kernel_shap_budget_2048 seed=4
1281 stability chncxr resnet50 CHNCXR_0398_1 ablation_default seed=None
1282 stability chncxr resnet50 CHNCXR_0405_1 lime_budget_256 seed=0
1283 stability chncxr resnet50 CHNCXR_0405_1 lime_budget_256 seed=1
1284 stability chncxr resnet50 CHNCXR_0405_1 lime_budget_256 seed=2
1285 stability chncxr resnet50 CHNCXR_0405_1 lime_budget_256 seed=3
1286 stability chncxr resnet50 CHNCXR_0405_1 lime_budget_256 seed=4
1287 stability chncxr resnet50 CHNCXR_0405_1 lime_budget_512 seed=0
1288 stability chncxr resnet50 CHNCXR_0405_1 lime_budget_512 seed=1
1289 stability chncxr resnet50 CHNCXR_0405_1 lime_budget_512 seed=2
1290 stability chncxr resnet50 CHNCXR_0405_1 lime_budget_512 seed=3
1291 stability chncxr resnet50 CHNCXR_0405_1 lime_budget_512 seed=4
1292 stability chncxr resnet50 CHNCXR_0405_1 lime_budget_1024 seed=0
1293 stability chncxr resnet50 CHNCXR_0405_1 lime_budget_1024 seed=1
1294 stability chncxr resnet50 CHNCXR_0405_1 lime_budget_1024 seed=2
1295 stability chncxr resnet50 CHNCXR_0405_1 lime_budget_1024 seed=3
1296 stability chncxr resnet50 CHNCXR_0405_1 lime_budget_1024 seed=4
1297 stability chncxr resnet50 CHNCXR_0405_1 lime_budget_2048 seed=0
1298 stability chncxr resnet50 CHNCXR_0405_1 lime_budget_2048 seed=1
1299 stability chncxr resnet50 CHNCXR_0405_1 lime_budget_2048 seed=2
1300 stability chncxr resnet50 CHNCXR_0405_1 lime_budget_2048 seed=3
1301 stability chncxr resnet50 CHNCXR_0405_1 lime_budget_2048 seed=4
1302 stability chncxr resnet50 CHNCXR_0405_1 rise_budget_256 seed=0
1303 stability chncxr resnet50 CHNCXR_0405_1 rise_budget_256 seed=1
1304 stability chncxr resnet50 CHNCXR_0405_1 rise_budget_256 seed=2
1305 stability chncxr resnet50 CHNCXR_0405_1 rise_budget_256 seed=3
1306 stability chncxr resnet50 CHNCXR_0405_1 rise_budget_256 seed=4
1307 stability chncxr resnet50 CHNCXR_0405_1 rise_budget_512 seed=0
1308 stability chncxr resnet50 CHNCXR_0405_1 rise_budget_512 seed=1
1309 stability chncxr resnet50 CHNCXR_0405_1 rise_budget_512 seed=2
1310 stability chncxr resnet50 CHNCXR_0405_1 rise_budget_512 seed=3
1311 stability chncxr resnet50 CHNCXR_0405_1 rise_budget_512 seed=4
1312 stability chncxr resnet50 CHNCXR_0405_1 rise_budget_1024 seed=0
1313 stability chncxr resnet50 CHNCXR_0405_1 rise_budget_1024 seed=1
1314 stability chncxr resnet50 CHNCXR_0405_1 rise_budget_1024 seed=2
1315 stability chncxr resnet50 CHNCXR_0405_1 rise_budget_1024 seed=3
1316 stability chncxr resnet50 CHNCXR_0405_1 rise_budget_1024 seed=4
1317 stability chncxr resnet50 CHNCXR_0405_1 rise_budget_2048 seed=0
1318 stability chncxr resnet50 CHNCXR_0405_1 rise_budget_2048 seed=1
1319 stability chncxr resnet50 CHNCXR_0405_1 rise_budget_2048 seed=2
1320 stability chncxr resnet50 CHNCXR_0405_1 rise_budget_2048 seed=3
1321 stability chncxr resnet50 CHNCXR_0405_1 rise_budget_2048 seed=4
1322 stability chncxr resnet50 CHNCXR_0405_1 kernel_shap_budget_256 seed=0
1323 stability chncxr resnet50 CHNCXR_0405_1 kernel_shap_budget_256 seed=1
1324 stability chncxr resnet50 CHNCXR_0405_1 kernel_shap_budget_256 seed=2
1325 stability chncxr resnet50 CHNCXR_0405_1 kernel_shap_budget_256 seed=3
1326 stability chncxr resnet50 CHNCXR_0405_1 kernel_shap_budget_256 seed=4
1327 stability chncxr resnet50 CHNCXR_0405_1 kernel_shap_budget_512 seed=0
1328 stability chncxr resnet50 CHNCXR_0405_1 kernel_shap_budget_512 seed=1
1329 stability chncxr resnet50 CHNCXR_0405_1 kernel_shap_budget_512 seed=2
1330 stability chncxr resnet50 CHNCXR_0405_1 kernel_shap_budget_512 seed=3
1331 stability chncxr resnet50 CHNCXR_0405_1 kernel_shap_budget_512 seed=4
1332 stability chncxr resnet50 CHNCXR_0405_1 kernel_shap_budget_1024 seed=0
1333 stability chncxr resnet50 CHNCXR_0405_1 kernel_shap_budget_1024 seed=1
1334 stability chncxr resnet50 CHNCXR_0405_1 kernel_shap_budget_1024 seed=2
1335 stability chncxr resnet50 CHNCXR_0405_1 kernel_shap_budget_1024 seed=3
1336 stability chncxr resnet50 CHNCXR_0405_1 kernel_shap_budget_1024 seed=4
1337 stability chncxr resnet50 CHNCXR_0405_1 kernel_shap_budget_2048 seed=0
1338 stability chncxr resnet50 CHNCXR_0405_1 kernel_shap_budget_2048 seed=1
1339 stability chncxr resnet50 CHNCXR_0405_1 kernel_shap_budget_2048 seed=2
1340 stability chncxr resnet50 CHNCXR_0405_1 kernel_shap_budget_2048 seed=3
1341 stability chncxr resnet50 CHNCXR_0405_1 kernel_shap_budget_2048 seed=4
1342 stability chncxr resnet50 CHNCXR_0405_1 ablation_default seed=None
1343 stability chncxr resnet50 CHNCXR_0408_1 lime_budget_256 seed=0
1344 stability chncxr resnet50 CHNCXR_0408_1 lime_budget_256 seed=1
1345 stability chncxr resnet50 CHNCXR_0408_1 lime_budget_256 seed=2
1346 stability chncxr resnet50 CHNCXR_0408_1 lime_budget_256 seed=3
1347 stability chncxr resnet50 CHNCXR_0408_1 lime_budget_256 seed=4
1348 stability chncxr resnet50 CHNCXR_0408_1 lime_budget_512 seed=0
1349 stability chncxr resnet50 CHNCXR_0408_1 lime_budget_512 seed=1
1350 stability chncxr resnet50 CHNCXR_0408_1 lime_budget_512 seed=2
1351 stability chncxr resnet50 CHNCXR_0408_1 lime_budget_512 seed=3
1352 stability chncxr resnet50 CHNCXR_0408_1 lime_budget_512 seed=4
1353 stability chncxr resnet50 CHNCXR_0408_1 lime_budget_1024 seed=0
1354 stability chncxr resnet50 CHNCXR_0408_1 lime_budget_1024 seed=1
1355 stability chncxr resnet50 CHNCXR_0408_1 lime_budget_1024 seed=2
1356 stability chncxr resnet50 CHNCXR_0408_1 lime_budget_1024 seed=3
1357 stability chncxr resnet50 CHNCXR_0408_1 lime_budget_1024 seed=4
1358 stability chncxr resnet50 CHNCXR_0408_1 lime_budget_2048 seed=0
1359 stability chncxr resnet50 CHNCXR_0408_1 lime_budget_2048 seed=1
1360 stability chncxr resnet50 CHNCXR_0408_1 lime_budget_2048 seed=2
1361 stability chncxr resnet50 CHNCXR_0408_1 lime_budget_2048 seed=3
1362 stability chncxr resnet50 CHNCXR_0408_1 lime_budget_2048 seed=4
1363 stability chncxr resnet50 CHNCXR_0408_1 rise_budget_256 seed=0
1364 stability chncxr resnet50 CHNCXR_0408_1 rise_budget_256 seed=1
1365 stability chncxr resnet50 CHNCXR_0408_1 rise_budget_256 seed=2
1366 stability chncxr resnet50 CHNCXR_0408_1 rise_budget_256 seed=3
1367 stability chncxr resnet50 CHNCXR_0408_1 rise_budget_256 seed=4
1368 stability chncxr resnet50 CHNCXR_0408_1 rise_budget_512 seed=0
1369 stability chncxr resnet50 CHNCXR_0408_1 rise_budget_512 seed=1
1370 stability chncxr resnet50 CHNCXR_0408_1 rise_budget_512 seed=2
1371 stability chncxr resnet50 CHNCXR_0408_1 rise_budget_512 seed=3
1372 stability chncxr resnet50 CHNCXR_0408_1 rise_budget_512 seed=4
1373 stability chncxr resnet50 CHNCXR_0408_1 rise_budget_1024 seed=0
1374 stability chncxr resnet50 CHNCXR_0408_1 rise_budget_1024 seed=1
1375 stability chncxr resnet50 CHNCXR_0408_1 rise_budget_1024 seed=2
1376 stability chncxr resnet50 CHNCXR_0408_1 rise_budget_1024 seed=3
1377 stability chncxr resnet50 CHNCXR_0408_1 rise_budget_1024 seed=4
1378 stability chncxr resnet50 CHNCXR_0408_1 rise_budget_2048 seed=0
1379 stability chncxr resnet50 CHNCXR_0408_1 rise_budget_2048 seed=1
1380 stability chncxr resnet50 CHNCXR_0408_1 rise_budget_2048 seed=2
1381 stability chncxr resnet50 CHNCXR_0408_1 rise_budget_2048 seed=3
1382 stability chncxr resnet50 CHNCXR_0408_1 rise_budget_2048 seed=4
1383 stability chncxr resnet50 CHNCXR_0408_1 kernel_shap_budget_256 seed=0
1384 stability chncxr resnet50 CHNCXR_0408_1 kernel_shap_budget_256 seed=1
1385 stability chncxr resnet50 CHNCXR_0408_1 kernel_shap_budget_256 seed=2
1386 stability chncxr resnet50 CHNCXR_0408_1 kernel_shap_budget_256 seed=3
1387 stability chncxr resnet50 CHNCXR_0408_1 kernel_shap_budget_256 seed=4
1388 stability chncxr resnet50 CHNCXR_0408_1 kernel_shap_budget_512 seed=0
1389 stability chncxr resnet50 CHNCXR_0408_1 kernel_shap_budget_512 seed=1
1390 stability chncxr resnet50 CHNCXR_0408_1 kernel_shap_budget_512 seed=2
1391 stability chncxr resnet50 CHNCXR_0408_1 kernel_shap_budget_512 seed=3
1392 stability chncxr resnet50 CHNCXR_0408_1 kernel_shap_budget_512 seed=4
1393 stability chncxr resnet50 CHNCXR_0408_1 kernel_shap_budget_1024 seed=0
1394 stability chncxr resnet50 CHNCXR_0408_1 kernel_shap_budget_1024 seed=1
1395 stability chncxr resnet50 CHNCXR_0408_1 kernel_shap_budget_1024 seed=2
1396 stability chncxr resnet50 CHNCXR_0408_1 kernel_shap_budget_1024 seed=3
1397 stability chncxr resnet50 CHNCXR_0408_1 kernel_shap_budget_1024 seed=4
1398 stability chncxr resnet50 CHNCXR_0408_1 kernel_shap_budget_2048 seed=0
1399 stability chncxr resnet50 CHNCXR_0408_1 kernel_shap_budget_2048 seed=1
1400 stability chncxr resnet50 CHNCXR_0408_1 kernel_shap_budget_2048 seed=2
1401 stability chncxr resnet50 CHNCXR_0408_1 kernel_shap_budget_2048 seed=3
1402 stability chncxr resnet50 CHNCXR_0408_1 kernel_shap_budget_2048 seed=4
1403 stability chncxr resnet50 CHNCXR_0408_1 ablation_default seed=None
1404 stability chncxr resnet50 CHNCXR_0428_1 lime_budget_256 seed=0
1405 stability chncxr resnet50 CHNCXR_0428_1 lime_budget_256 seed=1
1406 stability chncxr resnet50 CHNCXR_0428_1 lime_budget_256 seed=2
1407 stability chncxr resnet50 CHNCXR_0428_1 lime_budget_256 seed=3
1408 stability chncxr resnet50 CHNCXR_0428_1 lime_budget_256 seed=4
1409 stability chncxr resnet50 CHNCXR_0428_1 lime_budget_512 seed=0
1410 stability chncxr resnet50 CHNCXR_0428_1 lime_budget_512 seed=1
1411 stability chncxr resnet50 CHNCXR_0428_1 lime_budget_512 seed=2
1412 stability chncxr resnet50 CHNCXR_0428_1 lime_budget_512 seed=3
1413 stability chncxr resnet50 CHNCXR_0428_1 lime_budget_512 seed=4
1414 stability chncxr resnet50 CHNCXR_0428_1 lime_budget_1024 seed=0
1415 stability chncxr resnet50 CHNCXR_0428_1 lime_budget_1024 seed=1
1416 stability chncxr resnet50 CHNCXR_0428_1 lime_budget_1024 seed=2
1417 stability chncxr resnet50 CHNCXR_0428_1 lime_budget_1024 seed=3
1418 stability chncxr resnet50 CHNCXR_0428_1 lime_budget_1024 seed=4
1419 stability chncxr resnet50 CHNCXR_0428_1 lime_budget_2048 seed=0
1420 stability chncxr resnet50 CHNCXR_0428_1 lime_budget_2048 seed=1
1421 stability chncxr resnet50 CHNCXR_0428_1 lime_budget_2048 seed=2
1422 stability chncxr resnet50 CHNCXR_0428_1 lime_budget_2048 seed=3
1423 stability chncxr resnet50 CHNCXR_0428_1 lime_budget_2048 seed=4
1424 stability chncxr resnet50 CHNCXR_0428_1 rise_budget_256 seed=0
1425 stability chncxr resnet50 CHNCXR_0428_1 rise_budget_256 seed=1
1426 stability chncxr resnet50 CHNCXR_0428_1 rise_budget_256 seed=2
1427 stability chncxr resnet50 CHNCXR_0428_1 rise_budget_256 seed=3
1428 stability chncxr resnet50 CHNCXR_0428_1 rise_budget_256 seed=4
1429 stability chncxr resnet50 CHNCXR_0428_1 rise_budget_512 seed=0
1430 stability chncxr resnet50 CHNCXR_0428_1 rise_budget_512 seed=1
1431 stability chncxr resnet50 CHNCXR_0428_1 rise_budget_512 seed=2
1432 stability chncxr resnet50 CHNCXR_0428_1 rise_budget_512 seed=3
1433 stability chncxr resnet50 CHNCXR_0428_1 rise_budget_512 seed=4
1434 stability chncxr resnet50 CHNCXR_0428_1 rise_budget_1024 seed=0
1435 stability chncxr resnet50 CHNCXR_0428_1 rise_budget_1024 seed=1
1436 stability chncxr resnet50 CHNCXR_0428_1 rise_budget_1024 seed=2
1437 stability chncxr resnet50 CHNCXR_0428_1 rise_budget_1024 seed=3
1438 stability chncxr resnet50 CHNCXR_0428_1 rise_budget_1024 seed=4
1439 stability chncxr resnet50 CHNCXR_0428_1 rise_budget_2048 seed=0
1440 stability chncxr resnet50 CHNCXR_0428_1 rise_budget_2048 seed=1
1441 stability chncxr resnet50 CHNCXR_0428_1 rise_budget_2048 seed=2
1442 stability chncxr resnet50 CHNCXR_0428_1 rise_budget_2048 seed=3
1443 stability chncxr resnet50 CHNCXR_0428_1 rise_budget_2048 seed=4
1444 stability chncxr resnet50 CHNCXR_0428_1 kernel_shap_budget_256 seed=0
1445 stability chncxr resnet50 CHNCXR_0428_1 kernel_shap_budget_256 seed=1
1446 stability chncxr resnet50 CHNCXR_0428_1 kernel_shap_budget_256 seed=2
1447 stability chncxr resnet50 CHNCXR_0428_1 kernel_shap_budget_256 seed=3
1448 stability chncxr resnet50 CHNCXR_0428_1 kernel_shap_budget_256 seed=4
1449 stability chncxr resnet50 CHNCXR_0428_1 kernel_shap_budget_512 seed=0
1450 stability chncxr resnet50 CHNCXR_0428_1 kernel_shap_budget_512 seed=1
1451 stability chncxr resnet50 CHNCXR_0428_1 kernel_shap_budget_512 seed=2
1452 stability chncxr resnet50 CHNCXR_0428_1 kernel_shap_budget_512 seed=3
1453 stability chncxr resnet50 CHNCXR_0428_1 kernel_shap_budget_512 seed=4
1454 stability chncxr resnet50 CHNCXR_0428_1 kernel_shap_budget_1024 seed=0
1455 stability chncxr resnet50 CHNCXR_0428_1 kernel_shap_budget_1024 seed=1
1456 stability chncxr resnet50 CHNCXR_0428_1 kernel_shap_budget_1024 seed=2
1457 stability chncxr resnet50 CHNCXR_0428_1 kernel_shap_budget_1024 seed=3
1458 stability chncxr resnet50 CHNCXR_0428_1 kernel_shap_budget_1024 seed=4
1459 stability chncxr resnet50 CHNCXR_0428_1 kernel_shap_budget_2048 seed=0
1460 stability chncxr resnet50 CHNCXR_0428_1 kernel_shap_budget_2048 seed=1
1461 stability chncxr resnet50 CHNCXR_0428_1 kernel_shap_budget_2048 seed=2
1462 stability chncxr resnet50 CHNCXR_0428_1 kernel_shap_budget_2048 seed=3
1463 stability chncxr resnet50 CHNCXR_0428_1 kernel_shap_budget_2048 seed=4
1464 stability chncxr resnet50 CHNCXR_0428_1 ablation_default seed=None
1465 stability chncxr resnet50 CHNCXR_0433_1 lime_budget_256 seed=0
1466 stability chncxr resnet50 CHNCXR_0433_1 lime_budget_256 seed=1
1467 stability chncxr resnet50 CHNCXR_0433_1 lime_budget_256 seed=2
1468 stability chncxr resnet50 CHNCXR_0433_1 lime_budget_256 seed=3
1469 stability chncxr resnet50 CHNCXR_0433_1 lime_budget_256 seed=4
1470 stability chncxr resnet50 CHNCXR_0433_1 lime_budget_512 seed=0
1471 stability chncxr resnet50 CHNCXR_0433_1 lime_budget_512 seed=1
1472 stability chncxr resnet50 CHNCXR_0433_1 lime_budget_512 seed=2
1473 stability chncxr resnet50 CHNCXR_0433_1 lime_budget_512 seed=3
1474 stability chncxr resnet50 CHNCXR_0433_1 lime_budget_512 seed=4
1475 stability chncxr resnet50 CHNCXR_0433_1 lime_budget_1024 seed=0
1476 stability chncxr resnet50 CHNCXR_0433_1 lime_budget_1024 seed=1
1477 stability chncxr resnet50 CHNCXR_0433_1 lime_budget_1024 seed=2
1478 stability chncxr resnet50 CHNCXR_0433_1 lime_budget_1024 seed=3
1479 stability chncxr resnet50 CHNCXR_0433_1 lime_budget_1024 seed=4
1480 stability chncxr resnet50 CHNCXR_0433_1 lime_budget_2048 seed=0
1481 stability chncxr resnet50 CHNCXR_0433_1 lime_budget_2048 seed=1
1482 stability chncxr resnet50 CHNCXR_0433_1 lime_budget_2048 seed=2
1483 stability chncxr resnet50 CHNCXR_0433_1 lime_budget_2048 seed=3
1484 stability chncxr resnet50 CHNCXR_0433_1 lime_budget_2048 seed=4
1485 stability chncxr resnet50 CHNCXR_0433_1 rise_budget_256 seed=0
1486 stability chncxr resnet50 CHNCXR_0433_1 rise_budget_256 seed=1
1487 stability chncxr resnet50 CHNCXR_0433_1 rise_budget_256 seed=2
1488 stability chncxr resnet50 CHNCXR_0433_1 rise_budget_256 seed=3
1489 stability chncxr resnet50 CHNCXR_0433_1 rise_budget_256 seed=4
1490 stability chncxr resnet50 CHNCXR_0433_1 rise_budget_512 seed=0
1491 stability chncxr resnet50 CHNCXR_0433_1 rise_budget_512 seed=1
1492 stability chncxr resnet50 CHNCXR_0433_1 rise_budget_512 seed=2
1493 stability chncxr resnet50 CHNCXR_0433_1 rise_budget_512 seed=3
1494 stability chncxr resnet50 CHNCXR_0433_1 rise_budget_512 seed=4
1495 stability chncxr resnet50 CHNCXR_0433_1 rise_budget_1024 seed=0
1496 stability chncxr resnet50 CHNCXR_0433_1 rise_budget_1024 seed=1
1497 stability chncxr resnet50 CHNCXR_0433_1 rise_budget_1024 seed=2
1498 stability chncxr resnet50 CHNCXR_0433_1 rise_budget_1024 seed=3
1499 stability chncxr resnet50 CHNCXR_0433_1 rise_budget_1024 seed=4
1500 stability chncxr resnet50 CHNCXR_0433_1 rise_budget_2048 seed=0
1501 stability chncxr resnet50 CHNCXR_0433_1 rise_budget_2048 seed=1
1502 stability chncxr resnet50 CHNCXR_0433_1 rise_budget_2048 seed=2
1503 stability chncxr resnet50 CHNCXR_0433_1 rise_budget_2048 seed=3
1504 stability chncxr resnet50 CHNCXR_0433_1 rise_budget_2048 seed=4
1505 stability chncxr resnet50 CHNCXR_0433_1 kernel_shap_budget_256 seed=0
1506 stability chncxr resnet50 CHNCXR_0433_1 kernel_shap_budget_256 seed=1
1507 stability chncxr resnet50 CHNCXR_0433_1 kernel_shap_budget_256 seed=2
1508 stability chncxr resnet50 CHNCXR_0433_1 kernel_shap_budget_256 seed=3
1509 stability chncxr resnet50 CHNCXR_0433_1 kernel_shap_budget_256 seed=4
1510 stability chncxr resnet50 CHNCXR_0433_1 kernel_shap_budget_512 seed=0
1511 stability chncxr resnet50 CHNCXR_0433_1 kernel_shap_budget_512 seed=1
1512 stability chncxr resnet50 CHNCXR_0433_1 kernel_shap_budget_512 seed=2
1513 stability chncxr resnet50 CHNCXR_0433_1 kernel_shap_budget_512 seed=3
1514 stability chncxr resnet50 CHNCXR_0433_1 kernel_shap_budget_512 seed=4
1515 stability chncxr resnet50 CHNCXR_0433_1 kernel_shap_budget_1024 seed=0
1516 stability chncxr resnet50 CHNCXR_0433_1 kernel_shap_budget_1024 seed=1
1517 stability chncxr resnet50 CHNCXR_0433_1 kernel_shap_budget_1024 seed=2
1518 stability chncxr resnet50 CHNCXR_0433_1 kernel_shap_budget_1024 seed=3
1519 stability chncxr resnet50 CHNCXR_0433_1 kernel_shap_budget_1024 seed=4
1520 stability chncxr resnet50 CHNCXR_0433_1 kernel_shap_budget_2048 seed=0
1521 stability chncxr resnet50 CHNCXR_0433_1 kernel_shap_budget_2048 seed=1
1522 stability chncxr resnet50 CHNCXR_0433_1 kernel_shap_budget_2048 seed=2
1523 stability chncxr resnet50 CHNCXR_0433_1 kernel_shap_budget_2048 seed=3
1524 stability chncxr resnet50 CHNCXR_0433_1 kernel_shap_budget_2048 seed=4
1525 stability chncxr resnet50 CHNCXR_0433_1 ablation_default seed=None
1526 stability chncxr resnet50 CHNCXR_0436_1 lime_budget_256 seed=0
1527 stability chncxr resnet50 CHNCXR_0436_1 lime_budget_256 seed=1
1528 stability chncxr resnet50 CHNCXR_0436_1 lime_budget_256 seed=2
1529 stability chncxr resnet50 CHNCXR_0436_1 lime_budget_256 seed=3
1530 stability chncxr resnet50 CHNCXR_0436_1 lime_budget_256 seed=4
1531 stability chncxr resnet50 CHNCXR_0436_1 lime_budget_512 seed=0
1532 stability chncxr resnet50 CHNCXR_0436_1 lime_budget_512 seed=1
1533 stability chncxr resnet50 CHNCXR_0436_1 lime_budget_512 seed=2
1534 stability chncxr resnet50 CHNCXR_0436_1 lime_budget_512 seed=3
1535 stability chncxr resnet50 CHNCXR_0436_1 lime_budget_512 seed=4
1536 stability chncxr resnet50 CHNCXR_0436_1 lime_budget_1024 seed=0
1537 stability chncxr resnet50 CHNCXR_0436_1 lime_budget_1024 seed=1
1538 stability chncxr resnet50 CHNCXR_0436_1 lime_budget_1024 seed=2
1539 stability chncxr resnet50 CHNCXR_0436_1 lime_budget_1024 seed=3
1540 stability chncxr resnet50 CHNCXR_0436_1 lime_budget_1024 seed=4
1541 stability chncxr resnet50 CHNCXR_0436_1 lime_budget_2048 seed=0
1542 stability chncxr resnet50 CHNCXR_0436_1 lime_budget_2048 seed=1
1543 stability chncxr resnet50 CHNCXR_0436_1 lime_budget_2048 seed=2
1544 stability chncxr resnet50 CHNCXR_0436_1 lime_budget_2048 seed=3
1545 stability chncxr resnet50 CHNCXR_0436_1 lime_budget_2048 seed=4
1546 stability chncxr resnet50 CHNCXR_0436_1 rise_budget_256 seed=0
1547 stability chncxr resnet50 CHNCXR_0436_1 rise_budget_256 seed=1
1548 stability chncxr resnet50 CHNCXR_0436_1 rise_budget_256 seed=2
1549 stability chncxr resnet50 CHNCXR_0436_1 rise_budget_256 seed=3
1550 stability chncxr resnet50 CHNCXR_0436_1 rise_budget_256 seed=4
1551 stability chncxr resnet50 CHNCXR_0436_1 rise_budget_512 seed=0
1552 stability chncxr resnet50 CHNCXR_0436_1 rise_budget_512 seed=1
1553 stability chncxr resnet50 CHNCXR_0436_1 rise_budget_512 seed=2
1554 stability chncxr resnet50 CHNCXR_0436_1 rise_budget_512 seed=3
1555 stability chncxr resnet50 CHNCXR_0436_1 rise_budget_512 seed=4
1556 stability chncxr resnet50 CHNCXR_0436_1 rise_budget_1024 seed=0
1557 stability chncxr resnet50 CHNCXR_0436_1 rise_budget_1024 seed=1
1558 stability chncxr resnet50 CHNCXR_0436_1 rise_budget_1024 seed=2
1559 stability chncxr resnet50 CHNCXR_0436_1 rise_budget_1024 seed=3
1560 stability chncxr resnet50 CHNCXR_0436_1 rise_budget_1024 seed=4
1561 stability chncxr resnet50 CHNCXR_0436_1 rise_budget_2048 seed=0
1562 stability chncxr resnet50 CHNCXR_0436_1 rise_budget_2048 seed=1
1563 stability chncxr resnet50 CHNCXR_0436_1 rise_budget_2048 seed=2
1564 stability chncxr resnet50 CHNCXR_0436_1 rise_budget_2048 seed=3
1565 stability chncxr resnet50 CHNCXR_0436_1 rise_budget_2048 seed=4
1566 stability chncxr resnet50 CHNCXR_0436_1 kernel_shap_budget_256 seed=0
1567 stability chncxr resnet50 CHNCXR_0436_1 kernel_shap_budget_256 seed=1
1568 stability chncxr resnet50 CHNCXR_0436_1 kernel_shap_budget_256 seed=2
1569 stability chncxr resnet50 CHNCXR_0436_1 kernel_shap_budget_256 seed=3
1570 stability chncxr resnet50 CHNCXR_0436_1 kernel_shap_budget_256 seed=4
1571 stability chncxr resnet50 CHNCXR_0436_1 kernel_shap_budget_512 seed=0
1572 stability chncxr resnet50 CHNCXR_0436_1 kernel_shap_budget_512 seed=1
1573 stability chncxr resnet50 CHNCXR_0436_1 kernel_shap_budget_512 seed=2
1574 stability chncxr resnet50 CHNCXR_0436_1 kernel_shap_budget_512 seed=3
1575 stability chncxr resnet50 CHNCXR_0436_1 kernel_shap_budget_512 seed=4
1576 stability chncxr resnet50 CHNCXR_0436_1 kernel_shap_budget_1024 seed=0
1577 stability chncxr resnet50 CHNCXR_0436_1 kernel_shap_budget_1024 seed=1
1578 stability chncxr resnet50 CHNCXR_0436_1 kernel_shap_budget_1024 seed=2
1579 stability chncxr resnet50 CHNCXR_0436_1 kernel_shap_budget_1024 seed=3
1580 stability chncxr resnet50 CHNCXR_0436_1 kernel_shap_budget_1024 seed=4
1581 stability chncxr resnet50 CHNCXR_0436_1 kernel_shap_budget_2048 seed=0
1582 stability chncxr resnet50 CHNCXR_0436_1 kernel_shap_budget_2048 seed=1
1583 stability chncxr resnet50 CHNCXR_0436_1 kernel_shap_budget_2048 seed=2
1584 stability chncxr resnet50 CHNCXR_0436_1 kernel_shap_budget_2048 seed=3
1585 stability chncxr resnet50 CHNCXR_0436_1 kernel_shap_budget_2048 seed=4
1586 stability chncxr resnet50 CHNCXR_0436_1 ablation_default seed=None
1587 stability chncxr resnet50 CHNCXR_0444_1 lime_budget_256 seed=0
1588 stability chncxr resnet50 CHNCXR_0444_1 lime_budget_256 seed=1
1589 stability chncxr resnet50 CHNCXR_0444_1 lime_budget_256 seed=2
1590 stability chncxr resnet50 CHNCXR_0444_1 lime_budget_256 seed=3
1591 stability chncxr resnet50 CHNCXR_0444_1 lime_budget_256 seed=4
1592 stability chncxr resnet50 CHNCXR_0444_1 lime_budget_512 seed=0
1593 stability chncxr resnet50 CHNCXR_0444_1 lime_budget_512 seed=1
1594 stability chncxr resnet50 CHNCXR_0444_1 lime_budget_512 seed=2
1595 stability chncxr resnet50 CHNCXR_0444_1 lime_budget_512 seed=3
1596 stability chncxr resnet50 CHNCXR_0444_1 lime_budget_512 seed=4
1597 stability chncxr resnet50 CHNCXR_0444_1 lime_budget_1024 seed=0
1598 stability chncxr resnet50 CHNCXR_0444_1 lime_budget_1024 seed=1
1599 stability chncxr resnet50 CHNCXR_0444_1 lime_budget_1024 seed=2
1600 stability chncxr resnet50 CHNCXR_0444_1 lime_budget_1024 seed=3
1601 stability chncxr resnet50 CHNCXR_0444_1 lime_budget_1024 seed=4
1602 stability chncxr resnet50 CHNCXR_0444_1 lime_budget_2048 seed=0
1603 stability chncxr resnet50 CHNCXR_0444_1 lime_budget_2048 seed=1
1604 stability chncxr resnet50 CHNCXR_0444_1 lime_budget_2048 seed=2
1605 stability chncxr resnet50 CHNCXR_0444_1 lime_budget_2048 seed=3
1606 stability chncxr resnet50 CHNCXR_0444_1 lime_budget_2048 seed=4
1607 stability chncxr resnet50 CHNCXR_0444_1 rise_budget_256 seed=0
1608 stability chncxr resnet50 CHNCXR_0444_1 rise_budget_256 seed=1
1609 stability chncxr resnet50 CHNCXR_0444_1 rise_budget_256 seed=2
1610 stability chncxr resnet50 CHNCXR_0444_1 rise_budget_256 seed=3
1611 stability chncxr resnet50 CHNCXR_0444_1 rise_budget_256 seed=4
1612 stability chncxr resnet50 CHNCXR_0444_1 rise_budget_512 seed=0
1613 stability chncxr resnet50 CHNCXR_0444_1 rise_budget_512 seed=1
1614 stability chncxr resnet50 CHNCXR_0444_1 rise_budget_512 seed=2
1615 stability chncxr resnet50 CHNCXR_0444_1 rise_budget_512 seed=3
1616 stability chncxr resnet50 CHNCXR_0444_1 rise_budget_512 seed=4
1617 stability chncxr resnet50 CHNCXR_0444_1 rise_budget_1024 seed=0
1618 stability chncxr resnet50 CHNCXR_0444_1 rise_budget_1024 seed=1
1619 stability chncxr resnet50 CHNCXR_0444_1 rise_budget_1024 seed=2
1620 stability chncxr resnet50 CHNCXR_0444_1 rise_budget_1024 seed=3
1621 stability chncxr resnet50 CHNCXR_0444_1 rise_budget_1024 seed=4
1622 stability chncxr resnet50 CHNCXR_0444_1 rise_budget_2048 seed=0
1623 stability chncxr resnet50 CHNCXR_0444_1 rise_budget_2048 seed=1
1624 stability chncxr resnet50 CHNCXR_0444_1 rise_budget_2048 seed=2
1625 stability chncxr resnet50 CHNCXR_0444_1 rise_budget_2048 seed=3
1626 stability chncxr resnet50 CHNCXR_0444_1 rise_budget_2048 seed=4
1627 stability chncxr resnet50 CHNCXR_0444_1 kernel_shap_budget_256 seed=0
1628 stability chncxr resnet50 CHNCXR_0444_1 kernel_shap_budget_256 seed=1
1629 stability chncxr resnet50 CHNCXR_0444_1 kernel_shap_budget_256 seed=2
1630 stability chncxr resnet50 CHNCXR_0444_1 kernel_shap_budget_256 seed=3
1631 stability chncxr resnet50 CHNCXR_0444_1 kernel_shap_budget_256 seed=4
1632 stability chncxr resnet50 CHNCXR_0444_1 kernel_shap_budget_512 seed=0
1633 stability chncxr resnet50 CHNCXR_0444_1 kernel_shap_budget_512 seed=1
1634 stability chncxr resnet50 CHNCXR_0444_1 kernel_shap_budget_512 seed=2
1635 stability chncxr resnet50 CHNCXR_0444_1 kernel_shap_budget_512 seed=3
1636 stability chncxr resnet50 CHNCXR_0444_1 kernel_shap_budget_512 seed=4
1637 stability chncxr resnet50 CHNCXR_0444_1 kernel_shap_budget_1024 seed=0
1638 stability chncxr resnet50 CHNCXR_0444_1 kernel_shap_budget_1024 seed=1
1639 stability chncxr resnet50 CHNCXR_0444_1 kernel_shap_budget_1024 seed=2
1640 stability chncxr resnet50 CHNCXR_0444_1 kernel_shap_budget_1024 seed=3
1641 stability chncxr resnet50 CHNCXR_0444_1 kernel_shap_budget_1024 seed=4
1642 stability chncxr resnet50 CHNCXR_0444_1 kernel_shap_budget_2048 seed=0
1643 stability chncxr resnet50 CHNCXR_0444_1 kernel_shap_budget_2048 seed=1
1644 stability chncxr resnet50 CHNCXR_0444_1 kernel_shap_budget_2048 seed=2
1645 stability chncxr resnet50 CHNCXR_0444_1 kernel_shap_budget_2048 seed=3
1646 stability chncxr resnet50 CHNCXR_0444_1 kernel_shap_budget_2048 seed=4
1647 stability chncxr resnet50 CHNCXR_0444_1 ablation_default seed=None
1648 stability chncxr resnet50 CHNCXR_0453_1 lime_budget_256 seed=0
1649 stability chncxr resnet50 CHNCXR_0453_1 lime_budget_256 seed=1
1650 stability chncxr resnet50 CHNCXR_0453_1 lime_budget_256 seed=2
1651 stability chncxr resnet50 CHNCXR_0453_1 lime_budget_256 seed=3
1652 stability chncxr resnet50 CHNCXR_0453_1 lime_budget_256 seed=4
1653 stability chncxr resnet50 CHNCXR_0453_1 lime_budget_512 seed=0
1654 stability chncxr resnet50 CHNCXR_0453_1 lime_budget_512 seed=1
1655 stability chncxr resnet50 CHNCXR_0453_1 lime_budget_512 seed=2
1656 stability chncxr resnet50 CHNCXR_0453_1 lime_budget_512 seed=3
1657 stability chncxr resnet50 CHNCXR_0453_1 lime_budget_512 seed=4
1658 stability chncxr resnet50 CHNCXR_0453_1 lime_budget_1024 seed=0
1659 stability chncxr resnet50 CHNCXR_0453_1 lime_budget_1024 seed=1
1660 stability chncxr resnet50 CHNCXR_0453_1 lime_budget_1024 seed=2
1661 stability chncxr resnet50 CHNCXR_0453_1 lime_budget_1024 seed=3
1662 stability chncxr resnet50 CHNCXR_0453_1 lime_budget_1024 seed=4
1663 stability chncxr resnet50 CHNCXR_0453_1 lime_budget_2048 seed=0
1664 stability chncxr resnet50 CHNCXR_0453_1 lime_budget_2048 seed=1
1665 stability chncxr resnet50 CHNCXR_0453_1 lime_budget_2048 seed=2
1666 stability chncxr resnet50 CHNCXR_0453_1 lime_budget_2048 seed=3
1667 stability chncxr resnet50 CHNCXR_0453_1 lime_budget_2048 seed=4
1668 stability chncxr resnet50 CHNCXR_0453_1 rise_budget_256 seed=0
1669 stability chncxr resnet50 CHNCXR_0453_1 rise_budget_256 seed=1
1670 stability chncxr resnet50 CHNCXR_0453_1 rise_budget_256 seed=2
1671 stability chncxr resnet50 CHNCXR_0453_1 rise_budget_256 seed=3
1672 stability chncxr resnet50 CHNCXR_0453_1 rise_budget_256 seed=4
1673 stability chncxr resnet50 CHNCXR_0453_1 rise_budget_512 seed=0
1674 stability chncxr resnet50 CHNCXR_0453_1 rise_budget_512 seed=1
1675 stability chncxr resnet50 CHNCXR_0453_1 rise_budget_512 seed=2
1676 stability chncxr resnet50 CHNCXR_0453_1 rise_budget_512 seed=3
1677 stability chncxr resnet50 CHNCXR_0453_1 rise_budget_512 seed=4
1678 stability chncxr resnet50 CHNCXR_0453_1 rise_budget_1024 seed=0
1679 stability chncxr resnet50 CHNCXR_0453_1 rise_budget_1024 seed=1
1680 stability chncxr resnet50 CHNCXR_0453_1 rise_budget_1024 seed=2
1681 stability chncxr resnet50 CHNCXR_0453_1 rise_budget_1024 seed=3
1682 stability chncxr resnet50 CHNCXR_0453_1 rise_budget_1024 seed=4
1683 stability chncxr resnet50 CHNCXR_0453_1 rise_budget_2048 seed=0
1684 stability chncxr resnet50 CHNCXR_0453_1 rise_budget_2048 seed=1
1685 stability chncxr resnet50 CHNCXR_0453_1 rise_budget_2048 seed=2
1686 stability chncxr resnet50 CHNCXR_0453_1 rise_budget_2048 seed=3
1687 stability chncxr resnet50 CHNCXR_0453_1 rise_budget_2048 seed=4
1688 stability chncxr resnet50 CHNCXR_0453_1 kernel_shap_budget_256 seed=0
1689 stability chncxr resnet50 CHNCXR_0453_1 kernel_shap_budget_256 seed=1
1690 stability chncxr resnet50 CHNCXR_0453_1 kernel_shap_budget_256 seed=2
1691 stability chncxr resnet50 CHNCXR_0453_1 kernel_shap_budget_256 seed=3
1692 stability chncxr resnet50 CHNCXR_0453_1 kernel_shap_budget_256 seed=4
1693 stability chncxr resnet50 CHNCXR_0453_1 kernel_shap_budget_512 seed=0
1694 stability chncxr resnet50 CHNCXR_0453_1 kernel_shap_budget_512 seed=1
1695 stability chncxr resnet50 CHNCXR_0453_1 kernel_shap_budget_512 seed=2
1696 stability chncxr resnet50 CHNCXR_0453_1 kernel_shap_budget_512 seed=3
1697 stability chncxr resnet50 CHNCXR_0453_1 kernel_shap_budget_512 seed=4
1698 stability chncxr resnet50 CHNCXR_0453_1 kernel_shap_budget_1024 seed=0
1699 stability chncxr resnet50 CHNCXR_0453_1 kernel_shap_budget_1024 seed=1
1700 stability chncxr resnet50 CHNCXR_0453_1 kernel_shap_budget_1024 seed=2
1701 stability chncxr resnet50 CHNCXR_0453_1 kernel_shap_budget_1024 seed=3
1702 stability chncxr resnet50 CHNCXR_0453_1 kernel_shap_budget_1024 seed=4
1703 stability chncxr resnet50 CHNCXR_0453_1 kernel_shap_budget_2048 seed=0
1704 stability chncxr resnet50 CHNCXR_0453_1 kernel_shap_budget_2048 seed=1
1705 stability chncxr resnet50 CHNCXR_0453_1 kernel_shap_budget_2048 seed=2
1706 stability chncxr resnet50 CHNCXR_0453_1 kernel_shap_budget_2048 seed=3
1707 stability chncxr resnet50 CHNCXR_0453_1 kernel_shap_budget_2048 seed=4
1708 stability chncxr resnet50 CHNCXR_0453_1 ablation_default seed=None
1709 stability chncxr resnet50 CHNCXR_0468_1 lime_budget_256 seed=0
1710 stability chncxr resnet50 CHNCXR_0468_1 lime_budget_256 seed=1
1711 stability chncxr resnet50 CHNCXR_0468_1 lime_budget_256 seed=2
1712 stability chncxr resnet50 CHNCXR_0468_1 lime_budget_256 seed=3
1713 stability chncxr resnet50 CHNCXR_0468_1 lime_budget_256 seed=4
1714 stability chncxr resnet50 CHNCXR_0468_1 lime_budget_512 seed=0
1715 stability chncxr resnet50 CHNCXR_0468_1 lime_budget_512 seed=1
1716 stability chncxr resnet50 CHNCXR_0468_1 lime_budget_512 seed=2
1717 stability chncxr resnet50 CHNCXR_0468_1 lime_budget_512 seed=3
1718 stability chncxr resnet50 CHNCXR_0468_1 lime_budget_512 seed=4
1719 stability chncxr resnet50 CHNCXR_0468_1 lime_budget_1024 seed=0
1720 stability chncxr resnet50 CHNCXR_0468_1 lime_budget_1024 seed=1
1721 stability chncxr resnet50 CHNCXR_0468_1 lime_budget_1024 seed=2
1722 stability chncxr resnet50 CHNCXR_0468_1 lime_budget_1024 seed=3
1723 stability chncxr resnet50 CHNCXR_0468_1 lime_budget_1024 seed=4
1724 stability chncxr resnet50 CHNCXR_0468_1 lime_budget_2048 seed=0
1725 stability chncxr resnet50 CHNCXR_0468_1 lime_budget_2048 seed=1
1726 stability chncxr resnet50 CHNCXR_0468_1 lime_budget_2048 seed=2
1727 stability chncxr resnet50 CHNCXR_0468_1 lime_budget_2048 seed=3
1728 stability chncxr resnet50 CHNCXR_0468_1 lime_budget_2048 seed=4
1729 stability chncxr resnet50 CHNCXR_0468_1 rise_budget_256 seed=0
1730 stability chncxr resnet50 CHNCXR_0468_1 rise_budget_256 seed=1
1731 stability chncxr resnet50 CHNCXR_0468_1 rise_budget_256 seed=2
1732 stability chncxr resnet50 CHNCXR_0468_1 rise_budget_256 seed=3
1733 stability chncxr resnet50 CHNCXR_0468_1 rise_budget_256 seed=4
1734 stability chncxr resnet50 CHNCXR_0468_1 rise_budget_512 seed=0
1735 stability chncxr resnet50 CHNCXR_0468_1 rise_budget_512 seed=1
1736 stability chncxr resnet50 CHNCXR_0468_1 rise_budget_512 seed=2
1737 stability chncxr resnet50 CHNCXR_0468_1 rise_budget_512 seed=3
1738 stability chncxr resnet50 CHNCXR_0468_1 rise_budget_512 seed=4
1739 stability chncxr resnet50 CHNCXR_0468_1 rise_budget_1024 seed=0
1740 stability chncxr resnet50 CHNCXR_0468_1 rise_budget_1024 seed=1
1741 stability chncxr resnet50 CHNCXR_0468_1 rise_budget_1024 seed=2
1742 stability chncxr resnet50 CHNCXR_0468_1 rise_budget_1024 seed=3
1743 stability chncxr resnet50 CHNCXR_0468_1 rise_budget_1024 seed=4
1744 stability chncxr resnet50 CHNCXR_0468_1 rise_budget_2048 seed=0
1745 stability chncxr resnet50 CHNCXR_0468_1 rise_budget_2048 seed=1
1746 stability chncxr resnet50 CHNCXR_0468_1 rise_budget_2048 seed=2
1747 stability chncxr resnet50 CHNCXR_0468_1 rise_budget_2048 seed=3
1748 stability chncxr resnet50 CHNCXR_0468_1 rise_budget_2048 seed=4
1749 stability chncxr resnet50 CHNCXR_0468_1 kernel_shap_budget_256 seed=0
1750 stability chncxr resnet50 CHNCXR_0468_1 kernel_shap_budget_256 seed=1
1751 stability chncxr resnet50 CHNCXR_0468_1 kernel_shap_budget_256 seed=2
1752 stability chncxr resnet50 CHNCXR_0468_1 kernel_shap_budget_256 seed=3
1753 stability chncxr resnet50 CHNCXR_0468_1 kernel_shap_budget_256 seed=4
1754 stability chncxr resnet50 CHNCXR_0468_1 kernel_shap_budget_512 seed=0
1755 stability chncxr resnet50 CHNCXR_0468_1 kernel_shap_budget_512 seed=1
1756 stability chncxr resnet50 CHNCXR_0468_1 kernel_shap_budget_512 seed=2
1757 stability chncxr resnet50 CHNCXR_0468_1 kernel_shap_budget_512 seed=3
1758 stability chncxr resnet50 CHNCXR_0468_1 kernel_shap_budget_512 seed=4
1759 stability chncxr resnet50 CHNCXR_0468_1 kernel_shap_budget_1024 seed=0
1760 stability chncxr resnet50 CHNCXR_0468_1 kernel_shap_budget_1024 seed=1
1761 stability chncxr resnet50 CHNCXR_0468_1 kernel_shap_budget_1024 seed=2
1762 stability chncxr resnet50 CHNCXR_0468_1 kernel_shap_budget_1024 seed=3
1763 stability chncxr resnet50 CHNCXR_0468_1 kernel_shap_budget_1024 seed=4
1764 stability chncxr resnet50 CHNCXR_0468_1 kernel_shap_budget_2048 seed=0
1765 stability chncxr resnet50 CHNCXR_0468_1 kernel_shap_budget_2048 seed=1
1766 stability chncxr resnet50 CHNCXR_0468_1 kernel_shap_budget_2048 seed=2
1767 stability chncxr resnet50 CHNCXR_0468_1 kernel_shap_budget_2048 seed=3
1768 stability chncxr resnet50 CHNCXR_0468_1 kernel_shap_budget_2048 seed=4
1769 stability chncxr resnet50 CHNCXR_0468_1 ablation_default seed=None
1770 stability chncxr resnet50 CHNCXR_0479_1 lime_budget_256 seed=0
1771 stability chncxr resnet50 CHNCXR_0479_1 lime_budget_256 seed=1
1772 stability chncxr resnet50 CHNCXR_0479_1 lime_budget_256 seed=2
1773 stability chncxr resnet50 CHNCXR_0479_1 lime_budget_256 seed=3
1774 stability chncxr resnet50 CHNCXR_0479_1 lime_budget_256 seed=4
1775 stability chncxr resnet50 CHNCXR_0479_1 lime_budget_512 seed=0
1776 stability chncxr resnet50 CHNCXR_0479_1 lime_budget_512 seed=1
1777 stability chncxr resnet50 CHNCXR_0479_1 lime_budget_512 seed=2
1778 stability chncxr resnet50 CHNCXR_0479_1 lime_budget_512 seed=3
1779 stability chncxr resnet50 CHNCXR_0479_1 lime_budget_512 seed=4
1780 stability chncxr resnet50 CHNCXR_0479_1 lime_budget_1024 seed=0
1781 stability chncxr resnet50 CHNCXR_0479_1 lime_budget_1024 seed=1
1782 stability chncxr resnet50 CHNCXR_0479_1 lime_budget_1024 seed=2
1783 stability chncxr resnet50 CHNCXR_0479_1 lime_budget_1024 seed=3
1784 stability chncxr resnet50 CHNCXR_0479_1 lime_budget_1024 seed=4
1785 stability chncxr resnet50 CHNCXR_0479_1 lime_budget_2048 seed=0
1786 stability chncxr resnet50 CHNCXR_0479_1 lime_budget_2048 seed=1
1787 stability chncxr resnet50 CHNCXR_0479_1 lime_budget_2048 seed=2
1788 stability chncxr resnet50 CHNCXR_0479_1 lime_budget_2048 seed=3
1789 stability chncxr resnet50 CHNCXR_0479_1 lime_budget_2048 seed=4
1790 stability chncxr resnet50 CHNCXR_0479_1 rise_budget_256 seed=0
1791 stability chncxr resnet50 CHNCXR_0479_1 rise_budget_256 seed=1
1792 stability chncxr resnet50 CHNCXR_0479_1 rise_budget_256 seed=2
1793 stability chncxr resnet50 CHNCXR_0479_1 rise_budget_256 seed=3
1794 stability chncxr resnet50 CHNCXR_0479_1 rise_budget_256 seed=4
1795 stability chncxr resnet50 CHNCXR_0479_1 rise_budget_512 seed=0
1796 stability chncxr resnet50 CHNCXR_0479_1 rise_budget_512 seed=1
1797 stability chncxr resnet50 CHNCXR_0479_1 rise_budget_512 seed=2
1798 stability chncxr resnet50 CHNCXR_0479_1 rise_budget_512 seed=3
1799 stability chncxr resnet50 CHNCXR_0479_1 rise_budget_512 seed=4
1800 stability chncxr resnet50 CHNCXR_0479_1 rise_budget_1024 seed=0
1801 stability chncxr resnet50 CHNCXR_0479_1 rise_budget_1024 seed=1
1802 stability chncxr resnet50 CHNCXR_0479_1 rise_budget_1024 seed=2
1803 stability chncxr resnet50 CHNCXR_0479_1 rise_budget_1024 seed=3
1804 stability chncxr resnet50 CHNCXR_0479_1 rise_budget_1024 seed=4
1805 stability chncxr resnet50 CHNCXR_0479_1 rise_budget_2048 seed=0
1806 stability chncxr resnet50 CHNCXR_0479_1 rise_budget_2048 seed=1
1807 stability chncxr resnet50 CHNCXR_0479_1 rise_budget_2048 seed=2
1808 stability chncxr resnet50 CHNCXR_0479_1 rise_budget_2048 seed=3
1809 stability chncxr resnet50 CHNCXR_0479_1 rise_budget_2048 seed=4
1810 stability chncxr resnet50 CHNCXR_0479_1 kernel_shap_budget_256 seed=0
1811 stability chncxr resnet50 CHNCXR_0479_1 kernel_shap_budget_256 seed=1
1812 stability chncxr resnet50 CHNCXR_0479_1 kernel_shap_budget_256 seed=2
1813 stability chncxr resnet50 CHNCXR_0479_1 kernel_shap_budget_256 seed=3
1814 stability chncxr resnet50 CHNCXR_0479_1 kernel_shap_budget_256 seed=4
1815 stability chncxr resnet50 CHNCXR_0479_1 kernel_shap_budget_512 seed=0
1816 stability chncxr resnet50 CHNCXR_0479_1 kernel_shap_budget_512 seed=1
1817 stability chncxr resnet50 CHNCXR_0479_1 kernel_shap_budget_512 seed=2
1818 stability chncxr resnet50 CHNCXR_0479_1 kernel_shap_budget_512 seed=3
1819 stability chncxr resnet50 CHNCXR_0479_1 kernel_shap_budget_512 seed=4
1820 stability chncxr resnet50 CHNCXR_0479_1 kernel_shap_budget_1024 seed=0
1821 stability chncxr resnet50 CHNCXR_0479_1 kernel_shap_budget_1024 seed=1
1822 stability chncxr resnet50 CHNCXR_0479_1 kernel_shap_budget_1024 seed=2
1823 stability chncxr resnet50 CHNCXR_0479_1 kernel_shap_budget_1024 seed=3
1824 stability chncxr resnet50 CHNCXR_0479_1 kernel_shap_budget_1024 seed=4
1825 stability chncxr resnet50 CHNCXR_0479_1 kernel_shap_budget_2048 seed=0
1826 stability chncxr resnet50 CHNCXR_0479_1 kernel_shap_budget_2048 seed=1
1827 stability chncxr resnet50 CHNCXR_0479_1 kernel_shap_budget_2048 seed=2
1828 stability chncxr resnet50 CHNCXR_0479_1 kernel_shap_budget_2048 seed=3
1829 stability chncxr resnet50 CHNCXR_0479_1 kernel_shap_budget_2048 seed=4
1830 stability chncxr resnet50 CHNCXR_0479_1 ablation_default seed=None
1831 stability chncxr resnet50 CHNCXR_0481_1 lime_budget_256 seed=0
1832 stability chncxr resnet50 CHNCXR_0481_1 lime_budget_256 seed=1
1833 stability chncxr resnet50 CHNCXR_0481_1 lime_budget_256 seed=2
1834 stability chncxr resnet50 CHNCXR_0481_1 lime_budget_256 seed=3
1835 stability chncxr resnet50 CHNCXR_0481_1 lime_budget_256 seed=4
1836 stability chncxr resnet50 CHNCXR_0481_1 lime_budget_512 seed=0
1837 stability chncxr resnet50 CHNCXR_0481_1 lime_budget_512 seed=1
1838 stability chncxr resnet50 CHNCXR_0481_1 lime_budget_512 seed=2
1839 stability chncxr resnet50 CHNCXR_0481_1 lime_budget_512 seed=3
1840 stability chncxr resnet50 CHNCXR_0481_1 lime_budget_512 seed=4
1841 stability chncxr resnet50 CHNCXR_0481_1 lime_budget_1024 seed=0
1842 stability chncxr resnet50 CHNCXR_0481_1 lime_budget_1024 seed=1
1843 stability chncxr resnet50 CHNCXR_0481_1 lime_budget_1024 seed=2
1844 stability chncxr resnet50 CHNCXR_0481_1 lime_budget_1024 seed=3
1845 stability chncxr resnet50 CHNCXR_0481_1 lime_budget_1024 seed=4
1846 stability chncxr resnet50 CHNCXR_0481_1 lime_budget_2048 seed=0
1847 stability chncxr resnet50 CHNCXR_0481_1 lime_budget_2048 seed=1
1848 stability chncxr resnet50 CHNCXR_0481_1 lime_budget_2048 seed=2
1849 stability chncxr resnet50 CHNCXR_0481_1 lime_budget_2048 seed=3
1850 stability chncxr resnet50 CHNCXR_0481_1 lime_budget_2048 seed=4
1851 stability chncxr resnet50 CHNCXR_0481_1 rise_budget_256 seed=0
1852 stability chncxr resnet50 CHNCXR_0481_1 rise_budget_256 seed=1
1853 stability chncxr resnet50 CHNCXR_0481_1 rise_budget_256 seed=2
1854 stability chncxr resnet50 CHNCXR_0481_1 rise_budget_256 seed=3
1855 stability chncxr resnet50 CHNCXR_0481_1 rise_budget_256 seed=4
1856 stability chncxr resnet50 CHNCXR_0481_1 rise_budget_512 seed=0
1857 stability chncxr resnet50 CHNCXR_0481_1 rise_budget_512 seed=1
1858 stability chncxr resnet50 CHNCXR_0481_1 rise_budget_512 seed=2
1859 stability chncxr resnet50 CHNCXR_0481_1 rise_budget_512 seed=3
1860 stability chncxr resnet50 CHNCXR_0481_1 rise_budget_512 seed=4
1861 stability chncxr resnet50 CHNCXR_0481_1 rise_budget_1024 seed=0
1862 stability chncxr resnet50 CHNCXR_0481_1 rise_budget_1024 seed=1
1863 stability chncxr resnet50 CHNCXR_0481_1 rise_budget_1024 seed=2
1864 stability chncxr resnet50 CHNCXR_0481_1 rise_budget_1024 seed=3
1865 stability chncxr resnet50 CHNCXR_0481_1 rise_budget_1024 seed=4
1866 stability chncxr resnet50 CHNCXR_0481_1 rise_budget_2048 seed=0
1867 stability chncxr resnet50 CHNCXR_0481_1 rise_budget_2048 seed=1
1868 stability chncxr resnet50 CHNCXR_0481_1 rise_budget_2048 seed=2
1869 stability chncxr resnet50 CHNCXR_0481_1 rise_budget_2048 seed=3
1870 stability chncxr resnet50 CHNCXR_0481_1 rise_budget_2048 seed=4
1871 stability chncxr resnet50 CHNCXR_0481_1 kernel_shap_budget_256 seed=0
1872 stability chncxr resnet50 CHNCXR_0481_1 kernel_shap_budget_256 seed=1
1873 stability chncxr resnet50 CHNCXR_0481_1 kernel_shap_budget_256 seed=2
1874 stability chncxr resnet50 CHNCXR_0481_1 kernel_shap_budget_256 seed=3
1875 stability chncxr resnet50 CHNCXR_0481_1 kernel_shap_budget_256 seed=4
1876 stability chncxr resnet50 CHNCXR_0481_1 kernel_shap_budget_512 seed=0
1877 stability chncxr resnet50 CHNCXR_0481_1 kernel_shap_budget_512 seed=1
1878 stability chncxr resnet50 CHNCXR_0481_1 kernel_shap_budget_512 seed=2
1879 stability chncxr resnet50 CHNCXR_0481_1 kernel_shap_budget_512 seed=3
1880 stability chncxr resnet50 CHNCXR_0481_1 kernel_shap_budget_512 seed=4
1881 stability chncxr resnet50 CHNCXR_0481_1 kernel_shap_budget_1024 seed=0
1882 stability chncxr resnet50 CHNCXR_0481_1 kernel_shap_budget_1024 seed=1
1883 stability chncxr resnet50 CHNCXR_0481_1 kernel_shap_budget_1024 seed=2
1884 stability chncxr resnet50 CHNCXR_0481_1 kernel_shap_budget_1024 seed=3
1885 stability chncxr resnet50 CHNCXR_0481_1 kernel_shap_budget_1024 seed=4
1886 stability chncxr resnet50 CHNCXR_0481_1 kernel_shap_budget_2048 seed=0
1887 stability chncxr resnet50 CHNCXR_0481_1 kernel_shap_budget_2048 seed=1
1888 stability chncxr resnet50 CHNCXR_0481_1 kernel_shap_budget_2048 seed=2
1889 stability chncxr resnet50 CHNCXR_0481_1 kernel_shap_budget_2048 seed=3
1890 stability chncxr resnet50 CHNCXR_0481_1 kernel_shap_budget_2048 seed=4
1891 stability chncxr resnet50 CHNCXR_0481_1 ablation_default seed=None
1892 stability chncxr resnet50 CHNCXR_0503_1 lime_budget_256 seed=0
1893 stability chncxr resnet50 CHNCXR_0503_1 lime_budget_256 seed=1
1894 stability chncxr resnet50 CHNCXR_0503_1 lime_budget_256 seed=2
1895 stability chncxr resnet50 CHNCXR_0503_1 lime_budget_256 seed=3
1896 stability chncxr resnet50 CHNCXR_0503_1 lime_budget_256 seed=4
1897 stability chncxr resnet50 CHNCXR_0503_1 lime_budget_512 seed=0
1898 stability chncxr resnet50 CHNCXR_0503_1 lime_budget_512 seed=1
1899 stability chncxr resnet50 CHNCXR_0503_1 lime_budget_512 seed=2
1900 stability chncxr resnet50 CHNCXR_0503_1 lime_budget_512 seed=3
1901 stability chncxr resnet50 CHNCXR_0503_1 lime_budget_512 seed=4
1902 stability chncxr resnet50 CHNCXR_0503_1 lime_budget_1024 seed=0
1903 stability chncxr resnet50 CHNCXR_0503_1 lime_budget_1024 seed=1
1904 stability chncxr resnet50 CHNCXR_0503_1 lime_budget_1024 seed=2
1905 stability chncxr resnet50 CHNCXR_0503_1 lime_budget_1024 seed=3
1906 stability chncxr resnet50 CHNCXR_0503_1 lime_budget_1024 seed=4
1907 stability chncxr resnet50 CHNCXR_0503_1 lime_budget_2048 seed=0
1908 stability chncxr resnet50 CHNCXR_0503_1 lime_budget_2048 seed=1
1909 stability chncxr resnet50 CHNCXR_0503_1 lime_budget_2048 seed=2
1910 stability chncxr resnet50 CHNCXR_0503_1 lime_budget_2048 seed=3
1911 stability chncxr resnet50 CHNCXR_0503_1 lime_budget_2048 seed=4
1912 stability chncxr resnet50 CHNCXR_0503_1 rise_budget_256 seed=0
1913 stability chncxr resnet50 CHNCXR_0503_1 rise_budget_256 seed=1
1914 stability chncxr resnet50 CHNCXR_0503_1 rise_budget_256 seed=2
1915 stability chncxr resnet50 CHNCXR_0503_1 rise_budget_256 seed=3
1916 stability chncxr resnet50 CHNCXR_0503_1 rise_budget_256 seed=4
1917 stability chncxr resnet50 CHNCXR_0503_1 rise_budget_512 seed=0
1918 stability chncxr resnet50 CHNCXR_0503_1 rise_budget_512 seed=1
1919 stability chncxr resnet50 CHNCXR_0503_1 rise_budget_512 seed=2
1920 stability chncxr resnet50 CHNCXR_0503_1 rise_budget_512 seed=3
1921 stability chncxr resnet50 CHNCXR_0503_1 rise_budget_512 seed=4
1922 stability chncxr resnet50 CHNCXR_0503_1 rise_budget_1024 seed=0
1923 stability chncxr resnet50 CHNCXR_0503_1 rise_budget_1024 seed=1
1924 stability chncxr resnet50 CHNCXR_0503_1 rise_budget_1024 seed=2
1925 stability chncxr resnet50 CHNCXR_0503_1 rise_budget_1024 seed=3
1926 stability chncxr resnet50 CHNCXR_0503_1 rise_budget_1024 seed=4
1927 stability chncxr resnet50 CHNCXR_0503_1 rise_budget_2048 seed=0
1928 stability chncxr resnet50 CHNCXR_0503_1 rise_budget_2048 seed=1
1929 stability chncxr resnet50 CHNCXR_0503_1 rise_budget_2048 seed=2
1930 stability chncxr resnet50 CHNCXR_0503_1 rise_budget_2048 seed=3
1931 stability chncxr resnet50 CHNCXR_0503_1 rise_budget_2048 seed=4
1932 stability chncxr resnet50 CHNCXR_0503_1 kernel_shap_budget_256 seed=0
1933 stability chncxr resnet50 CHNCXR_0503_1 kernel_shap_budget_256 seed=1
1934 stability chncxr resnet50 CHNCXR_0503_1 kernel_shap_budget_256 seed=2
1935 stability chncxr resnet50 CHNCXR_0503_1 kernel_shap_budget_256 seed=3
1936 stability chncxr resnet50 CHNCXR_0503_1 kernel_shap_budget_256 seed=4
1937 stability chncxr resnet50 CHNCXR_0503_1 kernel_shap_budget_512 seed=0
1938 stability chncxr resnet50 CHNCXR_0503_1 kernel_shap_budget_512 seed=1
1939 stability chncxr resnet50 CHNCXR_0503_1 kernel_shap_budget_512 seed=2
1940 stability chncxr resnet50 CHNCXR_0503_1 kernel_shap_budget_512 seed=3
1941 stability chncxr resnet50 CHNCXR_0503_1 kernel_shap_budget_512 seed=4
1942 stability chncxr resnet50 CHNCXR_0503_1 kernel_shap_budget_1024 seed=0
1943 stability chncxr resnet50 CHNCXR_0503_1 kernel_shap_budget_1024 seed=1
1944 stability chncxr resnet50 CHNCXR_0503_1 kernel_shap_budget_1024 seed=2
1945 stability chncxr resnet50 CHNCXR_0503_1 kernel_shap_budget_1024 seed=3
1946 stability chncxr resnet50 CHNCXR_0503_1 kernel_shap_budget_1024 seed=4
1947 stability chncxr resnet50 CHNCXR_0503_1 kernel_shap_budget_2048 seed=0
1948 stability chncxr resnet50 CHNCXR_0503_1 kernel_shap_budget_2048 seed=1
1949 stability chncxr resnet50 CHNCXR_0503_1 kernel_shap_budget_2048 seed=2
1950 stability chncxr resnet50 CHNCXR_0503_1 kernel_shap_budget_2048 seed=3
1951 stability chncxr resnet50 CHNCXR_0503_1 kernel_shap_budget_2048 seed=4
1952 stability chncxr resnet50 CHNCXR_0503_1 ablation_default seed=None
1953 stability chncxr resnet50 CHNCXR_0518_1 lime_budget_256 seed=0
1954 stability chncxr resnet50 CHNCXR_0518_1 lime_budget_256 seed=1
1955 stability chncxr resnet50 CHNCXR_0518_1 lime_budget_256 seed=2
1956 stability chncxr resnet50 CHNCXR_0518_1 lime_budget_256 seed=3
1957 stability chncxr resnet50 CHNCXR_0518_1 lime_budget_256 seed=4
1958 stability chncxr resnet50 CHNCXR_0518_1 lime_budget_512 seed=0
1959 stability chncxr resnet50 CHNCXR_0518_1 lime_budget_512 seed=1
1960 stability chncxr resnet50 CHNCXR_0518_1 lime_budget_512 seed=2
1961 stability chncxr resnet50 CHNCXR_0518_1 lime_budget_512 seed=3
1962 stability chncxr resnet50 CHNCXR_0518_1 lime_budget_512 seed=4
1963 stability chncxr resnet50 CHNCXR_0518_1 lime_budget_1024 seed=0
1964 stability chncxr resnet50 CHNCXR_0518_1 lime_budget_1024 seed=1
1965 stability chncxr resnet50 CHNCXR_0518_1 lime_budget_1024 seed=2
1966 stability chncxr resnet50 CHNCXR_0518_1 lime_budget_1024 seed=3
1967 stability chncxr resnet50 CHNCXR_0518_1 lime_budget_1024 seed=4
1968 stability chncxr resnet50 CHNCXR_0518_1 lime_budget_2048 seed=0
1969 stability chncxr resnet50 CHNCXR_0518_1 lime_budget_2048 seed=1
1970 stability chncxr resnet50 CHNCXR_0518_1 lime_budget_2048 seed=2
1971 stability chncxr resnet50 CHNCXR_0518_1 lime_budget_2048 seed=3
1972 stability chncxr resnet50 CHNCXR_0518_1 lime_budget_2048 seed=4
1973 stability chncxr resnet50 CHNCXR_0518_1 rise_budget_256 seed=0
1974 stability chncxr resnet50 CHNCXR_0518_1 rise_budget_256 seed=1
1975 stability chncxr resnet50 CHNCXR_0518_1 rise_budget_256 seed=2
1976 stability chncxr resnet50 CHNCXR_0518_1 rise_budget_256 seed=3
1977 stability chncxr resnet50 CHNCXR_0518_1 rise_budget_256 seed=4
1978 stability chncxr resnet50 CHNCXR_0518_1 rise_budget_512 seed=0
1979 stability chncxr resnet50 CHNCXR_0518_1 rise_budget_512 seed=1
1980 stability chncxr resnet50 CHNCXR_0518_1 rise_budget_512 seed=2
1981 stability chncxr resnet50 CHNCXR_0518_1 rise_budget_512 seed=3
1982 stability chncxr resnet50 CHNCXR_0518_1 rise_budget_512 seed=4
1983 stability chncxr resnet50 CHNCXR_0518_1 rise_budget_1024 seed=0
1984 stability chncxr resnet50 CHNCXR_0518_1 rise_budget_1024 seed=1
1985 stability chncxr resnet50 CHNCXR_0518_1 rise_budget_1024 seed=2
1986 stability chncxr resnet50 CHNCXR_0518_1 rise_budget_1024 seed=3
1987 stability chncxr resnet50 CHNCXR_0518_1 rise_budget_1024 seed=4
1988 stability chncxr resnet50 CHNCXR_0518_1 rise_budget_2048 seed=0
1989 stability chncxr resnet50 CHNCXR_0518_1 rise_budget_2048 seed=1
1990 stability chncxr resnet50 CHNCXR_0518_1 rise_budget_2048 seed=2
1991 stability chncxr resnet50 CHNCXR_0518_1 rise_budget_2048 seed=3
1992 stability chncxr resnet50 CHNCXR_0518_1 rise_budget_2048 seed=4
1993 stability chncxr resnet50 CHNCXR_0518_1 kernel_shap_budget_256 seed=0
1994 stability chncxr resnet50 CHNCXR_0518_1 kernel_shap_budget_256 seed=1
1995 stability chncxr resnet50 CHNCXR_0518_1 kernel_shap_budget_256 seed=2
1996 stability chncxr resnet50 CHNCXR_0518_1 kernel_shap_budget_256 seed=3
1997 stability chncxr resnet50 CHNCXR_0518_1 kernel_shap_budget_256 seed=4
1998 stability chncxr resnet50 CHNCXR_0518_1 kernel_shap_budget_512 seed=0
1999 stability chncxr resnet50 CHNCXR_0518_1 kernel_shap_budget_512 seed=1
2000 stability chncxr resnet50 CHNCXR_0518_1 kernel_shap_budget_512 seed=2
2001 stability chncxr resnet50 CHNCXR_0518_1 kernel_shap_budget_512 seed=3
2002 stability chncxr resnet50 CHNCXR_0518_1 kernel_shap_budget_512 seed=4
2003 stability chncxr resnet50 CHNCXR_0518_1 kernel_shap_budget_1024 seed=0
2004 stability chncxr resnet50 CHNCXR_0518_1 kernel_shap_budget_1024 seed=1
2005 stability chncxr resnet50 CHNCXR_0518_1 kernel_shap_budget_1024 seed=2
2006 stability chncxr resnet50 CHNCXR_0518_1 kernel_shap_budget_1024 seed=3
2007 stability chncxr resnet50 CHNCXR_0518_1 kernel_shap_budget_1024 seed=4
2008 stability chncxr resnet50 CHNCXR_0518_1 kernel_shap_budget_2048 seed=0
2009 stability chncxr resnet50 CHNCXR_0518_1 kernel_shap_budget_2048 seed=1
2010 stability chncxr resnet50 CHNCXR_0518_1 kernel_shap_budget_2048 seed=2
2011 stability chncxr resnet50 CHNCXR_0518_1 kernel_shap_budget_2048 seed=3
2012 stability chncxr resnet50 CHNCXR_0518_1 kernel_shap_budget_2048 seed=4
2013 stability chncxr resnet50 CHNCXR_0518_1 ablation_default seed=None
2014 stability chncxr resnet50 CHNCXR_0525_1 lime_budget_256 seed=0
2015 stability chncxr resnet50 CHNCXR_0525_1 lime_budget_256 seed=1
2016 stability chncxr resnet50 CHNCXR_0525_1 lime_budget_256 seed=2
2017 stability chncxr resnet50 CHNCXR_0525_1 lime_budget_256 seed=3
2018 stability chncxr resnet50 CHNCXR_0525_1 lime_budget_256 seed=4
2019 stability chncxr resnet50 CHNCXR_0525_1 lime_budget_512 seed=0
2020 stability chncxr resnet50 CHNCXR_0525_1 lime_budget_512 seed=1
2021 stability chncxr resnet50 CHNCXR_0525_1 lime_budget_512 seed=2
2022 stability chncxr resnet50 CHNCXR_0525_1 lime_budget_512 seed=3
2023 stability chncxr resnet50 CHNCXR_0525_1 lime_budget_512 seed=4
2024 stability chncxr resnet50 CHNCXR_0525_1 lime_budget_1024 seed=0
2025 stability chncxr resnet50 CHNCXR_0525_1 lime_budget_1024 seed=1
2026 stability chncxr resnet50 CHNCXR_0525_1 lime_budget_1024 seed=2
2027 stability chncxr resnet50 CHNCXR_0525_1 lime_budget_1024 seed=3
2028 stability chncxr resnet50 CHNCXR_0525_1 lime_budget_1024 seed=4
2029 stability chncxr resnet50 CHNCXR_0525_1 lime_budget_2048 seed=0
2030 stability chncxr resnet50 CHNCXR_0525_1 lime_budget_2048 seed=1
2031 stability chncxr resnet50 CHNCXR_0525_1 lime_budget_2048 seed=2
2032 stability chncxr resnet50 CHNCXR_0525_1 lime_budget_2048 seed=3
2033 stability chncxr resnet50 CHNCXR_0525_1 lime_budget_2048 seed=4
2034 stability chncxr resnet50 CHNCXR_0525_1 rise_budget_256 seed=0
2035 stability chncxr resnet50 CHNCXR_0525_1 rise_budget_256 seed=1
2036 stability chncxr resnet50 CHNCXR_0525_1 rise_budget_256 seed=2
2037 stability chncxr resnet50 CHNCXR_0525_1 rise_budget_256 seed=3
2038 stability chncxr resnet50 CHNCXR_0525_1 rise_budget_256 seed=4
2039 stability chncxr resnet50 CHNCXR_0525_1 rise_budget_512 seed=0
2040 stability chncxr resnet50 CHNCXR_0525_1 rise_budget_512 seed=1
2041 stability chncxr resnet50 CHNCXR_0525_1 rise_budget_512 seed=2
2042 stability chncxr resnet50 CHNCXR_0525_1 rise_budget_512 seed=3
2043 stability chncxr resnet50 CHNCXR_0525_1 rise_budget_512 seed=4
2044 stability chncxr resnet50 CHNCXR_0525_1 rise_budget_1024 seed=0
2045 stability chncxr resnet50 CHNCXR_0525_1 rise_budget_1024 seed=1
2046 stability chncxr resnet50 CHNCXR_0525_1 rise_budget_1024 seed=2
2047 stability chncxr resnet50 CHNCXR_0525_1 rise_budget_1024 seed=3
2048 stability chncxr resnet50 CHNCXR_0525_1 rise_budget_1024 seed=4
2049 stability chncxr resnet50 CHNCXR_0525_1 rise_budget_2048 seed=0
2050 stability chncxr resnet50 CHNCXR_0525_1 rise_budget_2048 seed=1
2051 stability chncxr resnet50 CHNCXR_0525_1 rise_budget_2048 seed=2
2052 stability chncxr resnet50 CHNCXR_0525_1 rise_budget_2048 seed=3
2053 stability chncxr resnet50 CHNCXR_0525_1 rise_budget_2048 seed=4
2054 stability chncxr resnet50 CHNCXR_0525_1 kernel_shap_budget_256 seed=0
2055 stability chncxr resnet50 CHNCXR_0525_1 kernel_shap_budget_256 seed=1
2056 stability chncxr resnet50 CHNCXR_0525_1 kernel_shap_budget_256 seed=2
2057 stability chncxr resnet50 CHNCXR_0525_1 kernel_shap_budget_256 seed=3
2058 stability chncxr resnet50 CHNCXR_0525_1 kernel_shap_budget_256 seed=4
2059 stability chncxr resnet50 CHNCXR_0525_1 kernel_shap_budget_512 seed=0
2060 stability chncxr resnet50 CHNCXR_0525_1 kernel_shap_budget_512 seed=1
2061 stability chncxr resnet50 CHNCXR_0525_1 kernel_shap_budget_512 seed=2
2062 stability chncxr resnet50 CHNCXR_0525_1 kernel_shap_budget_512 seed=3
2063 stability chncxr resnet50 CHNCXR_0525_1 kernel_shap_budget_512 seed=4
2064 stability chncxr resnet50 CHNCXR_0525_1 kernel_shap_budget_1024 seed=0
2065 stability chncxr resnet50 CHNCXR_0525_1 kernel_shap_budget_1024 seed=1
2066 stability chncxr resnet50 CHNCXR_0525_1 kernel_shap_budget_1024 seed=2
2067 stability chncxr resnet50 CHNCXR_0525_1 kernel_shap_budget_1024 seed=3
2068 stability chncxr resnet50 CHNCXR_0525_1 kernel_shap_budget_1024 seed=4
2069 stability chncxr resnet50 CHNCXR_0525_1 kernel_shap_budget_2048 seed=0
2070 stability chncxr resnet50 CHNCXR_0525_1 kernel_shap_budget_2048 seed=1
2071 stability chncxr resnet50 CHNCXR_0525_1 kernel_shap_budget_2048 seed=2
2072 stability chncxr resnet50 CHNCXR_0525_1 kernel_shap_budget_2048 seed=3
2073 stability chncxr resnet50 CHNCXR_0525_1 kernel_shap_budget_2048 seed=4
2074 stability chncxr resnet50 CHNCXR_0525_1 ablation_default seed=None
2075 stability chncxr resnet50 CHNCXR_0538_1 lime_budget_256 seed=0
2076 stability chncxr resnet50 CHNCXR_0538_1 lime_budget_256 seed=1
2077 stability chncxr resnet50 CHNCXR_0538_1 lime_budget_256 seed=2
2078 stability chncxr resnet50 CHNCXR_0538_1 lime_budget_256 seed=3
2079 stability chncxr resnet50 CHNCXR_0538_1 lime_budget_256 seed=4
2080 stability chncxr resnet50 CHNCXR_0538_1 lime_budget_512 seed=0
2081 stability chncxr resnet50 CHNCXR_0538_1 lime_budget_512 seed=1
2082 stability chncxr resnet50 CHNCXR_0538_1 lime_budget_512 seed=2
2083 stability chncxr resnet50 CHNCXR_0538_1 lime_budget_512 seed=3
2084 stability chncxr resnet50 CHNCXR_0538_1 lime_budget_512 seed=4
2085 stability chncxr resnet50 CHNCXR_0538_1 lime_budget_1024 seed=0
2086 stability chncxr resnet50 CHNCXR_0538_1 lime_budget_1024 seed=1
2087 stability chncxr resnet50 CHNCXR_0538_1 lime_budget_1024 seed=2
2088 stability chncxr resnet50 CHNCXR_0538_1 lime_budget_1024 seed=3
2089 stability chncxr resnet50 CHNCXR_0538_1 lime_budget_1024 seed=4
2090 stability chncxr resnet50 CHNCXR_0538_1 lime_budget_2048 seed=0
2091 stability chncxr resnet50 CHNCXR_0538_1 lime_budget_2048 seed=1
2092 stability chncxr resnet50 CHNCXR_0538_1 lime_budget_2048 seed=2
2093 stability chncxr resnet50 CHNCXR_0538_1 lime_budget_2048 seed=3
2094 stability chncxr resnet50 CHNCXR_0538_1 lime_budget_2048 seed=4
2095 stability chncxr resnet50 CHNCXR_0538_1 rise_budget_256 seed=0
2096 stability chncxr resnet50 CHNCXR_0538_1 rise_budget_256 seed=1
2097 stability chncxr resnet50 CHNCXR_0538_1 rise_budget_256 seed=2
2098 stability chncxr resnet50 CHNCXR_0538_1 rise_budget_256 seed=3
2099 stability chncxr resnet50 CHNCXR_0538_1 rise_budget_256 seed=4
2100 stability chncxr resnet50 CHNCXR_0538_1 rise_budget_512 seed=0
2101 stability chncxr resnet50 CHNCXR_0538_1 rise_budget_512 seed=1
2102 stability chncxr resnet50 CHNCXR_0538_1 rise_budget_512 seed=2
2103 stability chncxr resnet50 CHNCXR_0538_1 rise_budget_512 seed=3
2104 stability chncxr resnet50 CHNCXR_0538_1 rise_budget_512 seed=4
2105 stability chncxr resnet50 CHNCXR_0538_1 rise_budget_1024 seed=0
2106 stability chncxr resnet50 CHNCXR_0538_1 rise_budget_1024 seed=1
2107 stability chncxr resnet50 CHNCXR_0538_1 rise_budget_1024 seed=2
2108 stability chncxr resnet50 CHNCXR_0538_1 rise_budget_1024 seed=3
2109 stability chncxr resnet50 CHNCXR_0538_1 rise_budget_1024 seed=4
2110 stability chncxr resnet50 CHNCXR_0538_1 rise_budget_2048 seed=0
2111 stability chncxr resnet50 CHNCXR_0538_1 rise_budget_2048 seed=1
2112 stability chncxr resnet50 CHNCXR_0538_1 rise_budget_2048 seed=2
2113 stability chncxr resnet50 CHNCXR_0538_1 rise_budget_2048 seed=3
2114 stability chncxr resnet50 CHNCXR_0538_1 rise_budget_2048 seed=4
2115 stability chncxr resnet50 CHNCXR_0538_1 kernel_shap_budget_256 seed=0
2116 stability chncxr resnet50 CHNCXR_0538_1 kernel_shap_budget_256 seed=1
2117 stability chncxr resnet50 CHNCXR_0538_1 kernel_shap_budget_256 seed=2
2118 stability chncxr resnet50 CHNCXR_0538_1 kernel_shap_budget_256 seed=3
2119 stability chncxr resnet50 CHNCXR_0538_1 kernel_shap_budget_256 seed=4
2120 stability chncxr resnet50 CHNCXR_0538_1 kernel_shap_budget_512 seed=0
2121 stability chncxr resnet50 CHNCXR_0538_1 kernel_shap_budget_512 seed=1
2122 stability chncxr resnet50 CHNCXR_0538_1 kernel_shap_budget_512 seed=2
2123 stability chncxr resnet50 CHNCXR_0538_1 kernel_shap_budget_512 seed=3
2124 stability chncxr resnet50 CHNCXR_0538_1 kernel_shap_budget_512 seed=4
2125 stability chncxr resnet50 CHNCXR_0538_1 kernel_shap_budget_1024 seed=0
2126 stability chncxr resnet50 CHNCXR_0538_1 kernel_shap_budget_1024 seed=1
2127 stability chncxr resnet50 CHNCXR_0538_1 kernel_shap_budget_1024 seed=2
2128 stability chncxr resnet50 CHNCXR_0538_1 kernel_shap_budget_1024 seed=3
2129 stability chncxr resnet50 CHNCXR_0538_1 kernel_shap_budget_1024 seed=4
2130 stability chncxr resnet50 CHNCXR_0538_1 kernel_shap_budget_2048 seed=0
2131 stability chncxr resnet50 CHNCXR_0538_1 kernel_shap_budget_2048 seed=1
2132 stability chncxr resnet50 CHNCXR_0538_1 kernel_shap_budget_2048 seed=2
2133 stability chncxr resnet50 CHNCXR_0538_1 kernel_shap_budget_2048 seed=3
2134 stability chncxr resnet50 CHNCXR_0538_1 kernel_shap_budget_2048 seed=4
2135 stability chncxr resnet50 CHNCXR_0538_1 ablation_default seed=None
2136 stability chncxr resnet50 CHNCXR_0557_1 lime_budget_256 seed=0
2137 stability chncxr resnet50 CHNCXR_0557_1 lime_budget_256 seed=1
2138 stability chncxr resnet50 CHNCXR_0557_1 lime_budget_256 seed=2
2139 stability chncxr resnet50 CHNCXR_0557_1 lime_budget_256 seed=3
2140 stability chncxr resnet50 CHNCXR_0557_1 lime_budget_256 seed=4
2141 stability chncxr resnet50 CHNCXR_0557_1 lime_budget_512 seed=0
2142 stability chncxr resnet50 CHNCXR_0557_1 lime_budget_512 seed=1
2143 stability chncxr resnet50 CHNCXR_0557_1 lime_budget_512 seed=2
2144 stability chncxr resnet50 CHNCXR_0557_1 lime_budget_512 seed=3
2145 stability chncxr resnet50 CHNCXR_0557_1 lime_budget_512 seed=4
2146 stability chncxr resnet50 CHNCXR_0557_1 lime_budget_1024 seed=0
2147 stability chncxr resnet50 CHNCXR_0557_1 lime_budget_1024 seed=1
2148 stability chncxr resnet50 CHNCXR_0557_1 lime_budget_1024 seed=2
2149 stability chncxr resnet50 CHNCXR_0557_1 lime_budget_1024 seed=3
2150 stability chncxr resnet50 CHNCXR_0557_1 lime_budget_1024 seed=4
2151 stability chncxr resnet50 CHNCXR_0557_1 lime_budget_2048 seed=0
2152 stability chncxr resnet50 CHNCXR_0557_1 lime_budget_2048 seed=1
2153 stability chncxr resnet50 CHNCXR_0557_1 lime_budget_2048 seed=2
2154 stability chncxr resnet50 CHNCXR_0557_1 lime_budget_2048 seed=3
2155 stability chncxr resnet50 CHNCXR_0557_1 lime_budget_2048 seed=4
2156 stability chncxr resnet50 CHNCXR_0557_1 rise_budget_256 seed=0
2157 stability chncxr resnet50 CHNCXR_0557_1 rise_budget_256 seed=1
2158 stability chncxr resnet50 CHNCXR_0557_1 rise_budget_256 seed=2
2159 stability chncxr resnet50 CHNCXR_0557_1 rise_budget_256 seed=3
2160 stability chncxr resnet50 CHNCXR_0557_1 rise_budget_256 seed=4
2161 stability chncxr resnet50 CHNCXR_0557_1 rise_budget_512 seed=0
2162 stability chncxr resnet50 CHNCXR_0557_1 rise_budget_512 seed=1
2163 stability chncxr resnet50 CHNCXR_0557_1 rise_budget_512 seed=2
2164 stability chncxr resnet50 CHNCXR_0557_1 rise_budget_512 seed=3
2165 stability chncxr resnet50 CHNCXR_0557_1 rise_budget_512 seed=4
2166 stability chncxr resnet50 CHNCXR_0557_1 rise_budget_1024 seed=0
2167 stability chncxr resnet50 CHNCXR_0557_1 rise_budget_1024 seed=1
2168 stability chncxr resnet50 CHNCXR_0557_1 rise_budget_1024 seed=2
2169 stability chncxr resnet50 CHNCXR_0557_1 rise_budget_1024 seed=3
2170 stability chncxr resnet50 CHNCXR_0557_1 rise_budget_1024 seed=4
2171 stability chncxr resnet50 CHNCXR_0557_1 rise_budget_2048 seed=0
2172 stability chncxr resnet50 CHNCXR_0557_1 rise_budget_2048 seed=1
2173 stability chncxr resnet50 CHNCXR_0557_1 rise_budget_2048 seed=2
2174 stability chncxr resnet50 CHNCXR_0557_1 rise_budget_2048 seed=3
2175 stability chncxr resnet50 CHNCXR_0557_1 rise_budget_2048 seed=4
2176 stability chncxr resnet50 CHNCXR_0557_1 kernel_shap_budget_256 seed=0
2177 stability chncxr resnet50 CHNCXR_0557_1 kernel_shap_budget_256 seed=1
2178 stability chncxr resnet50 CHNCXR_0557_1 kernel_shap_budget_256 seed=2
2179 stability chncxr resnet50 CHNCXR_0557_1 kernel_shap_budget_256 seed=3
2180 stability chncxr resnet50 CHNCXR_0557_1 kernel_shap_budget_256 seed=4
2181 stability chncxr resnet50 CHNCXR_0557_1 kernel_shap_budget_512 seed=0
2182 stability chncxr resnet50 CHNCXR_0557_1 kernel_shap_budget_512 seed=1
2183 stability chncxr resnet50 CHNCXR_0557_1 kernel_shap_budget_512 seed=2
2184 stability chncxr resnet50 CHNCXR_0557_1 kernel_shap_budget_512 seed=3
2185 stability chncxr resnet50 CHNCXR_0557_1 kernel_shap_budget_512 seed=4
2186 stability chncxr resnet50 CHNCXR_0557_1 kernel_shap_budget_1024 seed=0
2187 stability chncxr resnet50 CHNCXR_0557_1 kernel_shap_budget_1024 seed=1
2188 stability chncxr resnet50 CHNCXR_0557_1 kernel_shap_budget_1024 seed=2
2189 stability chncxr resnet50 CHNCXR_0557_1 kernel_shap_budget_1024 seed=3
2190 stability chncxr resnet50 CHNCXR_0557_1 kernel_shap_budget_1024 seed=4
2191 stability chncxr resnet50 CHNCXR_0557_1 kernel_shap_budget_2048 seed=0
2192 stability chncxr resnet50 CHNCXR_0557_1 kernel_shap_budget_2048 seed=1
2193 stability chncxr resnet50 CHNCXR_0557_1 kernel_shap_budget_2048 seed=2
2194 stability chncxr resnet50 CHNCXR_0557_1 kernel_shap_budget_2048 seed=3
2195 stability chncxr resnet50 CHNCXR_0557_1 kernel_shap_budget_2048 seed=4
2196 stability chncxr resnet50 CHNCXR_0557_1 ablation_default seed=None
2197 stability chncxr resnet50 CHNCXR_0571_1 lime_budget_256 seed=0
2198 stability chncxr resnet50 CHNCXR_0571_1 lime_budget_256 seed=1
2199 stability chncxr resnet50 CHNCXR_0571_1 lime_budget_256 seed=2
2200 stability chncxr resnet50 CHNCXR_0571_1 lime_budget_256 seed=3
2201 stability chncxr resnet50 CHNCXR_0571_1 lime_budget_256 seed=4
2202 stability chncxr resnet50 CHNCXR_0571_1 lime_budget_512 seed=0
2203 stability chncxr resnet50 CHNCXR_0571_1 lime_budget_512 seed=1
2204 stability chncxr resnet50 CHNCXR_0571_1 lime_budget_512 seed=2
2205 stability chncxr resnet50 CHNCXR_0571_1 lime_budget_512 seed=3
2206 stability chncxr resnet50 CHNCXR_0571_1 lime_budget_512 seed=4
2207 stability chncxr resnet50 CHNCXR_0571_1 lime_budget_1024 seed=0
2208 stability chncxr resnet50 CHNCXR_0571_1 lime_budget_1024 seed=1
2209 stability chncxr resnet50 CHNCXR_0571_1 lime_budget_1024 seed=2
2210 stability chncxr resnet50 CHNCXR_0571_1 lime_budget_1024 seed=3
2211 stability chncxr resnet50 CHNCXR_0571_1 lime_budget_1024 seed=4
2212 stability chncxr resnet50 CHNCXR_0571_1 lime_budget_2048 seed=0
2213 stability chncxr resnet50 CHNCXR_0571_1 lime_budget_2048 seed=1
2214 stability chncxr resnet50 CHNCXR_0571_1 lime_budget_2048 seed=2
2215 stability chncxr resnet50 CHNCXR_0571_1 lime_budget_2048 seed=3
2216 stability chncxr resnet50 CHNCXR_0571_1 lime_budget_2048 seed=4
2217 stability chncxr resnet50 CHNCXR_0571_1 rise_budget_256 seed=0
2218 stability chncxr resnet50 CHNCXR_0571_1 rise_budget_256 seed=1
2219 stability chncxr resnet50 CHNCXR_0571_1 rise_budget_256 seed=2
2220 stability chncxr resnet50 CHNCXR_0571_1 rise_budget_256 seed=3
2221 stability chncxr resnet50 CHNCXR_0571_1 rise_budget_256 seed=4
2222 stability chncxr resnet50 CHNCXR_0571_1 rise_budget_512 seed=0
2223 stability chncxr resnet50 CHNCXR_0571_1 rise_budget_512 seed=1
2224 stability chncxr resnet50 CHNCXR_0571_1 rise_budget_512 seed=2
2225 stability chncxr resnet50 CHNCXR_0571_1 rise_budget_512 seed=3
2226 stability chncxr resnet50 CHNCXR_0571_1 rise_budget_512 seed=4
2227 stability chncxr resnet50 CHNCXR_0571_1 rise_budget_1024 seed=0
2228 stability chncxr resnet50 CHNCXR_0571_1 rise_budget_1024 seed=1
2229 stability chncxr resnet50 CHNCXR_0571_1 rise_budget_1024 seed=2
2230 stability chncxr resnet50 CHNCXR_0571_1 rise_budget_1024 seed=3
2231 stability chncxr resnet50 CHNCXR_0571_1 rise_budget_1024 seed=4
2232 stability chncxr resnet50 CHNCXR_0571_1 rise_budget_2048 seed=0
2233 stability chncxr resnet50 CHNCXR_0571_1 rise_budget_2048 seed=1
2234 stability chncxr resnet50 CHNCXR_0571_1 rise_budget_2048 seed=2
2235 stability chncxr resnet50 CHNCXR_0571_1 rise_budget_2048 seed=3
2236 stability chncxr resnet50 CHNCXR_0571_1 rise_budget_2048 seed=4
2237 stability chncxr resnet50 CHNCXR_0571_1 kernel_shap_budget_256 seed=0
2238 stability chncxr resnet50 CHNCXR_0571_1 kernel_shap_budget_256 seed=1
2239 stability chncxr resnet50 CHNCXR_0571_1 kernel_shap_budget_256 seed=2
2240 stability chncxr resnet50 CHNCXR_0571_1 kernel_shap_budget_256 seed=3
2241 stability chncxr resnet50 CHNCXR_0571_1 kernel_shap_budget_256 seed=4
2242 stability chncxr resnet50 CHNCXR_0571_1 kernel_shap_budget_512 seed=0
2243 stability chncxr resnet50 CHNCXR_0571_1 kernel_shap_budget_512 seed=1
2244 stability chncxr resnet50 CHNCXR_0571_1 kernel_shap_budget_512 seed=2
2245 stability chncxr resnet50 CHNCXR_0571_1 kernel_shap_budget_512 seed=3
2246 stability chncxr resnet50 CHNCXR_0571_1 kernel_shap_budget_512 seed=4
2247 stability chncxr resnet50 CHNCXR_0571_1 kernel_shap_budget_1024 seed=0
2248 stability chncxr resnet50 CHNCXR_0571_1 kernel_shap_budget_1024 seed=1
2249 stability chncxr resnet50 CHNCXR_0571_1 kernel_shap_budget_1024 seed=2
2250 stability chncxr resnet50 CHNCXR_0571_1 kernel_shap_budget_1024 seed=3
2251 stability chncxr resnet50 CHNCXR_0571_1 kernel_shap_budget_1024 seed=4
2252 stability chncxr resnet50 CHNCXR_0571_1 kernel_shap_budget_2048 seed=0
2253 stability chncxr resnet50 CHNCXR_0571_1 kernel_shap_budget_2048 seed=1
2254 stability chncxr resnet50 CHNCXR_0571_1 kernel_shap_budget_2048 seed=2
2255 stability chncxr resnet50 CHNCXR_0571_1 kernel_shap_budget_2048 seed=3
2256 stability chncxr resnet50 CHNCXR_0571_1 kernel_shap_budget_2048 seed=4
2257 stability chncxr resnet50 CHNCXR_0571_1 ablation_default seed=None
2258 stability chncxr resnet50 CHNCXR_0579_1 lime_budget_256 seed=0
2259 stability chncxr resnet50 CHNCXR_0579_1 lime_budget_256 seed=1
2260 stability chncxr resnet50 CHNCXR_0579_1 lime_budget_256 seed=2
2261 stability chncxr resnet50 CHNCXR_0579_1 lime_budget_256 seed=3
2262 stability chncxr resnet50 CHNCXR_0579_1 lime_budget_256 seed=4
2263 stability chncxr resnet50 CHNCXR_0579_1 lime_budget_512 seed=0
2264 stability chncxr resnet50 CHNCXR_0579_1 lime_budget_512 seed=1
2265 stability chncxr resnet50 CHNCXR_0579_1 lime_budget_512 seed=2
2266 stability chncxr resnet50 CHNCXR_0579_1 lime_budget_512 seed=3
2267 stability chncxr resnet50 CHNCXR_0579_1 lime_budget_512 seed=4
2268 stability chncxr resnet50 CHNCXR_0579_1 lime_budget_1024 seed=0
2269 stability chncxr resnet50 CHNCXR_0579_1 lime_budget_1024 seed=1
2270 stability chncxr resnet50 CHNCXR_0579_1 lime_budget_1024 seed=2
2271 stability chncxr resnet50 CHNCXR_0579_1 lime_budget_1024 seed=3
2272 stability chncxr resnet50 CHNCXR_0579_1 lime_budget_1024 seed=4
2273 stability chncxr resnet50 CHNCXR_0579_1 lime_budget_2048 seed=0
2274 stability chncxr resnet50 CHNCXR_0579_1 lime_budget_2048 seed=1
2275 stability chncxr resnet50 CHNCXR_0579_1 lime_budget_2048 seed=2
2276 stability chncxr resnet50 CHNCXR_0579_1 lime_budget_2048 seed=3
2277 stability chncxr resnet50 CHNCXR_0579_1 lime_budget_2048 seed=4
2278 stability chncxr resnet50 CHNCXR_0579_1 rise_budget_256 seed=0
2279 stability chncxr resnet50 CHNCXR_0579_1 rise_budget_256 seed=1
2280 stability chncxr resnet50 CHNCXR_0579_1 rise_budget_256 seed=2
2281 stability chncxr resnet50 CHNCXR_0579_1 rise_budget_256 seed=3
2282 stability chncxr resnet50 CHNCXR_0579_1 rise_budget_256 seed=4
2283 stability chncxr resnet50 CHNCXR_0579_1 rise_budget_512 seed=0
2284 stability chncxr resnet50 CHNCXR_0579_1 rise_budget_512 seed=1
2285 stability chncxr resnet50 CHNCXR_0579_1 rise_budget_512 seed=2
2286 stability chncxr resnet50 CHNCXR_0579_1 rise_budget_512 seed=3
2287 stability chncxr resnet50 CHNCXR_0579_1 rise_budget_512 seed=4
2288 stability chncxr resnet50 CHNCXR_0579_1 rise_budget_1024 seed=0
2289 stability chncxr resnet50 CHNCXR_0579_1 rise_budget_1024 seed=1
2290 stability chncxr resnet50 CHNCXR_0579_1 rise_budget_1024 seed=2
2291 stability chncxr resnet50 CHNCXR_0579_1 rise_budget_1024 seed=3
2292 stability chncxr resnet50 CHNCXR_0579_1 rise_budget_1024 seed=4
2293 stability chncxr resnet50 CHNCXR_0579_1 rise_budget_2048 seed=0
2294 stability chncxr resnet50 CHNCXR_0579_1 rise_budget_2048 seed=1
2295 stability chncxr resnet50 CHNCXR_0579_1 rise_budget_2048 seed=2
2296 stability chncxr resnet50 CHNCXR_0579_1 rise_budget_2048 seed=3
2297 stability chncxr resnet50 CHNCXR_0579_1 rise_budget_2048 seed=4
2298 stability chncxr resnet50 CHNCXR_0579_1 kernel_shap_budget_256 seed=0
2299 stability chncxr resnet50 CHNCXR_0579_1 kernel_shap_budget_256 seed=1
2300 stability chncxr resnet50 CHNCXR_0579_1 kernel_shap_budget_256 seed=2
2301 stability chncxr resnet50 CHNCXR_0579_1 kernel_shap_budget_256 seed=3
2302 stability chncxr resnet50 CHNCXR_0579_1 kernel_shap_budget_256 seed=4
2303 stability chncxr resnet50 CHNCXR_0579_1 kernel_shap_budget_512 seed=0
2304 stability chncxr resnet50 CHNCXR_0579_1 kernel_shap_budget_512 seed=1
2305 stability chncxr resnet50 CHNCXR_0579_1 kernel_shap_budget_512 seed=2
2306 stability chncxr resnet50 CHNCXR_0579_1 kernel_shap_budget_512 seed=3
2307 stability chncxr resnet50 CHNCXR_0579_1 kernel_shap_budget_512 seed=4
2308 stability chncxr resnet50 CHNCXR_0579_1 kernel_shap_budget_1024 seed=0
2309 stability chncxr resnet50 CHNCXR_0579_1 kernel_shap_budget_1024 seed=1
2310 stability chncxr resnet50 CHNCXR_0579_1 kernel_shap_budget_1024 seed=2
2311 stability chncxr resnet50 CHNCXR_0579_1 kernel_shap_budget_1024 seed=3
2312 stability chncxr resnet50 CHNCXR_0579_1 kernel_shap_budget_1024 seed=4
2313 stability chncxr resnet50 CHNCXR_0579_1 kernel_shap_budget_2048 seed=0
2314 stability chncxr resnet50 CHNCXR_0579_1 kernel_shap_budget_2048 seed=1
2315 stability chncxr resnet50 CHNCXR_0579_1 kernel_shap_budget_2048 seed=2
2316 stability chncxr resnet50 CHNCXR_0579_1 kernel_shap_budget_2048 seed=3
2317 stability chncxr resnet50 CHNCXR_0579_1 kernel_shap_budget_2048 seed=4
2318 stability chncxr resnet50 CHNCXR_0579_1 ablation_default seed=None
2319 stability chncxr resnet50 CHNCXR_0583_1 lime_budget_256 seed=0
2320 stability chncxr resnet50 CHNCXR_0583_1 lime_budget_256 seed=1
2321 stability chncxr resnet50 CHNCXR_0583_1 lime_budget_256 seed=2
2322 stability chncxr resnet50 CHNCXR_0583_1 lime_budget_256 seed=3
2323 stability chncxr resnet50 CHNCXR_0583_1 lime_budget_256 seed=4
2324 stability chncxr resnet50 CHNCXR_0583_1 lime_budget_512 seed=0
2325 stability chncxr resnet50 CHNCXR_0583_1 lime_budget_512 seed=1
2326 stability chncxr resnet50 CHNCXR_0583_1 lime_budget_512 seed=2
2327 stability chncxr resnet50 CHNCXR_0583_1 lime_budget_512 seed=3
2328 stability chncxr resnet50 CHNCXR_0583_1 lime_budget_512 seed=4
2329 stability chncxr resnet50 CHNCXR_0583_1 lime_budget_1024 seed=0
2330 stability chncxr resnet50 CHNCXR_0583_1 lime_budget_1024 seed=1
2331 stability chncxr resnet50 CHNCXR_0583_1 lime_budget_1024 seed=2
2332 stability chncxr resnet50 CHNCXR_0583_1 lime_budget_1024 seed=3
2333 stability chncxr resnet50 CHNCXR_0583_1 lime_budget_1024 seed=4
2334 stability chncxr resnet50 CHNCXR_0583_1 lime_budget_2048 seed=0
2335 stability chncxr resnet50 CHNCXR_0583_1 lime_budget_2048 seed=1
2336 stability chncxr resnet50 CHNCXR_0583_1 lime_budget_2048 seed=2
2337 stability chncxr resnet50 CHNCXR_0583_1 lime_budget_2048 seed=3
2338 stability chncxr resnet50 CHNCXR_0583_1 lime_budget_2048 seed=4
2339 stability chncxr resnet50 CHNCXR_0583_1 rise_budget_256 seed=0
2340 stability chncxr resnet50 CHNCXR_0583_1 rise_budget_256 seed=1
2341 stability chncxr resnet50 CHNCXR_0583_1 rise_budget_256 seed=2
2342 stability chncxr resnet50 CHNCXR_0583_1 rise_budget_256 seed=3
2343 stability chncxr resnet50 CHNCXR_0583_1 rise_budget_256 seed=4
2344 stability chncxr resnet50 CHNCXR_0583_1 rise_budget_512 seed=0
2345 stability chncxr resnet50 CHNCXR_0583_1 rise_budget_512 seed=1
2346 stability chncxr resnet50 CHNCXR_0583_1 rise_budget_512 seed=2
2347 stability chncxr resnet50 CHNCXR_0583_1 rise_budget_512 seed=3
2348 stability chncxr resnet50 CHNCXR_0583_1 rise_budget_512 seed=4
2349 stability chncxr resnet50 CHNCXR_0583_1 rise_budget_1024 seed=0
2350 stability chncxr resnet50 CHNCXR_0583_1 rise_budget_1024 seed=1
2351 stability chncxr resnet50 CHNCXR_0583_1 rise_budget_1024 seed=2
2352 stability chncxr resnet50 CHNCXR_0583_1 rise_budget_1024 seed=3
2353 stability chncxr resnet50 CHNCXR_0583_1 rise_budget_1024 seed=4
2354 stability chncxr resnet50 CHNCXR_0583_1 rise_budget_2048 seed=0
2355 stability chncxr resnet50 CHNCXR_0583_1 rise_budget_2048 seed=1
2356 stability chncxr resnet50 CHNCXR_0583_1 rise_budget_2048 seed=2
2357 stability chncxr resnet50 CHNCXR_0583_1 rise_budget_2048 seed=3
2358 stability chncxr resnet50 CHNCXR_0583_1 rise_budget_2048 seed=4
2359 stability chncxr resnet50 CHNCXR_0583_1 kernel_shap_budget_256 seed=0
2360 stability chncxr resnet50 CHNCXR_0583_1 kernel_shap_budget_256 seed=1
2361 stability chncxr resnet50 CHNCXR_0583_1 kernel_shap_budget_256 seed=2
2362 stability chncxr resnet50 CHNCXR_0583_1 kernel_shap_budget_256 seed=3
2363 stability chncxr resnet50 CHNCXR_0583_1 kernel_shap_budget_256 seed=4
2364 stability chncxr resnet50 CHNCXR_0583_1 kernel_shap_budget_512 seed=0
2365 stability chncxr resnet50 CHNCXR_0583_1 kernel_shap_budget_512 seed=1
2366 stability chncxr resnet50 CHNCXR_0583_1 kernel_shap_budget_512 seed=2
2367 stability chncxr resnet50 CHNCXR_0583_1 kernel_shap_budget_512 seed=3
2368 stability chncxr resnet50 CHNCXR_0583_1 kernel_shap_budget_512 seed=4
2369 stability chncxr resnet50 CHNCXR_0583_1 kernel_shap_budget_1024 seed=0
2370 stability chncxr resnet50 CHNCXR_0583_1 kernel_shap_budget_1024 seed=1
2371 stability chncxr resnet50 CHNCXR_0583_1 kernel_shap_budget_1024 seed=2
2372 stability chncxr resnet50 CHNCXR_0583_1 kernel_shap_budget_1024 seed=3
2373 stability chncxr resnet50 CHNCXR_0583_1 kernel_shap_budget_1024 seed=4
2374 stability chncxr resnet50 CHNCXR_0583_1 kernel_shap_budget_2048 seed=0
2375 stability chncxr resnet50 CHNCXR_0583_1 kernel_shap_budget_2048 seed=1
2376 stability chncxr resnet50 CHNCXR_0583_1 kernel_shap_budget_2048 seed=2
2377 stability chncxr resnet50 CHNCXR_0583_1 kernel_shap_budget_2048 seed=3
2378 stability chncxr resnet50 CHNCXR_0583_1 kernel_shap_budget_2048 seed=4
2379 stability chncxr resnet50 CHNCXR_0583_1 ablation_default seed=None
2380 stability chncxr resnet50 CHNCXR_0587_1 lime_budget_256 seed=0
2381 stability chncxr resnet50 CHNCXR_0587_1 lime_budget_256 seed=1
2382 stability chncxr resnet50 CHNCXR_0587_1 lime_budget_256 seed=2
2383 stability chncxr resnet50 CHNCXR_0587_1 lime_budget_256 seed=3
2384 stability chncxr resnet50 CHNCXR_0587_1 lime_budget_256 seed=4
2385 stability chncxr resnet50 CHNCXR_0587_1 lime_budget_512 seed=0
2386 stability chncxr resnet50 CHNCXR_0587_1 lime_budget_512 seed=1
2387 stability chncxr resnet50 CHNCXR_0587_1 lime_budget_512 seed=2
2388 stability chncxr resnet50 CHNCXR_0587_1 lime_budget_512 seed=3
2389 stability chncxr resnet50 CHNCXR_0587_1 lime_budget_512 seed=4
2390 stability chncxr resnet50 CHNCXR_0587_1 lime_budget_1024 seed=0
2391 stability chncxr resnet50 CHNCXR_0587_1 lime_budget_1024 seed=1
2392 stability chncxr resnet50 CHNCXR_0587_1 lime_budget_1024 seed=2
2393 stability chncxr resnet50 CHNCXR_0587_1 lime_budget_1024 seed=3
2394 stability chncxr resnet50 CHNCXR_0587_1 lime_budget_1024 seed=4
2395 stability chncxr resnet50 CHNCXR_0587_1 lime_budget_2048 seed=0
2396 stability chncxr resnet50 CHNCXR_0587_1 lime_budget_2048 seed=1
2397 stability chncxr resnet50 CHNCXR_0587_1 lime_budget_2048 seed=2
2398 stability chncxr resnet50 CHNCXR_0587_1 lime_budget_2048 seed=3
2399 stability chncxr resnet50 CHNCXR_0587_1 lime_budget_2048 seed=4
2400 stability chncxr resnet50 CHNCXR_0587_1 rise_budget_256 seed=0
2401 stability chncxr resnet50 CHNCXR_0587_1 rise_budget_256 seed=1
2402 stability chncxr resnet50 CHNCXR_0587_1 rise_budget_256 seed=2
2403 stability chncxr resnet50 CHNCXR_0587_1 rise_budget_256 seed=3
2404 stability chncxr resnet50 CHNCXR_0587_1 rise_budget_256 seed=4
2405 stability chncxr resnet50 CHNCXR_0587_1 rise_budget_512 seed=0
2406 stability chncxr resnet50 CHNCXR_0587_1 rise_budget_512 seed=1
2407 stability chncxr resnet50 CHNCXR_0587_1 rise_budget_512 seed=2
2408 stability chncxr resnet50 CHNCXR_0587_1 rise_budget_512 seed=3
2409 stability chncxr resnet50 CHNCXR_0587_1 rise_budget_512 seed=4
2410 stability chncxr resnet50 CHNCXR_0587_1 rise_budget_1024 seed=0
2411 stability chncxr resnet50 CHNCXR_0587_1 rise_budget_1024 seed=1
2412 stability chncxr resnet50 CHNCXR_0587_1 rise_budget_1024 seed=2
2413 stability chncxr resnet50 CHNCXR_0587_1 rise_budget_1024 seed=3
2414 stability chncxr resnet50 CHNCXR_0587_1 rise_budget_1024 seed=4
2415 stability chncxr resnet50 CHNCXR_0587_1 rise_budget_2048 seed=0
2416 stability chncxr resnet50 CHNCXR_0587_1 rise_budget_2048 seed=1
2417 stability chncxr resnet50 CHNCXR_0587_1 rise_budget_2048 seed=2
2418 stability chncxr resnet50 CHNCXR_0587_1 rise_budget_2048 seed=3
2419 stability chncxr resnet50 CHNCXR_0587_1 rise_budget_2048 seed=4
2420 stability chncxr resnet50 CHNCXR_0587_1 kernel_shap_budget_256 seed=0
2421 stability chncxr resnet50 CHNCXR_0587_1 kernel_shap_budget_256 seed=1
2422 stability chncxr resnet50 CHNCXR_0587_1 kernel_shap_budget_256 seed=2
2423 stability chncxr resnet50 CHNCXR_0587_1 kernel_shap_budget_256 seed=3
2424 stability chncxr resnet50 CHNCXR_0587_1 kernel_shap_budget_256 seed=4
2425 stability chncxr resnet50 CHNCXR_0587_1 kernel_shap_budget_512 seed=0
2426 stability chncxr resnet50 CHNCXR_0587_1 kernel_shap_budget_512 seed=1
2427 stability chncxr resnet50 CHNCXR_0587_1 kernel_shap_budget_512 seed=2
2428 stability chncxr resnet50 CHNCXR_0587_1 kernel_shap_budget_512 seed=3
2429 stability chncxr resnet50 CHNCXR_0587_1 kernel_shap_budget_512 seed=4
2430 stability chncxr resnet50 CHNCXR_0587_1 kernel_shap_budget_1024 seed=0
2431 stability chncxr resnet50 CHNCXR_0587_1 kernel_shap_budget_1024 seed=1
2432 stability chncxr resnet50 CHNCXR_0587_1 kernel_shap_budget_1024 seed=2
2433 stability chncxr resnet50 CHNCXR_0587_1 kernel_shap_budget_1024 seed=3
2434 stability chncxr resnet50 CHNCXR_0587_1 kernel_shap_budget_1024 seed=4
2435 stability chncxr resnet50 CHNCXR_0587_1 kernel_shap_budget_2048 seed=0
2436 stability chncxr resnet50 CHNCXR_0587_1 kernel_shap_budget_2048 seed=1
2437 stability chncxr resnet50 CHNCXR_0587_1 kernel_shap_budget_2048 seed=2
2438 stability chncxr resnet50 CHNCXR_0587_1 kernel_shap_budget_2048 seed=3
2439 stability chncxr resnet50 CHNCXR_0587_1 kernel_shap_budget_2048 seed=4
2440 stability chncxr resnet50 CHNCXR_0587_1 ablation_default seed=None
2441 stability chncxr resnet50 CHNCXR_0602_1 lime_budget_256 seed=0
2442 stability chncxr resnet50 CHNCXR_0602_1 lime_budget_256 seed=1
2443 stability chncxr resnet50 CHNCXR_0602_1 lime_budget_256 seed=2
2444 stability chncxr resnet50 CHNCXR_0602_1 lime_budget_256 seed=3
2445 stability chncxr resnet50 CHNCXR_0602_1 lime_budget_256 seed=4
2446 stability chncxr resnet50 CHNCXR_0602_1 lime_budget_512 seed=0
2447 stability chncxr resnet50 CHNCXR_0602_1 lime_budget_512 seed=1
2448 stability chncxr resnet50 CHNCXR_0602_1 lime_budget_512 seed=2
2449 stability chncxr resnet50 CHNCXR_0602_1 lime_budget_512 seed=3
2450 stability chncxr resnet50 CHNCXR_0602_1 lime_budget_512 seed=4
2451 stability chncxr resnet50 CHNCXR_0602_1 lime_budget_1024 seed=0
2452 stability chncxr resnet50 CHNCXR_0602_1 lime_budget_1024 seed=1
2453 stability chncxr resnet50 CHNCXR_0602_1 lime_budget_1024 seed=2
2454 stability chncxr resnet50 CHNCXR_0602_1 lime_budget_1024 seed=3
2455 stability chncxr resnet50 CHNCXR_0602_1 lime_budget_1024 seed=4
2456 stability chncxr resnet50 CHNCXR_0602_1 lime_budget_2048 seed=0
2457 stability chncxr resnet50 CHNCXR_0602_1 lime_budget_2048 seed=1
2458 stability chncxr resnet50 CHNCXR_0602_1 lime_budget_2048 seed=2
2459 stability chncxr resnet50 CHNCXR_0602_1 lime_budget_2048 seed=3
2460 stability chncxr resnet50 CHNCXR_0602_1 lime_budget_2048 seed=4
2461 stability chncxr resnet50 CHNCXR_0602_1 rise_budget_256 seed=0
2462 stability chncxr resnet50 CHNCXR_0602_1 rise_budget_256 seed=1
2463 stability chncxr resnet50 CHNCXR_0602_1 rise_budget_256 seed=2
2464 stability chncxr resnet50 CHNCXR_0602_1 rise_budget_256 seed=3
2465 stability chncxr resnet50 CHNCXR_0602_1 rise_budget_256 seed=4
2466 stability chncxr resnet50 CHNCXR_0602_1 rise_budget_512 seed=0
2467 stability chncxr resnet50 CHNCXR_0602_1 rise_budget_512 seed=1
2468 stability chncxr resnet50 CHNCXR_0602_1 rise_budget_512 seed=2
2469 stability chncxr resnet50 CHNCXR_0602_1 rise_budget_512 seed=3
2470 stability chncxr resnet50 CHNCXR_0602_1 rise_budget_512 seed=4
2471 stability chncxr resnet50 CHNCXR_0602_1 rise_budget_1024 seed=0
2472 stability chncxr resnet50 CHNCXR_0602_1 rise_budget_1024 seed=1
2473 stability chncxr resnet50 CHNCXR_0602_1 rise_budget_1024 seed=2
2474 stability chncxr resnet50 CHNCXR_0602_1 rise_budget_1024 seed=3
2475 stability chncxr resnet50 CHNCXR_0602_1 rise_budget_1024 seed=4
2476 stability chncxr resnet50 CHNCXR_0602_1 rise_budget_2048 seed=0
2477 stability chncxr resnet50 CHNCXR_0602_1 rise_budget_2048 seed=1
2478 stability chncxr resnet50 CHNCXR_0602_1 rise_budget_2048 seed=2
2479 stability chncxr resnet50 CHNCXR_0602_1 rise_budget_2048 seed=3
2480 stability chncxr resnet50 CHNCXR_0602_1 rise_budget_2048 seed=4
2481 stability chncxr resnet50 CHNCXR_0602_1 kernel_shap_budget_256 seed=0
2482 stability chncxr resnet50 CHNCXR_0602_1 kernel_shap_budget_256 seed=1
2483 stability chncxr resnet50 CHNCXR_0602_1 kernel_shap_budget_256 seed=2
2484 stability chncxr resnet50 CHNCXR_0602_1 kernel_shap_budget_256 seed=3
2485 stability chncxr resnet50 CHNCXR_0602_1 kernel_shap_budget_256 seed=4
2486 stability chncxr resnet50 CHNCXR_0602_1 kernel_shap_budget_512 seed=0
2487 stability chncxr resnet50 CHNCXR_0602_1 kernel_shap_budget_512 seed=1
2488 stability chncxr resnet50 CHNCXR_0602_1 kernel_shap_budget_512 seed=2
2489 stability chncxr resnet50 CHNCXR_0602_1 kernel_shap_budget_512 seed=3
2490 stability chncxr resnet50 CHNCXR_0602_1 kernel_shap_budget_512 seed=4
2491 stability chncxr resnet50 CHNCXR_0602_1 kernel_shap_budget_1024 seed=0
2492 stability chncxr resnet50 CHNCXR_0602_1 kernel_shap_budget_1024 seed=1
2493 stability chncxr resnet50 CHNCXR_0602_1 kernel_shap_budget_1024 seed=2
2494 stability chncxr resnet50 CHNCXR_0602_1 kernel_shap_budget_1024 seed=3
2495 stability chncxr resnet50 CHNCXR_0602_1 kernel_shap_budget_1024 seed=4
2496 stability chncxr resnet50 CHNCXR_0602_1 kernel_shap_budget_2048 seed=0
2497 stability chncxr resnet50 CHNCXR_0602_1 kernel_shap_budget_2048 seed=1
2498 stability chncxr resnet50 CHNCXR_0602_1 kernel_shap_budget_2048 seed=2
2499 stability chncxr resnet50 CHNCXR_0602_1 kernel_shap_budget_2048 seed=3
2500 stability chncxr resnet50 CHNCXR_0602_1 kernel_shap_budget_2048 seed=4
2501 stability chncxr resnet50 CHNCXR_0602_1 ablation_default seed=None
2502 stability chncxr resnet50 CHNCXR_0620_1 lime_budget_256 seed=0
2503 stability chncxr resnet50 CHNCXR_0620_1 lime_budget_256 seed=1
2504 stability chncxr resnet50 CHNCXR_0620_1 lime_budget_256 seed=2
2505 stability chncxr resnet50 CHNCXR_0620_1 lime_budget_256 seed=3
2506 stability chncxr resnet50 CHNCXR_0620_1 lime_budget_256 seed=4
2507 stability chncxr resnet50 CHNCXR_0620_1 lime_budget_512 seed=0
2508 stability chncxr resnet50 CHNCXR_0620_1 lime_budget_512 seed=1
2509 stability chncxr resnet50 CHNCXR_0620_1 lime_budget_512 seed=2
2510 stability chncxr resnet50 CHNCXR_0620_1 lime_budget_512 seed=3
2511 stability chncxr resnet50 CHNCXR_0620_1 lime_budget_512 seed=4
2512 stability chncxr resnet50 CHNCXR_0620_1 lime_budget_1024 seed=0
2513 stability chncxr resnet50 CHNCXR_0620_1 lime_budget_1024 seed=1
2514 stability chncxr resnet50 CHNCXR_0620_1 lime_budget_1024 seed=2
2515 stability chncxr resnet50 CHNCXR_0620_1 lime_budget_1024 seed=3
2516 stability chncxr resnet50 CHNCXR_0620_1 lime_budget_1024 seed=4
2517 stability chncxr resnet50 CHNCXR_0620_1 lime_budget_2048 seed=0
2518 stability chncxr resnet50 CHNCXR_0620_1 lime_budget_2048 seed=1
2519 stability chncxr resnet50 CHNCXR_0620_1 lime_budget_2048 seed=2
2520 stability chncxr resnet50 CHNCXR_0620_1 lime_budget_2048 seed=3
2521 stability chncxr resnet50 CHNCXR_0620_1 lime_budget_2048 seed=4
2522 stability chncxr resnet50 CHNCXR_0620_1 rise_budget_256 seed=0
2523 stability chncxr resnet50 CHNCXR_0620_1 rise_budget_256 seed=1
2524 stability chncxr resnet50 CHNCXR_0620_1 rise_budget_256 seed=2
2525 stability chncxr resnet50 CHNCXR_0620_1 rise_budget_256 seed=3
2526 stability chncxr resnet50 CHNCXR_0620_1 rise_budget_256 seed=4
2527 stability chncxr resnet50 CHNCXR_0620_1 rise_budget_512 seed=0
2528 stability chncxr resnet50 CHNCXR_0620_1 rise_budget_512 seed=1
2529 stability chncxr resnet50 CHNCXR_0620_1 rise_budget_512 seed=2
2530 stability chncxr resnet50 CHNCXR_0620_1 rise_budget_512 seed=3
2531 stability chncxr resnet50 CHNCXR_0620_1 rise_budget_512 seed=4
2532 stability chncxr resnet50 CHNCXR_0620_1 rise_budget_1024 seed=0
2533 stability chncxr resnet50 CHNCXR_0620_1 rise_budget_1024 seed=1
2534 stability chncxr resnet50 CHNCXR_0620_1 rise_budget_1024 seed=2
2535 stability chncxr resnet50 CHNCXR_0620_1 rise_budget_1024 seed=3
2536 stability chncxr resnet50 CHNCXR_0620_1 rise_budget_1024 seed=4
2537 stability chncxr resnet50 CHNCXR_0620_1 rise_budget_2048 seed=0
2538 stability chncxr resnet50 CHNCXR_0620_1 rise_budget_2048 seed=1
2539 stability chncxr resnet50 CHNCXR_0620_1 rise_budget_2048 seed=2
2540 stability chncxr resnet50 CHNCXR_0620_1 rise_budget_2048 seed=3
2541 stability chncxr resnet50 CHNCXR_0620_1 rise_budget_2048 seed=4
2542 stability chncxr resnet50 CHNCXR_0620_1 kernel_shap_budget_256 seed=0
2543 stability chncxr resnet50 CHNCXR_0620_1 kernel_shap_budget_256 seed=1
2544 stability chncxr resnet50 CHNCXR_0620_1 kernel_shap_budget_256 seed=2
2545 stability chncxr resnet50 CHNCXR_0620_1 kernel_shap_budget_256 seed=3
2546 stability chncxr resnet50 CHNCXR_0620_1 kernel_shap_budget_256 seed=4
2547 stability chncxr resnet50 CHNCXR_0620_1 kernel_shap_budget_512 seed=0
2548 stability chncxr resnet50 CHNCXR_0620_1 kernel_shap_budget_512 seed=1
2549 stability chncxr resnet50 CHNCXR_0620_1 kernel_shap_budget_512 seed=2
2550 stability chncxr resnet50 CHNCXR_0620_1 kernel_shap_budget_512 seed=3
2551 stability chncxr resnet50 CHNCXR_0620_1 kernel_shap_budget_512 seed=4
2552 stability chncxr resnet50 CHNCXR_0620_1 kernel_shap_budget_1024 seed=0
2553 stability chncxr resnet50 CHNCXR_0620_1 kernel_shap_budget_1024 seed=1
2554 stability chncxr resnet50 CHNCXR_0620_1 kernel_shap_budget_1024 seed=2
2555 stability chncxr resnet50 CHNCXR_0620_1 kernel_shap_budget_1024 seed=3
2556 stability chncxr resnet50 CHNCXR_0620_1 kernel_shap_budget_1024 seed=4
2557 stability chncxr resnet50 CHNCXR_0620_1 kernel_shap_budget_2048 seed=0
2558 stability chncxr resnet50 CHNCXR_0620_1 kernel_shap_budget_2048 seed=1
2559 stability chncxr resnet50 CHNCXR_0620_1 kernel_shap_budget_2048 seed=2
2560 stability chncxr resnet50 CHNCXR_0620_1 kernel_shap_budget_2048 seed=3
2561 stability chncxr resnet50 CHNCXR_0620_1 kernel_shap_budget_2048 seed=4
2562 stability chncxr resnet50 CHNCXR_0620_1 ablation_default seed=None
2563 stability chncxr resnet50 CHNCXR_0648_1 lime_budget_256 seed=0
2564 stability chncxr resnet50 CHNCXR_0648_1 lime_budget_256 seed=1
2565 stability chncxr resnet50 CHNCXR_0648_1 lime_budget_256 seed=2
2566 stability chncxr resnet50 CHNCXR_0648_1 lime_budget_256 seed=3
2567 stability chncxr resnet50 CHNCXR_0648_1 lime_budget_256 seed=4
2568 stability chncxr resnet50 CHNCXR_0648_1 lime_budget_512 seed=0
2569 stability chncxr resnet50 CHNCXR_0648_1 lime_budget_512 seed=1
2570 stability chncxr resnet50 CHNCXR_0648_1 lime_budget_512 seed=2
2571 stability chncxr resnet50 CHNCXR_0648_1 lime_budget_512 seed=3
2572 stability chncxr resnet50 CHNCXR_0648_1 lime_budget_512 seed=4
2573 stability chncxr resnet50 CHNCXR_0648_1 lime_budget_1024 seed=0
2574 stability chncxr resnet50 CHNCXR_0648_1 lime_budget_1024 seed=1
2575 stability chncxr resnet50 CHNCXR_0648_1 lime_budget_1024 seed=2
2576 stability chncxr resnet50 CHNCXR_0648_1 lime_budget_1024 seed=3
2577 stability chncxr resnet50 CHNCXR_0648_1 lime_budget_1024 seed=4
2578 stability chncxr resnet50 CHNCXR_0648_1 lime_budget_2048 seed=0
2579 stability chncxr resnet50 CHNCXR_0648_1 lime_budget_2048 seed=1
2580 stability chncxr resnet50 CHNCXR_0648_1 lime_budget_2048 seed=2
2581 stability chncxr resnet50 CHNCXR_0648_1 lime_budget_2048 seed=3
2582 stability chncxr resnet50 CHNCXR_0648_1 lime_budget_2048 seed=4
2583 stability chncxr resnet50 CHNCXR_0648_1 rise_budget_256 seed=0
2584 stability chncxr resnet50 CHNCXR_0648_1 rise_budget_256 seed=1
2585 stability chncxr resnet50 CHNCXR_0648_1 rise_budget_256 seed=2
2586 stability chncxr resnet50 CHNCXR_0648_1 rise_budget_256 seed=3
2587 stability chncxr resnet50 CHNCXR_0648_1 rise_budget_256 seed=4
2588 stability chncxr resnet50 CHNCXR_0648_1 rise_budget_512 seed=0
2589 stability chncxr resnet50 CHNCXR_0648_1 rise_budget_512 seed=1
2590 stability chncxr resnet50 CHNCXR_0648_1 rise_budget_512 seed=2
2591 stability chncxr resnet50 CHNCXR_0648_1 rise_budget_512 seed=3
2592 stability chncxr resnet50 CHNCXR_0648_1 rise_budget_512 seed=4
2593 stability chncxr resnet50 CHNCXR_0648_1 rise_budget_1024 seed=0
2594 stability chncxr resnet50 CHNCXR_0648_1 rise_budget_1024 seed=1
2595 stability chncxr resnet50 CHNCXR_0648_1 rise_budget_1024 seed=2
2596 stability chncxr resnet50 CHNCXR_0648_1 rise_budget_1024 seed=3
2597 stability chncxr resnet50 CHNCXR_0648_1 rise_budget_1024 seed=4
2598 stability chncxr resnet50 CHNCXR_0648_1 rise_budget_2048 seed=0
2599 stability chncxr resnet50 CHNCXR_0648_1 rise_budget_2048 seed=1
2600 stability chncxr resnet50 CHNCXR_0648_1 rise_budget_2048 seed=2
2601 stability chncxr resnet50 CHNCXR_0648_1 rise_budget_2048 seed=3
2602 stability chncxr resnet50 CHNCXR_0648_1 rise_budget_2048 seed=4
2603 stability chncxr resnet50 CHNCXR_0648_1 kernel_shap_budget_256 seed=0
2604 stability chncxr resnet50 CHNCXR_0648_1 kernel_shap_budget_256 seed=1
2605 stability chncxr resnet50 CHNCXR_0648_1 kernel_shap_budget_256 seed=2
2606 stability chncxr resnet50 CHNCXR_0648_1 kernel_shap_budget_256 seed=3
2607 stability chncxr resnet50 CHNCXR_0648_1 kernel_shap_budget_256 seed=4
2608 stability chncxr resnet50 CHNCXR_0648_1 kernel_shap_budget_512 seed=0
2609 stability chncxr resnet50 CHNCXR_0648_1 kernel_shap_budget_512 seed=1
2610 stability chncxr resnet50 CHNCXR_0648_1 kernel_shap_budget_512 seed=2
2611 stability chncxr resnet50 CHNCXR_0648_1 kernel_shap_budget_512 seed=3
2612 stability chncxr resnet50 CHNCXR_0648_1 kernel_shap_budget_512 seed=4
2613 stability chncxr resnet50 CHNCXR_0648_1 kernel_shap_budget_1024 seed=0
2614 stability chncxr resnet50 CHNCXR_0648_1 kernel_shap_budget_1024 seed=1
2615 stability chncxr resnet50 CHNCXR_0648_1 kernel_shap_budget_1024 seed=2
2616 stability chncxr resnet50 CHNCXR_0648_1 kernel_shap_budget_1024 seed=3
2617 stability chncxr resnet50 CHNCXR_0648_1 kernel_shap_budget_1024 seed=4
2618 stability chncxr resnet50 CHNCXR_0648_1 kernel_shap_budget_2048 seed=0
2619 stability chncxr resnet50 CHNCXR_0648_1 kernel_shap_budget_2048 seed=1
2620 stability chncxr resnet50 CHNCXR_0648_1 kernel_shap_budget_2048 seed=2
2621 stability chncxr resnet50 CHNCXR_0648_1 kernel_shap_budget_2048 seed=3
2622 stability chncxr resnet50 CHNCXR_0648_1 kernel_shap_budget_2048 seed=4
2623 stability chncxr resnet50 CHNCXR_0648_1 ablation_default seed=None
2624 stability chncxr vgg13 CHNCXR_0006_0 lime_budget_256 seed=0
2625 stability chncxr vgg13 CHNCXR_0006_0 lime_budget_256 seed=1
2626 stability chncxr vgg13 CHNCXR_0006_0 lime_budget_256 seed=2
2627 stability chncxr vgg13 CHNCXR_0006_0 lime_budget_256 seed=3
2628 stability chncxr vgg13 CHNCXR_0006_0 lime_budget_256 seed=4
2629 stability chncxr vgg13 CHNCXR_0006_0 lime_budget_512 seed=0
2630 stability chncxr vgg13 CHNCXR_0006_0 lime_budget_512 seed=1
2631 stability chncxr vgg13 CHNCXR_0006_0 lime_budget_512 seed=2
2632 stability chncxr vgg13 CHNCXR_0006_0 lime_budget_512 seed=3
2633 stability chncxr vgg13 CHNCXR_0006_0 lime_budget_512 seed=4
2634 stability chncxr vgg13 CHNCXR_0006_0 lime_budget_1024 seed=0
2635 stability chncxr vgg13 CHNCXR_0006_0 lime_budget_1024 seed=1
2636 stability chncxr vgg13 CHNCXR_0006_0 lime_budget_1024 seed=2
2637 stability chncxr vgg13 CHNCXR_0006_0 lime_budget_1024 seed=3
2638 stability chncxr vgg13 CHNCXR_0006_0 lime_budget_1024 seed=4
2639 stability chncxr vgg13 CHNCXR_0006_0 lime_budget_2048 seed=0
2640 stability chncxr vgg13 CHNCXR_0006_0 lime_budget_2048 seed=1
2641 stability chncxr vgg13 CHNCXR_0006_0 lime_budget_2048 seed=2
2642 stability chncxr vgg13 CHNCXR_0006_0 lime_budget_2048 seed=3
2643 stability chncxr vgg13 CHNCXR_0006_0 lime_budget_2048 seed=4
2644 stability chncxr vgg13 CHNCXR_0006_0 rise_budget_256 seed=0
2645 stability chncxr vgg13 CHNCXR_0006_0 rise_budget_256 seed=1
2646 stability chncxr vgg13 CHNCXR_0006_0 rise_budget_256 seed=2
2647 stability chncxr vgg13 CHNCXR_0006_0 rise_budget_256 seed=3
2648 stability chncxr vgg13 CHNCXR_0006_0 rise_budget_256 seed=4
2649 stability chncxr vgg13 CHNCXR_0006_0 rise_budget_512 seed=0
2650 stability chncxr vgg13 CHNCXR_0006_0 rise_budget_512 seed=1
2651 stability chncxr vgg13 CHNCXR_0006_0 rise_budget_512 seed=2
2652 stability chncxr vgg13 CHNCXR_0006_0 rise_budget_512 seed=3
2653 stability chncxr vgg13 CHNCXR_0006_0 rise_budget_512 seed=4
2654 stability chncxr vgg13 CHNCXR_0006_0 rise_budget_1024 seed=0
2655 stability chncxr vgg13 CHNCXR_0006_0 rise_budget_1024 seed=1
2656 stability chncxr vgg13 CHNCXR_0006_0 rise_budget_1024 seed=2
2657 stability chncxr vgg13 CHNCXR_0006_0 rise_budget_1024 seed=3
2658 stability chncxr vgg13 CHNCXR_0006_0 rise_budget_1024 seed=4
2659 stability chncxr vgg13 CHNCXR_0006_0 rise_budget_2048 seed=0
2660 stability chncxr vgg13 CHNCXR_0006_0 rise_budget_2048 seed=1
2661 stability chncxr vgg13 CHNCXR_0006_0 rise_budget_2048 seed=2
2662 stability chncxr vgg13 CHNCXR_0006_0 rise_budget_2048 seed=3
2663 stability chncxr vgg13 CHNCXR_0006_0 rise_budget_2048 seed=4
2664 stability chncxr vgg13 CHNCXR_0006_0 kernel_shap_budget_256 seed=0
2665 stability chncxr vgg13 CHNCXR_0006_0 kernel_shap_budget_256 seed=1
2666 stability chncxr vgg13 CHNCXR_0006_0 kernel_shap_budget_256 seed=2
2667 stability chncxr vgg13 CHNCXR_0006_0 kernel_shap_budget_256 seed=3
2668 stability chncxr vgg13 CHNCXR_0006_0 kernel_shap_budget_256 seed=4
2669 stability chncxr vgg13 CHNCXR_0006_0 kernel_shap_budget_512 seed=0
2670 stability chncxr vgg13 CHNCXR_0006_0 kernel_shap_budget_512 seed=1
2671 stability chncxr vgg13 CHNCXR_0006_0 kernel_shap_budget_512 seed=2
2672 stability chncxr vgg13 CHNCXR_0006_0 kernel_shap_budget_512 seed=3
2673 stability chncxr vgg13 CHNCXR_0006_0 kernel_shap_budget_512 seed=4
2674 stability chncxr vgg13 CHNCXR_0006_0 kernel_shap_budget_1024 seed=0
2675 stability chncxr vgg13 CHNCXR_0006_0 kernel_shap_budget_1024 seed=1
2676 stability chncxr vgg13 CHNCXR_0006_0 kernel_shap_budget_1024 seed=2
2677 stability chncxr vgg13 CHNCXR_0006_0 kernel_shap_budget_1024 seed=3
2678 stability chncxr vgg13 CHNCXR_0006_0 kernel_shap_budget_1024 seed=4
2679 stability chncxr vgg13 CHNCXR_0006_0 kernel_shap_budget_2048 seed=0
2680 stability chncxr vgg13 CHNCXR_0006_0 kernel_shap_budget_2048 seed=1
2681 stability chncxr vgg13 CHNCXR_0006_0 kernel_shap_budget_2048 seed=2
2682 stability chncxr vgg13 CHNCXR_0006_0 kernel_shap_budget_2048 seed=3
2683 stability chncxr vgg13 CHNCXR_0006_0 kernel_shap_budget_2048 seed=4
2684 stability chncxr vgg13 CHNCXR_0006_0 ablation_default seed=None
2685 stability chncxr vgg13 CHNCXR_0011_0 lime_budget_256 seed=0
2686 stability chncxr vgg13 CHNCXR_0011_0 lime_budget_256 seed=1
2687 stability chncxr vgg13 CHNCXR_0011_0 lime_budget_256 seed=2
2688 stability chncxr vgg13 CHNCXR_0011_0 lime_budget_256 seed=3
2689 stability chncxr vgg13 CHNCXR_0011_0 lime_budget_256 seed=4
2690 stability chncxr vgg13 CHNCXR_0011_0 lime_budget_512 seed=0
2691 stability chncxr vgg13 CHNCXR_0011_0 lime_budget_512 seed=1
2692 stability chncxr vgg13 CHNCXR_0011_0 lime_budget_512 seed=2
2693 stability chncxr vgg13 CHNCXR_0011_0 lime_budget_512 seed=3
2694 stability chncxr vgg13 CHNCXR_0011_0 lime_budget_512 seed=4
2695 stability chncxr vgg13 CHNCXR_0011_0 lime_budget_1024 seed=0
2696 stability chncxr vgg13 CHNCXR_0011_0 lime_budget_1024 seed=1
2697 stability chncxr vgg13 CHNCXR_0011_0 lime_budget_1024 seed=2
2698 stability chncxr vgg13 CHNCXR_0011_0 lime_budget_1024 seed=3
2699 stability chncxr vgg13 CHNCXR_0011_0 lime_budget_1024 seed=4
2700 stability chncxr vgg13 CHNCXR_0011_0 lime_budget_2048 seed=0
2701 stability chncxr vgg13 CHNCXR_0011_0 lime_budget_2048 seed=1
2702 stability chncxr vgg13 CHNCXR_0011_0 lime_budget_2048 seed=2
2703 stability chncxr vgg13 CHNCXR_0011_0 lime_budget_2048 seed=3
2704 stability chncxr vgg13 CHNCXR_0011_0 lime_budget_2048 seed=4
2705 stability chncxr vgg13 CHNCXR_0011_0 rise_budget_256 seed=0
2706 stability chncxr vgg13 CHNCXR_0011_0 rise_budget_256 seed=1
2707 stability chncxr vgg13 CHNCXR_0011_0 rise_budget_256 seed=2
2708 stability chncxr vgg13 CHNCXR_0011_0 rise_budget_256 seed=3
2709 stability chncxr vgg13 CHNCXR_0011_0 rise_budget_256 seed=4
2710 stability chncxr vgg13 CHNCXR_0011_0 rise_budget_512 seed=0
2711 stability chncxr vgg13 CHNCXR_0011_0 rise_budget_512 seed=1
2712 stability chncxr vgg13 CHNCXR_0011_0 rise_budget_512 seed=2
2713 stability chncxr vgg13 CHNCXR_0011_0 rise_budget_512 seed=3
2714 stability chncxr vgg13 CHNCXR_0011_0 rise_budget_512 seed=4
2715 stability chncxr vgg13 CHNCXR_0011_0 rise_budget_1024 seed=0
2716 stability chncxr vgg13 CHNCXR_0011_0 rise_budget_1024 seed=1
2717 stability chncxr vgg13 CHNCXR_0011_0 rise_budget_1024 seed=2
2718 stability chncxr vgg13 CHNCXR_0011_0 rise_budget_1024 seed=3
2719 stability chncxr vgg13 CHNCXR_0011_0 rise_budget_1024 seed=4
2720 stability chncxr vgg13 CHNCXR_0011_0 rise_budget_2048 seed=0
2721 stability chncxr vgg13 CHNCXR_0011_0 rise_budget_2048 seed=1
2722 stability chncxr vgg13 CHNCXR_0011_0 rise_budget_2048 seed=2
2723 stability chncxr vgg13 CHNCXR_0011_0 rise_budget_2048 seed=3
2724 stability chncxr vgg13 CHNCXR_0011_0 rise_budget_2048 seed=4
2725 stability chncxr vgg13 CHNCXR_0011_0 kernel_shap_budget_256 seed=0
2726 stability chncxr vgg13 CHNCXR_0011_0 kernel_shap_budget_256 seed=1
2727 stability chncxr vgg13 CHNCXR_0011_0 kernel_shap_budget_256 seed=2
2728 stability chncxr vgg13 CHNCXR_0011_0 kernel_shap_budget_256 seed=3
2729 stability chncxr vgg13 CHNCXR_0011_0 kernel_shap_budget_256 seed=4
2730 stability chncxr vgg13 CHNCXR_0011_0 kernel_shap_budget_512 seed=0
2731 stability chncxr vgg13 CHNCXR_0011_0 kernel_shap_budget_512 seed=1
2732 stability chncxr vgg13 CHNCXR_0011_0 kernel_shap_budget_512 seed=2
2733 stability chncxr vgg13 CHNCXR_0011_0 kernel_shap_budget_512 seed=3
2734 stability chncxr vgg13 CHNCXR_0011_0 kernel_shap_budget_512 seed=4
2735 stability chncxr vgg13 CHNCXR_0011_0 kernel_shap_budget_1024 seed=0
2736 stability chncxr vgg13 CHNCXR_0011_0 kernel_shap_budget_1024 seed=1
2737 stability chncxr vgg13 CHNCXR_0011_0 kernel_shap_budget_1024 seed=2
2738 stability chncxr vgg13 CHNCXR_0011_0 kernel_shap_budget_1024 seed=3
2739 stability chncxr vgg13 CHNCXR_0011_0 kernel_shap_budget_1024 seed=4
2740 stability chncxr vgg13 CHNCXR_0011_0 kernel_shap_budget_2048 seed=0
2741 stability chncxr vgg13 CHNCXR_0011_0 kernel_shap_budget_2048 seed=1
2742 stability chncxr vgg13 CHNCXR_0011_0 kernel_shap_budget_2048 seed=2
2743 stability chncxr vgg13 CHNCXR_0011_0 kernel_shap_budget_2048 seed=3
2744 stability chncxr vgg13 CHNCXR_0011_0 kernel_shap_budget_2048 seed=4
2745 stability chncxr vgg13 CHNCXR_0011_0 ablation_default seed=None
2746 stability chncxr vgg13 CHNCXR_0019_0 lime_budget_256 seed=0
2747 stability chncxr vgg13 CHNCXR_0019_0 lime_budget_256 seed=1
2748 stability chncxr vgg13 CHNCXR_0019_0 lime_budget_256 seed=2
2749 stability chncxr vgg13 CHNCXR_0019_0 lime_budget_256 seed=3
2750 stability chncxr vgg13 CHNCXR_0019_0 lime_budget_256 seed=4
2751 stability chncxr vgg13 CHNCXR_0019_0 lime_budget_512 seed=0
2752 stability chncxr vgg13 CHNCXR_0019_0 lime_budget_512 seed=1
2753 stability chncxr vgg13 CHNCXR_0019_0 lime_budget_512 seed=2
2754 stability chncxr vgg13 CHNCXR_0019_0 lime_budget_512 seed=3
2755 stability chncxr vgg13 CHNCXR_0019_0 lime_budget_512 seed=4
2756 stability chncxr vgg13 CHNCXR_0019_0 lime_budget_1024 seed=0
2757 stability chncxr vgg13 CHNCXR_0019_0 lime_budget_1024 seed=1
2758 stability chncxr vgg13 CHNCXR_0019_0 lime_budget_1024 seed=2
2759 stability chncxr vgg13 CHNCXR_0019_0 lime_budget_1024 seed=3
2760 stability chncxr vgg13 CHNCXR_0019_0 lime_budget_1024 seed=4
2761 stability chncxr vgg13 CHNCXR_0019_0 lime_budget_2048 seed=0
2762 stability chncxr vgg13 CHNCXR_0019_0 lime_budget_2048 seed=1
2763 stability chncxr vgg13 CHNCXR_0019_0 lime_budget_2048 seed=2
2764 stability chncxr vgg13 CHNCXR_0019_0 lime_budget_2048 seed=3
2765 stability chncxr vgg13 CHNCXR_0019_0 lime_budget_2048 seed=4
2766 stability chncxr vgg13 CHNCXR_0019_0 rise_budget_256 seed=0
2767 stability chncxr vgg13 CHNCXR_0019_0 rise_budget_256 seed=1
2768 stability chncxr vgg13 CHNCXR_0019_0 rise_budget_256 seed=2
2769 stability chncxr vgg13 CHNCXR_0019_0 rise_budget_256 seed=3
2770 stability chncxr vgg13 CHNCXR_0019_0 rise_budget_256 seed=4
2771 stability chncxr vgg13 CHNCXR_0019_0 rise_budget_512 seed=0
2772 stability chncxr vgg13 CHNCXR_0019_0 rise_budget_512 seed=1
2773 stability chncxr vgg13 CHNCXR_0019_0 rise_budget_512 seed=2
2774 stability chncxr vgg13 CHNCXR_0019_0 rise_budget_512 seed=3
2775 stability chncxr vgg13 CHNCXR_0019_0 rise_budget_512 seed=4
2776 stability chncxr vgg13 CHNCXR_0019_0 rise_budget_1024 seed=0
2777 stability chncxr vgg13 CHNCXR_0019_0 rise_budget_1024 seed=1
2778 stability chncxr vgg13 CHNCXR_0019_0 rise_budget_1024 seed=2
2779 stability chncxr vgg13 CHNCXR_0019_0 rise_budget_1024 seed=3
2780 stability chncxr vgg13 CHNCXR_0019_0 rise_budget_1024 seed=4
2781 stability chncxr vgg13 CHNCXR_0019_0 rise_budget_2048 seed=0
2782 stability chncxr vgg13 CHNCXR_0019_0 rise_budget_2048 seed=1
2783 stability chncxr vgg13 CHNCXR_0019_0 rise_budget_2048 seed=2
2784 stability chncxr vgg13 CHNCXR_0019_0 rise_budget_2048 seed=3
2785 stability chncxr vgg13 CHNCXR_0019_0 rise_budget_2048 seed=4
2786 stability chncxr vgg13 CHNCXR_0019_0 kernel_shap_budget_256 seed=0
2787 stability chncxr vgg13 CHNCXR_0019_0 kernel_shap_budget_256 seed=1
2788 stability chncxr vgg13 CHNCXR_0019_0 kernel_shap_budget_256 seed=2
2789 stability chncxr vgg13 CHNCXR_0019_0 kernel_shap_budget_256 seed=3
2790 stability chncxr vgg13 CHNCXR_0019_0 kernel_shap_budget_256 seed=4
2791 stability chncxr vgg13 CHNCXR_0019_0 kernel_shap_budget_512 seed=0
2792 stability chncxr vgg13 CHNCXR_0019_0 kernel_shap_budget_512 seed=1
2793 stability chncxr vgg13 CHNCXR_0019_0 kernel_shap_budget_512 seed=2
2794 stability chncxr vgg13 CHNCXR_0019_0 kernel_shap_budget_512 seed=3
2795 stability chncxr vgg13 CHNCXR_0019_0 kernel_shap_budget_512 seed=4
2796 stability chncxr vgg13 CHNCXR_0019_0 kernel_shap_budget_1024 seed=0
2797 stability chncxr vgg13 CHNCXR_0019_0 kernel_shap_budget_1024 seed=1
2798 stability chncxr vgg13 CHNCXR_0019_0 kernel_shap_budget_1024 seed=2
2799 stability chncxr vgg13 CHNCXR_0019_0 kernel_shap_budget_1024 seed=3
2800 stability chncxr vgg13 CHNCXR_0019_0 kernel_shap_budget_1024 seed=4
2801 stability chncxr vgg13 CHNCXR_0019_0 kernel_shap_budget_2048 seed=0
2802 stability chncxr vgg13 CHNCXR_0019_0 kernel_shap_budget_2048 seed=1
2803 stability chncxr vgg13 CHNCXR_0019_0 kernel_shap_budget_2048 seed=2
2804 stability chncxr vgg13 CHNCXR_0019_0 kernel_shap_budget_2048 seed=3
2805 stability chncxr vgg13 CHNCXR_0019_0 kernel_shap_budget_2048 seed=4
2806 stability chncxr vgg13 CHNCXR_0019_0 ablation_default seed=None
2807 stability chncxr vgg13 CHNCXR_0043_0 lime_budget_256 seed=0
2808 stability chncxr vgg13 CHNCXR_0043_0 lime_budget_256 seed=1
2809 stability chncxr vgg13 CHNCXR_0043_0 lime_budget_256 seed=2
2810 stability chncxr vgg13 CHNCXR_0043_0 lime_budget_256 seed=3
2811 stability chncxr vgg13 CHNCXR_0043_0 lime_budget_256 seed=4
2812 stability chncxr vgg13 CHNCXR_0043_0 lime_budget_512 seed=0
2813 stability chncxr vgg13 CHNCXR_0043_0 lime_budget_512 seed=1
2814 stability chncxr vgg13 CHNCXR_0043_0 lime_budget_512 seed=2
2815 stability chncxr vgg13 CHNCXR_0043_0 lime_budget_512 seed=3
2816 stability chncxr vgg13 CHNCXR_0043_0 lime_budget_512 seed=4
2817 stability chncxr vgg13 CHNCXR_0043_0 lime_budget_1024 seed=0
2818 stability chncxr vgg13 CHNCXR_0043_0 lime_budget_1024 seed=1
2819 stability chncxr vgg13 CHNCXR_0043_0 lime_budget_1024 seed=2
2820 stability chncxr vgg13 CHNCXR_0043_0 lime_budget_1024 seed=3
2821 stability chncxr vgg13 CHNCXR_0043_0 lime_budget_1024 seed=4
2822 stability chncxr vgg13 CHNCXR_0043_0 lime_budget_2048 seed=0
2823 stability chncxr vgg13 CHNCXR_0043_0 lime_budget_2048 seed=1
2824 stability chncxr vgg13 CHNCXR_0043_0 lime_budget_2048 seed=2
2825 stability chncxr vgg13 CHNCXR_0043_0 lime_budget_2048 seed=3
2826 stability chncxr vgg13 CHNCXR_0043_0 lime_budget_2048 seed=4
2827 stability chncxr vgg13 CHNCXR_0043_0 rise_budget_256 seed=0
2828 stability chncxr vgg13 CHNCXR_0043_0 rise_budget_256 seed=1
2829 stability chncxr vgg13 CHNCXR_0043_0 rise_budget_256 seed=2
2830 stability chncxr vgg13 CHNCXR_0043_0 rise_budget_256 seed=3
2831 stability chncxr vgg13 CHNCXR_0043_0 rise_budget_256 seed=4
2832 stability chncxr vgg13 CHNCXR_0043_0 rise_budget_512 seed=0
2833 stability chncxr vgg13 CHNCXR_0043_0 rise_budget_512 seed=1
2834 stability chncxr vgg13 CHNCXR_0043_0 rise_budget_512 seed=2
2835 stability chncxr vgg13 CHNCXR_0043_0 rise_budget_512 seed=3
2836 stability chncxr vgg13 CHNCXR_0043_0 rise_budget_512 seed=4
2837 stability chncxr vgg13 CHNCXR_0043_0 rise_budget_1024 seed=0
2838 stability chncxr vgg13 CHNCXR_0043_0 rise_budget_1024 seed=1
2839 stability chncxr vgg13 CHNCXR_0043_0 rise_budget_1024 seed=2
2840 stability chncxr vgg13 CHNCXR_0043_0 rise_budget_1024 seed=3
2841 stability chncxr vgg13 CHNCXR_0043_0 rise_budget_1024 seed=4
2842 stability chncxr vgg13 CHNCXR_0043_0 rise_budget_2048 seed=0
2843 stability chncxr vgg13 CHNCXR_0043_0 rise_budget_2048 seed=1
2844 stability chncxr vgg13 CHNCXR_0043_0 rise_budget_2048 seed=2
2845 stability chncxr vgg13 CHNCXR_0043_0 rise_budget_2048 seed=3
2846 stability chncxr vgg13 CHNCXR_0043_0 rise_budget_2048 seed=4
2847 stability chncxr vgg13 CHNCXR_0043_0 kernel_shap_budget_256 seed=0
2848 stability chncxr vgg13 CHNCXR_0043_0 kernel_shap_budget_256 seed=1
2849 stability chncxr vgg13 CHNCXR_0043_0 kernel_shap_budget_256 seed=2
2850 stability chncxr vgg13 CHNCXR_0043_0 kernel_shap_budget_256 seed=3
2851 stability chncxr vgg13 CHNCXR_0043_0 kernel_shap_budget_256 seed=4
2852 stability chncxr vgg13 CHNCXR_0043_0 kernel_shap_budget_512 seed=0
2853 stability chncxr vgg13 CHNCXR_0043_0 kernel_shap_budget_512 seed=1
2854 stability chncxr vgg13 CHNCXR_0043_0 kernel_shap_budget_512 seed=2
2855 stability chncxr vgg13 CHNCXR_0043_0 kernel_shap_budget_512 seed=3
2856 stability chncxr vgg13 CHNCXR_0043_0 kernel_shap_budget_512 seed=4
2857 stability chncxr vgg13 CHNCXR_0043_0 kernel_shap_budget_1024 seed=0
2858 stability chncxr vgg13 CHNCXR_0043_0 kernel_shap_budget_1024 seed=1
2859 stability chncxr vgg13 CHNCXR_0043_0 kernel_shap_budget_1024 seed=2
2860 stability chncxr vgg13 CHNCXR_0043_0 kernel_shap_budget_1024 seed=3
2861 stability chncxr vgg13 CHNCXR_0043_0 kernel_shap_budget_1024 seed=4
2862 stability chncxr vgg13 CHNCXR_0043_0 kernel_shap_budget_2048 seed=0
2863 stability chncxr vgg13 CHNCXR_0043_0 kernel_shap_budget_2048 seed=1
2864 stability chncxr vgg13 CHNCXR_0043_0 kernel_shap_budget_2048 seed=2
2865 stability chncxr vgg13 CHNCXR_0043_0 kernel_shap_budget_2048 seed=3
2866 stability chncxr vgg13 CHNCXR_0043_0 kernel_shap_budget_2048 seed=4
2867 stability chncxr vgg13 CHNCXR_0043_0 ablation_default seed=None
2868 stability chncxr vgg13 CHNCXR_0070_0 lime_budget_256 seed=0
2869 stability chncxr vgg13 CHNCXR_0070_0 lime_budget_256 seed=1
2870 stability chncxr vgg13 CHNCXR_0070_0 lime_budget_256 seed=2
2871 stability chncxr vgg13 CHNCXR_0070_0 lime_budget_256 seed=3
2872 stability chncxr vgg13 CHNCXR_0070_0 lime_budget_256 seed=4
2873 stability chncxr vgg13 CHNCXR_0070_0 lime_budget_512 seed=0
2874 stability chncxr vgg13 CHNCXR_0070_0 lime_budget_512 seed=1
2875 stability chncxr vgg13 CHNCXR_0070_0 lime_budget_512 seed=2
2876 stability chncxr vgg13 CHNCXR_0070_0 lime_budget_512 seed=3
2877 stability chncxr vgg13 CHNCXR_0070_0 lime_budget_512 seed=4
2878 stability chncxr vgg13 CHNCXR_0070_0 lime_budget_1024 seed=0
2879 stability chncxr vgg13 CHNCXR_0070_0 lime_budget_1024 seed=1
2880 stability chncxr vgg13 CHNCXR_0070_0 lime_budget_1024 seed=2
2881 stability chncxr vgg13 CHNCXR_0070_0 lime_budget_1024 seed=3
2882 stability chncxr vgg13 CHNCXR_0070_0 lime_budget_1024 seed=4
2883 stability chncxr vgg13 CHNCXR_0070_0 lime_budget_2048 seed=0
2884 stability chncxr vgg13 CHNCXR_0070_0 lime_budget_2048 seed=1
2885 stability chncxr vgg13 CHNCXR_0070_0 lime_budget_2048 seed=2
2886 stability chncxr vgg13 CHNCXR_0070_0 lime_budget_2048 seed=3
2887 stability chncxr vgg13 CHNCXR_0070_0 lime_budget_2048 seed=4
2888 stability chncxr vgg13 CHNCXR_0070_0 rise_budget_256 seed=0
2889 stability chncxr vgg13 CHNCXR_0070_0 rise_budget_256 seed=1
2890 stability chncxr vgg13 CHNCXR_0070_0 rise_budget_256 seed=2
2891 stability chncxr vgg13 CHNCXR_0070_0 rise_budget_256 seed=3
2892 stability chncxr vgg13 CHNCXR_0070_0 rise_budget_256 seed=4
2893 stability chncxr vgg13 CHNCXR_0070_0 rise_budget_512 seed=0
2894 stability chncxr vgg13 CHNCXR_0070_0 rise_budget_512 seed=1
2895 stability chncxr vgg13 CHNCXR_0070_0 rise_budget_512 seed=2
2896 stability chncxr vgg13 CHNCXR_0070_0 rise_budget_512 seed=3
2897 stability chncxr vgg13 CHNCXR_0070_0 rise_budget_512 seed=4
2898 stability chncxr vgg13 CHNCXR_0070_0 rise_budget_1024 seed=0
2899 stability chncxr vgg13 CHNCXR_0070_0 rise_budget_1024 seed=1
2900 stability chncxr vgg13 CHNCXR_0070_0 rise_budget_1024 seed=2
2901 stability chncxr vgg13 CHNCXR_0070_0 rise_budget_1024 seed=3
2902 stability chncxr vgg13 CHNCXR_0070_0 rise_budget_1024 seed=4
2903 stability chncxr vgg13 CHNCXR_0070_0 rise_budget_2048 seed=0
2904 stability chncxr vgg13 CHNCXR_0070_0 rise_budget_2048 seed=1
2905 stability chncxr vgg13 CHNCXR_0070_0 rise_budget_2048 seed=2
2906 stability chncxr vgg13 CHNCXR_0070_0 rise_budget_2048 seed=3
2907 stability chncxr vgg13 CHNCXR_0070_0 rise_budget_2048 seed=4
2908 stability chncxr vgg13 CHNCXR_0070_0 kernel_shap_budget_256 seed=0
2909 stability chncxr vgg13 CHNCXR_0070_0 kernel_shap_budget_256 seed=1
2910 stability chncxr vgg13 CHNCXR_0070_0 kernel_shap_budget_256 seed=2
2911 stability chncxr vgg13 CHNCXR_0070_0 kernel_shap_budget_256 seed=3
2912 stability chncxr vgg13 CHNCXR_0070_0 kernel_shap_budget_256 seed=4
2913 stability chncxr vgg13 CHNCXR_0070_0 kernel_shap_budget_512 seed=0
2914 stability chncxr vgg13 CHNCXR_0070_0 kernel_shap_budget_512 seed=1
2915 stability chncxr vgg13 CHNCXR_0070_0 kernel_shap_budget_512 seed=2
2916 stability chncxr vgg13 CHNCXR_0070_0 kernel_shap_budget_512 seed=3
2917 stability chncxr vgg13 CHNCXR_0070_0 kernel_shap_budget_512 seed=4
2918 stability chncxr vgg13 CHNCXR_0070_0 kernel_shap_budget_1024 seed=0
2919 stability chncxr vgg13 CHNCXR_0070_0 kernel_shap_budget_1024 seed=1
2920 stability chncxr vgg13 CHNCXR_0070_0 kernel_shap_budget_1024 seed=2
2921 stability chncxr vgg13 CHNCXR_0070_0 kernel_shap_budget_1024 seed=3
2922 stability chncxr vgg13 CHNCXR_0070_0 kernel_shap_budget_1024 seed=4
2923 stability chncxr vgg13 CHNCXR_0070_0 kernel_shap_budget_2048 seed=0
2924 stability chncxr vgg13 CHNCXR_0070_0 kernel_shap_budget_2048 seed=1
2925 stability chncxr vgg13 CHNCXR_0070_0 kernel_shap_budget_2048 seed=2
2926 stability chncxr vgg13 CHNCXR_0070_0 kernel_shap_budget_2048 seed=3
2927 stability chncxr vgg13 CHNCXR_0070_0 kernel_shap_budget_2048 seed=4
2928 stability chncxr vgg13 CHNCXR_0070_0 ablation_default seed=None
2929 stability chncxr vgg13 CHNCXR_0116_0 lime_budget_256 seed=0
2930 stability chncxr vgg13 CHNCXR_0116_0 lime_budget_256 seed=1
2931 stability chncxr vgg13 CHNCXR_0116_0 lime_budget_256 seed=2
2932 stability chncxr vgg13 CHNCXR_0116_0 lime_budget_256 seed=3
2933 stability chncxr vgg13 CHNCXR_0116_0 lime_budget_256 seed=4
2934 stability chncxr vgg13 CHNCXR_0116_0 lime_budget_512 seed=0
2935 stability chncxr vgg13 CHNCXR_0116_0 lime_budget_512 seed=1
2936 stability chncxr vgg13 CHNCXR_0116_0 lime_budget_512 seed=2
2937 stability chncxr vgg13 CHNCXR_0116_0 lime_budget_512 seed=3
2938 stability chncxr vgg13 CHNCXR_0116_0 lime_budget_512 seed=4
2939 stability chncxr vgg13 CHNCXR_0116_0 lime_budget_1024 seed=0
2940 stability chncxr vgg13 CHNCXR_0116_0 lime_budget_1024 seed=1
2941 stability chncxr vgg13 CHNCXR_0116_0 lime_budget_1024 seed=2
2942 stability chncxr vgg13 CHNCXR_0116_0 lime_budget_1024 seed=3
2943 stability chncxr vgg13 CHNCXR_0116_0 lime_budget_1024 seed=4
2944 stability chncxr vgg13 CHNCXR_0116_0 lime_budget_2048 seed=0
2945 stability chncxr vgg13 CHNCXR_0116_0 lime_budget_2048 seed=1
2946 stability chncxr vgg13 CHNCXR_0116_0 lime_budget_2048 seed=2
2947 stability chncxr vgg13 CHNCXR_0116_0 lime_budget_2048 seed=3
2948 stability chncxr vgg13 CHNCXR_0116_0 lime_budget_2048 seed=4
2949 stability chncxr vgg13 CHNCXR_0116_0 rise_budget_256 seed=0
2950 stability chncxr vgg13 CHNCXR_0116_0 rise_budget_256 seed=1
2951 stability chncxr vgg13 CHNCXR_0116_0 rise_budget_256 seed=2
2952 stability chncxr vgg13 CHNCXR_0116_0 rise_budget_256 seed=3
2953 stability chncxr vgg13 CHNCXR_0116_0 rise_budget_256 seed=4
2954 stability chncxr vgg13 CHNCXR_0116_0 rise_budget_512 seed=0
2955 stability chncxr vgg13 CHNCXR_0116_0 rise_budget_512 seed=1
2956 stability chncxr vgg13 CHNCXR_0116_0 rise_budget_512 seed=2
2957 stability chncxr vgg13 CHNCXR_0116_0 rise_budget_512 seed=3
2958 stability chncxr vgg13 CHNCXR_0116_0 rise_budget_512 seed=4
2959 stability chncxr vgg13 CHNCXR_0116_0 rise_budget_1024 seed=0
2960 stability chncxr vgg13 CHNCXR_0116_0 rise_budget_1024 seed=1
2961 stability chncxr vgg13 CHNCXR_0116_0 rise_budget_1024 seed=2
2962 stability chncxr vgg13 CHNCXR_0116_0 rise_budget_1024 seed=3
2963 stability chncxr vgg13 CHNCXR_0116_0 rise_budget_1024 seed=4
2964 stability chncxr vgg13 CHNCXR_0116_0 rise_budget_2048 seed=0
2965 stability chncxr vgg13 CHNCXR_0116_0 rise_budget_2048 seed=1
2966 stability chncxr vgg13 CHNCXR_0116_0 rise_budget_2048 seed=2
2967 stability chncxr vgg13 CHNCXR_0116_0 rise_budget_2048 seed=3
2968 stability chncxr vgg13 CHNCXR_0116_0 rise_budget_2048 seed=4
2969 stability chncxr vgg13 CHNCXR_0116_0 kernel_shap_budget_256 seed=0
2970 stability chncxr vgg13 CHNCXR_0116_0 kernel_shap_budget_256 seed=1
2971 stability chncxr vgg13 CHNCXR_0116_0 kernel_shap_budget_256 seed=2
2972 stability chncxr vgg13 CHNCXR_0116_0 kernel_shap_budget_256 seed=3
2973 stability chncxr vgg13 CHNCXR_0116_0 kernel_shap_budget_256 seed=4
2974 stability chncxr vgg13 CHNCXR_0116_0 kernel_shap_budget_512 seed=0
2975 stability chncxr vgg13 CHNCXR_0116_0 kernel_shap_budget_512 seed=1
2976 stability chncxr vgg13 CHNCXR_0116_0 kernel_shap_budget_512 seed=2
2977 stability chncxr vgg13 CHNCXR_0116_0 kernel_shap_budget_512 seed=3
2978 stability chncxr vgg13 CHNCXR_0116_0 kernel_shap_budget_512 seed=4
2979 stability chncxr vgg13 CHNCXR_0116_0 kernel_shap_budget_1024 seed=0
2980 stability chncxr vgg13 CHNCXR_0116_0 kernel_shap_budget_1024 seed=1
2981 stability chncxr vgg13 CHNCXR_0116_0 kernel_shap_budget_1024 seed=2
2982 stability chncxr vgg13 CHNCXR_0116_0 kernel_shap_budget_1024 seed=3
2983 stability chncxr vgg13 CHNCXR_0116_0 kernel_shap_budget_1024 seed=4
2984 stability chncxr vgg13 CHNCXR_0116_0 kernel_shap_budget_2048 seed=0
2985 stability chncxr vgg13 CHNCXR_0116_0 kernel_shap_budget_2048 seed=1
2986 stability chncxr vgg13 CHNCXR_0116_0 kernel_shap_budget_2048 seed=2
2987 stability chncxr vgg13 CHNCXR_0116_0 kernel_shap_budget_2048 seed=3
2988 stability chncxr vgg13 CHNCXR_0116_0 kernel_shap_budget_2048 seed=4
2989 stability chncxr vgg13 CHNCXR_0116_0 ablation_default seed=None
2990 stability chncxr vgg13 CHNCXR_0142_0 lime_budget_256 seed=0
2991 stability chncxr vgg13 CHNCXR_0142_0 lime_budget_256 seed=1
2992 stability chncxr vgg13 CHNCXR_0142_0 lime_budget_256 seed=2
2993 stability chncxr vgg13 CHNCXR_0142_0 lime_budget_256 seed=3
2994 stability chncxr vgg13 CHNCXR_0142_0 lime_budget_256 seed=4
2995 stability chncxr vgg13 CHNCXR_0142_0 lime_budget_512 seed=0
2996 stability chncxr vgg13 CHNCXR_0142_0 lime_budget_512 seed=1
2997 stability chncxr vgg13 CHNCXR_0142_0 lime_budget_512 seed=2
2998 stability chncxr vgg13 CHNCXR_0142_0 lime_budget_512 seed=3
2999 stability chncxr vgg13 CHNCXR_0142_0 lime_budget_512 seed=4
3000 stability chncxr vgg13 CHNCXR_0142_0 lime_budget_1024 seed=0
3001 stability chncxr vgg13 CHNCXR_0142_0 lime_budget_1024 seed=1
3002 stability chncxr vgg13 CHNCXR_0142_0 lime_budget_1024 seed=2
3003 stability chncxr vgg13 CHNCXR_0142_0 lime_budget_1024 seed=3
3004 stability chncxr vgg13 CHNCXR_0142_0 lime_budget_1024 seed=4
3005 stability chncxr vgg13 CHNCXR_0142_0 lime_budget_2048 seed=0
3006 stability chncxr vgg13 CHNCXR_0142_0 lime_budget_2048 seed=1
3007 stability chncxr vgg13 CHNCXR_0142_0 lime_budget_2048 seed=2
3008 stability chncxr vgg13 CHNCXR_0142_0 lime_budget_2048 seed=3
3009 stability chncxr vgg13 CHNCXR_0142_0 lime_budget_2048 seed=4
3010 stability chncxr vgg13 CHNCXR_0142_0 rise_budget_256 seed=0
3011 stability chncxr vgg13 CHNCXR_0142_0 rise_budget_256 seed=1
3012 stability chncxr vgg13 CHNCXR_0142_0 rise_budget_256 seed=2
3013 stability chncxr vgg13 CHNCXR_0142_0 rise_budget_256 seed=3
3014 stability chncxr vgg13 CHNCXR_0142_0 rise_budget_256 seed=4
3015 stability chncxr vgg13 CHNCXR_0142_0 rise_budget_512 seed=0
3016 stability chncxr vgg13 CHNCXR_0142_0 rise_budget_512 seed=1
3017 stability chncxr vgg13 CHNCXR_0142_0 rise_budget_512 seed=2
3018 stability chncxr vgg13 CHNCXR_0142_0 rise_budget_512 seed=3
3019 stability chncxr vgg13 CHNCXR_0142_0 rise_budget_512 seed=4
3020 stability chncxr vgg13 CHNCXR_0142_0 rise_budget_1024 seed=0
3021 stability chncxr vgg13 CHNCXR_0142_0 rise_budget_1024 seed=1
3022 stability chncxr vgg13 CHNCXR_0142_0 rise_budget_1024 seed=2
3023 stability chncxr vgg13 CHNCXR_0142_0 rise_budget_1024 seed=3
3024 stability chncxr vgg13 CHNCXR_0142_0 rise_budget_1024 seed=4
3025 stability chncxr vgg13 CHNCXR_0142_0 rise_budget_2048 seed=0
3026 stability chncxr vgg13 CHNCXR_0142_0 rise_budget_2048 seed=1
3027 stability chncxr vgg13 CHNCXR_0142_0 rise_budget_2048 seed=2
3028 stability chncxr vgg13 CHNCXR_0142_0 rise_budget_2048 seed=3
3029 stability chncxr vgg13 CHNCXR_0142_0 rise_budget_2048 seed=4
3030 stability chncxr vgg13 CHNCXR_0142_0 kernel_shap_budget_256 seed=0
3031 stability chncxr vgg13 CHNCXR_0142_0 kernel_shap_budget_256 seed=1
3032 stability chncxr vgg13 CHNCXR_0142_0 kernel_shap_budget_256 seed=2
3033 stability chncxr vgg13 CHNCXR_0142_0 kernel_shap_budget_256 seed=3
3034 stability chncxr vgg13 CHNCXR_0142_0 kernel_shap_budget_256 seed=4
3035 stability chncxr vgg13 CHNCXR_0142_0 kernel_shap_budget_512 seed=0
3036 stability chncxr vgg13 CHNCXR_0142_0 kernel_shap_budget_512 seed=1
3037 stability chncxr vgg13 CHNCXR_0142_0 kernel_shap_budget_512 seed=2
3038 stability chncxr vgg13 CHNCXR_0142_0 kernel_shap_budget_512 seed=3
3039 stability chncxr vgg13 CHNCXR_0142_0 kernel_shap_budget_512 seed=4
3040 stability chncxr vgg13 CHNCXR_0142_0 kernel_shap_budget_1024 seed=0
3041 stability chncxr vgg13 CHNCXR_0142_0 kernel_shap_budget_1024 seed=1
3042 stability chncxr vgg13 CHNCXR_0142_0 kernel_shap_budget_1024 seed=2
3043 stability chncxr vgg13 CHNCXR_0142_0 kernel_shap_budget_1024 seed=3
3044 stability chncxr vgg13 CHNCXR_0142_0 kernel_shap_budget_1024 seed=4
3045 stability chncxr vgg13 CHNCXR_0142_0 kernel_shap_budget_2048 seed=0
3046 stability chncxr vgg13 CHNCXR_0142_0 kernel_shap_budget_2048 seed=1
3047 stability chncxr vgg13 CHNCXR_0142_0 kernel_shap_budget_2048 seed=2
3048 stability chncxr vgg13 CHNCXR_0142_0 kernel_shap_budget_2048 seed=3
3049 stability chncxr vgg13 CHNCXR_0142_0 kernel_shap_budget_2048 seed=4
3050 stability chncxr vgg13 CHNCXR_0142_0 ablation_default seed=None
3051 stability chncxr vgg13 CHNCXR_0161_0 lime_budget_256 seed=0
3052 stability chncxr vgg13 CHNCXR_0161_0 lime_budget_256 seed=1
3053 stability chncxr vgg13 CHNCXR_0161_0 lime_budget_256 seed=2
3054 stability chncxr vgg13 CHNCXR_0161_0 lime_budget_256 seed=3
3055 stability chncxr vgg13 CHNCXR_0161_0 lime_budget_256 seed=4
3056 stability chncxr vgg13 CHNCXR_0161_0 lime_budget_512 seed=0
3057 stability chncxr vgg13 CHNCXR_0161_0 lime_budget_512 seed=1
3058 stability chncxr vgg13 CHNCXR_0161_0 lime_budget_512 seed=2
3059 stability chncxr vgg13 CHNCXR_0161_0 lime_budget_512 seed=3
3060 stability chncxr vgg13 CHNCXR_0161_0 lime_budget_512 seed=4
3061 stability chncxr vgg13 CHNCXR_0161_0 lime_budget_1024 seed=0
3062 stability chncxr vgg13 CHNCXR_0161_0 lime_budget_1024 seed=1
3063 stability chncxr vgg13 CHNCXR_0161_0 lime_budget_1024 seed=2
3064 stability chncxr vgg13 CHNCXR_0161_0 lime_budget_1024 seed=3
3065 stability chncxr vgg13 CHNCXR_0161_0 lime_budget_1024 seed=4
3066 stability chncxr vgg13 CHNCXR_0161_0 lime_budget_2048 seed=0
3067 stability chncxr vgg13 CHNCXR_0161_0 lime_budget_2048 seed=1
3068 stability chncxr vgg13 CHNCXR_0161_0 lime_budget_2048 seed=2
3069 stability chncxr vgg13 CHNCXR_0161_0 lime_budget_2048 seed=3
3070 stability chncxr vgg13 CHNCXR_0161_0 lime_budget_2048 seed=4
3071 stability chncxr vgg13 CHNCXR_0161_0 rise_budget_256 seed=0
3072 stability chncxr vgg13 CHNCXR_0161_0 rise_budget_256 seed=1
3073 stability chncxr vgg13 CHNCXR_0161_0 rise_budget_256 seed=2
3074 stability chncxr vgg13 CHNCXR_0161_0 rise_budget_256 seed=3
3075 stability chncxr vgg13 CHNCXR_0161_0 rise_budget_256 seed=4
3076 stability chncxr vgg13 CHNCXR_0161_0 rise_budget_512 seed=0
3077 stability chncxr vgg13 CHNCXR_0161_0 rise_budget_512 seed=1
3078 stability chncxr vgg13 CHNCXR_0161_0 rise_budget_512 seed=2
3079 stability chncxr vgg13 CHNCXR_0161_0 rise_budget_512 seed=3
3080 stability chncxr vgg13 CHNCXR_0161_0 rise_budget_512 seed=4
3081 stability chncxr vgg13 CHNCXR_0161_0 rise_budget_1024 seed=0
3082 stability chncxr vgg13 CHNCXR_0161_0 rise_budget_1024 seed=1
3083 stability chncxr vgg13 CHNCXR_0161_0 rise_budget_1024 seed=2
3084 stability chncxr vgg13 CHNCXR_0161_0 rise_budget_1024 seed=3
3085 stability chncxr vgg13 CHNCXR_0161_0 rise_budget_1024 seed=4
3086 stability chncxr vgg13 CHNCXR_0161_0 rise_budget_2048 seed=0
3087 stability chncxr vgg13 CHNCXR_0161_0 rise_budget_2048 seed=1
3088 stability chncxr vgg13 CHNCXR_0161_0 rise_budget_2048 seed=2
3089 stability chncxr vgg13 CHNCXR_0161_0 rise_budget_2048 seed=3
3090 stability chncxr vgg13 CHNCXR_0161_0 rise_budget_2048 seed=4
3091 stability chncxr vgg13 CHNCXR_0161_0 kernel_shap_budget_256 seed=0
3092 stability chncxr vgg13 CHNCXR_0161_0 kernel_shap_budget_256 seed=1
3093 stability chncxr vgg13 CHNCXR_0161_0 kernel_shap_budget_256 seed=2
3094 stability chncxr vgg13 CHNCXR_0161_0 kernel_shap_budget_256 seed=3
3095 stability chncxr vgg13 CHNCXR_0161_0 kernel_shap_budget_256 seed=4
3096 stability chncxr vgg13 CHNCXR_0161_0 kernel_shap_budget_512 seed=0
3097 stability chncxr vgg13 CHNCXR_0161_0 kernel_shap_budget_512 seed=1
3098 stability chncxr vgg13 CHNCXR_0161_0 kernel_shap_budget_512 seed=2
3099 stability chncxr vgg13 CHNCXR_0161_0 kernel_shap_budget_512 seed=3
3100 stability chncxr vgg13 CHNCXR_0161_0 kernel_shap_budget_512 seed=4
3101 stability chncxr vgg13 CHNCXR_0161_0 kernel_shap_budget_1024 seed=0
3102 stability chncxr vgg13 CHNCXR_0161_0 kernel_shap_budget_1024 seed=1
3103 stability chncxr vgg13 CHNCXR_0161_0 kernel_shap_budget_1024 seed=2
3104 stability chncxr vgg13 CHNCXR_0161_0 kernel_shap_budget_1024 seed=3
3105 stability chncxr vgg13 CHNCXR_0161_0 kernel_shap_budget_1024 seed=4
3106 stability chncxr vgg13 CHNCXR_0161_0 kernel_shap_budget_2048 seed=0
3107 stability chncxr vgg13 CHNCXR_0161_0 kernel_shap_budget_2048 seed=1
3108 stability chncxr vgg13 CHNCXR_0161_0 kernel_shap_budget_2048 seed=2
3109 stability chncxr vgg13 CHNCXR_0161_0 kernel_shap_budget_2048 seed=3
3110 stability chncxr vgg13 CHNCXR_0161_0 kernel_shap_budget_2048 seed=4
3111 stability chncxr vgg13 CHNCXR_0161_0 ablation_default seed=None
3112 stability chncxr vgg13 CHNCXR_0165_0 lime_budget_256 seed=0
3113 stability chncxr vgg13 CHNCXR_0165_0 lime_budget_256 seed=1
3114 stability chncxr vgg13 CHNCXR_0165_0 lime_budget_256 seed=2
3115 stability chncxr vgg13 CHNCXR_0165_0 lime_budget_256 seed=3
3116 stability chncxr vgg13 CHNCXR_0165_0 lime_budget_256 seed=4
3117 stability chncxr vgg13 CHNCXR_0165_0 lime_budget_512 seed=0
3118 stability chncxr vgg13 CHNCXR_0165_0 lime_budget_512 seed=1
3119 stability chncxr vgg13 CHNCXR_0165_0 lime_budget_512 seed=2
3120 stability chncxr vgg13 CHNCXR_0165_0 lime_budget_512 seed=3
3121 stability chncxr vgg13 CHNCXR_0165_0 lime_budget_512 seed=4
3122 stability chncxr vgg13 CHNCXR_0165_0 lime_budget_1024 seed=0
3123 stability chncxr vgg13 CHNCXR_0165_0 lime_budget_1024 seed=1
3124 stability chncxr vgg13 CHNCXR_0165_0 lime_budget_1024 seed=2
3125 stability chncxr vgg13 CHNCXR_0165_0 lime_budget_1024 seed=3
3126 stability chncxr vgg13 CHNCXR_0165_0 lime_budget_1024 seed=4
3127 stability chncxr vgg13 CHNCXR_0165_0 lime_budget_2048 seed=0
3128 stability chncxr vgg13 CHNCXR_0165_0 lime_budget_2048 seed=1
3129 stability chncxr vgg13 CHNCXR_0165_0 lime_budget_2048 seed=2
3130 stability chncxr vgg13 CHNCXR_0165_0 lime_budget_2048 seed=3
3131 stability chncxr vgg13 CHNCXR_0165_0 lime_budget_2048 seed=4
3132 stability chncxr vgg13 CHNCXR_0165_0 rise_budget_256 seed=0
3133 stability chncxr vgg13 CHNCXR_0165_0 rise_budget_256 seed=1
3134 stability chncxr vgg13 CHNCXR_0165_0 rise_budget_256 seed=2
3135 stability chncxr vgg13 CHNCXR_0165_0 rise_budget_256 seed=3
3136 stability chncxr vgg13 CHNCXR_0165_0 rise_budget_256 seed=4
3137 stability chncxr vgg13 CHNCXR_0165_0 rise_budget_512 seed=0
3138 stability chncxr vgg13 CHNCXR_0165_0 rise_budget_512 seed=1
3139 stability chncxr vgg13 CHNCXR_0165_0 rise_budget_512 seed=2
3140 stability chncxr vgg13 CHNCXR_0165_0 rise_budget_512 seed=3
3141 stability chncxr vgg13 CHNCXR_0165_0 rise_budget_512 seed=4
3142 stability chncxr vgg13 CHNCXR_0165_0 rise_budget_1024 seed=0
3143 stability chncxr vgg13 CHNCXR_0165_0 rise_budget_1024 seed=1
3144 stability chncxr vgg13 CHNCXR_0165_0 rise_budget_1024 seed=2
3145 stability chncxr vgg13 CHNCXR_0165_0 rise_budget_1024 seed=3
3146 stability chncxr vgg13 CHNCXR_0165_0 rise_budget_1024 seed=4
3147 stability chncxr vgg13 CHNCXR_0165_0 rise_budget_2048 seed=0
3148 stability chncxr vgg13 CHNCXR_0165_0 rise_budget_2048 seed=1
3149 stability chncxr vgg13 CHNCXR_0165_0 rise_budget_2048 seed=2
3150 stability chncxr vgg13 CHNCXR_0165_0 rise_budget_2048 seed=3
3151 stability chncxr vgg13 CHNCXR_0165_0 rise_budget_2048 seed=4
3152 stability chncxr vgg13 CHNCXR_0165_0 kernel_shap_budget_256 seed=0
3153 stability chncxr vgg13 CHNCXR_0165_0 kernel_shap_budget_256 seed=1
3154 stability chncxr vgg13 CHNCXR_0165_0 kernel_shap_budget_256 seed=2
3155 stability chncxr vgg13 CHNCXR_0165_0 kernel_shap_budget_256 seed=3
3156 stability chncxr vgg13 CHNCXR_0165_0 kernel_shap_budget_256 seed=4
3157 stability chncxr vgg13 CHNCXR_0165_0 kernel_shap_budget_512 seed=0
3158 stability chncxr vgg13 CHNCXR_0165_0 kernel_shap_budget_512 seed=1
3159 stability chncxr vgg13 CHNCXR_0165_0 kernel_shap_budget_512 seed=2
3160 stability chncxr vgg13 CHNCXR_0165_0 kernel_shap_budget_512 seed=3
3161 stability chncxr vgg13 CHNCXR_0165_0 kernel_shap_budget_512 seed=4
3162 stability chncxr vgg13 CHNCXR_0165_0 kernel_shap_budget_1024 seed=0
3163 stability chncxr vgg13 CHNCXR_0165_0 kernel_shap_budget_1024 seed=1
3164 stability chncxr vgg13 CHNCXR_0165_0 kernel_shap_budget_1024 seed=2
3165 stability chncxr vgg13 CHNCXR_0165_0 kernel_shap_budget_1024 seed=3
3166 stability chncxr vgg13 CHNCXR_0165_0 kernel_shap_budget_1024 seed=4
3167 stability chncxr vgg13 CHNCXR_0165_0 kernel_shap_budget_2048 seed=0
3168 stability chncxr vgg13 CHNCXR_0165_0 kernel_shap_budget_2048 seed=1
3169 stability chncxr vgg13 CHNCXR_0165_0 kernel_shap_budget_2048 seed=2
3170 stability chncxr vgg13 CHNCXR_0165_0 kernel_shap_budget_2048 seed=3
3171 stability chncxr vgg13 CHNCXR_0165_0 kernel_shap_budget_2048 seed=4
3172 stability chncxr vgg13 CHNCXR_0165_0 ablation_default seed=None
3173 stability chncxr vgg13 CHNCXR_0175_0 lime_budget_256 seed=0
3174 stability chncxr vgg13 CHNCXR_0175_0 lime_budget_256 seed=1
3175 stability chncxr vgg13 CHNCXR_0175_0 lime_budget_256 seed=2
3176 stability chncxr vgg13 CHNCXR_0175_0 lime_budget_256 seed=3
3177 stability chncxr vgg13 CHNCXR_0175_0 lime_budget_256 seed=4
3178 stability chncxr vgg13 CHNCXR_0175_0 lime_budget_512 seed=0
3179 stability chncxr vgg13 CHNCXR_0175_0 lime_budget_512 seed=1
3180 stability chncxr vgg13 CHNCXR_0175_0 lime_budget_512 seed=2
3181 stability chncxr vgg13 CHNCXR_0175_0 lime_budget_512 seed=3
3182 stability chncxr vgg13 CHNCXR_0175_0 lime_budget_512 seed=4
3183 stability chncxr vgg13 CHNCXR_0175_0 lime_budget_1024 seed=0
3184 stability chncxr vgg13 CHNCXR_0175_0 lime_budget_1024 seed=1
3185 stability chncxr vgg13 CHNCXR_0175_0 lime_budget_1024 seed=2
3186 stability chncxr vgg13 CHNCXR_0175_0 lime_budget_1024 seed=3
3187 stability chncxr vgg13 CHNCXR_0175_0 lime_budget_1024 seed=4
3188 stability chncxr vgg13 CHNCXR_0175_0 lime_budget_2048 seed=0
3189 stability chncxr vgg13 CHNCXR_0175_0 lime_budget_2048 seed=1
3190 stability chncxr vgg13 CHNCXR_0175_0 lime_budget_2048 seed=2
3191 stability chncxr vgg13 CHNCXR_0175_0 lime_budget_2048 seed=3
3192 stability chncxr vgg13 CHNCXR_0175_0 lime_budget_2048 seed=4
3193 stability chncxr vgg13 CHNCXR_0175_0 rise_budget_256 seed=0
3194 stability chncxr vgg13 CHNCXR_0175_0 rise_budget_256 seed=1
3195 stability chncxr vgg13 CHNCXR_0175_0 rise_budget_256 seed=2
3196 stability chncxr vgg13 CHNCXR_0175_0 rise_budget_256 seed=3
3197 stability chncxr vgg13 CHNCXR_0175_0 rise_budget_256 seed=4
3198 stability chncxr vgg13 CHNCXR_0175_0 rise_budget_512 seed=0
3199 stability chncxr vgg13 CHNCXR_0175_0 rise_budget_512 seed=1
3200 stability chncxr vgg13 CHNCXR_0175_0 rise_budget_512 seed=2
3201 stability chncxr vgg13 CHNCXR_0175_0 rise_budget_512 seed=3
3202 stability chncxr vgg13 CHNCXR_0175_0 rise_budget_512 seed=4
3203 stability chncxr vgg13 CHNCXR_0175_0 rise_budget_1024 seed=0
3204 stability chncxr vgg13 CHNCXR_0175_0 rise_budget_1024 seed=1
3205 stability chncxr vgg13 CHNCXR_0175_0 rise_budget_1024 seed=2
3206 stability chncxr vgg13 CHNCXR_0175_0 rise_budget_1024 seed=3
3207 stability chncxr vgg13 CHNCXR_0175_0 rise_budget_1024 seed=4
3208 stability chncxr vgg13 CHNCXR_0175_0 rise_budget_2048 seed=0
3209 stability chncxr vgg13 CHNCXR_0175_0 rise_budget_2048 seed=1
3210 stability chncxr vgg13 CHNCXR_0175_0 rise_budget_2048 seed=2
3211 stability chncxr vgg13 CHNCXR_0175_0 rise_budget_2048 seed=3
3212 stability chncxr vgg13 CHNCXR_0175_0 rise_budget_2048 seed=4
3213 stability chncxr vgg13 CHNCXR_0175_0 kernel_shap_budget_256 seed=0
3214 stability chncxr vgg13 CHNCXR_0175_0 kernel_shap_budget_256 seed=1
3215 stability chncxr vgg13 CHNCXR_0175_0 kernel_shap_budget_256 seed=2
3216 stability chncxr vgg13 CHNCXR_0175_0 kernel_shap_budget_256 seed=3
3217 stability chncxr vgg13 CHNCXR_0175_0 kernel_shap_budget_256 seed=4
3218 stability chncxr vgg13 CHNCXR_0175_0 kernel_shap_budget_512 seed=0
3219 stability chncxr vgg13 CHNCXR_0175_0 kernel_shap_budget_512 seed=1
3220 stability chncxr vgg13 CHNCXR_0175_0 kernel_shap_budget_512 seed=2
3221 stability chncxr vgg13 CHNCXR_0175_0 kernel_shap_budget_512 seed=3
3222 stability chncxr vgg13 CHNCXR_0175_0 kernel_shap_budget_512 seed=4
3223 stability chncxr vgg13 CHNCXR_0175_0 kernel_shap_budget_1024 seed=0
3224 stability chncxr vgg13 CHNCXR_0175_0 kernel_shap_budget_1024 seed=1
3225 stability chncxr vgg13 CHNCXR_0175_0 kernel_shap_budget_1024 seed=2
3226 stability chncxr vgg13 CHNCXR_0175_0 kernel_shap_budget_1024 seed=3
3227 stability chncxr vgg13 CHNCXR_0175_0 kernel_shap_budget_1024 seed=4
3228 stability chncxr vgg13 CHNCXR_0175_0 kernel_shap_budget_2048 seed=0
3229 stability chncxr vgg13 CHNCXR_0175_0 kernel_shap_budget_2048 seed=1
3230 stability chncxr vgg13 CHNCXR_0175_0 kernel_shap_budget_2048 seed=2
3231 stability chncxr vgg13 CHNCXR_0175_0 kernel_shap_budget_2048 seed=3
3232 stability chncxr vgg13 CHNCXR_0175_0 kernel_shap_budget_2048 seed=4
3233 stability chncxr vgg13 CHNCXR_0175_0 ablation_default seed=None
3234 stability chncxr vgg13 CHNCXR_0194_0 lime_budget_256 seed=0
3235 stability chncxr vgg13 CHNCXR_0194_0 lime_budget_256 seed=1
3236 stability chncxr vgg13 CHNCXR_0194_0 lime_budget_256 seed=2
3237 stability chncxr vgg13 CHNCXR_0194_0 lime_budget_256 seed=3
3238 stability chncxr vgg13 CHNCXR_0194_0 lime_budget_256 seed=4
3239 stability chncxr vgg13 CHNCXR_0194_0 lime_budget_512 seed=0
3240 stability chncxr vgg13 CHNCXR_0194_0 lime_budget_512 seed=1
3241 stability chncxr vgg13 CHNCXR_0194_0 lime_budget_512 seed=2
3242 stability chncxr vgg13 CHNCXR_0194_0 lime_budget_512 seed=3
3243 stability chncxr vgg13 CHNCXR_0194_0 lime_budget_512 seed=4
3244 stability chncxr vgg13 CHNCXR_0194_0 lime_budget_1024 seed=0
3245 stability chncxr vgg13 CHNCXR_0194_0 lime_budget_1024 seed=1
3246 stability chncxr vgg13 CHNCXR_0194_0 lime_budget_1024 seed=2
3247 stability chncxr vgg13 CHNCXR_0194_0 lime_budget_1024 seed=3
3248 stability chncxr vgg13 CHNCXR_0194_0 lime_budget_1024 seed=4
3249 stability chncxr vgg13 CHNCXR_0194_0 lime_budget_2048 seed=0
3250 stability chncxr vgg13 CHNCXR_0194_0 lime_budget_2048 seed=1
3251 stability chncxr vgg13 CHNCXR_0194_0 lime_budget_2048 seed=2
3252 stability chncxr vgg13 CHNCXR_0194_0 lime_budget_2048 seed=3
3253 stability chncxr vgg13 CHNCXR_0194_0 lime_budget_2048 seed=4
3254 stability chncxr vgg13 CHNCXR_0194_0 rise_budget_256 seed=0
3255 stability chncxr vgg13 CHNCXR_0194_0 rise_budget_256 seed=1
3256 stability chncxr vgg13 CHNCXR_0194_0 rise_budget_256 seed=2
3257 stability chncxr vgg13 CHNCXR_0194_0 rise_budget_256 seed=3
3258 stability chncxr vgg13 CHNCXR_0194_0 rise_budget_256 seed=4
3259 stability chncxr vgg13 CHNCXR_0194_0 rise_budget_512 seed=0
3260 stability chncxr vgg13 CHNCXR_0194_0 rise_budget_512 seed=1
3261 stability chncxr vgg13 CHNCXR_0194_0 rise_budget_512 seed=2
3262 stability chncxr vgg13 CHNCXR_0194_0 rise_budget_512 seed=3
3263 stability chncxr vgg13 CHNCXR_0194_0 rise_budget_512 seed=4
3264 stability chncxr vgg13 CHNCXR_0194_0 rise_budget_1024 seed=0
3265 stability chncxr vgg13 CHNCXR_0194_0 rise_budget_1024 seed=1
3266 stability chncxr vgg13 CHNCXR_0194_0 rise_budget_1024 seed=2
3267 stability chncxr vgg13 CHNCXR_0194_0 rise_budget_1024 seed=3
3268 stability chncxr vgg13 CHNCXR_0194_0 rise_budget_1024 seed=4
3269 stability chncxr vgg13 CHNCXR_0194_0 rise_budget_2048 seed=0
3270 stability chncxr vgg13 CHNCXR_0194_0 rise_budget_2048 seed=1
3271 stability chncxr vgg13 CHNCXR_0194_0 rise_budget_2048 seed=2
3272 stability chncxr vgg13 CHNCXR_0194_0 rise_budget_2048 seed=3
3273 stability chncxr vgg13 CHNCXR_0194_0 rise_budget_2048 seed=4
3274 stability chncxr vgg13 CHNCXR_0194_0 kernel_shap_budget_256 seed=0
3275 stability chncxr vgg13 CHNCXR_0194_0 kernel_shap_budget_256 seed=1
3276 stability chncxr vgg13 CHNCXR_0194_0 kernel_shap_budget_256 seed=2
3277 stability chncxr vgg13 CHNCXR_0194_0 kernel_shap_budget_256 seed=3
3278 stability chncxr vgg13 CHNCXR_0194_0 kernel_shap_budget_256 seed=4
3279 stability chncxr vgg13 CHNCXR_0194_0 kernel_shap_budget_512 seed=0
3280 stability chncxr vgg13 CHNCXR_0194_0 kernel_shap_budget_512 seed=1
3281 stability chncxr vgg13 CHNCXR_0194_0 kernel_shap_budget_512 seed=2
3282 stability chncxr vgg13 CHNCXR_0194_0 kernel_shap_budget_512 seed=3
3283 stability chncxr vgg13 CHNCXR_0194_0 kernel_shap_budget_512 seed=4
3284 stability chncxr vgg13 CHNCXR_0194_0 kernel_shap_budget_1024 seed=0
3285 stability chncxr vgg13 CHNCXR_0194_0 kernel_shap_budget_1024 seed=1
3286 stability chncxr vgg13 CHNCXR_0194_0 kernel_shap_budget_1024 seed=2
3287 stability chncxr vgg13 CHNCXR_0194_0 kernel_shap_budget_1024 seed=3
3288 stability chncxr vgg13 CHNCXR_0194_0 kernel_shap_budget_1024 seed=4
3289 stability chncxr vgg13 CHNCXR_0194_0 kernel_shap_budget_2048 seed=0
3290 stability chncxr vgg13 CHNCXR_0194_0 kernel_shap_budget_2048 seed=1
3291 stability chncxr vgg13 CHNCXR_0194_0 kernel_shap_budget_2048 seed=2
3292 stability chncxr vgg13 CHNCXR_0194_0 kernel_shap_budget_2048 seed=3
3293 stability chncxr vgg13 CHNCXR_0194_0 kernel_shap_budget_2048 seed=4
3294 stability chncxr vgg13 CHNCXR_0194_0 ablation_default seed=None
3295 stability chncxr vgg13 CHNCXR_0209_0 lime_budget_256 seed=0
3296 stability chncxr vgg13 CHNCXR_0209_0 lime_budget_256 seed=1
3297 stability chncxr vgg13 CHNCXR_0209_0 lime_budget_256 seed=2
3298 stability chncxr vgg13 CHNCXR_0209_0 lime_budget_256 seed=3
3299 stability chncxr vgg13 CHNCXR_0209_0 lime_budget_256 seed=4
3300 stability chncxr vgg13 CHNCXR_0209_0 lime_budget_512 seed=0
3301 stability chncxr vgg13 CHNCXR_0209_0 lime_budget_512 seed=1
3302 stability chncxr vgg13 CHNCXR_0209_0 lime_budget_512 seed=2
3303 stability chncxr vgg13 CHNCXR_0209_0 lime_budget_512 seed=3
3304 stability chncxr vgg13 CHNCXR_0209_0 lime_budget_512 seed=4
3305 stability chncxr vgg13 CHNCXR_0209_0 lime_budget_1024 seed=0
3306 stability chncxr vgg13 CHNCXR_0209_0 lime_budget_1024 seed=1
3307 stability chncxr vgg13 CHNCXR_0209_0 lime_budget_1024 seed=2
3308 stability chncxr vgg13 CHNCXR_0209_0 lime_budget_1024 seed=3
3309 stability chncxr vgg13 CHNCXR_0209_0 lime_budget_1024 seed=4
3310 stability chncxr vgg13 CHNCXR_0209_0 lime_budget_2048 seed=0
3311 stability chncxr vgg13 CHNCXR_0209_0 lime_budget_2048 seed=1
3312 stability chncxr vgg13 CHNCXR_0209_0 lime_budget_2048 seed=2
3313 stability chncxr vgg13 CHNCXR_0209_0 lime_budget_2048 seed=3
3314 stability chncxr vgg13 CHNCXR_0209_0 lime_budget_2048 seed=4
3315 stability chncxr vgg13 CHNCXR_0209_0 rise_budget_256 seed=0
3316 stability chncxr vgg13 CHNCXR_0209_0 rise_budget_256 seed=1
3317 stability chncxr vgg13 CHNCXR_0209_0 rise_budget_256 seed=2
3318 stability chncxr vgg13 CHNCXR_0209_0 rise_budget_256 seed=3
3319 stability chncxr vgg13 CHNCXR_0209_0 rise_budget_256 seed=4
3320 stability chncxr vgg13 CHNCXR_0209_0 rise_budget_512 seed=0
3321 stability chncxr vgg13 CHNCXR_0209_0 rise_budget_512 seed=1
3322 stability chncxr vgg13 CHNCXR_0209_0 rise_budget_512 seed=2
3323 stability chncxr vgg13 CHNCXR_0209_0 rise_budget_512 seed=3
3324 stability chncxr vgg13 CHNCXR_0209_0 rise_budget_512 seed=4
3325 stability chncxr vgg13 CHNCXR_0209_0 rise_budget_1024 seed=0
3326 stability chncxr vgg13 CHNCXR_0209_0 rise_budget_1024 seed=1
3327 stability chncxr vgg13 CHNCXR_0209_0 rise_budget_1024 seed=2
3328 stability chncxr vgg13 CHNCXR_0209_0 rise_budget_1024 seed=3
3329 stability chncxr vgg13 CHNCXR_0209_0 rise_budget_1024 seed=4
3330 stability chncxr vgg13 CHNCXR_0209_0 rise_budget_2048 seed=0
3331 stability chncxr vgg13 CHNCXR_0209_0 rise_budget_2048 seed=1
3332 stability chncxr vgg13 CHNCXR_0209_0 rise_budget_2048 seed=2
3333 stability chncxr vgg13 CHNCXR_0209_0 rise_budget_2048 seed=3
3334 stability chncxr vgg13 CHNCXR_0209_0 rise_budget_2048 seed=4
3335 stability chncxr vgg13 CHNCXR_0209_0 kernel_shap_budget_256 seed=0
3336 stability chncxr vgg13 CHNCXR_0209_0 kernel_shap_budget_256 seed=1
3337 stability chncxr vgg13 CHNCXR_0209_0 kernel_shap_budget_256 seed=2
3338 stability chncxr vgg13 CHNCXR_0209_0 kernel_shap_budget_256 seed=3
3339 stability chncxr vgg13 CHNCXR_0209_0 kernel_shap_budget_256 seed=4
3340 stability chncxr vgg13 CHNCXR_0209_0 kernel_shap_budget_512 seed=0
3341 stability chncxr vgg13 CHNCXR_0209_0 kernel_shap_budget_512 seed=1
3342 stability chncxr vgg13 CHNCXR_0209_0 kernel_shap_budget_512 seed=2
3343 stability chncxr vgg13 CHNCXR_0209_0 kernel_shap_budget_512 seed=3
3344 stability chncxr vgg13 CHNCXR_0209_0 kernel_shap_budget_512 seed=4
3345 stability chncxr vgg13 CHNCXR_0209_0 kernel_shap_budget_1024 seed=0
3346 stability chncxr vgg13 CHNCXR_0209_0 kernel_shap_budget_1024 seed=1
3347 stability chncxr vgg13 CHNCXR_0209_0 kernel_shap_budget_1024 seed=2
3348 stability chncxr vgg13 CHNCXR_0209_0 kernel_shap_budget_1024 seed=3
3349 stability chncxr vgg13 CHNCXR_0209_0 kernel_shap_budget_1024 seed=4
3350 stability chncxr vgg13 CHNCXR_0209_0 kernel_shap_budget_2048 seed=0
3351 stability chncxr vgg13 CHNCXR_0209_0 kernel_shap_budget_2048 seed=1
3352 stability chncxr vgg13 CHNCXR_0209_0 kernel_shap_budget_2048 seed=2
3353 stability chncxr vgg13 CHNCXR_0209_0 kernel_shap_budget_2048 seed=3
3354 stability chncxr vgg13 CHNCXR_0209_0 kernel_shap_budget_2048 seed=4
3355 stability chncxr vgg13 CHNCXR_0209_0 ablation_default seed=None
3356 stability chncxr vgg13 CHNCXR_0218_0 lime_budget_256 seed=0
3357 stability chncxr vgg13 CHNCXR_0218_0 lime_budget_256 seed=1
3358 stability chncxr vgg13 CHNCXR_0218_0 lime_budget_256 seed=2
3359 stability chncxr vgg13 CHNCXR_0218_0 lime_budget_256 seed=3
3360 stability chncxr vgg13 CHNCXR_0218_0 lime_budget_256 seed=4
3361 stability chncxr vgg13 CHNCXR_0218_0 lime_budget_512 seed=0
3362 stability chncxr vgg13 CHNCXR_0218_0 lime_budget_512 seed=1
3363 stability chncxr vgg13 CHNCXR_0218_0 lime_budget_512 seed=2
3364 stability chncxr vgg13 CHNCXR_0218_0 lime_budget_512 seed=3
3365 stability chncxr vgg13 CHNCXR_0218_0 lime_budget_512 seed=4
3366 stability chncxr vgg13 CHNCXR_0218_0 lime_budget_1024 seed=0
3367 stability chncxr vgg13 CHNCXR_0218_0 lime_budget_1024 seed=1
3368 stability chncxr vgg13 CHNCXR_0218_0 lime_budget_1024 seed=2
3369 stability chncxr vgg13 CHNCXR_0218_0 lime_budget_1024 seed=3
3370 stability chncxr vgg13 CHNCXR_0218_0 lime_budget_1024 seed=4
3371 stability chncxr vgg13 CHNCXR_0218_0 lime_budget_2048 seed=0
3372 stability chncxr vgg13 CHNCXR_0218_0 lime_budget_2048 seed=1
3373 stability chncxr vgg13 CHNCXR_0218_0 lime_budget_2048 seed=2
3374 stability chncxr vgg13 CHNCXR_0218_0 lime_budget_2048 seed=3
3375 stability chncxr vgg13 CHNCXR_0218_0 lime_budget_2048 seed=4
3376 stability chncxr vgg13 CHNCXR_0218_0 rise_budget_256 seed=0
3377 stability chncxr vgg13 CHNCXR_0218_0 rise_budget_256 seed=1
3378 stability chncxr vgg13 CHNCXR_0218_0 rise_budget_256 seed=2
3379 stability chncxr vgg13 CHNCXR_0218_0 rise_budget_256 seed=3
3380 stability chncxr vgg13 CHNCXR_0218_0 rise_budget_256 seed=4
3381 stability chncxr vgg13 CHNCXR_0218_0 rise_budget_512 seed=0
3382 stability chncxr vgg13 CHNCXR_0218_0 rise_budget_512 seed=1
3383 stability chncxr vgg13 CHNCXR_0218_0 rise_budget_512 seed=2
3384 stability chncxr vgg13 CHNCXR_0218_0 rise_budget_512 seed=3
3385 stability chncxr vgg13 CHNCXR_0218_0 rise_budget_512 seed=4
3386 stability chncxr vgg13 CHNCXR_0218_0 rise_budget_1024 seed=0
3387 stability chncxr vgg13 CHNCXR_0218_0 rise_budget_1024 seed=1
3388 stability chncxr vgg13 CHNCXR_0218_0 rise_budget_1024 seed=2
3389 stability chncxr vgg13 CHNCXR_0218_0 rise_budget_1024 seed=3
3390 stability chncxr vgg13 CHNCXR_0218_0 rise_budget_1024 seed=4
3391 stability chncxr vgg13 CHNCXR_0218_0 rise_budget_2048 seed=0
3392 stability chncxr vgg13 CHNCXR_0218_0 rise_budget_2048 seed=1
3393 stability chncxr vgg13 CHNCXR_0218_0 rise_budget_2048 seed=2
3394 stability chncxr vgg13 CHNCXR_0218_0 rise_budget_2048 seed=3
3395 stability chncxr vgg13 CHNCXR_0218_0 rise_budget_2048 seed=4
3396 stability chncxr vgg13 CHNCXR_0218_0 kernel_shap_budget_256 seed=0
3397 stability chncxr vgg13 CHNCXR_0218_0 kernel_shap_budget_256 seed=1
3398 stability chncxr vgg13 CHNCXR_0218_0 kernel_shap_budget_256 seed=2
3399 stability chncxr vgg13 CHNCXR_0218_0 kernel_shap_budget_256 seed=3
3400 stability chncxr vgg13 CHNCXR_0218_0 kernel_shap_budget_256 seed=4
3401 stability chncxr vgg13 CHNCXR_0218_0 kernel_shap_budget_512 seed=0
3402 stability chncxr vgg13 CHNCXR_0218_0 kernel_shap_budget_512 seed=1
3403 stability chncxr vgg13 CHNCXR_0218_0 kernel_shap_budget_512 seed=2
3404 stability chncxr vgg13 CHNCXR_0218_0 kernel_shap_budget_512 seed=3
3405 stability chncxr vgg13 CHNCXR_0218_0 kernel_shap_budget_512 seed=4
3406 stability chncxr vgg13 CHNCXR_0218_0 kernel_shap_budget_1024 seed=0
3407 stability chncxr vgg13 CHNCXR_0218_0 kernel_shap_budget_1024 seed=1
3408 stability chncxr vgg13 CHNCXR_0218_0 kernel_shap_budget_1024 seed=2
3409 stability chncxr vgg13 CHNCXR_0218_0 kernel_shap_budget_1024 seed=3
3410 stability chncxr vgg13 CHNCXR_0218_0 kernel_shap_budget_1024 seed=4
3411 stability chncxr vgg13 CHNCXR_0218_0 kernel_shap_budget_2048 seed=0
3412 stability chncxr vgg13 CHNCXR_0218_0 kernel_shap_budget_2048 seed=1
3413 stability chncxr vgg13 CHNCXR_0218_0 kernel_shap_budget_2048 seed=2
3414 stability chncxr vgg13 CHNCXR_0218_0 kernel_shap_budget_2048 seed=3
3415 stability chncxr vgg13 CHNCXR_0218_0 kernel_shap_budget_2048 seed=4
3416 stability chncxr vgg13 CHNCXR_0218_0 ablation_default seed=None
3417 stability chncxr vgg13 CHNCXR_0230_0 lime_budget_256 seed=0
3418 stability chncxr vgg13 CHNCXR_0230_0 lime_budget_256 seed=1
3419 stability chncxr vgg13 CHNCXR_0230_0 lime_budget_256 seed=2
3420 stability chncxr vgg13 CHNCXR_0230_0 lime_budget_256 seed=3
3421 stability chncxr vgg13 CHNCXR_0230_0 lime_budget_256 seed=4
3422 stability chncxr vgg13 CHNCXR_0230_0 lime_budget_512 seed=0
3423 stability chncxr vgg13 CHNCXR_0230_0 lime_budget_512 seed=1
3424 stability chncxr vgg13 CHNCXR_0230_0 lime_budget_512 seed=2
3425 stability chncxr vgg13 CHNCXR_0230_0 lime_budget_512 seed=3
3426 stability chncxr vgg13 CHNCXR_0230_0 lime_budget_512 seed=4
3427 stability chncxr vgg13 CHNCXR_0230_0 lime_budget_1024 seed=0
3428 stability chncxr vgg13 CHNCXR_0230_0 lime_budget_1024 seed=1
3429 stability chncxr vgg13 CHNCXR_0230_0 lime_budget_1024 seed=2
3430 stability chncxr vgg13 CHNCXR_0230_0 lime_budget_1024 seed=3
3431 stability chncxr vgg13 CHNCXR_0230_0 lime_budget_1024 seed=4
3432 stability chncxr vgg13 CHNCXR_0230_0 lime_budget_2048 seed=0
3433 stability chncxr vgg13 CHNCXR_0230_0 lime_budget_2048 seed=1
3434 stability chncxr vgg13 CHNCXR_0230_0 lime_budget_2048 seed=2
3435 stability chncxr vgg13 CHNCXR_0230_0 lime_budget_2048 seed=3
3436 stability chncxr vgg13 CHNCXR_0230_0 lime_budget_2048 seed=4
3437 stability chncxr vgg13 CHNCXR_0230_0 rise_budget_256 seed=0
3438 stability chncxr vgg13 CHNCXR_0230_0 rise_budget_256 seed=1
3439 stability chncxr vgg13 CHNCXR_0230_0 rise_budget_256 seed=2
3440 stability chncxr vgg13 CHNCXR_0230_0 rise_budget_256 seed=3
3441 stability chncxr vgg13 CHNCXR_0230_0 rise_budget_256 seed=4
3442 stability chncxr vgg13 CHNCXR_0230_0 rise_budget_512 seed=0
3443 stability chncxr vgg13 CHNCXR_0230_0 rise_budget_512 seed=1
3444 stability chncxr vgg13 CHNCXR_0230_0 rise_budget_512 seed=2
3445 stability chncxr vgg13 CHNCXR_0230_0 rise_budget_512 seed=3
3446 stability chncxr vgg13 CHNCXR_0230_0 rise_budget_512 seed=4
3447 stability chncxr vgg13 CHNCXR_0230_0 rise_budget_1024 seed=0
3448 stability chncxr vgg13 CHNCXR_0230_0 rise_budget_1024 seed=1
3449 stability chncxr vgg13 CHNCXR_0230_0 rise_budget_1024 seed=2
3450 stability chncxr vgg13 CHNCXR_0230_0 rise_budget_1024 seed=3
3451 stability chncxr vgg13 CHNCXR_0230_0 rise_budget_1024 seed=4
3452 stability chncxr vgg13 CHNCXR_0230_0 rise_budget_2048 seed=0
3453 stability chncxr vgg13 CHNCXR_0230_0 rise_budget_2048 seed=1
3454 stability chncxr vgg13 CHNCXR_0230_0 rise_budget_2048 seed=2
3455 stability chncxr vgg13 CHNCXR_0230_0 rise_budget_2048 seed=3
3456 stability chncxr vgg13 CHNCXR_0230_0 rise_budget_2048 seed=4
3457 stability chncxr vgg13 CHNCXR_0230_0 kernel_shap_budget_256 seed=0
3458 stability chncxr vgg13 CHNCXR_0230_0 kernel_shap_budget_256 seed=1
3459 stability chncxr vgg13 CHNCXR_0230_0 kernel_shap_budget_256 seed=2
3460 stability chncxr vgg13 CHNCXR_0230_0 kernel_shap_budget_256 seed=3
3461 stability chncxr vgg13 CHNCXR_0230_0 kernel_shap_budget_256 seed=4
3462 stability chncxr vgg13 CHNCXR_0230_0 kernel_shap_budget_512 seed=0
3463 stability chncxr vgg13 CHNCXR_0230_0 kernel_shap_budget_512 seed=1
3464 stability chncxr vgg13 CHNCXR_0230_0 kernel_shap_budget_512 seed=2
3465 stability chncxr vgg13 CHNCXR_0230_0 kernel_shap_budget_512 seed=3
3466 stability chncxr vgg13 CHNCXR_0230_0 kernel_shap_budget_512 seed=4
3467 stability chncxr vgg13 CHNCXR_0230_0 kernel_shap_budget_1024 seed=0
3468 stability chncxr vgg13 CHNCXR_0230_0 kernel_shap_budget_1024 seed=1
3469 stability chncxr vgg13 CHNCXR_0230_0 kernel_shap_budget_1024 seed=2
3470 stability chncxr vgg13 CHNCXR_0230_0 kernel_shap_budget_1024 seed=3
3471 stability chncxr vgg13 CHNCXR_0230_0 kernel_shap_budget_1024 seed=4
3472 stability chncxr vgg13 CHNCXR_0230_0 kernel_shap_budget_2048 seed=0
3473 stability chncxr vgg13 CHNCXR_0230_0 kernel_shap_budget_2048 seed=1
3474 stability chncxr vgg13 CHNCXR_0230_0 kernel_shap_budget_2048 seed=2
3475 stability chncxr vgg13 CHNCXR_0230_0 kernel_shap_budget_2048 seed=3
3476 stability chncxr vgg13 CHNCXR_0230_0 kernel_shap_budget_2048 seed=4
3477 stability chncxr vgg13 CHNCXR_0230_0 ablation_default seed=None
3478 stability chncxr vgg13 CHNCXR_0257_0 lime_budget_256 seed=0
3479 stability chncxr vgg13 CHNCXR_0257_0 lime_budget_256 seed=1
3480 stability chncxr vgg13 CHNCXR_0257_0 lime_budget_256 seed=2
3481 stability chncxr vgg13 CHNCXR_0257_0 lime_budget_256 seed=3
3482 stability chncxr vgg13 CHNCXR_0257_0 lime_budget_256 seed=4
3483 stability chncxr vgg13 CHNCXR_0257_0 lime_budget_512 seed=0
3484 stability chncxr vgg13 CHNCXR_0257_0 lime_budget_512 seed=1
3485 stability chncxr vgg13 CHNCXR_0257_0 lime_budget_512 seed=2
3486 stability chncxr vgg13 CHNCXR_0257_0 lime_budget_512 seed=3
3487 stability chncxr vgg13 CHNCXR_0257_0 lime_budget_512 seed=4
3488 stability chncxr vgg13 CHNCXR_0257_0 lime_budget_1024 seed=0
3489 stability chncxr vgg13 CHNCXR_0257_0 lime_budget_1024 seed=1
3490 stability chncxr vgg13 CHNCXR_0257_0 lime_budget_1024 seed=2
3491 stability chncxr vgg13 CHNCXR_0257_0 lime_budget_1024 seed=3
3492 stability chncxr vgg13 CHNCXR_0257_0 lime_budget_1024 seed=4
3493 stability chncxr vgg13 CHNCXR_0257_0 lime_budget_2048 seed=0
3494 stability chncxr vgg13 CHNCXR_0257_0 lime_budget_2048 seed=1
3495 stability chncxr vgg13 CHNCXR_0257_0 lime_budget_2048 seed=2
3496 stability chncxr vgg13 CHNCXR_0257_0 lime_budget_2048 seed=3
3497 stability chncxr vgg13 CHNCXR_0257_0 lime_budget_2048 seed=4
3498 stability chncxr vgg13 CHNCXR_0257_0 rise_budget_256 seed=0
3499 stability chncxr vgg13 CHNCXR_0257_0 rise_budget_256 seed=1
3500 stability chncxr vgg13 CHNCXR_0257_0 rise_budget_256 seed=2
3501 stability chncxr vgg13 CHNCXR_0257_0 rise_budget_256 seed=3
3502 stability chncxr vgg13 CHNCXR_0257_0 rise_budget_256 seed=4
3503 stability chncxr vgg13 CHNCXR_0257_0 rise_budget_512 seed=0
3504 stability chncxr vgg13 CHNCXR_0257_0 rise_budget_512 seed=1
3505 stability chncxr vgg13 CHNCXR_0257_0 rise_budget_512 seed=2
3506 stability chncxr vgg13 CHNCXR_0257_0 rise_budget_512 seed=3
3507 stability chncxr vgg13 CHNCXR_0257_0 rise_budget_512 seed=4
3508 stability chncxr vgg13 CHNCXR_0257_0 rise_budget_1024 seed=0
3509 stability chncxr vgg13 CHNCXR_0257_0 rise_budget_1024 seed=1
3510 stability chncxr vgg13 CHNCXR_0257_0 rise_budget_1024 seed=2
3511 stability chncxr vgg13 CHNCXR_0257_0 rise_budget_1024 seed=3
3512 stability chncxr vgg13 CHNCXR_0257_0 rise_budget_1024 seed=4
3513 stability chncxr vgg13 CHNCXR_0257_0 rise_budget_2048 seed=0
3514 stability chncxr vgg13 CHNCXR_0257_0 rise_budget_2048 seed=1
3515 stability chncxr vgg13 CHNCXR_0257_0 rise_budget_2048 seed=2
3516 stability chncxr vgg13 CHNCXR_0257_0 rise_budget_2048 seed=3
3517 stability chncxr vgg13 CHNCXR_0257_0 rise_budget_2048 seed=4
3518 stability chncxr vgg13 CHNCXR_0257_0 kernel_shap_budget_256 seed=0
3519 stability chncxr vgg13 CHNCXR_0257_0 kernel_shap_budget_256 seed=1
3520 stability chncxr vgg13 CHNCXR_0257_0 kernel_shap_budget_256 seed=2
3521 stability chncxr vgg13 CHNCXR_0257_0 kernel_shap_budget_256 seed=3
3522 stability chncxr vgg13 CHNCXR_0257_0 kernel_shap_budget_256 seed=4
3523 stability chncxr vgg13 CHNCXR_0257_0 kernel_shap_budget_512 seed=0
3524 stability chncxr vgg13 CHNCXR_0257_0 kernel_shap_budget_512 seed=1
3525 stability chncxr vgg13 CHNCXR_0257_0 kernel_shap_budget_512 seed=2
3526 stability chncxr vgg13 CHNCXR_0257_0 kernel_shap_budget_512 seed=3
3527 stability chncxr vgg13 CHNCXR_0257_0 kernel_shap_budget_512 seed=4
3528 stability chncxr vgg13 CHNCXR_0257_0 kernel_shap_budget_1024 seed=0
3529 stability chncxr vgg13 CHNCXR_0257_0 kernel_shap_budget_1024 seed=1
3530 stability chncxr vgg13 CHNCXR_0257_0 kernel_shap_budget_1024 seed=2
3531 stability chncxr vgg13 CHNCXR_0257_0 kernel_shap_budget_1024 seed=3
3532 stability chncxr vgg13 CHNCXR_0257_0 kernel_shap_budget_1024 seed=4
3533 stability chncxr vgg13 CHNCXR_0257_0 kernel_shap_budget_2048 seed=0
3534 stability chncxr vgg13 CHNCXR_0257_0 kernel_shap_budget_2048 seed=1
3535 stability chncxr vgg13 CHNCXR_0257_0 kernel_shap_budget_2048 seed=2
3536 stability chncxr vgg13 CHNCXR_0257_0 kernel_shap_budget_2048 seed=3
3537 stability chncxr vgg13 CHNCXR_0257_0 kernel_shap_budget_2048 seed=4
3538 stability chncxr vgg13 CHNCXR_0257_0 ablation_default seed=None
3539 stability chncxr vgg13 CHNCXR_0275_0 lime_budget_256 seed=0
3540 stability chncxr vgg13 CHNCXR_0275_0 lime_budget_256 seed=1
3541 stability chncxr vgg13 CHNCXR_0275_0 lime_budget_256 seed=2
3542 stability chncxr vgg13 CHNCXR_0275_0 lime_budget_256 seed=3
3543 stability chncxr vgg13 CHNCXR_0275_0 lime_budget_256 seed=4
3544 stability chncxr vgg13 CHNCXR_0275_0 lime_budget_512 seed=0
3545 stability chncxr vgg13 CHNCXR_0275_0 lime_budget_512 seed=1
3546 stability chncxr vgg13 CHNCXR_0275_0 lime_budget_512 seed=2
3547 stability chncxr vgg13 CHNCXR_0275_0 lime_budget_512 seed=3
3548 stability chncxr vgg13 CHNCXR_0275_0 lime_budget_512 seed=4
3549 stability chncxr vgg13 CHNCXR_0275_0 lime_budget_1024 seed=0
3550 stability chncxr vgg13 CHNCXR_0275_0 lime_budget_1024 seed=1
3551 stability chncxr vgg13 CHNCXR_0275_0 lime_budget_1024 seed=2
3552 stability chncxr vgg13 CHNCXR_0275_0 lime_budget_1024 seed=3
3553 stability chncxr vgg13 CHNCXR_0275_0 lime_budget_1024 seed=4
3554 stability chncxr vgg13 CHNCXR_0275_0 lime_budget_2048 seed=0
3555 stability chncxr vgg13 CHNCXR_0275_0 lime_budget_2048 seed=1
3556 stability chncxr vgg13 CHNCXR_0275_0 lime_budget_2048 seed=2
3557 stability chncxr vgg13 CHNCXR_0275_0 lime_budget_2048 seed=3
3558 stability chncxr vgg13 CHNCXR_0275_0 lime_budget_2048 seed=4
3559 stability chncxr vgg13 CHNCXR_0275_0 rise_budget_256 seed=0
3560 stability chncxr vgg13 CHNCXR_0275_0 rise_budget_256 seed=1
3561 stability chncxr vgg13 CHNCXR_0275_0 rise_budget_256 seed=2
3562 stability chncxr vgg13 CHNCXR_0275_0 rise_budget_256 seed=3
3563 stability chncxr vgg13 CHNCXR_0275_0 rise_budget_256 seed=4
3564 stability chncxr vgg13 CHNCXR_0275_0 rise_budget_512 seed=0
3565 stability chncxr vgg13 CHNCXR_0275_0 rise_budget_512 seed=1
3566 stability chncxr vgg13 CHNCXR_0275_0 rise_budget_512 seed=2
3567 stability chncxr vgg13 CHNCXR_0275_0 rise_budget_512 seed=3
3568 stability chncxr vgg13 CHNCXR_0275_0 rise_budget_512 seed=4
3569 stability chncxr vgg13 CHNCXR_0275_0 rise_budget_1024 seed=0
3570 stability chncxr vgg13 CHNCXR_0275_0 rise_budget_1024 seed=1
3571 stability chncxr vgg13 CHNCXR_0275_0 rise_budget_1024 seed=2
3572 stability chncxr vgg13 CHNCXR_0275_0 rise_budget_1024 seed=3
3573 stability chncxr vgg13 CHNCXR_0275_0 rise_budget_1024 seed=4
3574 stability chncxr vgg13 CHNCXR_0275_0 rise_budget_2048 seed=0
3575 stability chncxr vgg13 CHNCXR_0275_0 rise_budget_2048 seed=1
3576 stability chncxr vgg13 CHNCXR_0275_0 rise_budget_2048 seed=2
3577 stability chncxr vgg13 CHNCXR_0275_0 rise_budget_2048 seed=3
3578 stability chncxr vgg13 CHNCXR_0275_0 rise_budget_2048 seed=4
3579 stability chncxr vgg13 CHNCXR_0275_0 kernel_shap_budget_256 seed=0
3580 stability chncxr vgg13 CHNCXR_0275_0 kernel_shap_budget_256 seed=1
3581 stability chncxr vgg13 CHNCXR_0275_0 kernel_shap_budget_256 seed=2
3582 stability chncxr vgg13 CHNCXR_0275_0 kernel_shap_budget_256 seed=3
3583 stability chncxr vgg13 CHNCXR_0275_0 kernel_shap_budget_256 seed=4
3584 stability chncxr vgg13 CHNCXR_0275_0 kernel_shap_budget_512 seed=0
3585 stability chncxr vgg13 CHNCXR_0275_0 kernel_shap_budget_512 seed=1
3586 stability chncxr vgg13 CHNCXR_0275_0 kernel_shap_budget_512 seed=2
3587 stability chncxr vgg13 CHNCXR_0275_0 kernel_shap_budget_512 seed=3
3588 stability chncxr vgg13 CHNCXR_0275_0 kernel_shap_budget_512 seed=4
3589 stability chncxr vgg13 CHNCXR_0275_0 kernel_shap_budget_1024 seed=0
3590 stability chncxr vgg13 CHNCXR_0275_0 kernel_shap_budget_1024 seed=1
3591 stability chncxr vgg13 CHNCXR_0275_0 kernel_shap_budget_1024 seed=2
3592 stability chncxr vgg13 CHNCXR_0275_0 kernel_shap_budget_1024 seed=3
3593 stability chncxr vgg13 CHNCXR_0275_0 kernel_shap_budget_1024 seed=4
3594 stability chncxr vgg13 CHNCXR_0275_0 kernel_shap_budget_2048 seed=0
3595 stability chncxr vgg13 CHNCXR_0275_0 kernel_shap_budget_2048 seed=1
3596 stability chncxr vgg13 CHNCXR_0275_0 kernel_shap_budget_2048 seed=2
3597 stability chncxr vgg13 CHNCXR_0275_0 kernel_shap_budget_2048 seed=3
3598 stability chncxr vgg13 CHNCXR_0275_0 kernel_shap_budget_2048 seed=4
3599 stability chncxr vgg13 CHNCXR_0275_0 ablation_default seed=None
3600 stability chncxr vgg13 CHNCXR_0301_0 lime_budget_256 seed=0
3601 stability chncxr vgg13 CHNCXR_0301_0 lime_budget_256 seed=1
3602 stability chncxr vgg13 CHNCXR_0301_0 lime_budget_256 seed=2
3603 stability chncxr vgg13 CHNCXR_0301_0 lime_budget_256 seed=3
3604 stability chncxr vgg13 CHNCXR_0301_0 lime_budget_256 seed=4
3605 stability chncxr vgg13 CHNCXR_0301_0 lime_budget_512 seed=0
3606 stability chncxr vgg13 CHNCXR_0301_0 lime_budget_512 seed=1
3607 stability chncxr vgg13 CHNCXR_0301_0 lime_budget_512 seed=2
3608 stability chncxr vgg13 CHNCXR_0301_0 lime_budget_512 seed=3
3609 stability chncxr vgg13 CHNCXR_0301_0 lime_budget_512 seed=4
3610 stability chncxr vgg13 CHNCXR_0301_0 lime_budget_1024 seed=0
3611 stability chncxr vgg13 CHNCXR_0301_0 lime_budget_1024 seed=1
3612 stability chncxr vgg13 CHNCXR_0301_0 lime_budget_1024 seed=2
3613 stability chncxr vgg13 CHNCXR_0301_0 lime_budget_1024 seed=3
3614 stability chncxr vgg13 CHNCXR_0301_0 lime_budget_1024 seed=4
3615 stability chncxr vgg13 CHNCXR_0301_0 lime_budget_2048 seed=0
3616 stability chncxr vgg13 CHNCXR_0301_0 lime_budget_2048 seed=1
3617 stability chncxr vgg13 CHNCXR_0301_0 lime_budget_2048 seed=2
3618 stability chncxr vgg13 CHNCXR_0301_0 lime_budget_2048 seed=3
3619 stability chncxr vgg13 CHNCXR_0301_0 lime_budget_2048 seed=4
3620 stability chncxr vgg13 CHNCXR_0301_0 rise_budget_256 seed=0
3621 stability chncxr vgg13 CHNCXR_0301_0 rise_budget_256 seed=1
3622 stability chncxr vgg13 CHNCXR_0301_0 rise_budget_256 seed=2
3623 stability chncxr vgg13 CHNCXR_0301_0 rise_budget_256 seed=3
3624 stability chncxr vgg13 CHNCXR_0301_0 rise_budget_256 seed=4
3625 stability chncxr vgg13 CHNCXR_0301_0 rise_budget_512 seed=0
3626 stability chncxr vgg13 CHNCXR_0301_0 rise_budget_512 seed=1
3627 stability chncxr vgg13 CHNCXR_0301_0 rise_budget_512 seed=2
3628 stability chncxr vgg13 CHNCXR_0301_0 rise_budget_512 seed=3
3629 stability chncxr vgg13 CHNCXR_0301_0 rise_budget_512 seed=4
3630 stability chncxr vgg13 CHNCXR_0301_0 rise_budget_1024 seed=0
3631 stability chncxr vgg13 CHNCXR_0301_0 rise_budget_1024 seed=1
3632 stability chncxr vgg13 CHNCXR_0301_0 rise_budget_1024 seed=2
3633 stability chncxr vgg13 CHNCXR_0301_0 rise_budget_1024 seed=3
3634 stability chncxr vgg13 CHNCXR_0301_0 rise_budget_1024 seed=4
3635 stability chncxr vgg13 CHNCXR_0301_0 rise_budget_2048 seed=0
3636 stability chncxr vgg13 CHNCXR_0301_0 rise_budget_2048 seed=1
3637 stability chncxr vgg13 CHNCXR_0301_0 rise_budget_2048 seed=2
3638 stability chncxr vgg13 CHNCXR_0301_0 rise_budget_2048 seed=3
3639 stability chncxr vgg13 CHNCXR_0301_0 rise_budget_2048 seed=4
3640 stability chncxr vgg13 CHNCXR_0301_0 kernel_shap_budget_256 seed=0
3641 stability chncxr vgg13 CHNCXR_0301_0 kernel_shap_budget_256 seed=1
3642 stability chncxr vgg13 CHNCXR_0301_0 kernel_shap_budget_256 seed=2
3643 stability chncxr vgg13 CHNCXR_0301_0 kernel_shap_budget_256 seed=3
3644 stability chncxr vgg13 CHNCXR_0301_0 kernel_shap_budget_256 seed=4
3645 stability chncxr vgg13 CHNCXR_0301_0 kernel_shap_budget_512 seed=0
3646 stability chncxr vgg13 CHNCXR_0301_0 kernel_shap_budget_512 seed=1
3647 stability chncxr vgg13 CHNCXR_0301_0 kernel_shap_budget_512 seed=2
3648 stability chncxr vgg13 CHNCXR_0301_0 kernel_shap_budget_512 seed=3
3649 stability chncxr vgg13 CHNCXR_0301_0 kernel_shap_budget_512 seed=4
3650 stability chncxr vgg13 CHNCXR_0301_0 kernel_shap_budget_1024 seed=0
3651 stability chncxr vgg13 CHNCXR_0301_0 kernel_shap_budget_1024 seed=1
3652 stability chncxr vgg13 CHNCXR_0301_0 kernel_shap_budget_1024 seed=2
3653 stability chncxr vgg13 CHNCXR_0301_0 kernel_shap_budget_1024 seed=3
3654 stability chncxr vgg13 CHNCXR_0301_0 kernel_shap_budget_1024 seed=4
3655 stability chncxr vgg13 CHNCXR_0301_0 kernel_shap_budget_2048 seed=0
3656 stability chncxr vgg13 CHNCXR_0301_0 kernel_shap_budget_2048 seed=1
3657 stability chncxr vgg13 CHNCXR_0301_0 kernel_shap_budget_2048 seed=2
3658 stability chncxr vgg13 CHNCXR_0301_0 kernel_shap_budget_2048 seed=3
3659 stability chncxr vgg13 CHNCXR_0301_0 kernel_shap_budget_2048 seed=4
3660 stability chncxr vgg13 CHNCXR_0301_0 ablation_default seed=None
3661 stability chncxr vgg13 CHNCXR_0342_1 lime_budget_256 seed=0
3662 stability chncxr vgg13 CHNCXR_0342_1 lime_budget_256 seed=1
3663 stability chncxr vgg13 CHNCXR_0342_1 lime_budget_256 seed=2
3664 stability chncxr vgg13 CHNCXR_0342_1 lime_budget_256 seed=3
3665 stability chncxr vgg13 CHNCXR_0342_1 lime_budget_256 seed=4
3666 stability chncxr vgg13 CHNCXR_0342_1 lime_budget_512 seed=0
3667 stability chncxr vgg13 CHNCXR_0342_1 lime_budget_512 seed=1
3668 stability chncxr vgg13 CHNCXR_0342_1 lime_budget_512 seed=2
3669 stability chncxr vgg13 CHNCXR_0342_1 lime_budget_512 seed=3
3670 stability chncxr vgg13 CHNCXR_0342_1 lime_budget_512 seed=4
3671 stability chncxr vgg13 CHNCXR_0342_1 lime_budget_1024 seed=0
3672 stability chncxr vgg13 CHNCXR_0342_1 lime_budget_1024 seed=1
3673 stability chncxr vgg13 CHNCXR_0342_1 lime_budget_1024 seed=2
3674 stability chncxr vgg13 CHNCXR_0342_1 lime_budget_1024 seed=3
3675 stability chncxr vgg13 CHNCXR_0342_1 lime_budget_1024 seed=4
3676 stability chncxr vgg13 CHNCXR_0342_1 lime_budget_2048 seed=0
3677 stability chncxr vgg13 CHNCXR_0342_1 lime_budget_2048 seed=1
3678 stability chncxr vgg13 CHNCXR_0342_1 lime_budget_2048 seed=2
3679 stability chncxr vgg13 CHNCXR_0342_1 lime_budget_2048 seed=3
3680 stability chncxr vgg13 CHNCXR_0342_1 lime_budget_2048 seed=4
3681 stability chncxr vgg13 CHNCXR_0342_1 rise_budget_256 seed=0
3682 stability chncxr vgg13 CHNCXR_0342_1 rise_budget_256 seed=1
3683 stability chncxr vgg13 CHNCXR_0342_1 rise_budget_256 seed=2
3684 stability chncxr vgg13 CHNCXR_0342_1 rise_budget_256 seed=3
3685 stability chncxr vgg13 CHNCXR_0342_1 rise_budget_256 seed=4
3686 stability chncxr vgg13 CHNCXR_0342_1 rise_budget_512 seed=0
3687 stability chncxr vgg13 CHNCXR_0342_1 rise_budget_512 seed=1
3688 stability chncxr vgg13 CHNCXR_0342_1 rise_budget_512 seed=2
3689 stability chncxr vgg13 CHNCXR_0342_1 rise_budget_512 seed=3
3690 stability chncxr vgg13 CHNCXR_0342_1 rise_budget_512 seed=4
3691 stability chncxr vgg13 CHNCXR_0342_1 rise_budget_1024 seed=0
3692 stability chncxr vgg13 CHNCXR_0342_1 rise_budget_1024 seed=1
3693 stability chncxr vgg13 CHNCXR_0342_1 rise_budget_1024 seed=2
3694 stability chncxr vgg13 CHNCXR_0342_1 rise_budget_1024 seed=3
3695 stability chncxr vgg13 CHNCXR_0342_1 rise_budget_1024 seed=4
3696 stability chncxr vgg13 CHNCXR_0342_1 rise_budget_2048 seed=0
3697 stability chncxr vgg13 CHNCXR_0342_1 rise_budget_2048 seed=1
3698 stability chncxr vgg13 CHNCXR_0342_1 rise_budget_2048 seed=2
3699 stability chncxr vgg13 CHNCXR_0342_1 rise_budget_2048 seed=3
3700 stability chncxr vgg13 CHNCXR_0342_1 rise_budget_2048 seed=4
3701 stability chncxr vgg13 CHNCXR_0342_1 kernel_shap_budget_256 seed=0
3702 stability chncxr vgg13 CHNCXR_0342_1 kernel_shap_budget_256 seed=1
3703 stability chncxr vgg13 CHNCXR_0342_1 kernel_shap_budget_256 seed=2
3704 stability chncxr vgg13 CHNCXR_0342_1 kernel_shap_budget_256 seed=3
3705 stability chncxr vgg13 CHNCXR_0342_1 kernel_shap_budget_256 seed=4
3706 stability chncxr vgg13 CHNCXR_0342_1 kernel_shap_budget_512 seed=0
3707 stability chncxr vgg13 CHNCXR_0342_1 kernel_shap_budget_512 seed=1
3708 stability chncxr vgg13 CHNCXR_0342_1 kernel_shap_budget_512 seed=2
3709 stability chncxr vgg13 CHNCXR_0342_1 kernel_shap_budget_512 seed=3
3710 stability chncxr vgg13 CHNCXR_0342_1 kernel_shap_budget_512 seed=4
3711 stability chncxr vgg13 CHNCXR_0342_1 kernel_shap_budget_1024 seed=0
3712 stability chncxr vgg13 CHNCXR_0342_1 kernel_shap_budget_1024 seed=1
3713 stability chncxr vgg13 CHNCXR_0342_1 kernel_shap_budget_1024 seed=2
3714 stability chncxr vgg13 CHNCXR_0342_1 kernel_shap_budget_1024 seed=3
3715 stability chncxr vgg13 CHNCXR_0342_1 kernel_shap_budget_1024 seed=4
3716 stability chncxr vgg13 CHNCXR_0342_1 kernel_shap_budget_2048 seed=0
3717 stability chncxr vgg13 CHNCXR_0342_1 kernel_shap_budget_2048 seed=1
3718 stability chncxr vgg13 CHNCXR_0342_1 kernel_shap_budget_2048 seed=2
3719 stability chncxr vgg13 CHNCXR_0342_1 kernel_shap_budget_2048 seed=3
3720 stability chncxr vgg13 CHNCXR_0342_1 kernel_shap_budget_2048 seed=4
3721 stability chncxr vgg13 CHNCXR_0342_1 ablation_default seed=None
3722 stability chncxr vgg13 CHNCXR_0347_1 lime_budget_256 seed=0
3723 stability chncxr vgg13 CHNCXR_0347_1 lime_budget_256 seed=1
3724 stability chncxr vgg13 CHNCXR_0347_1 lime_budget_256 seed=2
3725 stability chncxr vgg13 CHNCXR_0347_1 lime_budget_256 seed=3
3726 stability chncxr vgg13 CHNCXR_0347_1 lime_budget_256 seed=4
3727 stability chncxr vgg13 CHNCXR_0347_1 lime_budget_512 seed=0
3728 stability chncxr vgg13 CHNCXR_0347_1 lime_budget_512 seed=1
3729 stability chncxr vgg13 CHNCXR_0347_1 lime_budget_512 seed=2
3730 stability chncxr vgg13 CHNCXR_0347_1 lime_budget_512 seed=3
3731 stability chncxr vgg13 CHNCXR_0347_1 lime_budget_512 seed=4
3732 stability chncxr vgg13 CHNCXR_0347_1 lime_budget_1024 seed=0
3733 stability chncxr vgg13 CHNCXR_0347_1 lime_budget_1024 seed=1
3734 stability chncxr vgg13 CHNCXR_0347_1 lime_budget_1024 seed=2
3735 stability chncxr vgg13 CHNCXR_0347_1 lime_budget_1024 seed=3
3736 stability chncxr vgg13 CHNCXR_0347_1 lime_budget_1024 seed=4
3737 stability chncxr vgg13 CHNCXR_0347_1 lime_budget_2048 seed=0
3738 stability chncxr vgg13 CHNCXR_0347_1 lime_budget_2048 seed=1
3739 stability chncxr vgg13 CHNCXR_0347_1 lime_budget_2048 seed=2
3740 stability chncxr vgg13 CHNCXR_0347_1 lime_budget_2048 seed=3
3741 stability chncxr vgg13 CHNCXR_0347_1 lime_budget_2048 seed=4
3742 stability chncxr vgg13 CHNCXR_0347_1 rise_budget_256 seed=0
3743 stability chncxr vgg13 CHNCXR_0347_1 rise_budget_256 seed=1
3744 stability chncxr vgg13 CHNCXR_0347_1 rise_budget_256 seed=2
3745 stability chncxr vgg13 CHNCXR_0347_1 rise_budget_256 seed=3
3746 stability chncxr vgg13 CHNCXR_0347_1 rise_budget_256 seed=4
3747 stability chncxr vgg13 CHNCXR_0347_1 rise_budget_512 seed=0
3748 stability chncxr vgg13 CHNCXR_0347_1 rise_budget_512 seed=1
3749 stability chncxr vgg13 CHNCXR_0347_1 rise_budget_512 seed=2
3750 stability chncxr vgg13 CHNCXR_0347_1 rise_budget_512 seed=3
3751 stability chncxr vgg13 CHNCXR_0347_1 rise_budget_512 seed=4
3752 stability chncxr vgg13 CHNCXR_0347_1 rise_budget_1024 seed=0
3753 stability chncxr vgg13 CHNCXR_0347_1 rise_budget_1024 seed=1
3754 stability chncxr vgg13 CHNCXR_0347_1 rise_budget_1024 seed=2
3755 stability chncxr vgg13 CHNCXR_0347_1 rise_budget_1024 seed=3
3756 stability chncxr vgg13 CHNCXR_0347_1 rise_budget_1024 seed=4
3757 stability chncxr vgg13 CHNCXR_0347_1 rise_budget_2048 seed=0
3758 stability chncxr vgg13 CHNCXR_0347_1 rise_budget_2048 seed=1
3759 stability chncxr vgg13 CHNCXR_0347_1 rise_budget_2048 seed=2
3760 stability chncxr vgg13 CHNCXR_0347_1 rise_budget_2048 seed=3
3761 stability chncxr vgg13 CHNCXR_0347_1 rise_budget_2048 seed=4
3762 stability chncxr vgg13 CHNCXR_0347_1 kernel_shap_budget_256 seed=0
3763 stability chncxr vgg13 CHNCXR_0347_1 kernel_shap_budget_256 seed=1
3764 stability chncxr vgg13 CHNCXR_0347_1 kernel_shap_budget_256 seed=2
3765 stability chncxr vgg13 CHNCXR_0347_1 kernel_shap_budget_256 seed=3
3766 stability chncxr vgg13 CHNCXR_0347_1 kernel_shap_budget_256 seed=4
3767 stability chncxr vgg13 CHNCXR_0347_1 kernel_shap_budget_512 seed=0
3768 stability chncxr vgg13 CHNCXR_0347_1 kernel_shap_budget_512 seed=1
3769 stability chncxr vgg13 CHNCXR_0347_1 kernel_shap_budget_512 seed=2
3770 stability chncxr vgg13 CHNCXR_0347_1 kernel_shap_budget_512 seed=3
3771 stability chncxr vgg13 CHNCXR_0347_1 kernel_shap_budget_512 seed=4
3772 stability chncxr vgg13 CHNCXR_0347_1 kernel_shap_budget_1024 seed=0
3773 stability chncxr vgg13 CHNCXR_0347_1 kernel_shap_budget_1024 seed=1
3774 stability chncxr vgg13 CHNCXR_0347_1 kernel_shap_budget_1024 seed=2
3775 stability chncxr vgg13 CHNCXR_0347_1 kernel_shap_budget_1024 seed=3
3776 stability chncxr vgg13 CHNCXR_0347_1 kernel_shap_budget_1024 seed=4
3777 stability chncxr vgg13 CHNCXR_0347_1 kernel_shap_budget_2048 seed=0
3778 stability chncxr vgg13 CHNCXR_0347_1 kernel_shap_budget_2048 seed=1
3779 stability chncxr vgg13 CHNCXR_0347_1 kernel_shap_budget_2048 seed=2
3780 stability chncxr vgg13 CHNCXR_0347_1 kernel_shap_budget_2048 seed=3
3781 stability chncxr vgg13 CHNCXR_0347_1 kernel_shap_budget_2048 seed=4
3782 stability chncxr vgg13 CHNCXR_0347_1 ablation_default seed=None
3783 stability chncxr vgg13 CHNCXR_0353_1 lime_budget_256 seed=0
3784 stability chncxr vgg13 CHNCXR_0353_1 lime_budget_256 seed=1
3785 stability chncxr vgg13 CHNCXR_0353_1 lime_budget_256 seed=2
3786 stability chncxr vgg13 CHNCXR_0353_1 lime_budget_256 seed=3
3787 stability chncxr vgg13 CHNCXR_0353_1 lime_budget_256 seed=4
3788 stability chncxr vgg13 CHNCXR_0353_1 lime_budget_512 seed=0
3789 stability chncxr vgg13 CHNCXR_0353_1 lime_budget_512 seed=1
3790 stability chncxr vgg13 CHNCXR_0353_1 lime_budget_512 seed=2
3791 stability chncxr vgg13 CHNCXR_0353_1 lime_budget_512 seed=3
3792 stability chncxr vgg13 CHNCXR_0353_1 lime_budget_512 seed=4
3793 stability chncxr vgg13 CHNCXR_0353_1 lime_budget_1024 seed=0
3794 stability chncxr vgg13 CHNCXR_0353_1 lime_budget_1024 seed=1
3795 stability chncxr vgg13 CHNCXR_0353_1 lime_budget_1024 seed=2
3796 stability chncxr vgg13 CHNCXR_0353_1 lime_budget_1024 seed=3
3797 stability chncxr vgg13 CHNCXR_0353_1 lime_budget_1024 seed=4
3798 stability chncxr vgg13 CHNCXR_0353_1 lime_budget_2048 seed=0
3799 stability chncxr vgg13 CHNCXR_0353_1 lime_budget_2048 seed=1
3800 stability chncxr vgg13 CHNCXR_0353_1 lime_budget_2048 seed=2
3801 stability chncxr vgg13 CHNCXR_0353_1 lime_budget_2048 seed=3
3802 stability chncxr vgg13 CHNCXR_0353_1 lime_budget_2048 seed=4
3803 stability chncxr vgg13 CHNCXR_0353_1 rise_budget_256 seed=0
3804 stability chncxr vgg13 CHNCXR_0353_1 rise_budget_256 seed=1
3805 stability chncxr vgg13 CHNCXR_0353_1 rise_budget_256 seed=2
3806 stability chncxr vgg13 CHNCXR_0353_1 rise_budget_256 seed=3
3807 stability chncxr vgg13 CHNCXR_0353_1 rise_budget_256 seed=4
3808 stability chncxr vgg13 CHNCXR_0353_1 rise_budget_512 seed=0
3809 stability chncxr vgg13 CHNCXR_0353_1 rise_budget_512 seed=1
3810 stability chncxr vgg13 CHNCXR_0353_1 rise_budget_512 seed=2
3811 stability chncxr vgg13 CHNCXR_0353_1 rise_budget_512 seed=3
3812 stability chncxr vgg13 CHNCXR_0353_1 rise_budget_512 seed=4
3813 stability chncxr vgg13 CHNCXR_0353_1 rise_budget_1024 seed=0
3814 stability chncxr vgg13 CHNCXR_0353_1 rise_budget_1024 seed=1
3815 stability chncxr vgg13 CHNCXR_0353_1 rise_budget_1024 seed=2
3816 stability chncxr vgg13 CHNCXR_0353_1 rise_budget_1024 seed=3
3817 stability chncxr vgg13 CHNCXR_0353_1 rise_budget_1024 seed=4
3818 stability chncxr vgg13 CHNCXR_0353_1 rise_budget_2048 seed=0
3819 stability chncxr vgg13 CHNCXR_0353_1 rise_budget_2048 seed=1
3820 stability chncxr vgg13 CHNCXR_0353_1 rise_budget_2048 seed=2
3821 stability chncxr vgg13 CHNCXR_0353_1 rise_budget_2048 seed=3
3822 stability chncxr vgg13 CHNCXR_0353_1 rise_budget_2048 seed=4
3823 stability chncxr vgg13 CHNCXR_0353_1 kernel_shap_budget_256 seed=0
3824 stability chncxr vgg13 CHNCXR_0353_1 kernel_shap_budget_256 seed=1
3825 stability chncxr vgg13 CHNCXR_0353_1 kernel_shap_budget_256 seed=2
3826 stability chncxr vgg13 CHNCXR_0353_1 kernel_shap_budget_256 seed=3
3827 stability chncxr vgg13 CHNCXR_0353_1 kernel_shap_budget_256 seed=4
3828 stability chncxr vgg13 CHNCXR_0353_1 kernel_shap_budget_512 seed=0
3829 stability chncxr vgg13 CHNCXR_0353_1 kernel_shap_budget_512 seed=1
3830 stability chncxr vgg13 CHNCXR_0353_1 kernel_shap_budget_512 seed=2
3831 stability chncxr vgg13 CHNCXR_0353_1 kernel_shap_budget_512 seed=3
3832 stability chncxr vgg13 CHNCXR_0353_1 kernel_shap_budget_512 seed=4
3833 stability chncxr vgg13 CHNCXR_0353_1 kernel_shap_budget_1024 seed=0
3834 stability chncxr vgg13 CHNCXR_0353_1 kernel_shap_budget_1024 seed=1
3835 stability chncxr vgg13 CHNCXR_0353_1 kernel_shap_budget_1024 seed=2
3836 stability chncxr vgg13 CHNCXR_0353_1 kernel_shap_budget_1024 seed=3
3837 stability chncxr vgg13 CHNCXR_0353_1 kernel_shap_budget_1024 seed=4
3838 stability chncxr vgg13 CHNCXR_0353_1 kernel_shap_budget_2048 seed=0
3839 stability chncxr vgg13 CHNCXR_0353_1 kernel_shap_budget_2048 seed=1
3840 stability chncxr vgg13 CHNCXR_0353_1 kernel_shap_budget_2048 seed=2
3841 stability chncxr vgg13 CHNCXR_0353_1 kernel_shap_budget_2048 seed=3
3842 stability chncxr vgg13 CHNCXR_0353_1 kernel_shap_budget_2048 seed=4
3843 stability chncxr vgg13 CHNCXR_0353_1 ablation_default seed=None
3844 stability chncxr vgg13 CHNCXR_0398_1 lime_budget_256 seed=0
3845 stability chncxr vgg13 CHNCXR_0398_1 lime_budget_256 seed=1
3846 stability chncxr vgg13 CHNCXR_0398_1 lime_budget_256 seed=2
3847 stability chncxr vgg13 CHNCXR_0398_1 lime_budget_256 seed=3
3848 stability chncxr vgg13 CHNCXR_0398_1 lime_budget_256 seed=4
3849 stability chncxr vgg13 CHNCXR_0398_1 lime_budget_512 seed=0
3850 stability chncxr vgg13 CHNCXR_0398_1 lime_budget_512 seed=1
3851 stability chncxr vgg13 CHNCXR_0398_1 lime_budget_512 seed=2
3852 stability chncxr vgg13 CHNCXR_0398_1 lime_budget_512 seed=3
3853 stability chncxr vgg13 CHNCXR_0398_1 lime_budget_512 seed=4
3854 stability chncxr vgg13 CHNCXR_0398_1 lime_budget_1024 seed=0
3855 stability chncxr vgg13 CHNCXR_0398_1 lime_budget_1024 seed=1
3856 stability chncxr vgg13 CHNCXR_0398_1 lime_budget_1024 seed=2
3857 stability chncxr vgg13 CHNCXR_0398_1 lime_budget_1024 seed=3
3858 stability chncxr vgg13 CHNCXR_0398_1 lime_budget_1024 seed=4
3859 stability chncxr vgg13 CHNCXR_0398_1 lime_budget_2048 seed=0
3860 stability chncxr vgg13 CHNCXR_0398_1 lime_budget_2048 seed=1
3861 stability chncxr vgg13 CHNCXR_0398_1 lime_budget_2048 seed=2
3862 stability chncxr vgg13 CHNCXR_0398_1 lime_budget_2048 seed=3
3863 stability chncxr vgg13 CHNCXR_0398_1 lime_budget_2048 seed=4
3864 stability chncxr vgg13 CHNCXR_0398_1 rise_budget_256 seed=0
3865 stability chncxr vgg13 CHNCXR_0398_1 rise_budget_256 seed=1
3866 stability chncxr vgg13 CHNCXR_0398_1 rise_budget_256 seed=2
3867 stability chncxr vgg13 CHNCXR_0398_1 rise_budget_256 seed=3
3868 stability chncxr vgg13 CHNCXR_0398_1 rise_budget_256 seed=4
3869 stability chncxr vgg13 CHNCXR_0398_1 rise_budget_512 seed=0
3870 stability chncxr vgg13 CHNCXR_0398_1 rise_budget_512 seed=1
3871 stability chncxr vgg13 CHNCXR_0398_1 rise_budget_512 seed=2
3872 stability chncxr vgg13 CHNCXR_0398_1 rise_budget_512 seed=3
3873 stability chncxr vgg13 CHNCXR_0398_1 rise_budget_512 seed=4
3874 stability chncxr vgg13 CHNCXR_0398_1 rise_budget_1024 seed=0
3875 stability chncxr vgg13 CHNCXR_0398_1 rise_budget_1024 seed=1
3876 stability chncxr vgg13 CHNCXR_0398_1 rise_budget_1024 seed=2
3877 stability chncxr vgg13 CHNCXR_0398_1 rise_budget_1024 seed=3
3878 stability chncxr vgg13 CHNCXR_0398_1 rise_budget_1024 seed=4
3879 stability chncxr vgg13 CHNCXR_0398_1 rise_budget_2048 seed=0
3880 stability chncxr vgg13 CHNCXR_0398_1 rise_budget_2048 seed=1
3881 stability chncxr vgg13 CHNCXR_0398_1 rise_budget_2048 seed=2
3882 stability chncxr vgg13 CHNCXR_0398_1 rise_budget_2048 seed=3
3883 stability chncxr vgg13 CHNCXR_0398_1 rise_budget_2048 seed=4
3884 stability chncxr vgg13 CHNCXR_0398_1 kernel_shap_budget_256 seed=0
3885 stability chncxr vgg13 CHNCXR_0398_1 kernel_shap_budget_256 seed=1
3886 stability chncxr vgg13 CHNCXR_0398_1 kernel_shap_budget_256 seed=2
3887 stability chncxr vgg13 CHNCXR_0398_1 kernel_shap_budget_256 seed=3
3888 stability chncxr vgg13 CHNCXR_0398_1 kernel_shap_budget_256 seed=4
3889 stability chncxr vgg13 CHNCXR_0398_1 kernel_shap_budget_512 seed=0
3890 stability chncxr vgg13 CHNCXR_0398_1 kernel_shap_budget_512 seed=1
3891 stability chncxr vgg13 CHNCXR_0398_1 kernel_shap_budget_512 seed=2
3892 stability chncxr vgg13 CHNCXR_0398_1 kernel_shap_budget_512 seed=3
3893 stability chncxr vgg13 CHNCXR_0398_1 kernel_shap_budget_512 seed=4
3894 stability chncxr vgg13 CHNCXR_0398_1 kernel_shap_budget_1024 seed=0
3895 stability chncxr vgg13 CHNCXR_0398_1 kernel_shap_budget_1024 seed=1
3896 stability chncxr vgg13 CHNCXR_0398_1 kernel_shap_budget_1024 seed=2
3897 stability chncxr vgg13 CHNCXR_0398_1 kernel_shap_budget_1024 seed=3
3898 stability chncxr vgg13 CHNCXR_0398_1 kernel_shap_budget_1024 seed=4
3899 stability chncxr vgg13 CHNCXR_0398_1 kernel_shap_budget_2048 seed=0
3900 stability chncxr vgg13 CHNCXR_0398_1 kernel_shap_budget_2048 seed=1
3901 stability chncxr vgg13 CHNCXR_0398_1 kernel_shap_budget_2048 seed=2
3902 stability chncxr vgg13 CHNCXR_0398_1 kernel_shap_budget_2048 seed=3
3903 stability chncxr vgg13 CHNCXR_0398_1 kernel_shap_budget_2048 seed=4
3904 stability chncxr vgg13 CHNCXR_0398_1 ablation_default seed=None
3905 stability chncxr vgg13 CHNCXR_0405_1 lime_budget_256 seed=0
3906 stability chncxr vgg13 CHNCXR_0405_1 lime_budget_256 seed=1
3907 stability chncxr vgg13 CHNCXR_0405_1 lime_budget_256 seed=2
3908 stability chncxr vgg13 CHNCXR_0405_1 lime_budget_256 seed=3
3909 stability chncxr vgg13 CHNCXR_0405_1 lime_budget_256 seed=4
3910 stability chncxr vgg13 CHNCXR_0405_1 lime_budget_512 seed=0
3911 stability chncxr vgg13 CHNCXR_0405_1 lime_budget_512 seed=1
3912 stability chncxr vgg13 CHNCXR_0405_1 lime_budget_512 seed=2
3913 stability chncxr vgg13 CHNCXR_0405_1 lime_budget_512 seed=3
3914 stability chncxr vgg13 CHNCXR_0405_1 lime_budget_512 seed=4
3915 stability chncxr vgg13 CHNCXR_0405_1 lime_budget_1024 seed=0
3916 stability chncxr vgg13 CHNCXR_0405_1 lime_budget_1024 seed=1
3917 stability chncxr vgg13 CHNCXR_0405_1 lime_budget_1024 seed=2
3918 stability chncxr vgg13 CHNCXR_0405_1 lime_budget_1024 seed=3
3919 stability chncxr vgg13 CHNCXR_0405_1 lime_budget_1024 seed=4
3920 stability chncxr vgg13 CHNCXR_0405_1 lime_budget_2048 seed=0
3921 stability chncxr vgg13 CHNCXR_0405_1 lime_budget_2048 seed=1
3922 stability chncxr vgg13 CHNCXR_0405_1 lime_budget_2048 seed=2
3923 stability chncxr vgg13 CHNCXR_0405_1 lime_budget_2048 seed=3
3924 stability chncxr vgg13 CHNCXR_0405_1 lime_budget_2048 seed=4
3925 stability chncxr vgg13 CHNCXR_0405_1 rise_budget_256 seed=0
3926 stability chncxr vgg13 CHNCXR_0405_1 rise_budget_256 seed=1
3927 stability chncxr vgg13 CHNCXR_0405_1 rise_budget_256 seed=2
3928 stability chncxr vgg13 CHNCXR_0405_1 rise_budget_256 seed=3
3929 stability chncxr vgg13 CHNCXR_0405_1 rise_budget_256 seed=4
3930 stability chncxr vgg13 CHNCXR_0405_1 rise_budget_512 seed=0
3931 stability chncxr vgg13 CHNCXR_0405_1 rise_budget_512 seed=1
3932 stability chncxr vgg13 CHNCXR_0405_1 rise_budget_512 seed=2
3933 stability chncxr vgg13 CHNCXR_0405_1 rise_budget_512 seed=3
3934 stability chncxr vgg13 CHNCXR_0405_1 rise_budget_512 seed=4
3935 stability chncxr vgg13 CHNCXR_0405_1 rise_budget_1024 seed=0
3936 stability chncxr vgg13 CHNCXR_0405_1 rise_budget_1024 seed=1
3937 stability chncxr vgg13 CHNCXR_0405_1 rise_budget_1024 seed=2
3938 stability chncxr vgg13 CHNCXR_0405_1 rise_budget_1024 seed=3
3939 stability chncxr vgg13 CHNCXR_0405_1 rise_budget_1024 seed=4
3940 stability chncxr vgg13 CHNCXR_0405_1 rise_budget_2048 seed=0
3941 stability chncxr vgg13 CHNCXR_0405_1 rise_budget_2048 seed=1
3942 stability chncxr vgg13 CHNCXR_0405_1 rise_budget_2048 seed=2
3943 stability chncxr vgg13 CHNCXR_0405_1 rise_budget_2048 seed=3
3944 stability chncxr vgg13 CHNCXR_0405_1 rise_budget_2048 seed=4
3945 stability chncxr vgg13 CHNCXR_0405_1 kernel_shap_budget_256 seed=0
3946 stability chncxr vgg13 CHNCXR_0405_1 kernel_shap_budget_256 seed=1
3947 stability chncxr vgg13 CHNCXR_0405_1 kernel_shap_budget_256 seed=2
3948 stability chncxr vgg13 CHNCXR_0405_1 kernel_shap_budget_256 seed=3
3949 stability chncxr vgg13 CHNCXR_0405_1 kernel_shap_budget_256 seed=4
3950 stability chncxr vgg13 CHNCXR_0405_1 kernel_shap_budget_512 seed=0
3951 stability chncxr vgg13 CHNCXR_0405_1 kernel_shap_budget_512 seed=1
3952 stability chncxr vgg13 CHNCXR_0405_1 kernel_shap_budget_512 seed=2
3953 stability chncxr vgg13 CHNCXR_0405_1 kernel_shap_budget_512 seed=3
3954 stability chncxr vgg13 CHNCXR_0405_1 kernel_shap_budget_512 seed=4
3955 stability chncxr vgg13 CHNCXR_0405_1 kernel_shap_budget_1024 seed=0
3956 stability chncxr vgg13 CHNCXR_0405_1 kernel_shap_budget_1024 seed=1
3957 stability chncxr vgg13 CHNCXR_0405_1 kernel_shap_budget_1024 seed=2
3958 stability chncxr vgg13 CHNCXR_0405_1 kernel_shap_budget_1024 seed=3
3959 stability chncxr vgg13 CHNCXR_0405_1 kernel_shap_budget_1024 seed=4
3960 stability chncxr vgg13 CHNCXR_0405_1 kernel_shap_budget_2048 seed=0
3961 stability chncxr vgg13 CHNCXR_0405_1 kernel_shap_budget_2048 seed=1
3962 stability chncxr vgg13 CHNCXR_0405_1 kernel_shap_budget_2048 seed=2
3963 stability chncxr vgg13 CHNCXR_0405_1 kernel_shap_budget_2048 seed=3
3964 stability chncxr vgg13 CHNCXR_0405_1 kernel_shap_budget_2048 seed=4
3965 stability chncxr vgg13 CHNCXR_0405_1 ablation_default seed=None
3966 stability chncxr vgg13 CHNCXR_0408_1 lime_budget_256 seed=0
3967 stability chncxr vgg13 CHNCXR_0408_1 lime_budget_256 seed=1
3968 stability chncxr vgg13 CHNCXR_0408_1 lime_budget_256 seed=2
3969 stability chncxr vgg13 CHNCXR_0408_1 lime_budget_256 seed=3
3970 stability chncxr vgg13 CHNCXR_0408_1 lime_budget_256 seed=4
3971 stability chncxr vgg13 CHNCXR_0408_1 lime_budget_512 seed=0
3972 stability chncxr vgg13 CHNCXR_0408_1 lime_budget_512 seed=1
3973 stability chncxr vgg13 CHNCXR_0408_1 lime_budget_512 seed=2
3974 stability chncxr vgg13 CHNCXR_0408_1 lime_budget_512 seed=3
3975 stability chncxr vgg13 CHNCXR_0408_1 lime_budget_512 seed=4
3976 stability chncxr vgg13 CHNCXR_0408_1 lime_budget_1024 seed=0
3977 stability chncxr vgg13 CHNCXR_0408_1 lime_budget_1024 seed=1
3978 stability chncxr vgg13 CHNCXR_0408_1 lime_budget_1024 seed=2
3979 stability chncxr vgg13 CHNCXR_0408_1 lime_budget_1024 seed=3
3980 stability chncxr vgg13 CHNCXR_0408_1 lime_budget_1024 seed=4
3981 stability chncxr vgg13 CHNCXR_0408_1 lime_budget_2048 seed=0
3982 stability chncxr vgg13 CHNCXR_0408_1 lime_budget_2048 seed=1
3983 stability chncxr vgg13 CHNCXR_0408_1 lime_budget_2048 seed=2
3984 stability chncxr vgg13 CHNCXR_0408_1 lime_budget_2048 seed=3
3985 stability chncxr vgg13 CHNCXR_0408_1 lime_budget_2048 seed=4
3986 stability chncxr vgg13 CHNCXR_0408_1 rise_budget_256 seed=0
3987 stability chncxr vgg13 CHNCXR_0408_1 rise_budget_256 seed=1
3988 stability chncxr vgg13 CHNCXR_0408_1 rise_budget_256 seed=2
3989 stability chncxr vgg13 CHNCXR_0408_1 rise_budget_256 seed=3
3990 stability chncxr vgg13 CHNCXR_0408_1 rise_budget_256 seed=4
3991 stability chncxr vgg13 CHNCXR_0408_1 rise_budget_512 seed=0
3992 stability chncxr vgg13 CHNCXR_0408_1 rise_budget_512 seed=1
3993 stability chncxr vgg13 CHNCXR_0408_1 rise_budget_512 seed=2
3994 stability chncxr vgg13 CHNCXR_0408_1 rise_budget_512 seed=3
3995 stability chncxr vgg13 CHNCXR_0408_1 rise_budget_512 seed=4
3996 stability chncxr vgg13 CHNCXR_0408_1 rise_budget_1024 seed=0
3997 stability chncxr vgg13 CHNCXR_0408_1 rise_budget_1024 seed=1
3998 stability chncxr vgg13 CHNCXR_0408_1 rise_budget_1024 seed=2
3999 stability chncxr vgg13 CHNCXR_0408_1 rise_budget_1024 seed=3
4000 stability chncxr vgg13 CHNCXR_0408_1 rise_budget_1024 seed=4
4001 stability chncxr vgg13 CHNCXR_0408_1 rise_budget_2048 seed=0
4002 stability chncxr vgg13 CHNCXR_0408_1 rise_budget_2048 seed=1
4003 stability chncxr vgg13 CHNCXR_0408_1 rise_budget_2048 seed=2
4004 stability chncxr vgg13 CHNCXR_0408_1 rise_budget_2048 seed=3
4005 stability chncxr vgg13 CHNCXR_0408_1 rise_budget_2048 seed=4
4006 stability chncxr vgg13 CHNCXR_0408_1 kernel_shap_budget_256 seed=0
4007 stability chncxr vgg13 CHNCXR_0408_1 kernel_shap_budget_256 seed=1
4008 stability chncxr vgg13 CHNCXR_0408_1 kernel_shap_budget_256 seed=2
4009 stability chncxr vgg13 CHNCXR_0408_1 kernel_shap_budget_256 seed=3
4010 stability chncxr vgg13 CHNCXR_0408_1 kernel_shap_budget_256 seed=4
4011 stability chncxr vgg13 CHNCXR_0408_1 kernel_shap_budget_512 seed=0
4012 stability chncxr vgg13 CHNCXR_0408_1 kernel_shap_budget_512 seed=1
4013 stability chncxr vgg13 CHNCXR_0408_1 kernel_shap_budget_512 seed=2
4014 stability chncxr vgg13 CHNCXR_0408_1 kernel_shap_budget_512 seed=3
4015 stability chncxr vgg13 CHNCXR_0408_1 kernel_shap_budget_512 seed=4
4016 stability chncxr vgg13 CHNCXR_0408_1 kernel_shap_budget_1024 seed=0
4017 stability chncxr vgg13 CHNCXR_0408_1 kernel_shap_budget_1024 seed=1
4018 stability chncxr vgg13 CHNCXR_0408_1 kernel_shap_budget_1024 seed=2
4019 stability chncxr vgg13 CHNCXR_0408_1 kernel_shap_budget_1024 seed=3
4020 stability chncxr vgg13 CHNCXR_0408_1 kernel_shap_budget_1024 seed=4
4021 stability chncxr vgg13 CHNCXR_0408_1 kernel_shap_budget_2048 seed=0
4022 stability chncxr vgg13 CHNCXR_0408_1 kernel_shap_budget_2048 seed=1
4023 stability chncxr vgg13 CHNCXR_0408_1 kernel_shap_budget_2048 seed=2
4024 stability chncxr vgg13 CHNCXR_0408_1 kernel_shap_budget_2048 seed=3
4025 stability chncxr vgg13 CHNCXR_0408_1 kernel_shap_budget_2048 seed=4
4026 stability chncxr vgg13 CHNCXR_0408_1 ablation_default seed=None
4027 stability chncxr vgg13 CHNCXR_0428_1 lime_budget_256 seed=0
4028 stability chncxr vgg13 CHNCXR_0428_1 lime_budget_256 seed=1
4029 stability chncxr vgg13 CHNCXR_0428_1 lime_budget_256 seed=2
4030 stability chncxr vgg13 CHNCXR_0428_1 lime_budget_256 seed=3
4031 stability chncxr vgg13 CHNCXR_0428_1 lime_budget_256 seed=4
4032 stability chncxr vgg13 CHNCXR_0428_1 lime_budget_512 seed=0
4033 stability chncxr vgg13 CHNCXR_0428_1 lime_budget_512 seed=1
4034 stability chncxr vgg13 CHNCXR_0428_1 lime_budget_512 seed=2
4035 stability chncxr vgg13 CHNCXR_0428_1 lime_budget_512 seed=3
4036 stability chncxr vgg13 CHNCXR_0428_1 lime_budget_512 seed=4
4037 stability chncxr vgg13 CHNCXR_0428_1 lime_budget_1024 seed=0
4038 stability chncxr vgg13 CHNCXR_0428_1 lime_budget_1024 seed=1
4039 stability chncxr vgg13 CHNCXR_0428_1 lime_budget_1024 seed=2
4040 stability chncxr vgg13 CHNCXR_0428_1 lime_budget_1024 seed=3
4041 stability chncxr vgg13 CHNCXR_0428_1 lime_budget_1024 seed=4
4042 stability chncxr vgg13 CHNCXR_0428_1 lime_budget_2048 seed=0
4043 stability chncxr vgg13 CHNCXR_0428_1 lime_budget_2048 seed=1
4044 stability chncxr vgg13 CHNCXR_0428_1 lime_budget_2048 seed=2
4045 stability chncxr vgg13 CHNCXR_0428_1 lime_budget_2048 seed=3
4046 stability chncxr vgg13 CHNCXR_0428_1 lime_budget_2048 seed=4
4047 stability chncxr vgg13 CHNCXR_0428_1 rise_budget_256 seed=0
4048 stability chncxr vgg13 CHNCXR_0428_1 rise_budget_256 seed=1
4049 stability chncxr vgg13 CHNCXR_0428_1 rise_budget_256 seed=2
4050 stability chncxr vgg13 CHNCXR_0428_1 rise_budget_256 seed=3
4051 stability chncxr vgg13 CHNCXR_0428_1 rise_budget_256 seed=4
4052 stability chncxr vgg13 CHNCXR_0428_1 rise_budget_512 seed=0
4053 stability chncxr vgg13 CHNCXR_0428_1 rise_budget_512 seed=1
4054 stability chncxr vgg13 CHNCXR_0428_1 rise_budget_512 seed=2
4055 stability chncxr vgg13 CHNCXR_0428_1 rise_budget_512 seed=3
4056 stability chncxr vgg13 CHNCXR_0428_1 rise_budget_512 seed=4
4057 stability chncxr vgg13 CHNCXR_0428_1 rise_budget_1024 seed=0
4058 stability chncxr vgg13 CHNCXR_0428_1 rise_budget_1024 seed=1
4059 stability chncxr vgg13 CHNCXR_0428_1 rise_budget_1024 seed=2
4060 stability chncxr vgg13 CHNCXR_0428_1 rise_budget_1024 seed=3
4061 stability chncxr vgg13 CHNCXR_0428_1 rise_budget_1024 seed=4
4062 stability chncxr vgg13 CHNCXR_0428_1 rise_budget_2048 seed=0
4063 stability chncxr vgg13 CHNCXR_0428_1 rise_budget_2048 seed=1
4064 stability chncxr vgg13 CHNCXR_0428_1 rise_budget_2048 seed=2
4065 stability chncxr vgg13 CHNCXR_0428_1 rise_budget_2048 seed=3
4066 stability chncxr vgg13 CHNCXR_0428_1 rise_budget_2048 seed=4
4067 stability chncxr vgg13 CHNCXR_0428_1 kernel_shap_budget_256 seed=0
4068 stability chncxr vgg13 CHNCXR_0428_1 kernel_shap_budget_256 seed=1
4069 stability chncxr vgg13 CHNCXR_0428_1 kernel_shap_budget_256 seed=2
4070 stability chncxr vgg13 CHNCXR_0428_1 kernel_shap_budget_256 seed=3
4071 stability chncxr vgg13 CHNCXR_0428_1 kernel_shap_budget_256 seed=4
4072 stability chncxr vgg13 CHNCXR_0428_1 kernel_shap_budget_512 seed=0
4073 stability chncxr vgg13 CHNCXR_0428_1 kernel_shap_budget_512 seed=1
4074 stability chncxr vgg13 CHNCXR_0428_1 kernel_shap_budget_512 seed=2
4075 stability chncxr vgg13 CHNCXR_0428_1 kernel_shap_budget_512 seed=3
4076 stability chncxr vgg13 CHNCXR_0428_1 kernel_shap_budget_512 seed=4
4077 stability chncxr vgg13 CHNCXR_0428_1 kernel_shap_budget_1024 seed=0
4078 stability chncxr vgg13 CHNCXR_0428_1 kernel_shap_budget_1024 seed=1
4079 stability chncxr vgg13 CHNCXR_0428_1 kernel_shap_budget_1024 seed=2
4080 stability chncxr vgg13 CHNCXR_0428_1 kernel_shap_budget_1024 seed=3
4081 stability chncxr vgg13 CHNCXR_0428_1 kernel_shap_budget_1024 seed=4
4082 stability chncxr vgg13 CHNCXR_0428_1 kernel_shap_budget_2048 seed=0
4083 stability chncxr vgg13 CHNCXR_0428_1 kernel_shap_budget_2048 seed=1
4084 stability chncxr vgg13 CHNCXR_0428_1 kernel_shap_budget_2048 seed=2
4085 stability chncxr vgg13 CHNCXR_0428_1 kernel_shap_budget_2048 seed=3
4086 stability chncxr vgg13 CHNCXR_0428_1 kernel_shap_budget_2048 seed=4
4087 stability chncxr vgg13 CHNCXR_0428_1 ablation_default seed=None
4088 stability chncxr vgg13 CHNCXR_0433_1 lime_budget_256 seed=0
4089 stability chncxr vgg13 CHNCXR_0433_1 lime_budget_256 seed=1
4090 stability chncxr vgg13 CHNCXR_0433_1 lime_budget_256 seed=2
4091 stability chncxr vgg13 CHNCXR_0433_1 lime_budget_256 seed=3
4092 stability chncxr vgg13 CHNCXR_0433_1 lime_budget_256 seed=4
4093 stability chncxr vgg13 CHNCXR_0433_1 lime_budget_512 seed=0
4094 stability chncxr vgg13 CHNCXR_0433_1 lime_budget_512 seed=1
4095 stability chncxr vgg13 CHNCXR_0433_1 lime_budget_512 seed=2
4096 stability chncxr vgg13 CHNCXR_0433_1 lime_budget_512 seed=3
4097 stability chncxr vgg13 CHNCXR_0433_1 lime_budget_512 seed=4
4098 stability chncxr vgg13 CHNCXR_0433_1 lime_budget_1024 seed=0
4099 stability chncxr vgg13 CHNCXR_0433_1 lime_budget_1024 seed=1
4100 stability chncxr vgg13 CHNCXR_0433_1 lime_budget_1024 seed=2
4101 stability chncxr vgg13 CHNCXR_0433_1 lime_budget_1024 seed=3
4102 stability chncxr vgg13 CHNCXR_0433_1 lime_budget_1024 seed=4
4103 stability chncxr vgg13 CHNCXR_0433_1 lime_budget_2048 seed=0
4104 stability chncxr vgg13 CHNCXR_0433_1 lime_budget_2048 seed=1
4105 stability chncxr vgg13 CHNCXR_0433_1 lime_budget_2048 seed=2
4106 stability chncxr vgg13 CHNCXR_0433_1 lime_budget_2048 seed=3
4107 stability chncxr vgg13 CHNCXR_0433_1 lime_budget_2048 seed=4
4108 stability chncxr vgg13 CHNCXR_0433_1 rise_budget_256 seed=0
4109 stability chncxr vgg13 CHNCXR_0433_1 rise_budget_256 seed=1
4110 stability chncxr vgg13 CHNCXR_0433_1 rise_budget_256 seed=2
4111 stability chncxr vgg13 CHNCXR_0433_1 rise_budget_256 seed=3
4112 stability chncxr vgg13 CHNCXR_0433_1 rise_budget_256 seed=4
4113 stability chncxr vgg13 CHNCXR_0433_1 rise_budget_512 seed=0
4114 stability chncxr vgg13 CHNCXR_0433_1 rise_budget_512 seed=1
4115 stability chncxr vgg13 CHNCXR_0433_1 rise_budget_512 seed=2
4116 stability chncxr vgg13 CHNCXR_0433_1 rise_budget_512 seed=3
4117 stability chncxr vgg13 CHNCXR_0433_1 rise_budget_512 seed=4
4118 stability chncxr vgg13 CHNCXR_0433_1 rise_budget_1024 seed=0
4119 stability chncxr vgg13 CHNCXR_0433_1 rise_budget_1024 seed=1
4120 stability chncxr vgg13 CHNCXR_0433_1 rise_budget_1024 seed=2
4121 stability chncxr vgg13 CHNCXR_0433_1 rise_budget_1024 seed=3
4122 stability chncxr vgg13 CHNCXR_0433_1 rise_budget_1024 seed=4
4123 stability chncxr vgg13 CHNCXR_0433_1 rise_budget_2048 seed=0
4124 stability chncxr vgg13 CHNCXR_0433_1 rise_budget_2048 seed=1
4125 stability chncxr vgg13 CHNCXR_0433_1 rise_budget_2048 seed=2
4126 stability chncxr vgg13 CHNCXR_0433_1 rise_budget_2048 seed=3
4127 stability chncxr vgg13 CHNCXR_0433_1 rise_budget_2048 seed=4
4128 stability chncxr vgg13 CHNCXR_0433_1 kernel_shap_budget_256 seed=0
4129 stability chncxr vgg13 CHNCXR_0433_1 kernel_shap_budget_256 seed=1
4130 stability chncxr vgg13 CHNCXR_0433_1 kernel_shap_budget_256 seed=2
4131 stability chncxr vgg13 CHNCXR_0433_1 kernel_shap_budget_256 seed=3
4132 stability chncxr vgg13 CHNCXR_0433_1 kernel_shap_budget_256 seed=4
4133 stability chncxr vgg13 CHNCXR_0433_1 kernel_shap_budget_512 seed=0
4134 stability chncxr vgg13 CHNCXR_0433_1 kernel_shap_budget_512 seed=1
4135 stability chncxr vgg13 CHNCXR_0433_1 kernel_shap_budget_512 seed=2
4136 stability chncxr vgg13 CHNCXR_0433_1 kernel_shap_budget_512 seed=3
4137 stability chncxr vgg13 CHNCXR_0433_1 kernel_shap_budget_512 seed=4
4138 stability chncxr vgg13 CHNCXR_0433_1 kernel_shap_budget_1024 seed=0
4139 stability chncxr vgg13 CHNCXR_0433_1 kernel_shap_budget_1024 seed=1
4140 stability chncxr vgg13 CHNCXR_0433_1 kernel_shap_budget_1024 seed=2
4141 stability chncxr vgg13 CHNCXR_0433_1 kernel_shap_budget_1024 seed=3
4142 stability chncxr vgg13 CHNCXR_0433_1 kernel_shap_budget_1024 seed=4
4143 stability chncxr vgg13 CHNCXR_0433_1 kernel_shap_budget_2048 seed=0
4144 stability chncxr vgg13 CHNCXR_0433_1 kernel_shap_budget_2048 seed=1
4145 stability chncxr vgg13 CHNCXR_0433_1 kernel_shap_budget_2048 seed=2
4146 stability chncxr vgg13 CHNCXR_0433_1 kernel_shap_budget_2048 seed=3
4147 stability chncxr vgg13 CHNCXR_0433_1 kernel_shap_budget_2048 seed=4
4148 stability chncxr vgg13 CHNCXR_0433_1 ablation_default seed=None
4149 stability chncxr vgg13 CHNCXR_0436_1 lime_budget_256 seed=0
4150 stability chncxr vgg13 CHNCXR_0436_1 lime_budget_256 seed=1
4151 stability chncxr vgg13 CHNCXR_0436_1 lime_budget_256 seed=2
4152 stability chncxr vgg13 CHNCXR_0436_1 lime_budget_256 seed=3
4153 stability chncxr vgg13 CHNCXR_0436_1 lime_budget_256 seed=4
4154 stability chncxr vgg13 CHNCXR_0436_1 lime_budget_512 seed=0
4155 stability chncxr vgg13 CHNCXR_0436_1 lime_budget_512 seed=1
4156 stability chncxr vgg13 CHNCXR_0436_1 lime_budget_512 seed=2
4157 stability chncxr vgg13 CHNCXR_0436_1 lime_budget_512 seed=3
4158 stability chncxr vgg13 CHNCXR_0436_1 lime_budget_512 seed=4
4159 stability chncxr vgg13 CHNCXR_0436_1 lime_budget_1024 seed=0
4160 stability chncxr vgg13 CHNCXR_0436_1 lime_budget_1024 seed=1
4161 stability chncxr vgg13 CHNCXR_0436_1 lime_budget_1024 seed=2
4162 stability chncxr vgg13 CHNCXR_0436_1 lime_budget_1024 seed=3
4163 stability chncxr vgg13 CHNCXR_0436_1 lime_budget_1024 seed=4
4164 stability chncxr vgg13 CHNCXR_0436_1 lime_budget_2048 seed=0
4165 stability chncxr vgg13 CHNCXR_0436_1 lime_budget_2048 seed=1
4166 stability chncxr vgg13 CHNCXR_0436_1 lime_budget_2048 seed=2
4167 stability chncxr vgg13 CHNCXR_0436_1 lime_budget_2048 seed=3
4168 stability chncxr vgg13 CHNCXR_0436_1 lime_budget_2048 seed=4
4169 stability chncxr vgg13 CHNCXR_0436_1 rise_budget_256 seed=0
4170 stability chncxr vgg13 CHNCXR_0436_1 rise_budget_256 seed=1
4171 stability chncxr vgg13 CHNCXR_0436_1 rise_budget_256 seed=2
4172 stability chncxr vgg13 CHNCXR_0436_1 rise_budget_256 seed=3
4173 stability chncxr vgg13 CHNCXR_0436_1 rise_budget_256 seed=4
4174 stability chncxr vgg13 CHNCXR_0436_1 rise_budget_512 seed=0
4175 stability chncxr vgg13 CHNCXR_0436_1 rise_budget_512 seed=1
4176 stability chncxr vgg13 CHNCXR_0436_1 rise_budget_512 seed=2
4177 stability chncxr vgg13 CHNCXR_0436_1 rise_budget_512 seed=3
4178 stability chncxr vgg13 CHNCXR_0436_1 rise_budget_512 seed=4
4179 stability chncxr vgg13 CHNCXR_0436_1 rise_budget_1024 seed=0
4180 stability chncxr vgg13 CHNCXR_0436_1 rise_budget_1024 seed=1
4181 stability chncxr vgg13 CHNCXR_0436_1 rise_budget_1024 seed=2
4182 stability chncxr vgg13 CHNCXR_0436_1 rise_budget_1024 seed=3
4183 stability chncxr vgg13 CHNCXR_0436_1 rise_budget_1024 seed=4
4184 stability chncxr vgg13 CHNCXR_0436_1 rise_budget_2048 seed=0
4185 stability chncxr vgg13 CHNCXR_0436_1 rise_budget_2048 seed=1
4186 stability chncxr vgg13 CHNCXR_0436_1 rise_budget_2048 seed=2
4187 stability chncxr vgg13 CHNCXR_0436_1 rise_budget_2048 seed=3
4188 stability chncxr vgg13 CHNCXR_0436_1 rise_budget_2048 seed=4
4189 stability chncxr vgg13 CHNCXR_0436_1 kernel_shap_budget_256 seed=0
4190 stability chncxr vgg13 CHNCXR_0436_1 kernel_shap_budget_256 seed=1
4191 stability chncxr vgg13 CHNCXR_0436_1 kernel_shap_budget_256 seed=2
4192 stability chncxr vgg13 CHNCXR_0436_1 kernel_shap_budget_256 seed=3
4193 stability chncxr vgg13 CHNCXR_0436_1 kernel_shap_budget_256 seed=4
4194 stability chncxr vgg13 CHNCXR_0436_1 kernel_shap_budget_512 seed=0
4195 stability chncxr vgg13 CHNCXR_0436_1 kernel_shap_budget_512 seed=1
4196 stability chncxr vgg13 CHNCXR_0436_1 kernel_shap_budget_512 seed=2
4197 stability chncxr vgg13 CHNCXR_0436_1 kernel_shap_budget_512 seed=3
4198 stability chncxr vgg13 CHNCXR_0436_1 kernel_shap_budget_512 seed=4
4199 stability chncxr vgg13 CHNCXR_0436_1 kernel_shap_budget_1024 seed=0
4200 stability chncxr vgg13 CHNCXR_0436_1 kernel_shap_budget_1024 seed=1
4201 stability chncxr vgg13 CHNCXR_0436_1 kernel_shap_budget_1024 seed=2
4202 stability chncxr vgg13 CHNCXR_0436_1 kernel_shap_budget_1024 seed=3
4203 stability chncxr vgg13 CHNCXR_0436_1 kernel_shap_budget_1024 seed=4
4204 stability chncxr vgg13 CHNCXR_0436_1 kernel_shap_budget_2048 seed=0
4205 stability chncxr vgg13 CHNCXR_0436_1 kernel_shap_budget_2048 seed=1
4206 stability chncxr vgg13 CHNCXR_0436_1 kernel_shap_budget_2048 seed=2
4207 stability chncxr vgg13 CHNCXR_0436_1 kernel_shap_budget_2048 seed=3
4208 stability chncxr vgg13 CHNCXR_0436_1 kernel_shap_budget_2048 seed=4
4209 stability chncxr vgg13 CHNCXR_0436_1 ablation_default seed=None
4210 stability chncxr vgg13 CHNCXR_0444_1 lime_budget_256 seed=0
4211 stability chncxr vgg13 CHNCXR_0444_1 lime_budget_256 seed=1
4212 stability chncxr vgg13 CHNCXR_0444_1 lime_budget_256 seed=2
4213 stability chncxr vgg13 CHNCXR_0444_1 lime_budget_256 seed=3
4214 stability chncxr vgg13 CHNCXR_0444_1 lime_budget_256 seed=4
4215 stability chncxr vgg13 CHNCXR_0444_1 lime_budget_512 seed=0
4216 stability chncxr vgg13 CHNCXR_0444_1 lime_budget_512 seed=1
4217 stability chncxr vgg13 CHNCXR_0444_1 lime_budget_512 seed=2
4218 stability chncxr vgg13 CHNCXR_0444_1 lime_budget_512 seed=3
4219 stability chncxr vgg13 CHNCXR_0444_1 lime_budget_512 seed=4
4220 stability chncxr vgg13 CHNCXR_0444_1 lime_budget_1024 seed=0
4221 stability chncxr vgg13 CHNCXR_0444_1 lime_budget_1024 seed=1
4222 stability chncxr vgg13 CHNCXR_0444_1 lime_budget_1024 seed=2
4223 stability chncxr vgg13 CHNCXR_0444_1 lime_budget_1024 seed=3
4224 stability chncxr vgg13 CHNCXR_0444_1 lime_budget_1024 seed=4
4225 stability chncxr vgg13 CHNCXR_0444_1 lime_budget_2048 seed=0
4226 stability chncxr vgg13 CHNCXR_0444_1 lime_budget_2048 seed=1
4227 stability chncxr vgg13 CHNCXR_0444_1 lime_budget_2048 seed=2
4228 stability chncxr vgg13 CHNCXR_0444_1 lime_budget_2048 seed=3
4229 stability chncxr vgg13 CHNCXR_0444_1 lime_budget_2048 seed=4
4230 stability chncxr vgg13 CHNCXR_0444_1 rise_budget_256 seed=0
4231 stability chncxr vgg13 CHNCXR_0444_1 rise_budget_256 seed=1
4232 stability chncxr vgg13 CHNCXR_0444_1 rise_budget_256 seed=2
4233 stability chncxr vgg13 CHNCXR_0444_1 rise_budget_256 seed=3
4234 stability chncxr vgg13 CHNCXR_0444_1 rise_budget_256 seed=4
4235 stability chncxr vgg13 CHNCXR_0444_1 rise_budget_512 seed=0
4236 stability chncxr vgg13 CHNCXR_0444_1 rise_budget_512 seed=1
4237 stability chncxr vgg13 CHNCXR_0444_1 rise_budget_512 seed=2
4238 stability chncxr vgg13 CHNCXR_0444_1 rise_budget_512 seed=3
4239 stability chncxr vgg13 CHNCXR_0444_1 rise_budget_512 seed=4
4240 stability chncxr vgg13 CHNCXR_0444_1 rise_budget_1024 seed=0
4241 stability chncxr vgg13 CHNCXR_0444_1 rise_budget_1024 seed=1
4242 stability chncxr vgg13 CHNCXR_0444_1 rise_budget_1024 seed=2
4243 stability chncxr vgg13 CHNCXR_0444_1 rise_budget_1024 seed=3
4244 stability chncxr vgg13 CHNCXR_0444_1 rise_budget_1024 seed=4
4245 stability chncxr vgg13 CHNCXR_0444_1 rise_budget_2048 seed=0
4246 stability chncxr vgg13 CHNCXR_0444_1 rise_budget_2048 seed=1
4247 stability chncxr vgg13 CHNCXR_0444_1 rise_budget_2048 seed=2
4248 stability chncxr vgg13 CHNCXR_0444_1 rise_budget_2048 seed=3
4249 stability chncxr vgg13 CHNCXR_0444_1 rise_budget_2048 seed=4
4250 stability chncxr vgg13 CHNCXR_0444_1 kernel_shap_budget_256 seed=0
4251 stability chncxr vgg13 CHNCXR_0444_1 kernel_shap_budget_256 seed=1
4252 stability chncxr vgg13 CHNCXR_0444_1 kernel_shap_budget_256 seed=2
4253 stability chncxr vgg13 CHNCXR_0444_1 kernel_shap_budget_256 seed=3
4254 stability chncxr vgg13 CHNCXR_0444_1 kernel_shap_budget_256 seed=4
4255 stability chncxr vgg13 CHNCXR_0444_1 kernel_shap_budget_512 seed=0
4256 stability chncxr vgg13 CHNCXR_0444_1 kernel_shap_budget_512 seed=1
4257 stability chncxr vgg13 CHNCXR_0444_1 kernel_shap_budget_512 seed=2
4258 stability chncxr vgg13 CHNCXR_0444_1 kernel_shap_budget_512 seed=3
4259 stability chncxr vgg13 CHNCXR_0444_1 kernel_shap_budget_512 seed=4
4260 stability chncxr vgg13 CHNCXR_0444_1 kernel_shap_budget_1024 seed=0
4261 stability chncxr vgg13 CHNCXR_0444_1 kernel_shap_budget_1024 seed=1
4262 stability chncxr vgg13 CHNCXR_0444_1 kernel_shap_budget_1024 seed=2
4263 stability chncxr vgg13 CHNCXR_0444_1 kernel_shap_budget_1024 seed=3
4264 stability chncxr vgg13 CHNCXR_0444_1 kernel_shap_budget_1024 seed=4
4265 stability chncxr vgg13 CHNCXR_0444_1 kernel_shap_budget_2048 seed=0
4266 stability chncxr vgg13 CHNCXR_0444_1 kernel_shap_budget_2048 seed=1
4267 stability chncxr vgg13 CHNCXR_0444_1 kernel_shap_budget_2048 seed=2
4268 stability chncxr vgg13 CHNCXR_0444_1 kernel_shap_budget_2048 seed=3
4269 stability chncxr vgg13 CHNCXR_0444_1 kernel_shap_budget_2048 seed=4
4270 stability chncxr vgg13 CHNCXR_0444_1 ablation_default seed=None
4271 stability chncxr vgg13 CHNCXR_0453_1 lime_budget_256 seed=0
4272 stability chncxr vgg13 CHNCXR_0453_1 lime_budget_256 seed=1
4273 stability chncxr vgg13 CHNCXR_0453_1 lime_budget_256 seed=2
4274 stability chncxr vgg13 CHNCXR_0453_1 lime_budget_256 seed=3
4275 stability chncxr vgg13 CHNCXR_0453_1 lime_budget_256 seed=4
4276 stability chncxr vgg13 CHNCXR_0453_1 lime_budget_512 seed=0
4277 stability chncxr vgg13 CHNCXR_0453_1 lime_budget_512 seed=1
4278 stability chncxr vgg13 CHNCXR_0453_1 lime_budget_512 seed=2
4279 stability chncxr vgg13 CHNCXR_0453_1 lime_budget_512 seed=3
4280 stability chncxr vgg13 CHNCXR_0453_1 lime_budget_512 seed=4
4281 stability chncxr vgg13 CHNCXR_0453_1 lime_budget_1024 seed=0
4282 stability chncxr vgg13 CHNCXR_0453_1 lime_budget_1024 seed=1
4283 stability chncxr vgg13 CHNCXR_0453_1 lime_budget_1024 seed=2
4284 stability chncxr vgg13 CHNCXR_0453_1 lime_budget_1024 seed=3
4285 stability chncxr vgg13 CHNCXR_0453_1 lime_budget_1024 seed=4
4286 stability chncxr vgg13 CHNCXR_0453_1 lime_budget_2048 seed=0
4287 stability chncxr vgg13 CHNCXR_0453_1 lime_budget_2048 seed=1
4288 stability chncxr vgg13 CHNCXR_0453_1 lime_budget_2048 seed=2
4289 stability chncxr vgg13 CHNCXR_0453_1 lime_budget_2048 seed=3
4290 stability chncxr vgg13 CHNCXR_0453_1 lime_budget_2048 seed=4
4291 stability chncxr vgg13 CHNCXR_0453_1 rise_budget_256 seed=0
4292 stability chncxr vgg13 CHNCXR_0453_1 rise_budget_256 seed=1
4293 stability chncxr vgg13 CHNCXR_0453_1 rise_budget_256 seed=2
4294 stability chncxr vgg13 CHNCXR_0453_1 rise_budget_256 seed=3
4295 stability chncxr vgg13 CHNCXR_0453_1 rise_budget_256 seed=4
4296 stability chncxr vgg13 CHNCXR_0453_1 rise_budget_512 seed=0
4297 stability chncxr vgg13 CHNCXR_0453_1 rise_budget_512 seed=1
4298 stability chncxr vgg13 CHNCXR_0453_1 rise_budget_512 seed=2
4299 stability chncxr vgg13 CHNCXR_0453_1 rise_budget_512 seed=3
4300 stability chncxr vgg13 CHNCXR_0453_1 rise_budget_512 seed=4
4301 stability chncxr vgg13 CHNCXR_0453_1 rise_budget_1024 seed=0
4302 stability chncxr vgg13 CHNCXR_0453_1 rise_budget_1024 seed=1
4303 stability chncxr vgg13 CHNCXR_0453_1 rise_budget_1024 seed=2
4304 stability chncxr vgg13 CHNCXR_0453_1 rise_budget_1024 seed=3
4305 stability chncxr vgg13 CHNCXR_0453_1 rise_budget_1024 seed=4
4306 stability chncxr vgg13 CHNCXR_0453_1 rise_budget_2048 seed=0
4307 stability chncxr vgg13 CHNCXR_0453_1 rise_budget_2048 seed=1
4308 stability chncxr vgg13 CHNCXR_0453_1 rise_budget_2048 seed=2
4309 stability chncxr vgg13 CHNCXR_0453_1 rise_budget_2048 seed=3
4310 stability chncxr vgg13 CHNCXR_0453_1 rise_budget_2048 seed=4
4311 stability chncxr vgg13 CHNCXR_0453_1 kernel_shap_budget_256 seed=0
4312 stability chncxr vgg13 CHNCXR_0453_1 kernel_shap_budget_256 seed=1
4313 stability chncxr vgg13 CHNCXR_0453_1 kernel_shap_budget_256 seed=2
4314 stability chncxr vgg13 CHNCXR_0453_1 kernel_shap_budget_256 seed=3
4315 stability chncxr vgg13 CHNCXR_0453_1 kernel_shap_budget_256 seed=4
4316 stability chncxr vgg13 CHNCXR_0453_1 kernel_shap_budget_512 seed=0
4317 stability chncxr vgg13 CHNCXR_0453_1 kernel_shap_budget_512 seed=1
4318 stability chncxr vgg13 CHNCXR_0453_1 kernel_shap_budget_512 seed=2
4319 stability chncxr vgg13 CHNCXR_0453_1 kernel_shap_budget_512 seed=3
4320 stability chncxr vgg13 CHNCXR_0453_1 kernel_shap_budget_512 seed=4
4321 stability chncxr vgg13 CHNCXR_0453_1 kernel_shap_budget_1024 seed=0
4322 stability chncxr vgg13 CHNCXR_0453_1 kernel_shap_budget_1024 seed=1
4323 stability chncxr vgg13 CHNCXR_0453_1 kernel_shap_budget_1024 seed=2
4324 stability chncxr vgg13 CHNCXR_0453_1 kernel_shap_budget_1024 seed=3
4325 stability chncxr vgg13 CHNCXR_0453_1 kernel_shap_budget_1024 seed=4
4326 stability chncxr vgg13 CHNCXR_0453_1 kernel_shap_budget_2048 seed=0
4327 stability chncxr vgg13 CHNCXR_0453_1 kernel_shap_budget_2048 seed=1
4328 stability chncxr vgg13 CHNCXR_0453_1 kernel_shap_budget_2048 seed=2
4329 stability chncxr vgg13 CHNCXR_0453_1 kernel_shap_budget_2048 seed=3
4330 stability chncxr vgg13 CHNCXR_0453_1 kernel_shap_budget_2048 seed=4
4331 stability chncxr vgg13 CHNCXR_0453_1 ablation_default seed=None
4332 stability chncxr vgg13 CHNCXR_0468_1 lime_budget_256 seed=0
4333 stability chncxr vgg13 CHNCXR_0468_1 lime_budget_256 seed=1
4334 stability chncxr vgg13 CHNCXR_0468_1 lime_budget_256 seed=2
4335 stability chncxr vgg13 CHNCXR_0468_1 lime_budget_256 seed=3
4336 stability chncxr vgg13 CHNCXR_0468_1 lime_budget_256 seed=4
4337 stability chncxr vgg13 CHNCXR_0468_1 lime_budget_512 seed=0
4338 stability chncxr vgg13 CHNCXR_0468_1 lime_budget_512 seed=1
4339 stability chncxr vgg13 CHNCXR_0468_1 lime_budget_512 seed=2
4340 stability chncxr vgg13 CHNCXR_0468_1 lime_budget_512 seed=3
4341 stability chncxr vgg13 CHNCXR_0468_1 lime_budget_512 seed=4
4342 stability chncxr vgg13 CHNCXR_0468_1 lime_budget_1024 seed=0
4343 stability chncxr vgg13 CHNCXR_0468_1 lime_budget_1024 seed=1
4344 stability chncxr vgg13 CHNCXR_0468_1 lime_budget_1024 seed=2
4345 stability chncxr vgg13 CHNCXR_0468_1 lime_budget_1024 seed=3
4346 stability chncxr vgg13 CHNCXR_0468_1 lime_budget_1024 seed=4
4347 stability chncxr vgg13 CHNCXR_0468_1 lime_budget_2048 seed=0
4348 stability chncxr vgg13 CHNCXR_0468_1 lime_budget_2048 seed=1
4349 stability chncxr vgg13 CHNCXR_0468_1 lime_budget_2048 seed=2
4350 stability chncxr vgg13 CHNCXR_0468_1 lime_budget_2048 seed=3
4351 stability chncxr vgg13 CHNCXR_0468_1 lime_budget_2048 seed=4
4352 stability chncxr vgg13 CHNCXR_0468_1 rise_budget_256 seed=0
4353 stability chncxr vgg13 CHNCXR_0468_1 rise_budget_256 seed=1
4354 stability chncxr vgg13 CHNCXR_0468_1 rise_budget_256 seed=2
4355 stability chncxr vgg13 CHNCXR_0468_1 rise_budget_256 seed=3
4356 stability chncxr vgg13 CHNCXR_0468_1 rise_budget_256 seed=4
4357 stability chncxr vgg13 CHNCXR_0468_1 rise_budget_512 seed=0
4358 stability chncxr vgg13 CHNCXR_0468_1 rise_budget_512 seed=1
4359 stability chncxr vgg13 CHNCXR_0468_1 rise_budget_512 seed=2
4360 stability chncxr vgg13 CHNCXR_0468_1 rise_budget_512 seed=3
4361 stability chncxr vgg13 CHNCXR_0468_1 rise_budget_512 seed=4
4362 stability chncxr vgg13 CHNCXR_0468_1 rise_budget_1024 seed=0
4363 stability chncxr vgg13 CHNCXR_0468_1 rise_budget_1024 seed=1
4364 stability chncxr vgg13 CHNCXR_0468_1 rise_budget_1024 seed=2
4365 stability chncxr vgg13 CHNCXR_0468_1 rise_budget_1024 seed=3
4366 stability chncxr vgg13 CHNCXR_0468_1 rise_budget_1024 seed=4
4367 stability chncxr vgg13 CHNCXR_0468_1 rise_budget_2048 seed=0
4368 stability chncxr vgg13 CHNCXR_0468_1 rise_budget_2048 seed=1
4369 stability chncxr vgg13 CHNCXR_0468_1 rise_budget_2048 seed=2
4370 stability chncxr vgg13 CHNCXR_0468_1 rise_budget_2048 seed=3
4371 stability chncxr vgg13 CHNCXR_0468_1 rise_budget_2048 seed=4
4372 stability chncxr vgg13 CHNCXR_0468_1 kernel_shap_budget_256 seed=0
4373 stability chncxr vgg13 CHNCXR_0468_1 kernel_shap_budget_256 seed=1
4374 stability chncxr vgg13 CHNCXR_0468_1 kernel_shap_budget_256 seed=2
4375 stability chncxr vgg13 CHNCXR_0468_1 kernel_shap_budget_256 seed=3
4376 stability chncxr vgg13 CHNCXR_0468_1 kernel_shap_budget_256 seed=4
4377 stability chncxr vgg13 CHNCXR_0468_1 kernel_shap_budget_512 seed=0
4378 stability chncxr vgg13 CHNCXR_0468_1 kernel_shap_budget_512 seed=1
4379 stability chncxr vgg13 CHNCXR_0468_1 kernel_shap_budget_512 seed=2
4380 stability chncxr vgg13 CHNCXR_0468_1 kernel_shap_budget_512 seed=3
4381 stability chncxr vgg13 CHNCXR_0468_1 kernel_shap_budget_512 seed=4
4382 stability chncxr vgg13 CHNCXR_0468_1 kernel_shap_budget_1024 seed=0
4383 stability chncxr vgg13 CHNCXR_0468_1 kernel_shap_budget_1024 seed=1
4384 stability chncxr vgg13 CHNCXR_0468_1 kernel_shap_budget_1024 seed=2
4385 stability chncxr vgg13 CHNCXR_0468_1 kernel_shap_budget_1024 seed=3
4386 stability chncxr vgg13 CHNCXR_0468_1 kernel_shap_budget_1024 seed=4
4387 stability chncxr vgg13 CHNCXR_0468_1 kernel_shap_budget_2048 seed=0
4388 stability chncxr vgg13 CHNCXR_0468_1 kernel_shap_budget_2048 seed=1
4389 stability chncxr vgg13 CHNCXR_0468_1 kernel_shap_budget_2048 seed=2
4390 stability chncxr vgg13 CHNCXR_0468_1 kernel_shap_budget_2048 seed=3
4391 stability chncxr vgg13 CHNCXR_0468_1 kernel_shap_budget_2048 seed=4
4392 stability chncxr vgg13 CHNCXR_0468_1 ablation_default seed=None
4393 stability chncxr vgg13 CHNCXR_0479_1 lime_budget_256 seed=0
4394 stability chncxr vgg13 CHNCXR_0479_1 lime_budget_256 seed=1
4395 stability chncxr vgg13 CHNCXR_0479_1 lime_budget_256 seed=2
4396 stability chncxr vgg13 CHNCXR_0479_1 lime_budget_256 seed=3
4397 stability chncxr vgg13 CHNCXR_0479_1 lime_budget_256 seed=4
4398 stability chncxr vgg13 CHNCXR_0479_1 lime_budget_512 seed=0
4399 stability chncxr vgg13 CHNCXR_0479_1 lime_budget_512 seed=1
4400 stability chncxr vgg13 CHNCXR_0479_1 lime_budget_512 seed=2
4401 stability chncxr vgg13 CHNCXR_0479_1 lime_budget_512 seed=3
4402 stability chncxr vgg13 CHNCXR_0479_1 lime_budget_512 seed=4
4403 stability chncxr vgg13 CHNCXR_0479_1 lime_budget_1024 seed=0
4404 stability chncxr vgg13 CHNCXR_0479_1 lime_budget_1024 seed=1
4405 stability chncxr vgg13 CHNCXR_0479_1 lime_budget_1024 seed=2
4406 stability chncxr vgg13 CHNCXR_0479_1 lime_budget_1024 seed=3
4407 stability chncxr vgg13 CHNCXR_0479_1 lime_budget_1024 seed=4
4408 stability chncxr vgg13 CHNCXR_0479_1 lime_budget_2048 seed=0
4409 stability chncxr vgg13 CHNCXR_0479_1 lime_budget_2048 seed=1
4410 stability chncxr vgg13 CHNCXR_0479_1 lime_budget_2048 seed=2
4411 stability chncxr vgg13 CHNCXR_0479_1 lime_budget_2048 seed=3
4412 stability chncxr vgg13 CHNCXR_0479_1 lime_budget_2048 seed=4
4413 stability chncxr vgg13 CHNCXR_0479_1 rise_budget_256 seed=0
4414 stability chncxr vgg13 CHNCXR_0479_1 rise_budget_256 seed=1
4415 stability chncxr vgg13 CHNCXR_0479_1 rise_budget_256 seed=2
4416 stability chncxr vgg13 CHNCXR_0479_1 rise_budget_256 seed=3
4417 stability chncxr vgg13 CHNCXR_0479_1 rise_budget_256 seed=4
4418 stability chncxr vgg13 CHNCXR_0479_1 rise_budget_512 seed=0
4419 stability chncxr vgg13 CHNCXR_0479_1 rise_budget_512 seed=1
4420 stability chncxr vgg13 CHNCXR_0479_1 rise_budget_512 seed=2
4421 stability chncxr vgg13 CHNCXR_0479_1 rise_budget_512 seed=3
4422 stability chncxr vgg13 CHNCXR_0479_1 rise_budget_512 seed=4
4423 stability chncxr vgg13 CHNCXR_0479_1 rise_budget_1024 seed=0
4424 stability chncxr vgg13 CHNCXR_0479_1 rise_budget_1024 seed=1
4425 stability chncxr vgg13 CHNCXR_0479_1 rise_budget_1024 seed=2
4426 stability chncxr vgg13 CHNCXR_0479_1 rise_budget_1024 seed=3
4427 stability chncxr vgg13 CHNCXR_0479_1 rise_budget_1024 seed=4
4428 stability chncxr vgg13 CHNCXR_0479_1 rise_budget_2048 seed=0
4429 stability chncxr vgg13 CHNCXR_0479_1 rise_budget_2048 seed=1
4430 stability chncxr vgg13 CHNCXR_0479_1 rise_budget_2048 seed=2
4431 stability chncxr vgg13 CHNCXR_0479_1 rise_budget_2048 seed=3
4432 stability chncxr vgg13 CHNCXR_0479_1 rise_budget_2048 seed=4
4433 stability chncxr vgg13 CHNCXR_0479_1 kernel_shap_budget_256 seed=0
4434 stability chncxr vgg13 CHNCXR_0479_1 kernel_shap_budget_256 seed=1
4435 stability chncxr vgg13 CHNCXR_0479_1 kernel_shap_budget_256 seed=2
4436 stability chncxr vgg13 CHNCXR_0479_1 kernel_shap_budget_256 seed=3
4437 stability chncxr vgg13 CHNCXR_0479_1 kernel_shap_budget_256 seed=4
4438 stability chncxr vgg13 CHNCXR_0479_1 kernel_shap_budget_512 seed=0
4439 stability chncxr vgg13 CHNCXR_0479_1 kernel_shap_budget_512 seed=1
4440 stability chncxr vgg13 CHNCXR_0479_1 kernel_shap_budget_512 seed=2
4441 stability chncxr vgg13 CHNCXR_0479_1 kernel_shap_budget_512 seed=3
4442 stability chncxr vgg13 CHNCXR_0479_1 kernel_shap_budget_512 seed=4
4443 stability chncxr vgg13 CHNCXR_0479_1 kernel_shap_budget_1024 seed=0
4444 stability chncxr vgg13 CHNCXR_0479_1 kernel_shap_budget_1024 seed=1
4445 stability chncxr vgg13 CHNCXR_0479_1 kernel_shap_budget_1024 seed=2
4446 stability chncxr vgg13 CHNCXR_0479_1 kernel_shap_budget_1024 seed=3
4447 stability chncxr vgg13 CHNCXR_0479_1 kernel_shap_budget_1024 seed=4
4448 stability chncxr vgg13 CHNCXR_0479_1 kernel_shap_budget_2048 seed=0
4449 stability chncxr vgg13 CHNCXR_0479_1 kernel_shap_budget_2048 seed=1
4450 stability chncxr vgg13 CHNCXR_0479_1 kernel_shap_budget_2048 seed=2
4451 stability chncxr vgg13 CHNCXR_0479_1 kernel_shap_budget_2048 seed=3
4452 stability chncxr vgg13 CHNCXR_0479_1 kernel_shap_budget_2048 seed=4
4453 stability chncxr vgg13 CHNCXR_0479_1 ablation_default seed=None
4454 stability chncxr vgg13 CHNCXR_0481_1 lime_budget_256 seed=0
4455 stability chncxr vgg13 CHNCXR_0481_1 lime_budget_256 seed=1
4456 stability chncxr vgg13 CHNCXR_0481_1 lime_budget_256 seed=2
4457 stability chncxr vgg13 CHNCXR_0481_1 lime_budget_256 seed=3
4458 stability chncxr vgg13 CHNCXR_0481_1 lime_budget_256 seed=4
4459 stability chncxr vgg13 CHNCXR_0481_1 lime_budget_512 seed=0
4460 stability chncxr vgg13 CHNCXR_0481_1 lime_budget_512 seed=1
4461 stability chncxr vgg13 CHNCXR_0481_1 lime_budget_512 seed=2
4462 stability chncxr vgg13 CHNCXR_0481_1 lime_budget_512 seed=3
4463 stability chncxr vgg13 CHNCXR_0481_1 lime_budget_512 seed=4
4464 stability chncxr vgg13 CHNCXR_0481_1 lime_budget_1024 seed=0
4465 stability chncxr vgg13 CHNCXR_0481_1 lime_budget_1024 seed=1
4466 stability chncxr vgg13 CHNCXR_0481_1 lime_budget_1024 seed=2
4467 stability chncxr vgg13 CHNCXR_0481_1 lime_budget_1024 seed=3
4468 stability chncxr vgg13 CHNCXR_0481_1 lime_budget_1024 seed=4
4469 stability chncxr vgg13 CHNCXR_0481_1 lime_budget_2048 seed=0
4470 stability chncxr vgg13 CHNCXR_0481_1 lime_budget_2048 seed=1
4471 stability chncxr vgg13 CHNCXR_0481_1 lime_budget_2048 seed=2
4472 stability chncxr vgg13 CHNCXR_0481_1 lime_budget_2048 seed=3
4473 stability chncxr vgg13 CHNCXR_0481_1 lime_budget_2048 seed=4
4474 stability chncxr vgg13 CHNCXR_0481_1 rise_budget_256 seed=0
4475 stability chncxr vgg13 CHNCXR_0481_1 rise_budget_256 seed=1
4476 stability chncxr vgg13 CHNCXR_0481_1 rise_budget_256 seed=2
4477 stability chncxr vgg13 CHNCXR_0481_1 rise_budget_256 seed=3
4478 stability chncxr vgg13 CHNCXR_0481_1 rise_budget_256 seed=4
4479 stability chncxr vgg13 CHNCXR_0481_1 rise_budget_512 seed=0
4480 stability chncxr vgg13 CHNCXR_0481_1 rise_budget_512 seed=1
4481 stability chncxr vgg13 CHNCXR_0481_1 rise_budget_512 seed=2
4482 stability chncxr vgg13 CHNCXR_0481_1 rise_budget_512 seed=3
4483 stability chncxr vgg13 CHNCXR_0481_1 rise_budget_512 seed=4
4484 stability chncxr vgg13 CHNCXR_0481_1 rise_budget_1024 seed=0
4485 stability chncxr vgg13 CHNCXR_0481_1 rise_budget_1024 seed=1
4486 stability chncxr vgg13 CHNCXR_0481_1 rise_budget_1024 seed=2
4487 stability chncxr vgg13 CHNCXR_0481_1 rise_budget_1024 seed=3
4488 stability chncxr vgg13 CHNCXR_0481_1 rise_budget_1024 seed=4
4489 stability chncxr vgg13 CHNCXR_0481_1 rise_budget_2048 seed=0
4490 stability chncxr vgg13 CHNCXR_0481_1 rise_budget_2048 seed=1
4491 stability chncxr vgg13 CHNCXR_0481_1 rise_budget_2048 seed=2
4492 stability chncxr vgg13 CHNCXR_0481_1 rise_budget_2048 seed=3
4493 stability chncxr vgg13 CHNCXR_0481_1 rise_budget_2048 seed=4
4494 stability chncxr vgg13 CHNCXR_0481_1 kernel_shap_budget_256 seed=0
4495 stability chncxr vgg13 CHNCXR_0481_1 kernel_shap_budget_256 seed=1
4496 stability chncxr vgg13 CHNCXR_0481_1 kernel_shap_budget_256 seed=2
4497 stability chncxr vgg13 CHNCXR_0481_1 kernel_shap_budget_256 seed=3
4498 stability chncxr vgg13 CHNCXR_0481_1 kernel_shap_budget_256 seed=4
4499 stability chncxr vgg13 CHNCXR_0481_1 kernel_shap_budget_512 seed=0
4500 stability chncxr vgg13 CHNCXR_0481_1 kernel_shap_budget_512 seed=1
4501 stability chncxr vgg13 CHNCXR_0481_1 kernel_shap_budget_512 seed=2
4502 stability chncxr vgg13 CHNCXR_0481_1 kernel_shap_budget_512 seed=3
4503 stability chncxr vgg13 CHNCXR_0481_1 kernel_shap_budget_512 seed=4
4504 stability chncxr vgg13 CHNCXR_0481_1 kernel_shap_budget_1024 seed=0
4505 stability chncxr vgg13 CHNCXR_0481_1 kernel_shap_budget_1024 seed=1
4506 stability chncxr vgg13 CHNCXR_0481_1 kernel_shap_budget_1024 seed=2
4507 stability chncxr vgg13 CHNCXR_0481_1 kernel_shap_budget_1024 seed=3
4508 stability chncxr vgg13 CHNCXR_0481_1 kernel_shap_budget_1024 seed=4
4509 stability chncxr vgg13 CHNCXR_0481_1 kernel_shap_budget_2048 seed=0
4510 stability chncxr vgg13 CHNCXR_0481_1 kernel_shap_budget_2048 seed=1
4511 stability chncxr vgg13 CHNCXR_0481_1 kernel_shap_budget_2048 seed=2
4512 stability chncxr vgg13 CHNCXR_0481_1 kernel_shap_budget_2048 seed=3
4513 stability chncxr vgg13 CHNCXR_0481_1 kernel_shap_budget_2048 seed=4
4514 stability chncxr vgg13 CHNCXR_0481_1 ablation_default seed=None
4515 stability chncxr vgg13 CHNCXR_0503_1 lime_budget_256 seed=0
4516 stability chncxr vgg13 CHNCXR_0503_1 lime_budget_256 seed=1
4517 stability chncxr vgg13 CHNCXR_0503_1 lime_budget_256 seed=2
4518 stability chncxr vgg13 CHNCXR_0503_1 lime_budget_256 seed=3
4519 stability chncxr vgg13 CHNCXR_0503_1 lime_budget_256 seed=4
4520 stability chncxr vgg13 CHNCXR_0503_1 lime_budget_512 seed=0
4521 stability chncxr vgg13 CHNCXR_0503_1 lime_budget_512 seed=1
4522 stability chncxr vgg13 CHNCXR_0503_1 lime_budget_512 seed=2
4523 stability chncxr vgg13 CHNCXR_0503_1 lime_budget_512 seed=3
4524 stability chncxr vgg13 CHNCXR_0503_1 lime_budget_512 seed=4
4525 stability chncxr vgg13 CHNCXR_0503_1 lime_budget_1024 seed=0
4526 stability chncxr vgg13 CHNCXR_0503_1 lime_budget_1024 seed=1
4527 stability chncxr vgg13 CHNCXR_0503_1 lime_budget_1024 seed=2
4528 stability chncxr vgg13 CHNCXR_0503_1 lime_budget_1024 seed=3
4529 stability chncxr vgg13 CHNCXR_0503_1 lime_budget_1024 seed=4
4530 stability chncxr vgg13 CHNCXR_0503_1 lime_budget_2048 seed=0
4531 stability chncxr vgg13 CHNCXR_0503_1 lime_budget_2048 seed=1
4532 stability chncxr vgg13 CHNCXR_0503_1 lime_budget_2048 seed=2
4533 stability chncxr vgg13 CHNCXR_0503_1 lime_budget_2048 seed=3
4534 stability chncxr vgg13 CHNCXR_0503_1 lime_budget_2048 seed=4
4535 stability chncxr vgg13 CHNCXR_0503_1 rise_budget_256 seed=0
4536 stability chncxr vgg13 CHNCXR_0503_1 rise_budget_256 seed=1
4537 stability chncxr vgg13 CHNCXR_0503_1 rise_budget_256 seed=2
4538 stability chncxr vgg13 CHNCXR_0503_1 rise_budget_256 seed=3
4539 stability chncxr vgg13 CHNCXR_0503_1 rise_budget_256 seed=4
4540 stability chncxr vgg13 CHNCXR_0503_1 rise_budget_512 seed=0
4541 stability chncxr vgg13 CHNCXR_0503_1 rise_budget_512 seed=1
4542 stability chncxr vgg13 CHNCXR_0503_1 rise_budget_512 seed=2
4543 stability chncxr vgg13 CHNCXR_0503_1 rise_budget_512 seed=3
4544 stability chncxr vgg13 CHNCXR_0503_1 rise_budget_512 seed=4
4545 stability chncxr vgg13 CHNCXR_0503_1 rise_budget_1024 seed=0
4546 stability chncxr vgg13 CHNCXR_0503_1 rise_budget_1024 seed=1
4547 stability chncxr vgg13 CHNCXR_0503_1 rise_budget_1024 seed=2
4548 stability chncxr vgg13 CHNCXR_0503_1 rise_budget_1024 seed=3
4549 stability chncxr vgg13 CHNCXR_0503_1 rise_budget_1024 seed=4
4550 stability chncxr vgg13 CHNCXR_0503_1 rise_budget_2048 seed=0
4551 stability chncxr vgg13 CHNCXR_0503_1 rise_budget_2048 seed=1
4552 stability chncxr vgg13 CHNCXR_0503_1 rise_budget_2048 seed=2
4553 stability chncxr vgg13 CHNCXR_0503_1 rise_budget_2048 seed=3
4554 stability chncxr vgg13 CHNCXR_0503_1 rise_budget_2048 seed=4
4555 stability chncxr vgg13 CHNCXR_0503_1 kernel_shap_budget_256 seed=0
4556 stability chncxr vgg13 CHNCXR_0503_1 kernel_shap_budget_256 seed=1
4557 stability chncxr vgg13 CHNCXR_0503_1 kernel_shap_budget_256 seed=2
4558 stability chncxr vgg13 CHNCXR_0503_1 kernel_shap_budget_256 seed=3
4559 stability chncxr vgg13 CHNCXR_0503_1 kernel_shap_budget_256 seed=4
4560 stability chncxr vgg13 CHNCXR_0503_1 kernel_shap_budget_512 seed=0
4561 stability chncxr vgg13 CHNCXR_0503_1 kernel_shap_budget_512 seed=1
4562 stability chncxr vgg13 CHNCXR_0503_1 kernel_shap_budget_512 seed=2
4563 stability chncxr vgg13 CHNCXR_0503_1 kernel_shap_budget_512 seed=3
4564 stability chncxr vgg13 CHNCXR_0503_1 kernel_shap_budget_512 seed=4
4565 stability chncxr vgg13 CHNCXR_0503_1 kernel_shap_budget_1024 seed=0
4566 stability chncxr vgg13 CHNCXR_0503_1 kernel_shap_budget_1024 seed=1
4567 stability chncxr vgg13 CHNCXR_0503_1 kernel_shap_budget_1024 seed=2
4568 stability chncxr vgg13 CHNCXR_0503_1 kernel_shap_budget_1024 seed=3
4569 stability chncxr vgg13 CHNCXR_0503_1 kernel_shap_budget_1024 seed=4
4570 stability chncxr vgg13 CHNCXR_0503_1 kernel_shap_budget_2048 seed=0
4571 stability chncxr vgg13 CHNCXR_0503_1 kernel_shap_budget_2048 seed=1
4572 stability chncxr vgg13 CHNCXR_0503_1 kernel_shap_budget_2048 seed=2
4573 stability chncxr vgg13 CHNCXR_0503_1 kernel_shap_budget_2048 seed=3
4574 stability chncxr vgg13 CHNCXR_0503_1 kernel_shap_budget_2048 seed=4
4575 stability chncxr vgg13 CHNCXR_0503_1 ablation_default seed=None
4576 stability chncxr vgg13 CHNCXR_0518_1 lime_budget_256 seed=0
4577 stability chncxr vgg13 CHNCXR_0518_1 lime_budget_256 seed=1
4578 stability chncxr vgg13 CHNCXR_0518_1 lime_budget_256 seed=2
4579 stability chncxr vgg13 CHNCXR_0518_1 lime_budget_256 seed=3
4580 stability chncxr vgg13 CHNCXR_0518_1 lime_budget_256 seed=4
4581 stability chncxr vgg13 CHNCXR_0518_1 lime_budget_512 seed=0
4582 stability chncxr vgg13 CHNCXR_0518_1 lime_budget_512 seed=1
4583 stability chncxr vgg13 CHNCXR_0518_1 lime_budget_512 seed=2
4584 stability chncxr vgg13 CHNCXR_0518_1 lime_budget_512 seed=3
4585 stability chncxr vgg13 CHNCXR_0518_1 lime_budget_512 seed=4
4586 stability chncxr vgg13 CHNCXR_0518_1 lime_budget_1024 seed=0
4587 stability chncxr vgg13 CHNCXR_0518_1 lime_budget_1024 seed=1
4588 stability chncxr vgg13 CHNCXR_0518_1 lime_budget_1024 seed=2
4589 stability chncxr vgg13 CHNCXR_0518_1 lime_budget_1024 seed=3
4590 stability chncxr vgg13 CHNCXR_0518_1 lime_budget_1024 seed=4
4591 stability chncxr vgg13 CHNCXR_0518_1 lime_budget_2048 seed=0
4592 stability chncxr vgg13 CHNCXR_0518_1 lime_budget_2048 seed=1
4593 stability chncxr vgg13 CHNCXR_0518_1 lime_budget_2048 seed=2
4594 stability chncxr vgg13 CHNCXR_0518_1 lime_budget_2048 seed=3
4595 stability chncxr vgg13 CHNCXR_0518_1 lime_budget_2048 seed=4
4596 stability chncxr vgg13 CHNCXR_0518_1 rise_budget_256 seed=0
4597 stability chncxr vgg13 CHNCXR_0518_1 rise_budget_256 seed=1
4598 stability chncxr vgg13 CHNCXR_0518_1 rise_budget_256 seed=2
4599 stability chncxr vgg13 CHNCXR_0518_1 rise_budget_256 seed=3
4600 stability chncxr vgg13 CHNCXR_0518_1 rise_budget_256 seed=4
4601 stability chncxr vgg13 CHNCXR_0518_1 rise_budget_512 seed=0
4602 stability chncxr vgg13 CHNCXR_0518_1 rise_budget_512 seed=1
4603 stability chncxr vgg13 CHNCXR_0518_1 rise_budget_512 seed=2
4604 stability chncxr vgg13 CHNCXR_0518_1 rise_budget_512 seed=3
4605 stability chncxr vgg13 CHNCXR_0518_1 rise_budget_512 seed=4
4606 stability chncxr vgg13 CHNCXR_0518_1 rise_budget_1024 seed=0
4607 stability chncxr vgg13 CHNCXR_0518_1 rise_budget_1024 seed=1
4608 stability chncxr vgg13 CHNCXR_0518_1 rise_budget_1024 seed=2
4609 stability chncxr vgg13 CHNCXR_0518_1 rise_budget_1024 seed=3
4610 stability chncxr vgg13 CHNCXR_0518_1 rise_budget_1024 seed=4
4611 stability chncxr vgg13 CHNCXR_0518_1 rise_budget_2048 seed=0
4612 stability chncxr vgg13 CHNCXR_0518_1 rise_budget_2048 seed=1
4613 stability chncxr vgg13 CHNCXR_0518_1 rise_budget_2048 seed=2
4614 stability chncxr vgg13 CHNCXR_0518_1 rise_budget_2048 seed=3
4615 stability chncxr vgg13 CHNCXR_0518_1 rise_budget_2048 seed=4
4616 stability chncxr vgg13 CHNCXR_0518_1 kernel_shap_budget_256 seed=0
4617 stability chncxr vgg13 CHNCXR_0518_1 kernel_shap_budget_256 seed=1
4618 stability chncxr vgg13 CHNCXR_0518_1 kernel_shap_budget_256 seed=2
4619 stability chncxr vgg13 CHNCXR_0518_1 kernel_shap_budget_256 seed=3
4620 stability chncxr vgg13 CHNCXR_0518_1 kernel_shap_budget_256 seed=4
4621 stability chncxr vgg13 CHNCXR_0518_1 kernel_shap_budget_512 seed=0
4622 stability chncxr vgg13 CHNCXR_0518_1 kernel_shap_budget_512 seed=1
4623 stability chncxr vgg13 CHNCXR_0518_1 kernel_shap_budget_512 seed=2
4624 stability chncxr vgg13 CHNCXR_0518_1 kernel_shap_budget_512 seed=3
4625 stability chncxr vgg13 CHNCXR_0518_1 kernel_shap_budget_512 seed=4
4626 stability chncxr vgg13 CHNCXR_0518_1 kernel_shap_budget_1024 seed=0
4627 stability chncxr vgg13 CHNCXR_0518_1 kernel_shap_budget_1024 seed=1
4628 stability chncxr vgg13 CHNCXR_0518_1 kernel_shap_budget_1024 seed=2
4629 stability chncxr vgg13 CHNCXR_0518_1 kernel_shap_budget_1024 seed=3
4630 stability chncxr vgg13 CHNCXR_0518_1 kernel_shap_budget_1024 seed=4
4631 stability chncxr vgg13 CHNCXR_0518_1 kernel_shap_budget_2048 seed=0
4632 stability chncxr vgg13 CHNCXR_0518_1 kernel_shap_budget_2048 seed=1
4633 stability chncxr vgg13 CHNCXR_0518_1 kernel_shap_budget_2048 seed=2
4634 stability chncxr vgg13 CHNCXR_0518_1 kernel_shap_budget_2048 seed=3
4635 stability chncxr vgg13 CHNCXR_0518_1 kernel_shap_budget_2048 seed=4
4636 stability chncxr vgg13 CHNCXR_0518_1 ablation_default seed=None
4637 stability chncxr vgg13 CHNCXR_0525_1 lime_budget_256 seed=0
4638 stability chncxr vgg13 CHNCXR_0525_1 lime_budget_256 seed=1
4639 stability chncxr vgg13 CHNCXR_0525_1 lime_budget_256 seed=2
4640 stability chncxr vgg13 CHNCXR_0525_1 lime_budget_256 seed=3
4641 stability chncxr vgg13 CHNCXR_0525_1 lime_budget_256 seed=4
4642 stability chncxr vgg13 CHNCXR_0525_1 lime_budget_512 seed=0
4643 stability chncxr vgg13 CHNCXR_0525_1 lime_budget_512 seed=1
4644 stability chncxr vgg13 CHNCXR_0525_1 lime_budget_512 seed=2
4645 stability chncxr vgg13 CHNCXR_0525_1 lime_budget_512 seed=3
4646 stability chncxr vgg13 CHNCXR_0525_1 lime_budget_512 seed=4
4647 stability chncxr vgg13 CHNCXR_0525_1 lime_budget_1024 seed=0
4648 stability chncxr vgg13 CHNCXR_0525_1 lime_budget_1024 seed=1
4649 stability chncxr vgg13 CHNCXR_0525_1 lime_budget_1024 seed=2
4650 stability chncxr vgg13 CHNCXR_0525_1 lime_budget_1024 seed=3
4651 stability chncxr vgg13 CHNCXR_0525_1 lime_budget_1024 seed=4
4652 stability chncxr vgg13 CHNCXR_0525_1 lime_budget_2048 seed=0
4653 stability chncxr vgg13 CHNCXR_0525_1 lime_budget_2048 seed=1
4654 stability chncxr vgg13 CHNCXR_0525_1 lime_budget_2048 seed=2
4655 stability chncxr vgg13 CHNCXR_0525_1 lime_budget_2048 seed=3
4656 stability chncxr vgg13 CHNCXR_0525_1 lime_budget_2048 seed=4
4657 stability chncxr vgg13 CHNCXR_0525_1 rise_budget_256 seed=0
4658 stability chncxr vgg13 CHNCXR_0525_1 rise_budget_256 seed=1
4659 stability chncxr vgg13 CHNCXR_0525_1 rise_budget_256 seed=2
4660 stability chncxr vgg13 CHNCXR_0525_1 rise_budget_256 seed=3
4661 stability chncxr vgg13 CHNCXR_0525_1 rise_budget_256 seed=4
4662 stability chncxr vgg13 CHNCXR_0525_1 rise_budget_512 seed=0
4663 stability chncxr vgg13 CHNCXR_0525_1 rise_budget_512 seed=1
4664 stability chncxr vgg13 CHNCXR_0525_1 rise_budget_512 seed=2
4665 stability chncxr vgg13 CHNCXR_0525_1 rise_budget_512 seed=3
4666 stability chncxr vgg13 CHNCXR_0525_1 rise_budget_512 seed=4
4667 stability chncxr vgg13 CHNCXR_0525_1 rise_budget_1024 seed=0
4668 stability chncxr vgg13 CHNCXR_0525_1 rise_budget_1024 seed=1
4669 stability chncxr vgg13 CHNCXR_0525_1 rise_budget_1024 seed=2
4670 stability chncxr vgg13 CHNCXR_0525_1 rise_budget_1024 seed=3
4671 stability chncxr vgg13 CHNCXR_0525_1 rise_budget_1024 seed=4
4672 stability chncxr vgg13 CHNCXR_0525_1 rise_budget_2048 seed=0
4673 stability chncxr vgg13 CHNCXR_0525_1 rise_budget_2048 seed=1
4674 stability chncxr vgg13 CHNCXR_0525_1 rise_budget_2048 seed=2
4675 stability chncxr vgg13 CHNCXR_0525_1 rise_budget_2048 seed=3
4676 stability chncxr vgg13 CHNCXR_0525_1 rise_budget_2048 seed=4
4677 stability chncxr vgg13 CHNCXR_0525_1 kernel_shap_budget_256 seed=0
4678 stability chncxr vgg13 CHNCXR_0525_1 kernel_shap_budget_256 seed=1
4679 stability chncxr vgg13 CHNCXR_0525_1 kernel_shap_budget_256 seed=2
4680 stability chncxr vgg13 CHNCXR_0525_1 kernel_shap_budget_256 seed=3
4681 stability chncxr vgg13 CHNCXR_0525_1 kernel_shap_budget_256 seed=4
4682 stability chncxr vgg13 CHNCXR_0525_1 kernel_shap_budget_512 seed=0
4683 stability chncxr vgg13 CHNCXR_0525_1 kernel_shap_budget_512 seed=1
4684 stability chncxr vgg13 CHNCXR_0525_1 kernel_shap_budget_512 seed=2
4685 stability chncxr vgg13 CHNCXR_0525_1 kernel_shap_budget_512 seed=3
4686 stability chncxr vgg13 CHNCXR_0525_1 kernel_shap_budget_512 seed=4
4687 stability chncxr vgg13 CHNCXR_0525_1 kernel_shap_budget_1024 seed=0
4688 stability chncxr vgg13 CHNCXR_0525_1 kernel_shap_budget_1024 seed=1
4689 stability chncxr vgg13 CHNCXR_0525_1 kernel_shap_budget_1024 seed=2
4690 stability chncxr vgg13 CHNCXR_0525_1 kernel_shap_budget_1024 seed=3
4691 stability chncxr vgg13 CHNCXR_0525_1 kernel_shap_budget_1024 seed=4
4692 stability chncxr vgg13 CHNCXR_0525_1 kernel_shap_budget_2048 seed=0
4693 stability chncxr vgg13 CHNCXR_0525_1 kernel_shap_budget_2048 seed=1
4694 stability chncxr vgg13 CHNCXR_0525_1 kernel_shap_budget_2048 seed=2
4695 stability chncxr vgg13 CHNCXR_0525_1 kernel_shap_budget_2048 seed=3
4696 stability chncxr vgg13 CHNCXR_0525_1 kernel_shap_budget_2048 seed=4
4697 stability chncxr vgg13 CHNCXR_0525_1 ablation_default seed=None
4698 stability chncxr vgg13 CHNCXR_0538_1 lime_budget_256 seed=0
4699 stability chncxr vgg13 CHNCXR_0538_1 lime_budget_256 seed=1
4700 stability chncxr vgg13 CHNCXR_0538_1 lime_budget_256 seed=2
4701 stability chncxr vgg13 CHNCXR_0538_1 lime_budget_256 seed=3
4702 stability chncxr vgg13 CHNCXR_0538_1 lime_budget_256 seed=4
4703 stability chncxr vgg13 CHNCXR_0538_1 lime_budget_512 seed=0
4704 stability chncxr vgg13 CHNCXR_0538_1 lime_budget_512 seed=1
4705 stability chncxr vgg13 CHNCXR_0538_1 lime_budget_512 seed=2
4706 stability chncxr vgg13 CHNCXR_0538_1 lime_budget_512 seed=3
4707 stability chncxr vgg13 CHNCXR_0538_1 lime_budget_512 seed=4
4708 stability chncxr vgg13 CHNCXR_0538_1 lime_budget_1024 seed=0
4709 stability chncxr vgg13 CHNCXR_0538_1 lime_budget_1024 seed=1
4710 stability chncxr vgg13 CHNCXR_0538_1 lime_budget_1024 seed=2
4711 stability chncxr vgg13 CHNCXR_0538_1 lime_budget_1024 seed=3
4712 stability chncxr vgg13 CHNCXR_0538_1 lime_budget_1024 seed=4
4713 stability chncxr vgg13 CHNCXR_0538_1 lime_budget_2048 seed=0
4714 stability chncxr vgg13 CHNCXR_0538_1 lime_budget_2048 seed=1
4715 stability chncxr vgg13 CHNCXR_0538_1 lime_budget_2048 seed=2
4716 stability chncxr vgg13 CHNCXR_0538_1 lime_budget_2048 seed=3
4717 stability chncxr vgg13 CHNCXR_0538_1 lime_budget_2048 seed=4
4718 stability chncxr vgg13 CHNCXR_0538_1 rise_budget_256 seed=0
4719 stability chncxr vgg13 CHNCXR_0538_1 rise_budget_256 seed=1
4720 stability chncxr vgg13 CHNCXR_0538_1 rise_budget_256 seed=2
4721 stability chncxr vgg13 CHNCXR_0538_1 rise_budget_256 seed=3
4722 stability chncxr vgg13 CHNCXR_0538_1 rise_budget_256 seed=4
4723 stability chncxr vgg13 CHNCXR_0538_1 rise_budget_512 seed=0
4724 stability chncxr vgg13 CHNCXR_0538_1 rise_budget_512 seed=1
4725 stability chncxr vgg13 CHNCXR_0538_1 rise_budget_512 seed=2
4726 stability chncxr vgg13 CHNCXR_0538_1 rise_budget_512 seed=3
4727 stability chncxr vgg13 CHNCXR_0538_1 rise_budget_512 seed=4
4728 stability chncxr vgg13 CHNCXR_0538_1 rise_budget_1024 seed=0
4729 stability chncxr vgg13 CHNCXR_0538_1 rise_budget_1024 seed=1
4730 stability chncxr vgg13 CHNCXR_0538_1 rise_budget_1024 seed=2
4731 stability chncxr vgg13 CHNCXR_0538_1 rise_budget_1024 seed=3
4732 stability chncxr vgg13 CHNCXR_0538_1 rise_budget_1024 seed=4
4733 stability chncxr vgg13 CHNCXR_0538_1 rise_budget_2048 seed=0
4734 stability chncxr vgg13 CHNCXR_0538_1 rise_budget_2048 seed=1
4735 stability chncxr vgg13 CHNCXR_0538_1 rise_budget_2048 seed=2
4736 stability chncxr vgg13 CHNCXR_0538_1 rise_budget_2048 seed=3
4737 stability chncxr vgg13 CHNCXR_0538_1 rise_budget_2048 seed=4
4738 stability chncxr vgg13 CHNCXR_0538_1 kernel_shap_budget_256 seed=0
4739 stability chncxr vgg13 CHNCXR_0538_1 kernel_shap_budget_256 seed=1
4740 stability chncxr vgg13 CHNCXR_0538_1 kernel_shap_budget_256 seed=2
4741 stability chncxr vgg13 CHNCXR_0538_1 kernel_shap_budget_256 seed=3
4742 stability chncxr vgg13 CHNCXR_0538_1 kernel_shap_budget_256 seed=4
4743 stability chncxr vgg13 CHNCXR_0538_1 kernel_shap_budget_512 seed=0
4744 stability chncxr vgg13 CHNCXR_0538_1 kernel_shap_budget_512 seed=1
4745 stability chncxr vgg13 CHNCXR_0538_1 kernel_shap_budget_512 seed=2
4746 stability chncxr vgg13 CHNCXR_0538_1 kernel_shap_budget_512 seed=3
4747 stability chncxr vgg13 CHNCXR_0538_1 kernel_shap_budget_512 seed=4
4748 stability chncxr vgg13 CHNCXR_0538_1 kernel_shap_budget_1024 seed=0
4749 stability chncxr vgg13 CHNCXR_0538_1 kernel_shap_budget_1024 seed=1
4750 stability chncxr vgg13 CHNCXR_0538_1 kernel_shap_budget_1024 seed=2
4751 stability chncxr vgg13 CHNCXR_0538_1 kernel_shap_budget_1024 seed=3
4752 stability chncxr vgg13 CHNCXR_0538_1 kernel_shap_budget_1024 seed=4
4753 stability chncxr vgg13 CHNCXR_0538_1 kernel_shap_budget_2048 seed=0
4754 stability chncxr vgg13 CHNCXR_0538_1 kernel_shap_budget_2048 seed=1
4755 stability chncxr vgg13 CHNCXR_0538_1 kernel_shap_budget_2048 seed=2
4756 stability chncxr vgg13 CHNCXR_0538_1 kernel_shap_budget_2048 seed=3
4757 stability chncxr vgg13 CHNCXR_0538_1 kernel_shap_budget_2048 seed=4
4758 stability chncxr vgg13 CHNCXR_0538_1 ablation_default seed=None
4759 stability chncxr vgg13 CHNCXR_0557_1 lime_budget_256 seed=0
4760 stability chncxr vgg13 CHNCXR_0557_1 lime_budget_256 seed=1
4761 stability chncxr vgg13 CHNCXR_0557_1 lime_budget_256 seed=2
4762 stability chncxr vgg13 CHNCXR_0557_1 lime_budget_256 seed=3
4763 stability chncxr vgg13 CHNCXR_0557_1 lime_budget_256 seed=4
4764 stability chncxr vgg13 CHNCXR_0557_1 lime_budget_512 seed=0
4765 stability chncxr vgg13 CHNCXR_0557_1 lime_budget_512 seed=1
4766 stability chncxr vgg13 CHNCXR_0557_1 lime_budget_512 seed=2
4767 stability chncxr vgg13 CHNCXR_0557_1 lime_budget_512 seed=3
4768 stability chncxr vgg13 CHNCXR_0557_1 lime_budget_512 seed=4
4769 stability chncxr vgg13 CHNCXR_0557_1 lime_budget_1024 seed=0
4770 stability chncxr vgg13 CHNCXR_0557_1 lime_budget_1024 seed=1
4771 stability chncxr vgg13 CHNCXR_0557_1 lime_budget_1024 seed=2
4772 stability chncxr vgg13 CHNCXR_0557_1 lime_budget_1024 seed=3
4773 stability chncxr vgg13 CHNCXR_0557_1 lime_budget_1024 seed=4
4774 stability chncxr vgg13 CHNCXR_0557_1 lime_budget_2048 seed=0
4775 stability chncxr vgg13 CHNCXR_0557_1 lime_budget_2048 seed=1
4776 stability chncxr vgg13 CHNCXR_0557_1 lime_budget_2048 seed=2
4777 stability chncxr vgg13 CHNCXR_0557_1 lime_budget_2048 seed=3
4778 stability chncxr vgg13 CHNCXR_0557_1 lime_budget_2048 seed=4
4779 stability chncxr vgg13 CHNCXR_0557_1 rise_budget_256 seed=0
4780 stability chncxr vgg13 CHNCXR_0557_1 rise_budget_256 seed=1
4781 stability chncxr vgg13 CHNCXR_0557_1 rise_budget_256 seed=2
4782 stability chncxr vgg13 CHNCXR_0557_1 rise_budget_256 seed=3
4783 stability chncxr vgg13 CHNCXR_0557_1 rise_budget_256 seed=4
4784 stability chncxr vgg13 CHNCXR_0557_1 rise_budget_512 seed=0
4785 stability chncxr vgg13 CHNCXR_0557_1 rise_budget_512 seed=1
4786 stability chncxr vgg13 CHNCXR_0557_1 rise_budget_512 seed=2
4787 stability chncxr vgg13 CHNCXR_0557_1 rise_budget_512 seed=3
4788 stability chncxr vgg13 CHNCXR_0557_1 rise_budget_512 seed=4
4789 stability chncxr vgg13 CHNCXR_0557_1 rise_budget_1024 seed=0
4790 stability chncxr vgg13 CHNCXR_0557_1 rise_budget_1024 seed=1
4791 stability chncxr vgg13 CHNCXR_0557_1 rise_budget_1024 seed=2
4792 stability chncxr vgg13 CHNCXR_0557_1 rise_budget_1024 seed=3
4793 stability chncxr vgg13 CHNCXR_0557_1 rise_budget_1024 seed=4
4794 stability chncxr vgg13 CHNCXR_0557_1 rise_budget_2048 seed=0
4795 stability chncxr vgg13 CHNCXR_0557_1 rise_budget_2048 seed=1
4796 stability chncxr vgg13 CHNCXR_0557_1 rise_budget_2048 seed=2
4797 stability chncxr vgg13 CHNCXR_0557_1 rise_budget_2048 seed=3
4798 stability chncxr vgg13 CHNCXR_0557_1 rise_budget_2048 seed=4
4799 stability chncxr vgg13 CHNCXR_0557_1 kernel_shap_budget_256 seed=0
4800 stability chncxr vgg13 CHNCXR_0557_1 kernel_shap_budget_256 seed=1
4801 stability chncxr vgg13 CHNCXR_0557_1 kernel_shap_budget_256 seed=2
4802 stability chncxr vgg13 CHNCXR_0557_1 kernel_shap_budget_256 seed=3
4803 stability chncxr vgg13 CHNCXR_0557_1 kernel_shap_budget_256 seed=4
4804 stability chncxr vgg13 CHNCXR_0557_1 kernel_shap_budget_512 seed=0
4805 stability chncxr vgg13 CHNCXR_0557_1 kernel_shap_budget_512 seed=1
4806 stability chncxr vgg13 CHNCXR_0557_1 kernel_shap_budget_512 seed=2
4807 stability chncxr vgg13 CHNCXR_0557_1 kernel_shap_budget_512 seed=3
4808 stability chncxr vgg13 CHNCXR_0557_1 kernel_shap_budget_512 seed=4
4809 stability chncxr vgg13 CHNCXR_0557_1 kernel_shap_budget_1024 seed=0
4810 stability chncxr vgg13 CHNCXR_0557_1 kernel_shap_budget_1024 seed=1
4811 stability chncxr vgg13 CHNCXR_0557_1 kernel_shap_budget_1024 seed=2
4812 stability chncxr vgg13 CHNCXR_0557_1 kernel_shap_budget_1024 seed=3
4813 stability chncxr vgg13 CHNCXR_0557_1 kernel_shap_budget_1024 seed=4
4814 stability chncxr vgg13 CHNCXR_0557_1 kernel_shap_budget_2048 seed=0
4815 stability chncxr vgg13 CHNCXR_0557_1 kernel_shap_budget_2048 seed=1
4816 stability chncxr vgg13 CHNCXR_0557_1 kernel_shap_budget_2048 seed=2
4817 stability chncxr vgg13 CHNCXR_0557_1 kernel_shap_budget_2048 seed=3
4818 stability chncxr vgg13 CHNCXR_0557_1 kernel_shap_budget_2048 seed=4
4819 stability chncxr vgg13 CHNCXR_0557_1 ablation_default seed=None
4820 stability chncxr vgg13 CHNCXR_0571_1 lime_budget_256 seed=0
4821 stability chncxr vgg13 CHNCXR_0571_1 lime_budget_256 seed=1
4822 stability chncxr vgg13 CHNCXR_0571_1 lime_budget_256 seed=2
4823 stability chncxr vgg13 CHNCXR_0571_1 lime_budget_256 seed=3
4824 stability chncxr vgg13 CHNCXR_0571_1 lime_budget_256 seed=4
4825 stability chncxr vgg13 CHNCXR_0571_1 lime_budget_512 seed=0
4826 stability chncxr vgg13 CHNCXR_0571_1 lime_budget_512 seed=1
4827 stability chncxr vgg13 CHNCXR_0571_1 lime_budget_512 seed=2
4828 stability chncxr vgg13 CHNCXR_0571_1 lime_budget_512 seed=3
4829 stability chncxr vgg13 CHNCXR_0571_1 lime_budget_512 seed=4
4830 stability chncxr vgg13 CHNCXR_0571_1 lime_budget_1024 seed=0
4831 stability chncxr vgg13 CHNCXR_0571_1 lime_budget_1024 seed=1
4832 stability chncxr vgg13 CHNCXR_0571_1 lime_budget_1024 seed=2
4833 stability chncxr vgg13 CHNCXR_0571_1 lime_budget_1024 seed=3
4834 stability chncxr vgg13 CHNCXR_0571_1 lime_budget_1024 seed=4
4835 stability chncxr vgg13 CHNCXR_0571_1 lime_budget_2048 seed=0
4836 stability chncxr vgg13 CHNCXR_0571_1 lime_budget_2048 seed=1
4837 stability chncxr vgg13 CHNCXR_0571_1 lime_budget_2048 seed=2
4838 stability chncxr vgg13 CHNCXR_0571_1 lime_budget_2048 seed=3
4839 stability chncxr vgg13 CHNCXR_0571_1 lime_budget_2048 seed=4
4840 stability chncxr vgg13 CHNCXR_0571_1 rise_budget_256 seed=0
4841 stability chncxr vgg13 CHNCXR_0571_1 rise_budget_256 seed=1
4842 stability chncxr vgg13 CHNCXR_0571_1 rise_budget_256 seed=2
4843 stability chncxr vgg13 CHNCXR_0571_1 rise_budget_256 seed=3
4844 stability chncxr vgg13 CHNCXR_0571_1 rise_budget_256 seed=4
4845 stability chncxr vgg13 CHNCXR_0571_1 rise_budget_512 seed=0
4846 stability chncxr vgg13 CHNCXR_0571_1 rise_budget_512 seed=1
4847 stability chncxr vgg13 CHNCXR_0571_1 rise_budget_512 seed=2
4848 stability chncxr vgg13 CHNCXR_0571_1 rise_budget_512 seed=3
4849 stability chncxr vgg13 CHNCXR_0571_1 rise_budget_512 seed=4
4850 stability chncxr vgg13 CHNCXR_0571_1 rise_budget_1024 seed=0
4851 stability chncxr vgg13 CHNCXR_0571_1 rise_budget_1024 seed=1
4852 stability chncxr vgg13 CHNCXR_0571_1 rise_budget_1024 seed=2
4853 stability chncxr vgg13 CHNCXR_0571_1 rise_budget_1024 seed=3
4854 stability chncxr vgg13 CHNCXR_0571_1 rise_budget_1024 seed=4
4855 stability chncxr vgg13 CHNCXR_0571_1 rise_budget_2048 seed=0
4856 stability chncxr vgg13 CHNCXR_0571_1 rise_budget_2048 seed=1
4857 stability chncxr vgg13 CHNCXR_0571_1 rise_budget_2048 seed=2
4858 stability chncxr vgg13 CHNCXR_0571_1 rise_budget_2048 seed=3
4859 stability chncxr vgg13 CHNCXR_0571_1 rise_budget_2048 seed=4
4860 stability chncxr vgg13 CHNCXR_0571_1 kernel_shap_budget_256 seed=0
4861 stability chncxr vgg13 CHNCXR_0571_1 kernel_shap_budget_256 seed=1
4862 stability chncxr vgg13 CHNCXR_0571_1 kernel_shap_budget_256 seed=2
4863 stability chncxr vgg13 CHNCXR_0571_1 kernel_shap_budget_256 seed=3
4864 stability chncxr vgg13 CHNCXR_0571_1 kernel_shap_budget_256 seed=4
4865 stability chncxr vgg13 CHNCXR_0571_1 kernel_shap_budget_512 seed=0
4866 stability chncxr vgg13 CHNCXR_0571_1 kernel_shap_budget_512 seed=1
4867 stability chncxr vgg13 CHNCXR_0571_1 kernel_shap_budget_512 seed=2
4868 stability chncxr vgg13 CHNCXR_0571_1 kernel_shap_budget_512 seed=3
4869 stability chncxr vgg13 CHNCXR_0571_1 kernel_shap_budget_512 seed=4
4870 stability chncxr vgg13 CHNCXR_0571_1 kernel_shap_budget_1024 seed=0
4871 stability chncxr vgg13 CHNCXR_0571_1 kernel_shap_budget_1024 seed=1
4872 stability chncxr vgg13 CHNCXR_0571_1 kernel_shap_budget_1024 seed=2
4873 stability chncxr vgg13 CHNCXR_0571_1 kernel_shap_budget_1024 seed=3
4874 stability chncxr vgg13 CHNCXR_0571_1 kernel_shap_budget_1024 seed=4
4875 stability chncxr vgg13 CHNCXR_0571_1 kernel_shap_budget_2048 seed=0
4876 stability chncxr vgg13 CHNCXR_0571_1 kernel_shap_budget_2048 seed=1
4877 stability chncxr vgg13 CHNCXR_0571_1 kernel_shap_budget_2048 seed=2
4878 stability chncxr vgg13 CHNCXR_0571_1 kernel_shap_budget_2048 seed=3
4879 stability chncxr vgg13 CHNCXR_0571_1 kernel_shap_budget_2048 seed=4
4880 stability chncxr vgg13 CHNCXR_0571_1 ablation_default seed=None
4881 stability chncxr vgg13 CHNCXR_0579_1 lime_budget_256 seed=0
4882 stability chncxr vgg13 CHNCXR_0579_1 lime_budget_256 seed=1
4883 stability chncxr vgg13 CHNCXR_0579_1 lime_budget_256 seed=2
4884 stability chncxr vgg13 CHNCXR_0579_1 lime_budget_256 seed=3
4885 stability chncxr vgg13 CHNCXR_0579_1 lime_budget_256 seed=4
4886 stability chncxr vgg13 CHNCXR_0579_1 lime_budget_512 seed=0
4887 stability chncxr vgg13 CHNCXR_0579_1 lime_budget_512 seed=1
4888 stability chncxr vgg13 CHNCXR_0579_1 lime_budget_512 seed=2
4889 stability chncxr vgg13 CHNCXR_0579_1 lime_budget_512 seed=3
4890 stability chncxr vgg13 CHNCXR_0579_1 lime_budget_512 seed=4
4891 stability chncxr vgg13 CHNCXR_0579_1 lime_budget_1024 seed=0
4892 stability chncxr vgg13 CHNCXR_0579_1 lime_budget_1024 seed=1
4893 stability chncxr vgg13 CHNCXR_0579_1 lime_budget_1024 seed=2
4894 stability chncxr vgg13 CHNCXR_0579_1 lime_budget_1024 seed=3
4895 stability chncxr vgg13 CHNCXR_0579_1 lime_budget_1024 seed=4
4896 stability chncxr vgg13 CHNCXR_0579_1 lime_budget_2048 seed=0
4897 stability chncxr vgg13 CHNCXR_0579_1 lime_budget_2048 seed=1
4898 stability chncxr vgg13 CHNCXR_0579_1 lime_budget_2048 seed=2
4899 stability chncxr vgg13 CHNCXR_0579_1 lime_budget_2048 seed=3
4900 stability chncxr vgg13 CHNCXR_0579_1 lime_budget_2048 seed=4
4901 stability chncxr vgg13 CHNCXR_0579_1 rise_budget_256 seed=0
4902 stability chncxr vgg13 CHNCXR_0579_1 rise_budget_256 seed=1
4903 stability chncxr vgg13 CHNCXR_0579_1 rise_budget_256 seed=2
4904 stability chncxr vgg13 CHNCXR_0579_1 rise_budget_256 seed=3
4905 stability chncxr vgg13 CHNCXR_0579_1 rise_budget_256 seed=4
4906 stability chncxr vgg13 CHNCXR_0579_1 rise_budget_512 seed=0
4907 stability chncxr vgg13 CHNCXR_0579_1 rise_budget_512 seed=1
4908 stability chncxr vgg13 CHNCXR_0579_1 rise_budget_512 seed=2
4909 stability chncxr vgg13 CHNCXR_0579_1 rise_budget_512 seed=3
4910 stability chncxr vgg13 CHNCXR_0579_1 rise_budget_512 seed=4
4911 stability chncxr vgg13 CHNCXR_0579_1 rise_budget_1024 seed=0
4912 stability chncxr vgg13 CHNCXR_0579_1 rise_budget_1024 seed=1
4913 stability chncxr vgg13 CHNCXR_0579_1 rise_budget_1024 seed=2
4914 stability chncxr vgg13 CHNCXR_0579_1 rise_budget_1024 seed=3
4915 stability chncxr vgg13 CHNCXR_0579_1 rise_budget_1024 seed=4
4916 stability chncxr vgg13 CHNCXR_0579_1 rise_budget_2048 seed=0
4917 stability chncxr vgg13 CHNCXR_0579_1 rise_budget_2048 seed=1
4918 stability chncxr vgg13 CHNCXR_0579_1 rise_budget_2048 seed=2
4919 stability chncxr vgg13 CHNCXR_0579_1 rise_budget_2048 seed=3
4920 stability chncxr vgg13 CHNCXR_0579_1 rise_budget_2048 seed=4
4921 stability chncxr vgg13 CHNCXR_0579_1 kernel_shap_budget_256 seed=0
4922 stability chncxr vgg13 CHNCXR_0579_1 kernel_shap_budget_256 seed=1
4923 stability chncxr vgg13 CHNCXR_0579_1 kernel_shap_budget_256 seed=2
4924 stability chncxr vgg13 CHNCXR_0579_1 kernel_shap_budget_256 seed=3
4925 stability chncxr vgg13 CHNCXR_0579_1 kernel_shap_budget_256 seed=4
4926 stability chncxr vgg13 CHNCXR_0579_1 kernel_shap_budget_512 seed=0
4927 stability chncxr vgg13 CHNCXR_0579_1 kernel_shap_budget_512 seed=1
4928 stability chncxr vgg13 CHNCXR_0579_1 kernel_shap_budget_512 seed=2
4929 stability chncxr vgg13 CHNCXR_0579_1 kernel_shap_budget_512 seed=3
4930 stability chncxr vgg13 CHNCXR_0579_1 kernel_shap_budget_512 seed=4
4931 stability chncxr vgg13 CHNCXR_0579_1 kernel_shap_budget_1024 seed=0
4932 stability chncxr vgg13 CHNCXR_0579_1 kernel_shap_budget_1024 seed=1
4933 stability chncxr vgg13 CHNCXR_0579_1 kernel_shap_budget_1024 seed=2
4934 stability chncxr vgg13 CHNCXR_0579_1 kernel_shap_budget_1024 seed=3
4935 stability chncxr vgg13 CHNCXR_0579_1 kernel_shap_budget_1024 seed=4
4936 stability chncxr vgg13 CHNCXR_0579_1 kernel_shap_budget_2048 seed=0
4937 stability chncxr vgg13 CHNCXR_0579_1 kernel_shap_budget_2048 seed=1
4938 stability chncxr vgg13 CHNCXR_0579_1 kernel_shap_budget_2048 seed=2
4939 stability chncxr vgg13 CHNCXR_0579_1 kernel_shap_budget_2048 seed=3
4940 stability chncxr vgg13 CHNCXR_0579_1 kernel_shap_budget_2048 seed=4
4941 stability chncxr vgg13 CHNCXR_0579_1 ablation_default seed=None
4942 stability chncxr vgg13 CHNCXR_0583_1 lime_budget_256 seed=0
4943 stability chncxr vgg13 CHNCXR_0583_1 lime_budget_256 seed=1
4944 stability chncxr vgg13 CHNCXR_0583_1 lime_budget_256 seed=2
4945 stability chncxr vgg13 CHNCXR_0583_1 lime_budget_256 seed=3
4946 stability chncxr vgg13 CHNCXR_0583_1 lime_budget_256 seed=4
4947 stability chncxr vgg13 CHNCXR_0583_1 lime_budget_512 seed=0
4948 stability chncxr vgg13 CHNCXR_0583_1 lime_budget_512 seed=1
4949 stability chncxr vgg13 CHNCXR_0583_1 lime_budget_512 seed=2
4950 stability chncxr vgg13 CHNCXR_0583_1 lime_budget_512 seed=3
4951 stability chncxr vgg13 CHNCXR_0583_1 lime_budget_512 seed=4
4952 stability chncxr vgg13 CHNCXR_0583_1 lime_budget_1024 seed=0
4953 stability chncxr vgg13 CHNCXR_0583_1 lime_budget_1024 seed=1
4954 stability chncxr vgg13 CHNCXR_0583_1 lime_budget_1024 seed=2
4955 stability chncxr vgg13 CHNCXR_0583_1 lime_budget_1024 seed=3
4956 stability chncxr vgg13 CHNCXR_0583_1 lime_budget_1024 seed=4
4957 stability chncxr vgg13 CHNCXR_0583_1 lime_budget_2048 seed=0
4958 stability chncxr vgg13 CHNCXR_0583_1 lime_budget_2048 seed=1
4959 stability chncxr vgg13 CHNCXR_0583_1 lime_budget_2048 seed=2
4960 stability chncxr vgg13 CHNCXR_0583_1 lime_budget_2048 seed=3
4961 stability chncxr vgg13 CHNCXR_0583_1 lime_budget_2048 seed=4
4962 stability chncxr vgg13 CHNCXR_0583_1 rise_budget_256 seed=0
4963 stability chncxr vgg13 CHNCXR_0583_1 rise_budget_256 seed=1
4964 stability chncxr vgg13 CHNCXR_0583_1 rise_budget_256 seed=2
4965 stability chncxr vgg13 CHNCXR_0583_1 rise_budget_256 seed=3
4966 stability chncxr vgg13 CHNCXR_0583_1 rise_budget_256 seed=4
4967 stability chncxr vgg13 CHNCXR_0583_1 rise_budget_512 seed=0
4968 stability chncxr vgg13 CHNCXR_0583_1 rise_budget_512 seed=1
4969 stability chncxr vgg13 CHNCXR_0583_1 rise_budget_512 seed=2
4970 stability chncxr vgg13 CHNCXR_0583_1 rise_budget_512 seed=3
4971 stability chncxr vgg13 CHNCXR_0583_1 rise_budget_512 seed=4
4972 stability chncxr vgg13 CHNCXR_0583_1 rise_budget_1024 seed=0
4973 stability chncxr vgg13 CHNCXR_0583_1 rise_budget_1024 seed=1
4974 stability chncxr vgg13 CHNCXR_0583_1 rise_budget_1024 seed=2
4975 stability chncxr vgg13 CHNCXR_0583_1 rise_budget_1024 seed=3
4976 stability chncxr vgg13 CHNCXR_0583_1 rise_budget_1024 seed=4
4977 stability chncxr vgg13 CHNCXR_0583_1 rise_budget_2048 seed=0
4978 stability chncxr vgg13 CHNCXR_0583_1 rise_budget_2048 seed=1
4979 stability chncxr vgg13 CHNCXR_0583_1 rise_budget_2048 seed=2
4980 stability chncxr vgg13 CHNCXR_0583_1 rise_budget_2048 seed=3
4981 stability chncxr vgg13 CHNCXR_0583_1 rise_budget_2048 seed=4
4982 stability chncxr vgg13 CHNCXR_0583_1 kernel_shap_budget_256 seed=0
4983 stability chncxr vgg13 CHNCXR_0583_1 kernel_shap_budget_256 seed=1
4984 stability chncxr vgg13 CHNCXR_0583_1 kernel_shap_budget_256 seed=2
4985 stability chncxr vgg13 CHNCXR_0583_1 kernel_shap_budget_256 seed=3
4986 stability chncxr vgg13 CHNCXR_0583_1 kernel_shap_budget_256 seed=4
4987 stability chncxr vgg13 CHNCXR_0583_1 kernel_shap_budget_512 seed=0
4988 stability chncxr vgg13 CHNCXR_0583_1 kernel_shap_budget_512 seed=1
4989 stability chncxr vgg13 CHNCXR_0583_1 kernel_shap_budget_512 seed=2
4990 stability chncxr vgg13 CHNCXR_0583_1 kernel_shap_budget_512 seed=3
4991 stability chncxr vgg13 CHNCXR_0583_1 kernel_shap_budget_512 seed=4
4992 stability chncxr vgg13 CHNCXR_0583_1 kernel_shap_budget_1024 seed=0
4993 stability chncxr vgg13 CHNCXR_0583_1 kernel_shap_budget_1024 seed=1
4994 stability chncxr vgg13 CHNCXR_0583_1 kernel_shap_budget_1024 seed=2
4995 stability chncxr vgg13 CHNCXR_0583_1 kernel_shap_budget_1024 seed=3
4996 stability chncxr vgg13 CHNCXR_0583_1 kernel_shap_budget_1024 seed=4
4997 stability chncxr vgg13 CHNCXR_0583_1 kernel_shap_budget_2048 seed=0
4998 stability chncxr vgg13 CHNCXR_0583_1 kernel_shap_budget_2048 seed=1
4999 stability chncxr vgg13 CHNCXR_0583_1 kernel_shap_budget_2048 seed=2
5000 stability chncxr vgg13 CHNCXR_0583_1 kernel_shap_budget_2048 seed=3
5001 stability chncxr vgg13 CHNCXR_0583_1 kernel_shap_budget_2048 seed=4
5002 stability chncxr vgg13 CHNCXR_0583_1 ablation_default seed=None
5003 stability chncxr vgg13 CHNCXR_0587_1 lime_budget_256 seed=0
5004 stability chncxr vgg13 CHNCXR_0587_1 lime_budget_256 seed=1
5005 stability chncxr vgg13 CHNCXR_0587_1 lime_budget_256 seed=2
5006 stability chncxr vgg13 CHNCXR_0587_1 lime_budget_256 seed=3
5007 stability chncxr vgg13 CHNCXR_0587_1 lime_budget_256 seed=4
5008 stability chncxr vgg13 CHNCXR_0587_1 lime_budget_512 seed=0
5009 stability chncxr vgg13 CHNCXR_0587_1 lime_budget_512 seed=1
5010 stability chncxr vgg13 CHNCXR_0587_1 lime_budget_512 seed=2
5011 stability chncxr vgg13 CHNCXR_0587_1 lime_budget_512 seed=3
5012 stability chncxr vgg13 CHNCXR_0587_1 lime_budget_512 seed=4
5013 stability chncxr vgg13 CHNCXR_0587_1 lime_budget_1024 seed=0
5014 stability chncxr vgg13 CHNCXR_0587_1 lime_budget_1024 seed=1
5015 stability chncxr vgg13 CHNCXR_0587_1 lime_budget_1024 seed=2
5016 stability chncxr vgg13 CHNCXR_0587_1 lime_budget_1024 seed=3
5017 stability chncxr vgg13 CHNCXR_0587_1 lime_budget_1024 seed=4
5018 stability chncxr vgg13 CHNCXR_0587_1 lime_budget_2048 seed=0
5019 stability chncxr vgg13 CHNCXR_0587_1 lime_budget_2048 seed=1
5020 stability chncxr vgg13 CHNCXR_0587_1 lime_budget_2048 seed=2
5021 stability chncxr vgg13 CHNCXR_0587_1 lime_budget_2048 seed=3
5022 stability chncxr vgg13 CHNCXR_0587_1 lime_budget_2048 seed=4
5023 stability chncxr vgg13 CHNCXR_0587_1 rise_budget_256 seed=0
5024 stability chncxr vgg13 CHNCXR_0587_1 rise_budget_256 seed=1
5025 stability chncxr vgg13 CHNCXR_0587_1 rise_budget_256 seed=2
5026 stability chncxr vgg13 CHNCXR_0587_1 rise_budget_256 seed=3
5027 stability chncxr vgg13 CHNCXR_0587_1 rise_budget_256 seed=4
5028 stability chncxr vgg13 CHNCXR_0587_1 rise_budget_512 seed=0
5029 stability chncxr vgg13 CHNCXR_0587_1 rise_budget_512 seed=1
5030 stability chncxr vgg13 CHNCXR_0587_1 rise_budget_512 seed=2
5031 stability chncxr vgg13 CHNCXR_0587_1 rise_budget_512 seed=3
5032 stability chncxr vgg13 CHNCXR_0587_1 rise_budget_512 seed=4
5033 stability chncxr vgg13 CHNCXR_0587_1 rise_budget_1024 seed=0
5034 stability chncxr vgg13 CHNCXR_0587_1 rise_budget_1024 seed=1
5035 stability chncxr vgg13 CHNCXR_0587_1 rise_budget_1024 seed=2
5036 stability chncxr vgg13 CHNCXR_0587_1 rise_budget_1024 seed=3
5037 stability chncxr vgg13 CHNCXR_0587_1 rise_budget_1024 seed=4
5038 stability chncxr vgg13 CHNCXR_0587_1 rise_budget_2048 seed=0
5039 stability chncxr vgg13 CHNCXR_0587_1 rise_budget_2048 seed=1
5040 stability chncxr vgg13 CHNCXR_0587_1 rise_budget_2048 seed=2
5041 stability chncxr vgg13 CHNCXR_0587_1 rise_budget_2048 seed=3
5042 stability chncxr vgg13 CHNCXR_0587_1 rise_budget_2048 seed=4
5043 stability chncxr vgg13 CHNCXR_0587_1 kernel_shap_budget_256 seed=0
5044 stability chncxr vgg13 CHNCXR_0587_1 kernel_shap_budget_256 seed=1
5045 stability chncxr vgg13 CHNCXR_0587_1 kernel_shap_budget_256 seed=2
5046 stability chncxr vgg13 CHNCXR_0587_1 kernel_shap_budget_256 seed=3
5047 stability chncxr vgg13 CHNCXR_0587_1 kernel_shap_budget_256 seed=4
5048 stability chncxr vgg13 CHNCXR_0587_1 kernel_shap_budget_512 seed=0
5049 stability chncxr vgg13 CHNCXR_0587_1 kernel_shap_budget_512 seed=1
5050 stability chncxr vgg13 CHNCXR_0587_1 kernel_shap_budget_512 seed=2
5051 stability chncxr vgg13 CHNCXR_0587_1 kernel_shap_budget_512 seed=3
5052 stability chncxr vgg13 CHNCXR_0587_1 kernel_shap_budget_512 seed=4
5053 stability chncxr vgg13 CHNCXR_0587_1 kernel_shap_budget_1024 seed=0
5054 stability chncxr vgg13 CHNCXR_0587_1 kernel_shap_budget_1024 seed=1
5055 stability chncxr vgg13 CHNCXR_0587_1 kernel_shap_budget_1024 seed=2
5056 stability chncxr vgg13 CHNCXR_0587_1 kernel_shap_budget_1024 seed=3
5057 stability chncxr vgg13 CHNCXR_0587_1 kernel_shap_budget_1024 seed=4
5058 stability chncxr vgg13 CHNCXR_0587_1 kernel_shap_budget_2048 seed=0
5059 stability chncxr vgg13 CHNCXR_0587_1 kernel_shap_budget_2048 seed=1
5060 stability chncxr vgg13 CHNCXR_0587_1 kernel_shap_budget_2048 seed=2
5061 stability chncxr vgg13 CHNCXR_0587_1 kernel_shap_budget_2048 seed=3
5062 stability chncxr vgg13 CHNCXR_0587_1 kernel_shap_budget_2048 seed=4
5063 stability chncxr vgg13 CHNCXR_0587_1 ablation_default seed=None
5064 stability chncxr vgg13 CHNCXR_0602_1 lime_budget_256 seed=0
5065 stability chncxr vgg13 CHNCXR_0602_1 lime_budget_256 seed=1
5066 stability chncxr vgg13 CHNCXR_0602_1 lime_budget_256 seed=2
5067 stability chncxr vgg13 CHNCXR_0602_1 lime_budget_256 seed=3
5068 stability chncxr vgg13 CHNCXR_0602_1 lime_budget_256 seed=4
5069 stability chncxr vgg13 CHNCXR_0602_1 lime_budget_512 seed=0
5070 stability chncxr vgg13 CHNCXR_0602_1 lime_budget_512 seed=1
5071 stability chncxr vgg13 CHNCXR_0602_1 lime_budget_512 seed=2
5072 stability chncxr vgg13 CHNCXR_0602_1 lime_budget_512 seed=3
5073 stability chncxr vgg13 CHNCXR_0602_1 lime_budget_512 seed=4
5074 stability chncxr vgg13 CHNCXR_0602_1 lime_budget_1024 seed=0
5075 stability chncxr vgg13 CHNCXR_0602_1 lime_budget_1024 seed=1
5076 stability chncxr vgg13 CHNCXR_0602_1 lime_budget_1024 seed=2
5077 stability chncxr vgg13 CHNCXR_0602_1 lime_budget_1024 seed=3
5078 stability chncxr vgg13 CHNCXR_0602_1 lime_budget_1024 seed=4
5079 stability chncxr vgg13 CHNCXR_0602_1 lime_budget_2048 seed=0
5080 stability chncxr vgg13 CHNCXR_0602_1 lime_budget_2048 seed=1
5081 stability chncxr vgg13 CHNCXR_0602_1 lime_budget_2048 seed=2
5082 stability chncxr vgg13 CHNCXR_0602_1 lime_budget_2048 seed=3
5083 stability chncxr vgg13 CHNCXR_0602_1 lime_budget_2048 seed=4
5084 stability chncxr vgg13 CHNCXR_0602_1 rise_budget_256 seed=0
5085 stability chncxr vgg13 CHNCXR_0602_1 rise_budget_256 seed=1
5086 stability chncxr vgg13 CHNCXR_0602_1 rise_budget_256 seed=2
5087 stability chncxr vgg13 CHNCXR_0602_1 rise_budget_256 seed=3
5088 stability chncxr vgg13 CHNCXR_0602_1 rise_budget_256 seed=4
5089 stability chncxr vgg13 CHNCXR_0602_1 rise_budget_512 seed=0
5090 stability chncxr vgg13 CHNCXR_0602_1 rise_budget_512 seed=1
5091 stability chncxr vgg13 CHNCXR_0602_1 rise_budget_512 seed=2
5092 stability chncxr vgg13 CHNCXR_0602_1 rise_budget_512 seed=3
5093 stability chncxr vgg13 CHNCXR_0602_1 rise_budget_512 seed=4
5094 stability chncxr vgg13 CHNCXR_0602_1 rise_budget_1024 seed=0
5095 stability chncxr vgg13 CHNCXR_0602_1 rise_budget_1024 seed=1
5096 stability chncxr vgg13 CHNCXR_0602_1 rise_budget_1024 seed=2
5097 stability chncxr vgg13 CHNCXR_0602_1 rise_budget_1024 seed=3
5098 stability chncxr vgg13 CHNCXR_0602_1 rise_budget_1024 seed=4
5099 stability chncxr vgg13 CHNCXR_0602_1 rise_budget_2048 seed=0
5100 stability chncxr vgg13 CHNCXR_0602_1 rise_budget_2048 seed=1
5101 stability chncxr vgg13 CHNCXR_0602_1 rise_budget_2048 seed=2
5102 stability chncxr vgg13 CHNCXR_0602_1 rise_budget_2048 seed=3
5103 stability chncxr vgg13 CHNCXR_0602_1 rise_budget_2048 seed=4
5104 stability chncxr vgg13 CHNCXR_0602_1 kernel_shap_budget_256 seed=0
5105 stability chncxr vgg13 CHNCXR_0602_1 kernel_shap_budget_256 seed=1
5106 stability chncxr vgg13 CHNCXR_0602_1 kernel_shap_budget_256 seed=2
5107 stability chncxr vgg13 CHNCXR_0602_1 kernel_shap_budget_256 seed=3
5108 stability chncxr vgg13 CHNCXR_0602_1 kernel_shap_budget_256 seed=4
5109 stability chncxr vgg13 CHNCXR_0602_1 kernel_shap_budget_512 seed=0
5110 stability chncxr vgg13 CHNCXR_0602_1 kernel_shap_budget_512 seed=1
5111 stability chncxr vgg13 CHNCXR_0602_1 kernel_shap_budget_512 seed=2
5112 stability chncxr vgg13 CHNCXR_0602_1 kernel_shap_budget_512 seed=3
5113 stability chncxr vgg13 CHNCXR_0602_1 kernel_shap_budget_512 seed=4
5114 stability chncxr vgg13 CHNCXR_0602_1 kernel_shap_budget_1024 seed=0
5115 stability chncxr vgg13 CHNCXR_0602_1 kernel_shap_budget_1024 seed=1
5116 stability chncxr vgg13 CHNCXR_0602_1 kernel_shap_budget_1024 seed=2
5117 stability chncxr vgg13 CHNCXR_0602_1 kernel_shap_budget_1024 seed=3
5118 stability chncxr vgg13 CHNCXR_0602_1 kernel_shap_budget_1024 seed=4
5119 stability chncxr vgg13 CHNCXR_0602_1 kernel_shap_budget_2048 seed=0
5120 stability chncxr vgg13 CHNCXR_0602_1 kernel_shap_budget_2048 seed=1
5121 stability chncxr vgg13 CHNCXR_0602_1 kernel_shap_budget_2048 seed=2
5122 stability chncxr vgg13 CHNCXR_0602_1 kernel_shap_budget_2048 seed=3
5123 stability chncxr vgg13 CHNCXR_0602_1 kernel_shap_budget_2048 seed=4
5124 stability chncxr vgg13 CHNCXR_0602_1 ablation_default seed=None
5125 stability chncxr vgg13 CHNCXR_0620_1 lime_budget_256 seed=0
5126 stability chncxr vgg13 CHNCXR_0620_1 lime_budget_256 seed=1
5127 stability chncxr vgg13 CHNCXR_0620_1 lime_budget_256 seed=2
5128 stability chncxr vgg13 CHNCXR_0620_1 lime_budget_256 seed=3
5129 stability chncxr vgg13 CHNCXR_0620_1 lime_budget_256 seed=4
5130 stability chncxr vgg13 CHNCXR_0620_1 lime_budget_512 seed=0
5131 stability chncxr vgg13 CHNCXR_0620_1 lime_budget_512 seed=1
5132 stability chncxr vgg13 CHNCXR_0620_1 lime_budget_512 seed=2
5133 stability chncxr vgg13 CHNCXR_0620_1 lime_budget_512 seed=3
5134 stability chncxr vgg13 CHNCXR_0620_1 lime_budget_512 seed=4
5135 stability chncxr vgg13 CHNCXR_0620_1 lime_budget_1024 seed=0
5136 stability chncxr vgg13 CHNCXR_0620_1 lime_budget_1024 seed=1
5137 stability chncxr vgg13 CHNCXR_0620_1 lime_budget_1024 seed=2
5138 stability chncxr vgg13 CHNCXR_0620_1 lime_budget_1024 seed=3
5139 stability chncxr vgg13 CHNCXR_0620_1 lime_budget_1024 seed=4
5140 stability chncxr vgg13 CHNCXR_0620_1 lime_budget_2048 seed=0
5141 stability chncxr vgg13 CHNCXR_0620_1 lime_budget_2048 seed=1
5142 stability chncxr vgg13 CHNCXR_0620_1 lime_budget_2048 seed=2
5143 stability chncxr vgg13 CHNCXR_0620_1 lime_budget_2048 seed=3
5144 stability chncxr vgg13 CHNCXR_0620_1 lime_budget_2048 seed=4
5145 stability chncxr vgg13 CHNCXR_0620_1 rise_budget_256 seed=0
5146 stability chncxr vgg13 CHNCXR_0620_1 rise_budget_256 seed=1
5147 stability chncxr vgg13 CHNCXR_0620_1 rise_budget_256 seed=2
5148 stability chncxr vgg13 CHNCXR_0620_1 rise_budget_256 seed=3
5149 stability chncxr vgg13 CHNCXR_0620_1 rise_budget_256 seed=4
5150 stability chncxr vgg13 CHNCXR_0620_1 rise_budget_512 seed=0
5151 stability chncxr vgg13 CHNCXR_0620_1 rise_budget_512 seed=1
5152 stability chncxr vgg13 CHNCXR_0620_1 rise_budget_512 seed=2
5153 stability chncxr vgg13 CHNCXR_0620_1 rise_budget_512 seed=3
5154 stability chncxr vgg13 CHNCXR_0620_1 rise_budget_512 seed=4
5155 stability chncxr vgg13 CHNCXR_0620_1 rise_budget_1024 seed=0
5156 stability chncxr vgg13 CHNCXR_0620_1 rise_budget_1024 seed=1
5157 stability chncxr vgg13 CHNCXR_0620_1 rise_budget_1024 seed=2
5158 stability chncxr vgg13 CHNCXR_0620_1 rise_budget_1024 seed=3
5159 stability chncxr vgg13 CHNCXR_0620_1 rise_budget_1024 seed=4
5160 stability chncxr vgg13 CHNCXR_0620_1 rise_budget_2048 seed=0
5161 stability chncxr vgg13 CHNCXR_0620_1 rise_budget_2048 seed=1
5162 stability chncxr vgg13 CHNCXR_0620_1 rise_budget_2048 seed=2
5163 stability chncxr vgg13 CHNCXR_0620_1 rise_budget_2048 seed=3
5164 stability chncxr vgg13 CHNCXR_0620_1 rise_budget_2048 seed=4
5165 stability chncxr vgg13 CHNCXR_0620_1 kernel_shap_budget_256 seed=0
5166 stability chncxr vgg13 CHNCXR_0620_1 kernel_shap_budget_256 seed=1
5167 stability chncxr vgg13 CHNCXR_0620_1 kernel_shap_budget_256 seed=2
5168 stability chncxr vgg13 CHNCXR_0620_1 kernel_shap_budget_256 seed=3
5169 stability chncxr vgg13 CHNCXR_0620_1 kernel_shap_budget_256 seed=4
5170 stability chncxr vgg13 CHNCXR_0620_1 kernel_shap_budget_512 seed=0
5171 stability chncxr vgg13 CHNCXR_0620_1 kernel_shap_budget_512 seed=1
5172 stability chncxr vgg13 CHNCXR_0620_1 kernel_shap_budget_512 seed=2
5173 stability chncxr vgg13 CHNCXR_0620_1 kernel_shap_budget_512 seed=3
5174 stability chncxr vgg13 CHNCXR_0620_1 kernel_shap_budget_512 seed=4
5175 stability chncxr vgg13 CHNCXR_0620_1 kernel_shap_budget_1024 seed=0
5176 stability chncxr vgg13 CHNCXR_0620_1 kernel_shap_budget_1024 seed=1
5177 stability chncxr vgg13 CHNCXR_0620_1 kernel_shap_budget_1024 seed=2
5178 stability chncxr vgg13 CHNCXR_0620_1 kernel_shap_budget_1024 seed=3
5179 stability chncxr vgg13 CHNCXR_0620_1 kernel_shap_budget_1024 seed=4
5180 stability chncxr vgg13 CHNCXR_0620_1 kernel_shap_budget_2048 seed=0
5181 stability chncxr vgg13 CHNCXR_0620_1 kernel_shap_budget_2048 seed=1
5182 stability chncxr vgg13 CHNCXR_0620_1 kernel_shap_budget_2048 seed=2
5183 stability chncxr vgg13 CHNCXR_0620_1 kernel_shap_budget_2048 seed=3
5184 stability chncxr vgg13 CHNCXR_0620_1 kernel_shap_budget_2048 seed=4
5185 stability chncxr vgg13 CHNCXR_0620_1 ablation_default seed=None
5186 stability chncxr vgg13 CHNCXR_0648_1 lime_budget_256 seed=0
5187 stability chncxr vgg13 CHNCXR_0648_1 lime_budget_256 seed=1
5188 stability chncxr vgg13 CHNCXR_0648_1 lime_budget_256 seed=2
5189 stability chncxr vgg13 CHNCXR_0648_1 lime_budget_256 seed=3
5190 stability chncxr vgg13 CHNCXR_0648_1 lime_budget_256 seed=4
5191 stability chncxr vgg13 CHNCXR_0648_1 lime_budget_512 seed=0
5192 stability chncxr vgg13 CHNCXR_0648_1 lime_budget_512 seed=1
5193 stability chncxr vgg13 CHNCXR_0648_1 lime_budget_512 seed=2
5194 stability chncxr vgg13 CHNCXR_0648_1 lime_budget_512 seed=3
5195 stability chncxr vgg13 CHNCXR_0648_1 lime_budget_512 seed=4
5196 stability chncxr vgg13 CHNCXR_0648_1 lime_budget_1024 seed=0
5197 stability chncxr vgg13 CHNCXR_0648_1 lime_budget_1024 seed=1
5198 stability chncxr vgg13 CHNCXR_0648_1 lime_budget_1024 seed=2
5199 stability chncxr vgg13 CHNCXR_0648_1 lime_budget_1024 seed=3
5200 stability chncxr vgg13 CHNCXR_0648_1 lime_budget_1024 seed=4
5201 stability chncxr vgg13 CHNCXR_0648_1 lime_budget_2048 seed=0
5202 stability chncxr vgg13 CHNCXR_0648_1 lime_budget_2048 seed=1
5203 stability chncxr vgg13 CHNCXR_0648_1 lime_budget_2048 seed=2
5204 stability chncxr vgg13 CHNCXR_0648_1 lime_budget_2048 seed=3
5205 stability chncxr vgg13 CHNCXR_0648_1 lime_budget_2048 seed=4
5206 stability chncxr vgg13 CHNCXR_0648_1 rise_budget_256 seed=0
5207 stability chncxr vgg13 CHNCXR_0648_1 rise_budget_256 seed=1
5208 stability chncxr vgg13 CHNCXR_0648_1 rise_budget_256 seed=2
5209 stability chncxr vgg13 CHNCXR_0648_1 rise_budget_256 seed=3
5210 stability chncxr vgg13 CHNCXR_0648_1 rise_budget_256 seed=4
5211 stability chncxr vgg13 CHNCXR_0648_1 rise_budget_512 seed=0
5212 stability chncxr vgg13 CHNCXR_0648_1 rise_budget_512 seed=1
5213 stability chncxr vgg13 CHNCXR_0648_1 rise_budget_512 seed=2
5214 stability chncxr vgg13 CHNCXR_0648_1 rise_budget_512 seed=3
5215 stability chncxr vgg13 CHNCXR_0648_1 rise_budget_512 seed=4
5216 stability chncxr vgg13 CHNCXR_0648_1 rise_budget_1024 seed=0
5217 stability chncxr vgg13 CHNCXR_0648_1 rise_budget_1024 seed=1
5218 stability chncxr vgg13 CHNCXR_0648_1 rise_budget_1024 seed=2
5219 stability chncxr vgg13 CHNCXR_0648_1 rise_budget_1024 seed=3
5220 stability chncxr vgg13 CHNCXR_0648_1 rise_budget_1024 seed=4
5221 stability chncxr vgg13 CHNCXR_0648_1 rise_budget_2048 seed=0
5222 stability chncxr vgg13 CHNCXR_0648_1 rise_budget_2048 seed=1
5223 stability chncxr vgg13 CHNCXR_0648_1 rise_budget_2048 seed=2
5224 stability chncxr vgg13 CHNCXR_0648_1 rise_budget_2048 seed=3
5225 stability chncxr vgg13 CHNCXR_0648_1 rise_budget_2048 seed=4
5226 stability chncxr vgg13 CHNCXR_0648_1 kernel_shap_budget_256 seed=0
5227 stability chncxr vgg13 CHNCXR_0648_1 kernel_shap_budget_256 seed=1
5228 stability chncxr vgg13 CHNCXR_0648_1 kernel_shap_budget_256 seed=2
5229 stability chncxr vgg13 CHNCXR_0648_1 kernel_shap_budget_256 seed=3
5230 stability chncxr vgg13 CHNCXR_0648_1 kernel_shap_budget_256 seed=4
5231 stability chncxr vgg13 CHNCXR_0648_1 kernel_shap_budget_512 seed=0
5232 stability chncxr vgg13 CHNCXR_0648_1 kernel_shap_budget_512 seed=1
5233 stability chncxr vgg13 CHNCXR_0648_1 kernel_shap_budget_512 seed=2
5234 stability chncxr vgg13 CHNCXR_0648_1 kernel_shap_budget_512 seed=3
5235 stability chncxr vgg13 CHNCXR_0648_1 kernel_shap_budget_512 seed=4
5236 stability chncxr vgg13 CHNCXR_0648_1 kernel_shap_budget_1024 seed=0
5237 stability chncxr vgg13 CHNCXR_0648_1 kernel_shap_budget_1024 seed=1
5238 stability chncxr vgg13 CHNCXR_0648_1 kernel_shap_budget_1024 seed=2
5239 stability chncxr vgg13 CHNCXR_0648_1 kernel_shap_budget_1024 seed=3
5240 stability chncxr vgg13 CHNCXR_0648_1 kernel_shap_budget_1024 seed=4
5241 stability chncxr vgg13 CHNCXR_0648_1 kernel_shap_budget_2048 seed=0
5242 stability chncxr vgg13 CHNCXR_0648_1 kernel_shap_budget_2048 seed=1
5243 stability chncxr vgg13 CHNCXR_0648_1 kernel_shap_budget_2048 seed=2
5244 stability chncxr vgg13 CHNCXR_0648_1 kernel_shap_budget_2048 seed=3
5245 stability chncxr vgg13 CHNCXR_0648_1 kernel_shap_budget_2048 seed=4
5246 stability chncxr vgg13 CHNCXR_0648_1 ablation_default seed=None
