1 stability imagenet resnet50 ILSVRC2012_val_00000319 lime_budget_256 seed=0
2 stability imagenet resnet50 ILSVRC2012_val_00000319 lime_budget_256 seed=1
3 stability imagenet resnet50 ILSVRC2012_val_00000319 lime_budget_256 seed=2
4 stability imagenet resnet50 ILSVRC2012_val_00000319 lime_budget_256 seed=3
5 stability imagenet resnet50 ILSVRC2012_val_00000319 lime_budget_256 seed=4
6 stability imagenet resnet50 ILSVRC2012_val_00000319 lime_budget_512 seed=0
7 stability imagenet resnet50 ILSVRC2012_val_00000319 lime_budget_512 seed=1
8 stability imagenet resnet50 ILSVRC2012_val_00000319 lime_budget_512 seed=2
9 stability imagenet resnet50 ILSVRC2012_val_00000319 lime_budget_512 seed=3
10 stability imagenet resnet50 ILSVRC2012_val_00000319 lime_budget_512 seed=4
11 stability imagenet resnet50 ILSVRC2012_val_00000319 lime_budget_1024 seed=0
12 stability imagenet resnet50 ILSVRC2012_val_00000319 lime_budget_1024 seed=1
13 stability imagenet resnet50 ILSVRC2012_val_00000319 lime_budget_1024 seed=2
14 stability imagenet resnet50 ILSVRC2012_val_00000319 lime_budget_1024 seed=3
15 stability imagenet resnet50 ILSVRC2012_val_00000319 lime_budget_1024 seed=4
16 stability imagenet resnet50 ILSVRC2012_val_00000319 lime_budget_2048 seed=0
17 stability imagenet resnet50 ILSVRC2012_val_00000319 lime_budget_2048 seed=1
18 stability imagenet resnet50 ILSVRC2012_val_00000319 lime_budget_2048 seed=2
19 stability imagenet resnet50 ILSVRC2012_val_00000319 lime_budget_2048 seed=3
20 stability imagenet resnet50 ILSVRC2012_val_00000319 lime_budget_2048 seed=4
21 stability imagenet resnet50 ILSVRC2012_val_00000319 rise_budget_256 seed=0
22 stability imagenet resnet50 ILSVRC2012_val_00000319 rise_budget_256 seed=1
23 stability imagenet resnet50 ILSVRC2012_val_00000319 rise_budget_256 seed=2
24 stability imagenet resnet50 ILSVRC2012_val_00000319 rise_budget_256 seed=3
25 stability imagenet resnet50 ILSVRC2012_val_00000319 rise_budget_256 seed=4
26 stability imagenet resnet50 ILSVRC2012_val_00000319 rise_budget_512 seed=0
27 stability imagenet resnet50 ILSVRC2012_val_00000319 rise_budget_512 seed=1
28 stability imagenet resnet50 ILSVRC2012_val_00000319 rise_budget_512 seed=2
29 stability imagenet resnet50 ILSVRC2012_val_00000319 rise_budget_512 seed=3
30 stability imagenet resnet50 ILSVRC2012_val_00000319 rise_budget_512 seed=4
31 stability imagenet resnet50 ILSVRC2012_val_00000319 rise_budget_1024 seed=0
32 stability imagenet resnet50 ILSVRC2012_val_00000319 rise_budget_1024 seed=1
33 stability imagenet resnet50 ILSVRC2012_val_00000319 rise_budget_1024 seed=2
34 stability imagenet resnet50 ILSVRC2012_val_00000319 rise_budget_1024 seed=3
35 stability imagenet resnet50 ILSVRC2012_val_00000319 rise_budget_1024 seed=4
36 stability imagenet resnet50 ILSVRC2012_val_00000319 rise_budget_2048 seed=0
37 stability imagenet resnet50 ILSVRC2012_val_00000319 rise_budget_2048 seed=1
38 stability imagenet resnet50 ILSVRC2012_val_00000319 rise_budget_2048 seed=2
39 stability imagenet resnet50 ILSVRC2012_val_00000319 rise_budget_2048 seed=3
40 stability imagenet resnet50 ILSVRC2012_val_00000319 rise_budget_2048 seed=4
41 stability imagenet resnet50 ILSVRC2012_val_00000319 kernel_shap_budget_256 seed=0
42 stability imagenet resnet50 ILSVRC2012_val_00000319 kernel_shap_budget_256 seed=1
43 stability imagenet resnet50 ILSVRC2012_val_00000319 kernel_shap_budget_256 seed=2
44 stability imagenet resnet50 ILSVRC2012_val_00000319 kernel_shap_budget_256 seed=3
45 stability imagenet resnet50 ILSVRC2012_val_00000319 kernel_shap_budget_256 seed=4
46 stability imagenet resnet50 ILSVRC2012_val_00000319 kernel_shap_budget_512 seed=0
47 stability imagenet resnet50 ILSVRC2012_val_00000319 kernel_shap_budget_512 seed=1
48 stability imagenet resnet50 ILSVRC2012_val_00000319 kernel_shap_budget_512 seed=2
49 stability imagenet resnet50 ILSVRC2012_val_00000319 kernel_shap_budget_512 seed=3
50 stability imagenet resnet50 ILSVRC2012_val_00000319 kernel_shap_budget_512 seed=4
51 stability imagenet resnet50 ILSVRC2012_val_00000319 kernel_shap_budget_1024 seed=0
52 stability imagenet resnet50 ILSVRC2012_val_00000319 kernel_shap_budget_1024 seed=1
53 stability imagenet resnet50 ILSVRC2012_val_00000319 kernel_shap_budget_1024 seed=2
54 stability imagenet resnet50 ILSVRC2012_val_00000319 kernel_shap_budget_1024 seed=3
55 stability imagenet resnet50 ILSVRC2012_val_00000319 kernel_shap_budget_1024 seed=4
56 stability imagenet resnet50 ILSVRC2012_val_00000319 kernel_shap_budget_2048 seed=0
57 stability imagenet resnet50 ILSVRC2012_val_00000319 kernel_shap_budget_2048 seed=1
58 stability imagenet resnet50 ILSVRC2012_val_00000319 kernel_shap_budget_2048 seed=2
59 stability imagenet resnet50 ILSVRC2012_val_00000319 kernel_shap_budget_2048 seed=3
60 stability imagenet resnet50 ILSVRC2012_val_00000319 kernel_shap_budget_2048 seed=4
61 stability imagenet resnet50 ILSVRC2012_val_00000319 ablation_default seed=None
62 stability imagenet resnet50 ILSVRC2012_val_00000604 lime_budget_256 seed=0
63 stability imagenet resnet50 ILSVRC2012_val_00000604 lime_budget_256 seed=1
64 stability imagenet resnet50 ILSVRC2012_val_00000604 lime_budget_256 seed=2
65 stability imagenet resnet50 ILSVRC2012_val_00000604 lime_budget_256 seed=3
66 stability imagenet resnet50 ILSVRC2012_val_00000604 lime_budget_256 seed=4
67 stability imagenet resnet50 ILSVRC2012_val_00000604 lime_budget_512 seed=0
68 stability imagenet resnet50 ILSVRC2012_val_00000604 lime_budget_512 seed=1
69 stability imagenet resnet50 ILSVRC2012_val_00000604 lime_budget_512 seed=2
70 stability imagenet resnet50 ILSVRC2012_val_00000604 lime_budget_512 seed=3
71 stability imagenet resnet50 ILSVRC2012_val_00000604 lime_budget_512 seed=4
72 stability imagenet resnet50 ILSVRC2012_val_00000604 lime_budget_1024 seed=0
73 stability imagenet resnet50 ILSVRC2012_val_00000604 lime_budget_1024 seed=1
74 stability imagenet resnet50 ILSVRC2012_val_00000604 lime_budget_1024 seed=2
75 stability imagenet resnet50 ILSVRC2012_val_00000604 lime_budget_1024 seed=3
76 stability imagenet resnet50 ILSVRC2012_val_00000604 lime_budget_1024 seed=4
77 stability imagenet resnet50 ILSVRC2012_val_00000604 lime_budget_2048 seed=0
78 stability imagenet resnet50 ILSVRC2012_val_00000604 lime_budget_2048 seed=1
79 stability imagenet resnet50 ILSVRC2012_val_00000604 lime_budget_2048 seed=2
80 stability imagenet resnet50 ILSVRC2012_val_00000604 lime_budget_2048 seed=3
81 stability imagenet resnet50 ILSVRC2012_val_00000604 lime_budget_2048 seed=4
82 stability imagenet resnet50 ILSVRC2012_val_00000604 rise_budget_256 seed=0
83 stability imagenet resnet50 ILSVRC2012_val_00000604 rise_budget_256 seed=1
84 stability imagenet resnet50 ILSVRC2012_val_00000604 rise_budget_256 seed=2
85 stability imagenet resnet50 ILSVRC2012_val_00000604 rise_budget_256 seed=3
86 stability imagenet resnet50 ILSVRC2012_val_00000604 rise_budget_256 seed=4
87 stability imagenet resnet50 ILSVRC2012_val_00000604 rise_budget_512 seed=0
88 stability imagenet resnet50 ILSVRC2012_val_00000604 rise_budget_512 seed=1
89 stability imagenet resnet50 ILSVRC2012_val_00000604 rise_budget_512 seed=2
90 stability imagenet resnet50 ILSVRC2012_val_00000604 rise_budget_512 seed=3
91 stability imagenet resnet50 ILSVRC2012_val_00000604 rise_budget_512 seed=4
92 stability imagenet resnet50 ILSVRC2012_val_00000604 rise_budget_1024 seed=0
93 stability imagenet resnet50 ILSVRC2012_val_00000604 rise_budget_1024 seed=1
94 stability imagenet resnet50 ILSVRC2012_val_00000604 rise_budget_1024 seed=2
95 stability imagenet resnet50 ILSVRC2012_val_00000604 rise_budget_1024 seed=3
96 stability imagenet resnet50 ILSVRC2012_val_00000604 rise_budget_1024 seed=4
97 stability imagenet resnet50 ILSVRC2012_val_00000604 rise_budget_2048 seed=0
98 stability imagenet resnet50 ILSVRC2012_val_00000604 rise_budget_2048 seed=1
99 stability imagenet resnet50 ILSVRC2012_val_00000604 rise_budget_2048 seed=2
100 stability imagenet resnet50 ILSVRC2012_val_00000604 rise_budget_2048 seed=3
101 stability imagenet resnet50 ILSVRC2012_val_00000604 rise_budget_2048 seed=4
102 stability imagenet resnet50 ILSVRC2012_val_00000604 kernel_shap_budget_256 seed=0
103 stability imagenet resnet50 ILSVRC2012_val_00000604 kernel_shap_budget_256 seed=1
104 stability imagenet resnet50 ILSVRC2012_val_00000604 kernel_shap_budget_256 seed=2
105 stability imagenet resnet50 ILSVRC2012_val_00000604 kernel_shap_budget_256 seed=3
106 stability imagenet resnet50 ILSVRC2012_val_00000604 kernel_shap_budget_256 seed=4
107 stability imagenet resnet50 ILSVRC2012_val_00000604 kernel_shap_budget_512 seed=0
108 stability imagenet resnet50 ILSVRC2012_val_00000604 kernel_shap_budget_512 seed=1
109 stability imagenet resnet50 ILSVRC2012_val_00000604 kernel_shap_budget_512 seed=2
110 stability imagenet resnet50 ILSVRC2012_val_00000604 kernel_shap_budget_512 seed=3
111 stability imagenet resnet50 ILSVRC2012_val_00000604 kernel_shap_budget_512 seed=4
112 stability imagenet resnet50 ILSVRC2012_val_00000604 kernel_shap_budget_1024 seed=0
113 stability imagenet resnet50 ILSVRC2012_val_00000604 kernel_shap_budget_1024 seed=1
114 stability imagenet resnet50 ILSVRC2012_val_00000604 kernel_shap_budget_1024 seed=2
115 stability imagenet resnet50 ILSVRC2012_val_00000604 kernel_shap_budget_1024 seed=3
116 stability imagenet resnet50 ILSVRC2012_val_00000604 kernel_shap_budget_1024 seed=4
117 stability imagenet resnet50 ILSVRC2012_val_00000604 kernel_shap_budget_2048 seed=0
118 stability imagenet resnet50 ILSVRC2012_val_00000604 kernel_shap_budget_2048 seed=1
119 stability imagenet resnet50 ILSVRC2012_val_00000604 kernel_shap_budget_2048 seed=2
120 stability imagenet resnet50 ILSVRC2012_val_00000604 kernel_shap_budget_2048 seed=3
121 stability imagenet resnet50 ILSVRC2012_val_00000604 kernel_shap_budget_2048 seed=4
122 stability imagenet resnet50 ILSVRC2012_val_00000604 ablation_default seed=None
123 stability imagenet resnet50 ILSVRC2012_val_00002263 lime_budget_256 seed=0
124 stability imagenet resnet50 ILSVRC2012_val_00002263 lime_budget_256 seed=1
125 stability imagenet resnet50 ILSVRC2012_val_00002263 lime_budget_256 seed=2
126 stability imagenet resnet50 ILSVRC2012_val_00002263 lime_budget_256 seed=3
127 stability imagenet resnet50 ILSVRC2012_val_00002263 lime_budget_256 seed=4
128 stability imagenet resnet50 ILSVRC2012_val_00002263 lime_budget_512 seed=0
129 stability imagenet resnet50 ILSVRC2012_val_00002263 lime_budget_512 seed=1
130 stability imagenet resnet50 ILSVRC2012_val_00002263 lime_budget_512 seed=2
131 stability imagenet resnet50 ILSVRC2012_val_00002263 lime_budget_512 seed=3
132 stability imagenet resnet50 ILSVRC2012_val_00002263 lime_budget_512 seed=4
133 stability imagenet resnet50 ILSVRC2012_val_00002263 lime_budget_1024 seed=0
134 stability imagenet resnet50 ILSVRC2012_val_00002263 lime_budget_1024 seed=1
135 stability imagenet resnet50 ILSVRC2012_val_00002263 lime_budget_1024 seed=2
136 stability imagenet resnet50 ILSVRC2012_val_00002263 lime_budget_1024 seed=3
137 stability imagenet resnet50 ILSVRC2012_val_00002263 lime_budget_1024 seed=4
138 stability imagenet resnet50 ILSVRC2012_val_00002263 lime_budget_2048 seed=0
139 stability imagenet resnet50 ILSVRC2012_val_00002263 lime_budget_2048 seed=1
140 stability imagenet resnet50 ILSVRC2012_val_00002263 lime_budget_2048 seed=2
141 stability imagenet resnet50 ILSVRC2012_val_00002263 lime_budget_2048 seed=3
142 stability imagenet resnet50 ILSVRC2012_val_00002263 lime_budget_2048 seed=4
143 stability imagenet resnet50 ILSVRC2012_val_00002263 rise_budget_256 seed=0
144 stability imagenet resnet50 ILSVRC2012_val_00002263 rise_budget_256 seed=1
145 stability imagenet resnet50 ILSVRC2012_val_00002263 rise_budget_256 seed=2
146 stability imagenet resnet50 ILSVRC2012_val_00002263 rise_budget_256 seed=3
147 stability imagenet resnet50 ILSVRC2012_val_00002263 rise_budget_256 seed=4
148 stability imagenet resnet50 ILSVRC2012_val_00002263 rise_budget_512 seed=0
149 stability imagenet resnet50 ILSVRC2012_val_00002263 rise_budget_512 seed=1
150 stability imagenet resnet50 ILSVRC2012_val_00002263 rise_budget_512 seed=2
151 stability imagenet resnet50 ILSVRC2012_val_00002263 rise_budget_512 seed=3
152 stability imagenet resnet50 ILSVRC2012_val_00002263 rise_budget_512 seed=4
153 stability imagenet resnet50 ILSVRC2012_val_00002263 rise_budget_1024 seed=0
154 stability imagenet resnet50 ILSVRC2012_val_00002263 rise_budget_1024 seed=1
155 stability imagenet resnet50 ILSVRC2012_val_00002263 rise_budget_1024 seed=2
156 stability imagenet resnet50 ILSVRC2012_val_00002263 rise_budget_1024 seed=3
157 stability imagenet resnet50 ILSVRC2012_val_00002263 rise_budget_1024 seed=4
158 stability imagenet resnet50 ILSVRC2012_val_00002263 rise_budget_2048 seed=0
159 stability imagenet resnet50 ILSVRC2012_val_00002263 rise_budget_2048 seed=1
160 stability imagenet resnet50 ILSVRC2012_val_00002263 rise_budget_2048 seed=2
161 stability imagenet resnet50 ILSVRC2012_val_00002263 rise_budget_2048 seed=3
162 stability imagenet resnet50 ILSVRC2012_val_00002263 rise_budget_2048 seed=4
163 stability imagenet resnet50 ILSVRC2012_val_00002263 kernel_shap_budget_256 seed=0
164 stability imagenet resnet50 ILSVRC2012_val_00002263 kernel_shap_budget_256 seed=1
165 stability imagenet resnet50 ILSVRC2012_val_00002263 kernel_shap_budget_256 seed=2
166 stability imagenet resnet50 ILSVRC2012_val_00002263 kernel_shap_budget_256 seed=3
167 stability imagenet resnet50 ILSVRC2012_val_00002263 kernel_shap_budget_256 seed=4
168 stability imagenet resnet50 ILSVRC2012_val_00002263 kernel_shap_budget_512 seed=0
169 stability imagenet resnet50 ILSVRC2012_val_00002263 kernel_shap_budget_512 seed=1
170 stability imagenet resnet50 ILSVRC2012_val_00002263 kernel_shap_budget_512 seed=2
171 stability imagenet resnet50 ILSVRC2012_val_00002263 kernel_shap_budget_512 seed=3
172 stability imagenet resnet50 ILSVRC2012_val_00002263 kernel_shap_budget_512 seed=4
173 stability imagenet resnet50 ILSVRC2012_val_00002263 kernel_shap_budget_1024 seed=0
174 stability imagenet resnet50 ILSVRC2012_val_00002263 kernel_shap_budget_1024 seed=1
175 stability imagenet resnet50 ILSVRC2012_val_00002263 kernel_shap_budget_1024 seed=2
176 stability imagenet resnet50 ILSVRC2012_val_00002263 kernel_shap_budget_1024 seed=3
177 stability imagenet resnet50 ILSVRC2012_val_00002263 kernel_shap_budget_1024 seed=4
178 stability imagenet resnet50 ILSVRC2012_val_00002263 kernel_shap_budget_2048 seed=0
179 stability imagenet resnet50 ILSVRC2012_val_00002263 kernel_shap_budget_2048 seed=1
180 stability imagenet resnet50 ILSVRC2012_val_00002263 kernel_shap_budget_2048 seed=2
181 stability imagenet resnet50 ILSVRC2012_val_00002263 kernel_shap_budget_2048 seed=3
182 stability imagenet resnet50 ILSVRC2012_val_00002263 kernel_shap_budget_2048 seed=4
183 stability imagenet resnet50 ILSVRC2012_val_00002263 ablation_default seed=None
184 stability imagenet resnet50 ILSVRC2012_val_00002769 lime_budget_256 seed=0
185 stability imagenet resnet50 ILSVRC2012_val_00002769 lime_budget_256 seed=1
186 stability imagenet resnet50 ILSVRC2012_val_00002769 lime_budget_256 seed=2
187 stability imagenet resnet50 ILSVRC2012_val_00002769 lime_budget_256 seed=3
188 stability imagenet resnet50 ILSVRC2012_val_00002769 lime_budget_256 seed=4
189 stability imagenet resnet50 ILSVRC2012_val_00002769 lime_budget_512 seed=0
190 stability imagenet resnet50 ILSVRC2012_val_00002769 lime_budget_512 seed=1
191 stability imagenet resnet50 ILSVRC2012_val_00002769 lime_budget_512 seed=2
192 stability imagenet resnet50 ILSVRC2012_val_00002769 lime_budget_512 seed=3
193 stability imagenet resnet50 ILSVRC2012_val_00002769 lime_budget_512 seed=4
194 stability imagenet resnet50 ILSVRC2012_val_00002769 lime_budget_1024 seed=0
195 stability imagenet resnet50 ILSVRC2012_val_00002769 lime_budget_1024 seed=1
196 stability imagenet resnet50 ILSVRC2012_val_00002769 lime_budget_1024 seed=2
197 stability imagenet resnet50 ILSVRC2012_val_00002769 lime_budget_1024 seed=3
198 stability imagenet resnet50 ILSVRC2012_val_00002769 lime_budget_1024 seed=4
199 stability imagenet resnet50 ILSVRC2012_val_00002769 lime_budget_2048 seed=0
200 stability imagenet resnet50 ILSVRC2012_val_00002769 lime_budget_2048 seed=1
201 stability imagenet resnet50 ILSVRC2012_val_00002769 lime_budget_2048 seed=2
202 stability imagenet resnet50 ILSVRC2012_val_00002769 lime_budget_2048 seed=3
203 stability imagenet resnet50 ILSVRC2012_val_00002769 lime_budget_2048 seed=4
204 stability imagenet resnet50 ILSVRC2012_val_00002769 rise_budget_256 seed=0
205 stability imagenet resnet50 ILSVRC2012_val_00002769 rise_budget_256 seed=1
206 stability imagenet resnet50 ILSVRC2012_val_00002769 rise_budget_256 seed=2
207 stability imagenet resnet50 ILSVRC2012_val_00002769 rise_budget_256 seed=3
208 stability imagenet resnet50 ILSVRC2012_val_00002769 rise_budget_256 seed=4
209 stability imagenet resnet50 ILSVRC2012_val_00002769 rise_budget_512 seed=0
210 stability imagenet resnet50 ILSVRC2012_val_00002769 rise_budget_512 seed=1
211 stability imagenet resnet50 ILSVRC2012_val_00002769 rise_budget_512 seed=2
212 stability imagenet resnet50 ILSVRC2012_val_00002769 rise_budget_512 seed=3
213 stability imagenet resnet50 ILSVRC2012_val_00002769 rise_budget_512 seed=4
214 stability imagenet resnet50 ILSVRC2012_val_00002769 rise_budget_1024 seed=0
215 stability imagenet resnet50 ILSVRC2012_val_00002769 rise_budget_1024 seed=1
216 stability imagenet resnet50 ILSVRC2012_val_00002769 rise_budget_1024 seed=2
217 stability imagenet resnet50 ILSVRC2012_val_00002769 rise_budget_1024 seed=3
218 stability imagenet resnet50 ILSVRC2012_val_00002769 rise_budget_1024 seed=4
219 stability imagenet resnet50 ILSVRC2012_val_00002769 rise_budget_2048 seed=0
220 stability imagenet resnet50 ILSVRC2012_val_00002769 rise_budget_2048 seed=1
221 stability imagenet resnet50 ILSVRC2012_val_00002769 rise_budget_2048 seed=2
222 stability imagenet resnet50 ILSVRC2012_val_00002769 rise_budget_2048 seed=3
223 stability imagenet resnet50 ILSVRC2012_val_00002769 rise_budget_2048 seed=4
224 stability imagenet resnet50 ILSVRC2012_val_00002769 kernel_shap_budget_256 seed=0
225 stability imagenet resnet50 ILSVRC2012_val_00002769 kernel_shap_budget_256 seed=1
226 stability imagenet resnet50 ILSVRC2012_val_00002769 kernel_shap_budget_256 seed=2
227 stability imagenet resnet50 ILSVRC2012_val_00002769 kernel_shap_budget_256 seed=3
228 stability imagenet resnet50 ILSVRC2012_val_00002769 kernel_shap_budget_256 seed=4
229 stability imagenet resnet50 ILSVRC2012_val_00002769 kernel_shap_budget_512 seed=0
230 stability imagenet resnet50 ILSVRC2012_val_00002769 kernel_shap_budget_512 seed=1
231 stability imagenet resnet50 ILSVRC2012_val_00002769 kernel_shap_budget_512 seed=2
232 stability imagenet resnet50 ILSVRC2012_val_00002769 kernel_shap_budget_512 seed=3
233 stability imagenet resnet50 ILSVRC2012_val_00002769 kernel_shap_budget_512 seed=4
234 stability imagenet resnet50 ILSVRC2012_val_00002769 kernel_shap_budget_1024 seed=0
235 stability imagenet resnet50 ILSVRC2012_val_00002769 kernel_shap_budget_1024 seed=1
236 stability imagenet resnet50 ILSVRC2012_val_00002769 kernel_shap_budget_1024 seed=2
237 stability imagenet resnet50 ILSVRC2012_val_00002769 kernel_shap_budget_1024 seed=3
238 stability imagenet resnet50 ILSVRC2012_val_00002769 kernel_shap_budget_1024 seed=4
239 stability imagenet resnet50 ILSVRC2012_val_00002769 kernel_shap_budget_2048 seed=0
240 stability imagenet resnet50 ILSVRC2012_val_00002769 kernel_shap_budget_2048 seed=1
241 stability imagenet resnet50 ILSVRC2012_val_00002769 kernel_shap_budget_2048 seed=2
242 stability imagenet resnet50 ILSVRC2012_val_00002769 kernel_shap_budget_2048 seed=3
243 stability imagenet resnet50 ILSVRC2012_val_00002769 kernel_shap_budget_2048 seed=4
244 stability imagenet resnet50 ILSVRC2012_val_00002769 ablation_default seed=None
245 stability imagenet resnet50 ILSVRC2012_val_00004344 lime_budget_256 seed=0
246 stability imagenet resnet50 ILSVRC2012_val_00004344 lime_budget_256 seed=1
247 stability imagenet resnet50 ILSVRC2012_val_00004344 lime_budget_256 seed=2
248 stability imagenet resnet50 ILSVRC2012_val_00004344 lime_budget_256 seed=3
249 stability imagenet resnet50 ILSVRC2012_val_00004344 lime_budget_256 seed=4
250 stability imagenet resnet50 ILSVRC2012_val_00004344 lime_budget_512 seed=0
251 stability imagenet resnet50 ILSVRC2012_val_00004344 lime_budget_512 seed=1
252 stability imagenet resnet50 ILSVRC2012_val_00004344 lime_budget_512 seed=2
253 stability imagenet resnet50 ILSVRC2012_val_00004344 lime_budget_512 seed=3
254 stability imagenet resnet50 ILSVRC2012_val_00004344 lime_budget_512 seed=4
255 stability imagenet resnet50 ILSVRC2012_val_00004344 lime_budget_1024 seed=0
256 stability imagenet resnet50 ILSVRC2012_val_00004344 lime_budget_1024 seed=1
257 stability imagenet resnet50 ILSVRC2012_val_00004344 lime_budget_1024 seed=2
258 stability imagenet resnet50 ILSVRC2012_val_00004344 lime_budget_1024 seed=3
259 stability imagenet resnet50 ILSVRC2012_val_00004344 lime_budget_1024 seed=4
260 stability imagenet resnet50 ILSVRC2012_val_00004344 lime_budget_2048 seed=0
261 stability imagenet resnet50 ILSVRC2012_val_00004344 lime_budget_2048 seed=1
262 stability imagenet resnet50 ILSVRC2012_val_00004344 lime_budget_2048 seed=2
263 stability imagenet resnet50 ILSVRC2012_val_00004344 lime_budget_2048 seed=3
264 stability imagenet resnet50 ILSVRC2012_val_00004344 lime_budget_2048 seed=4
265 stability imagenet resnet50 ILSVRC2012_val_00004344 rise_budget_256 seed=0
266 stability imagenet resnet50 ILSVRC2012_val_00004344 rise_budget_256 seed=1
267 stability imagenet resnet50 ILSVRC2012_val_00004344 rise_budget_256 seed=2
268 stability imagenet resnet50 ILSVRC2012_val_00004344 rise_budget_256 seed=3
269 stability imagenet resnet50 ILSVRC2012_val_00004344 rise_budget_256 seed=4
270 stability imagenet resnet50 ILSVRC2012_val_00004344 rise_budget_512 seed=0
271 stability imagenet resnet50 ILSVRC2012_val_00004344 rise_budget_512 seed=1
272 stability imagenet resnet50 ILSVRC2012_val_00004344 rise_budget_512 seed=2
273 stability imagenet resnet50 ILSVRC2012_val_00004344 rise_budget_512 seed=3
274 stability imagenet resnet50 ILSVRC2012_val_00004344 rise_budget_512 seed=4
275 stability imagenet resnet50 ILSVRC2012_val_00004344 rise_budget_1024 seed=0
276 stability imagenet resnet50 ILSVRC2012_val_00004344 rise_budget_1024 seed=1
277 stability imagenet resnet50 ILSVRC2012_val_00004344 rise_budget_1024 seed=2
278 stability imagenet resnet50 ILSVRC2012_val_00004344 rise_budget_1024 seed=3
279 stability imagenet resnet50 ILSVRC2012_val_00004344 rise_budget_1024 seed=4
280 stability imagenet resnet50 ILSVRC2012_val_00004344 rise_budget_2048 seed=0
281 stability imagenet resnet50 ILSVRC2012_val_00004344 rise_budget_2048 seed=1
282 stability imagenet resnet50 ILSVRC2012_val_00004344 rise_budget_2048 seed=2
283 stability imagenet resnet50 ILSVRC2012_val_00004344 rise_budget_2048 seed=3
284 stability imagenet resnet50 ILSVRC2012_val_00004344 rise_budget_2048 seed=4
285 stability imagenet resnet50 ILSVRC2012_val_00004344 kernel_shap_budget_256 seed=0
286 stability imagenet resnet50 ILSVRC2012_val_00004344 kernel_shap_budget_256 seed=1
287 stability imagenet resnet50 ILSVRC2012_val_00004344 kernel_shap_budget_256 seed=2
288 stability imagenet resnet50 ILSVRC2012_val_00004344 kernel_shap_budget_256 seed=3
289 stability imagenet resnet50 ILSVRC2012_val_00004344 kernel_shap_budget_256 seed=4
290 stability imagenet resnet50 ILSVRC2012_val_00004344 kernel_shap_budget_512 seed=0
291 stability imagenet resnet50 ILSVRC2012_val_00004344 kernel_shap_budget_512 seed=1
292 stability imagenet resnet50 ILSVRC2012_val_00004344 kernel_shap_budget_512 seed=2
293 stability imagenet resnet50 ILSVRC2012_val_00004344 kernel_shap_budget_512 seed=3
294 stability imagenet resnet50 ILSVRC2012_val_00004344 kernel_shap_budget_512 seed=4
295 stability imagenet resnet50 ILSVRC2012_val_00004344 kernel_shap_budget_1024 seed=0
296 stability imagenet resnet50 ILSVRC2012_val_00004344 kernel_shap_budget_1024 seed=1
297 stability imagenet resnet50 ILSVRC2012_val_00004344 kernel_shap_budget_1024 seed=2
298 stability imagenet resnet50 ILSVRC2012_val_00004344 kernel_shap_budget_1024 seed=3
299 stability imagenet resnet50 ILSVRC2012_val_00004344 kernel_shap_budget_1024 seed=4
300 stability imagenet resnet50 ILSVRC2012_val_00004344 kernel_shap_budget_2048 seed=0
301 stability imagenet resnet50 ILSVRC2012_val_00004344 kernel_shap_budget_2048 seed=1
302 stability imagenet resnet50 ILSVRC2012_val_00004344 kernel_shap_budget_2048 seed=2
303 stability imagenet resnet50 ILSVRC2012_val_00004344 kernel_shap_budget_2048 seed=3
304 stability imagenet resnet50 ILSVRC2012_val_00004344 kernel_shap_budget_2048 seed=4
305 stability imagenet resnet50 ILSVRC2012_val_00004344 ablation_default seed=None
306 stability imagenet resnet50 ILSVRC2012_val_00005454 lime_budget_256 seed=0
307 stability imagenet resnet50 ILSVRC2012_val_00005454 lime_budget_256 seed=1
308 stability imagenet resnet50 ILSVRC2012_val_00005454 lime_budget_256 seed=2
309 stability imagenet resnet50 ILSVRC2012_val_00005454 lime_budget_256 seed=3
310 stability imagenet resnet50 ILSVRC2012_val_00005454 lime_budget_256 seed=4
311 stability imagenet resnet50 ILSVRC2012_val_00005454 lime_budget_512 seed=0
312 stability imagenet resnet50 ILSVRC2012_val_00005454 lime_budget_512 seed=1
313 stability imagenet resnet50 ILSVRC2012_val_00005454 lime_budget_512 seed=2
314 stability imagenet resnet50 ILSVRC2012_val_00005454 lime_budget_512 seed=3
315 stability imagenet resnet50 ILSVRC2012_val_00005454 lime_budget_512 seed=4
316 stability imagenet resnet50 ILSVRC2012_val_00005454 lime_budget_1024 seed=0
317 stability imagenet resnet50 ILSVRC2012_val_00005454 lime_budget_1024 seed=1
318 stability imagenet resnet50 ILSVRC2012_val_00005454 lime_budget_1024 seed=2
319 stability imagenet resnet50 ILSVRC2012_val_00005454 lime_budget_1024 seed=3
320 stability imagenet resnet50 ILSVRC2012_val_00005454 lime_budget_1024 seed=4
321 stability imagenet resnet50 ILSVRC2012_val_00005454 lime_budget_2048 seed=0
322 stability imagenet resnet50 ILSVRC2012_val_00005454 lime_budget_2048 seed=1
323 stability imagenet resnet50 ILSVRC2012_val_00005454 lime_budget_2048 seed=2
324 stability imagenet resnet50 ILSVRC2012_val_00005454 lime_budget_2048 seed=3
325 stability imagenet resnet50 ILSVRC2012_val_00005454 lime_budget_2048 seed=4
326 stability imagenet resnet50 ILSVRC2012_val_00005454 rise_budget_256 seed=0
327 stability imagenet resnet50 ILSVRC2012_val_00005454 rise_budget_256 seed=1
328 stability imagenet resnet50 ILSVRC2012_val_00005454 rise_budget_256 seed=2
329 stability imagenet resnet50 ILSVRC2012_val_00005454 rise_budget_256 seed=3
330 stability imagenet resnet50 ILSVRC2012_val_00005454 rise_budget_256 seed=4
331 stability imagenet resnet50 ILSVRC2012_val_00005454 rise_budget_512 seed=0
332 stability imagenet resnet50 ILSVRC2012_val_00005454 rise_budget_512 seed=1
333 stability imagenet resnet50 ILSVRC2012_val_00005454 rise_budget_512 seed=2
334 stability imagenet resnet50 ILSVRC2012_val_00005454 rise_budget_512 seed=3
335 stability imagenet resnet50 ILSVRC2012_val_00005454 rise_budget_512 seed=4
336 stability imagenet resnet50 ILSVRC2012_val_00005454 rise_budget_1024 seed=0
337 stability imagenet resnet50 ILSVRC2012_val_00005454 rise_budget_1024 seed=1
338 stability imagenet resnet50 ILSVRC2012_val_00005454 rise_budget_1024 seed=2
339 stability imagenet resnet50 ILSVRC2012_val_00005454 rise_budget_1024 seed=3
340 stability imagenet resnet50 ILSVRC2012_val_00005454 rise_budget_1024 seed=4
341 stability imagenet resnet50 ILSVRC2012_val_00005454 rise_budget_2048 seed=0
342 stability imagenet resnet50 ILSVRC2012_val_00005454 rise_budget_2048 seed=1
343 stability imagenet resnet50 ILSVRC2012_val_00005454 rise_budget_2048 seed=2
344 stability imagenet resnet50 ILSVRC2012_val_00005454 rise_budget_2048 seed=3
345 stability imagenet resnet50 ILSVRC2012_val_00005454 rise_budget_2048 seed=4
346 stability imagenet resnet50 ILSVRC2012_val_00005454 kernel_shap_budget_256 seed=0
347 stability imagenet resnet50 ILSVRC2012_val_00005454 kernel_shap_budget_256 seed=1
348 stability imagenet resnet50 ILSVRC2012_val_00005454 kernel_shap_budget_256 seed=2
349 stability imagenet resnet50 ILSVRC2012_val_00005454 kernel_shap_budget_256 seed=3
350 stability imagenet resnet50 ILSVRC2012_val_00005454 kernel_shap_budget_256 seed=4
351 stability imagenet resnet50 ILSVRC2012_val_00005454 kernel_shap_budget_512 seed=0
352 stability imagenet resnet50 ILSVRC2012_val_00005454 kernel_shap_budget_512 seed=1
353 stability imagenet resnet50 ILSVRC2012_val_00005454 kernel_shap_budget_512 seed=2
354 stability imagenet resnet50 ILSVRC2012_val_00005454 kernel_shap_budget_512 seed=3
355 stability imagenet resnet50 ILSVRC2012_val_00005454 kernel_shap_budget_512 seed=4
356 stability imagenet resnet50 ILSVRC2012_val_00005454 kernel_shap_budget_1024 seed=0
357 stability imagenet resnet50 ILSVRC2012_val_00005454 kernel_shap_budget_1024 seed=1
358 stability imagenet resnet50 ILSVRC2012_val_00005454 kernel_shap_budget_1024 seed=2
359 stability imagenet resnet50 ILSVRC2012_val_00005454 kernel_shap_budget_1024 seed=3
360 stability imagenet resnet50 ILSVRC2012_val_00005454 kernel_shap_budget_1024 seed=4
361 stability imagenet resnet50 ILSVRC2012_val_00005454 kernel_shap_budget_2048 seed=0
362 stability imagenet resnet50 ILSVRC2012_val_00005454 kernel_shap_budget_2048 seed=1
363 stability imagenet resnet50 ILSVRC2012_val_00005454 kernel_shap_budget_2048 seed=2
364 stability imagenet resnet50 ILSVRC2012_val_00005454 kernel_shap_budget_2048 seed=3
365 stability imagenet resnet50 ILSVRC2012_val_00005454 kernel_shap_budget_2048 seed=4
366 stability imagenet resnet50 ILSVRC2012_val_00005454 ablation_default seed=None
367 stability imagenet resnet50 ILSVRC2012_val_00005904 lime_budget_256 seed=0
368 stability imagenet resnet50 ILSVRC2012_val_00005904 lime_budget_256 seed=1
369 stability imagenet resnet50 ILSVRC2012_val_00005904 lime_budget_256 seed=2
370 stability imagenet resnet50 ILSVRC2012_val_00005904 lime_budget_256 seed=3
371 stability imagenet resnet50 ILSVRC2012_val_00005904 lime_budget_256 seed=4
372 stability imagenet resnet50 ILSVRC2012_val_00005904 lime_budget_512 seed=0
373 stability imagenet resnet50 ILSVRC2012_val_00005904 lime_budget_512 seed=1
374 stability imagenet resnet50 ILSVRC2012_val_00005904 lime_budget_512 seed=2
375 stability imagenet resnet50 ILSVRC2012_val_00005904 lime_budget_512 seed=3
376 stability imagenet resnet50 ILSVRC2012_val_00005904 lime_budget_512 seed=4
377 stability imagenet resnet50 ILSVRC2012_val_00005904 lime_budget_1024 seed=0
378 stability imagenet resnet50 ILSVRC2012_val_00005904 lime_budget_1024 seed=1
379 stability imagenet resnet50 ILSVRC2012_val_00005904 lime_budget_1024 seed=2
380 stability imagenet resnet50 ILSVRC2012_val_00005904 lime_budget_1024 seed=3
381 stability imagenet resnet50 ILSVRC2012_val_00005904 lime_budget_1024 seed=4
382 stability imagenet resnet50 ILSVRC2012_val_00005904 lime_budget_2048 seed=0
383 stability imagenet resnet50 ILSVRC2012_val_00005904 lime_budget_2048 seed=1
384 stability imagenet resnet50 ILSVRC2012_val_00005904 lime_budget_2048 seed=2
385 stability imagenet resnet50 ILSVRC2012_val_00005904 lime_budget_2048 seed=3
386 stability imagenet resnet50 ILSVRC2012_val_00005904 lime_budget_2048 seed=4
387 stability imagenet resnet50 ILSVRC2012_val_00005904 rise_budget_256 seed=0
388 stability imagenet resnet50 ILSVRC2012_val_00005904 rise_budget_256 seed=1
389 stability imagenet resnet50 ILSVRC2012_val_00005904 rise_budget_256 seed=2
390 stability imagenet resnet50 ILSVRC2012_val_00005904 rise_budget_256 seed=3
391 stability imagenet resnet50 ILSVRC2012_val_00005904 rise_budget_256 seed=4
392 stability imagenet resnet50 ILSVRC2012_val_00005904 rise_budget_512 seed=0
393 stability imagenet resnet50 ILSVRC2012_val_00005904 rise_budget_512 seed=1
394 stability imagenet resnet50 ILSVRC2012_val_00005904 rise_budget_512 seed=2
395 stability imagenet resnet50 ILSVRC2012_val_00005904 rise_budget_512 seed=3
396 stability imagenet resnet50 ILSVRC2012_val_00005904 rise_budget_512 seed=4
397 stability imagenet resnet50 ILSVRC2012_val_00005904 rise_budget_1024 seed=0
398 stability imagenet resnet50 ILSVRC2012_val_00005904 rise_budget_1024 seed=1
399 stability imagenet resnet50 ILSVRC2012_val_00005904 rise_budget_1024 seed=2
400 stability imagenet resnet50 ILSVRC2012_val_00005904 rise_budget_1024 seed=3
401 stability imagenet resnet50 ILSVRC2012_val_00005904 rise_budget_1024 seed=4
402 stability imagenet resnet50 ILSVRC2012_val_00005904 rise_budget_2048 seed=0
403 stability imagenet resnet50 ILSVRC2012_val_00005904 rise_budget_2048 seed=1
404 stability imagenet resnet50 ILSVRC2012_val_00005904 rise_budget_2048 seed=2
405 stability imagenet resnet50 ILSVRC2012_val_00005904 rise_budget_2048 seed=3
406 stability imagenet resnet50 ILSVRC2012_val_00005904 rise_budget_2048 seed=4
407 stability imagenet resnet50 ILSVRC2012_val_00005904 kernel_shap_budget_256 seed=0
408 stability imagenet resnet50 ILSVRC2012_val_00005904 kernel_shap_budget_256 seed=1
409 stability imagenet resnet50 ILSVRC2012_val_00005904 kernel_shap_budget_256 seed=2
410 stability imagenet resnet50 ILSVRC2012_val_00005904 kernel_shap_budget_256 seed=3
411 stability imagenet resnet50 ILSVRC2012_val_00005904 kernel_shap_budget_256 seed=4
412 stability imagenet resnet50 ILSVRC2012_val_00005904 kernel_shap_budget_512 seed=0
413 stability imagenet resnet50 ILSVRC2012_val_00005904 kernel_shap_budget_512 seed=1
414 stability imagenet resnet50 ILSVRC2012_val_00005904 kernel_shap_budget_512 seed=2
415 stability imagenet resnet50 ILSVRC2012_val_00005904 kernel_shap_budget_512 seed=3
416 stability imagenet resnet50 ILSVRC2012_val_00005904 kernel_shap_budget_512 seed=4
417 stability imagenet resnet50 ILSVRC2012_val_00005904 kernel_shap_budget_1024 seed=0
418 stability imagenet resnet50 ILSVRC2012_val_00005904 kernel_shap_budget_1024 seed=1
419 stability imagenet resnet50 ILSVRC2012_val_00005904 kernel_shap_budget_1024 seed=2
420 stability imagenet resnet50 ILSVRC2012_val_00005904 kernel_shap_budget_1024 seed=3
421 stability imagenet resnet50 ILSVRC2012_val_00005904 kernel_shap_budget_1024 seed=4
422 stability imagenet resnet50 ILSVRC2012_val_00005904 kernel_shap_budget_2048 seed=0
423 stability imagenet resnet50 ILSVRC2012_val_00005904 kernel_shap_budget_2048 seed=1
424 stability imagenet resnet50 ILSVRC2012_val_00005904 kernel_shap_budget_2048 seed=2
425 stability imagenet resnet50 ILSVRC2012_val_00005904 kernel_shap_budget_2048 seed=3
426 stability imagenet resnet50 ILSVRC2012_val_00005904 kernel_shap_budget_2048 seed=4
427 stability imagenet resnet50 ILSVRC2012_val_00005904 ablation_default seed=None
428 stability imagenet resnet50 ILSVRC2012_val_00006283 lime_budget_256 seed=0
429 stability imagenet resnet50 ILSVRC2012_val_00006283 lime_budget_256 seed=1
430 stability imagenet resnet50 ILSVRC2012_val_00006283 lime_budget_256 seed=2
431 stability imagenet resnet50 ILSVRC2012_val_00006283 lime_budget_256 seed=3
432 stability imagenet resnet50 ILSVRC2012_val_00006283 lime_budget_256 seed=4
433 stability imagenet resnet50 ILSVRC2012_val_00006283 lime_budget_512 seed=0
434 stability imagenet resnet50 ILSVRC2012_val_00006283 lime_budget_512 seed=1
435 stability imagenet resnet50 ILSVRC2012_val_00006283 lime_budget_512 seed=2
436 stability imagenet resnet50 ILSVRC2012_val_00006283 lime_budget_512 seed=3
437 stability imagenet resnet50 ILSVRC2012_val_00006283 lime_budget_512 seed=4
438 stability imagenet resnet50 ILSVRC2012_val_00006283 lime_budget_1024 seed=0
439 stability imagenet resnet50 ILSVRC2012_val_00006283 lime_budget_1024 seed=1
440 stability imagenet resnet50 ILSVRC2012_val_00006283 lime_budget_1024 seed=2
441 stability imagenet resnet50 ILSVRC2012_val_00006283 lime_budget_1024 seed=3
442 stability imagenet resnet50 ILSVRC2012_val_00006283 lime_budget_1024 seed=4
443 stability imagenet resnet50 ILSVRC2012_val_00006283 lime_budget_2048 seed=0
444 stability imagenet resnet50 ILSVRC2012_val_00006283 lime_budget_2048 seed=1
445 stability imagenet resnet50 ILSVRC2012_val_00006283 lime_budget_2048 seed=2
446 stability imagenet resnet50 ILSVRC2012_val_00006283 lime_budget_2048 seed=3
447 stability imagenet resnet50 ILSVRC2012_val_00006283 lime_budget_2048 seed=4
448 stability imagenet resnet50 ILSVRC2012_val_00006283 rise_budget_256 seed=0
449 stability imagenet resnet50 ILSVRC2012_val_00006283 rise_budget_256 seed=1
450 stability imagenet resnet50 ILSVRC2012_val_00006283 rise_budget_256 seed=2
451 stability imagenet resnet50 ILSVRC2012_val_00006283 rise_budget_256 seed=3
452 stability imagenet resnet50 ILSVRC2012_val_00006283 rise_budget_256 seed=4
453 stability imagenet resnet50 ILSVRC2012_val_00006283 rise_budget_512 seed=0
454 stability imagenet resnet50 ILSVRC2012_val_00006283 rise_budget_512 seed=1
455 stability imagenet resnet50 ILSVRC2012_val_00006283 rise_budget_512 seed=2
456 stability imagenet resnet50 ILSVRC2012_val_00006283 rise_budget_512 seed=3
457 stability imagenet resnet50 ILSVRC2012_val_00006283 rise_budget_512 seed=4
458 stability imagenet resnet50 ILSVRC2012_val_00006283 rise_budget_1024 seed=0
459 stability imagenet resnet50 ILSVRC2012_val_00006283 rise_budget_1024 seed=1
460 stability imagenet resnet50 ILSVRC2012_val_00006283 rise_budget_1024 seed=2
461 stability imagenet resnet50 ILSVRC2012_val_00006283 rise_budget_1024 seed=3
462 stability imagenet resnet50 ILSVRC2012_val_00006283 rise_budget_1024 seed=4
463 stability imagenet resnet50 ILSVRC2012_val_00006283 rise_budget_2048 seed=0
464 stability imagenet resnet50 ILSVRC2012_val_00006283 rise_budget_2048 seed=1
465 stability imagenet resnet50 ILSVRC2012_val_00006283 rise_budget_2048 seed=2
466 stability imagenet resnet50 ILSVRC2012_val_00006283 rise_budget_2048 seed=3
467 stability imagenet resnet50 ILSVRC2012_val_00006283 rise_budget_2048 seed=4
468 stability imagenet resnet50 ILSVRC2012_val_00006283 kernel_shap_budget_256 seed=0
469 stability imagenet resnet50 ILSVRC2012_val_00006283 kernel_shap_budget_256 seed=1
470 stability imagenet resnet50 ILSVRC2012_val_00006283 kernel_shap_budget_256 seed=2
471 stability imagenet resnet50 ILSVRC2012_val_00006283 kernel_shap_budget_256 seed=3
472 stability imagenet resnet50 ILSVRC2012_val_00006283 kernel_shap_budget_256 seed=4
473 stability imagenet resnet50 ILSVRC2012_val_00006283 kernel_shap_budget_512 seed=0
474 stability imagenet resnet50 ILSVRC2012_val_00006283 kernel_shap_budget_512 seed=1
475 stability imagenet resnet50 ILSVRC2012_val_00006283 kernel_shap_budget_512 seed=2
476 stability imagenet resnet50 ILSVRC2012_val_00006283 kernel_shap_budget_512 seed=3
477 stability imagenet resnet50 ILSVRC2012_val_00006283 kernel_shap_budget_512 seed=4
478 stability imagenet resnet50 ILSVRC2012_val_00006283 kernel_shap_budget_1024 seed=0
479 stability imagenet resnet50 ILSVRC2012_val_00006283 kernel_shap_budget_1024 seed=1
480 stability imagenet resnet50 ILSVRC2012_val_00006283 kernel_shap_budget_1024 seed=2
481 stability imagenet resnet50 ILSVRC2012_val_00006283 kernel_shap_budget_1024 seed=3
482 stability imagenet resnet50 ILSVRC2012_val_00006283 kernel_shap_budget_1024 seed=4
483 stability imagenet resnet50 ILSVRC2012_val_00006283 kernel_shap_budget_2048 seed=0
484 stability imagenet resnet50 ILSVRC2012_val_00006283 kernel_shap_budget_2048 seed=1
485 stability imagenet resnet50 ILSVRC2012_val_00006283 kernel_shap_budget_2048 seed=2
486 stability imagenet resnet50 ILSVRC2012_val_00006283 kernel_shap_budget_2048 seed=3
487 stability imagenet resnet50 ILSVRC2012_val_00006283 kernel_shap_budget_2048 seed=4
488 stability imagenet resnet50 ILSVRC2012_val_00006283 ablation_default seed=None
489 stability imagenet resnet50 ILSVRC2012_val_00006551 lime_budget_256 seed=0
490 stability imagenet resnet50 ILSVRC2012_val_00006551 lime_budget_256 seed=1
491 stability imagenet resnet50 ILSVRC2012_val_00006551 lime_budget_256 seed=2
492 stability imagenet resnet50 ILSVRC2012_val_00006551 lime_budget_256 seed=3
493 stability imagenet resnet50 ILSVRC2012_val_00006551 lime_budget_256 seed=4
494 stability imagenet resnet50 ILSVRC2012_val_00006551 lime_budget_512 seed=0
495 stability imagenet resnet50 ILSVRC2012_val_00006551 lime_budget_512 seed=1
496 stability imagenet resnet50 ILSVRC2012_val_00006551 lime_budget_512 seed=2
497 stability imagenet resnet50 ILSVRC2012_val_00006551 lime_budget_512 seed=3
498 stability imagenet resnet50 ILSVRC2012_val_00006551 lime_budget_512 seed=4
499 stability imagenet resnet50 ILSVRC2012_val_00006551 lime_budget_1024 seed=0
500 stability imagenet resnet50 ILSVRC2012_val_00006551 lime_budget_1024 seed=1
501 stability imagenet resnet50 ILSVRC2012_val_00006551 lime_budget_1024 seed=2
502 stability imagenet resnet50 ILSVRC2012_val_00006551 lime_budget_1024 seed=3
503 stability imagenet resnet50 ILSVRC2012_val_00006551 lime_budget_1024 seed=4
504 stability imagenet resnet50 ILSVRC2012_val_00006551 lime_budget_2048 seed=0
505 stability imagenet resnet50 ILSVRC2012_val_00006551 lime_budget_2048 seed=1
506 stability imagenet resnet50 ILSVRC2012_val_00006551 lime_budget_2048 seed=2
507 stability imagenet resnet50 ILSVRC2012_val_00006551 lime_budget_2048 seed=3
508 stability imagenet resnet50 ILSVRC2012_val_00006551 lime_budget_2048 seed=4
509 stability imagenet resnet50 ILSVRC2012_val_00006551 rise_budget_256 seed=0
510 stability imagenet resnet50 ILSVRC2012_val_00006551 rise_budget_256 seed=1
511 stability imagenet resnet50 ILSVRC2012_val_00006551 rise_budget_256 seed=2
512 stability imagenet resnet50 ILSVRC2012_val_00006551 rise_budget_256 seed=3
513 stability imagenet resnet50 ILSVRC2012_val_00006551 rise_budget_256 seed=4
514 stability imagenet resnet50 ILSVRC2012_val_00006551 rise_budget_512 seed=0
515 stability imagenet resnet50 ILSVRC2012_val_00006551 rise_budget_512 seed=1
516 stability imagenet resnet50 ILSVRC2012_val_00006551 rise_budget_512 seed=2
517 stability imagenet resnet50 ILSVRC2012_val_00006551 rise_budget_512 seed=3
518 stability imagenet resnet50 ILSVRC2012_val_00006551 rise_budget_512 seed=4
519 stability imagenet resnet50 ILSVRC2012_val_00006551 rise_budget_1024 seed=0
520 stability imagenet resnet50 ILSVRC2012_val_00006551 rise_budget_1024 seed=1
521 stability imagenet resnet50 ILSVRC2012_val_00006551 rise_budget_1024 seed=2
522 stability imagenet resnet50 ILSVRC2012_val_00006551 rise_budget_1024 seed=3
523 stability imagenet resnet50 ILSVRC2012_val_00006551 rise_budget_1024 seed=4
524 stability imagenet resnet50 ILSVRC2012_val_00006551 rise_budget_2048 seed=0
525 stability imagenet resnet50 ILSVRC2012_val_00006551 rise_budget_2048 seed=1
526 stability imagenet resnet50 ILSVRC2012_val_00006551 rise_budget_2048 seed=2
527 stability imagenet resnet50 ILSVRC2012_val_00006551 rise_budget_2048 seed=3
528 stability imagenet resnet50 ILSVRC2012_val_00006551 rise_budget_2048 seed=4
529 stability imagenet resnet50 ILSVRC2012_val_00006551 kernel_shap_budget_256 seed=0
530 stability imagenet resnet50 ILSVRC2012_val_00006551 kernel_shap_budget_256 seed=1
531 stability imagenet resnet50 ILSVRC2012_val_00006551 kernel_shap_budget_256 seed=2
532 stability imagenet resnet50 ILSVRC2012_val_00006551 kernel_shap_budget_256 seed=3
533 stability imagenet resnet50 ILSVRC2012_val_00006551 kernel_shap_budget_256 seed=4
534 stability imagenet resnet50 ILSVRC2012_val_00006551 kernel_shap_budget_512 seed=0
535 stability imagenet resnet50 ILSVRC2012_val_00006551 kernel_shap_budget_512 seed=1
536 stability imagenet resnet50 ILSVRC2012_val_00006551 kernel_shap_budget_512 seed=2
537 stability imagenet resnet50 ILSVRC2012_val_00006551 kernel_shap_budget_512 seed=3
538 stability imagenet resnet50 ILSVRC2012_val_00006551 kernel_shap_budget_512 seed=4
539 stability imagenet resnet50 ILSVRC2012_val_00006551 kernel_shap_budget_1024 seed=0
540 stability imagenet resnet50 ILSVRC2012_val_00006551 kernel_shap_budget_1024 seed=1
541 stability imagenet resnet50 ILSVRC2012_val_00006551 kernel_shap_budget_1024 seed=2
542 stability imagenet resnet50 ILSVRC2012_val_00006551 kernel_shap_budget_1024 seed=3
543 stability imagenet resnet50 ILSVRC2012_val_00006551 kernel_shap_budget_1024 seed=4
544 stability imagenet resnet50 ILSVRC2012_val_00006551 kernel_shap_budget_2048 seed=0
545 stability imagenet resnet50 ILSVRC2012_val_00006551 kernel_shap_budget_2048 seed=1
546 stability imagenet resnet50 ILSVRC2012_val_00006551 kernel_shap_budget_2048 seed=2
547 stability imagenet resnet50 ILSVRC2012_val_00006551 kernel_shap_budget_2048 seed=3
548 stability imagenet resnet50 ILSVRC2012_val_00006551 kernel_shap_budget_2048 seed=4
549 stability imagenet resnet50 ILSVRC2012_val_00006551 ablation_default seed=None
550 stability imagenet resnet50 ILSVRC2012_val_00006920 lime_budget_256 seed=0
551 stability imagenet resnet50 ILSVRC2012_val_00006920 lime_budget_256 seed=1
552 stability imagenet resnet50 ILSVRC2012_val_00006920 lime_budget_256 seed=2
553 stability imagenet resnet50 ILSVRC2012_val_00006920 lime_budget_256 seed=3
554 stability imagenet resnet50 ILSVRC2012_val_00006920 lime_budget_256 seed=4
555 stability imagenet resnet50 ILSVRC2012_val_00006920 lime_budget_512 seed=0
556 stability imagenet resnet50 ILSVRC2012_val_00006920 lime_budget_512 seed=1
557 stability imagenet resnet50 ILSVRC2012_val_00006920 lime_budget_512 seed=2
558 stability imagenet resnet50 ILSVRC2012_val_00006920 lime_budget_512 seed=3
559 stability imagenet resnet50 ILSVRC2012_val_00006920 lime_budget_512 seed=4
560 stability imagenet resnet50 ILSVRC2012_val_00006920 lime_budget_1024 seed=0
561 stability imagenet resnet50 ILSVRC2012_val_00006920 lime_budget_1024 seed=1
562 stability imagenet resnet50 ILSVRC2012_val_00006920 lime_budget_1024 seed=2
563 stability imagenet resnet50 ILSVRC2012_val_00006920 lime_budget_1024 seed=3
564 stability imagenet resnet50 ILSVRC2012_val_00006920 lime_budget_1024 seed=4
565 stability imagenet resnet50 ILSVRC2012_val_00006920 lime_budget_2048 seed=0
566 stability imagenet resnet50 ILSVRC2012_val_00006920 lime_budget_2048 seed=1
567 stability imagenet resnet50 ILSVRC2012_val_00006920 lime_budget_2048 seed=2
568 stability imagenet resnet50 ILSVRC2012_val_00006920 lime_budget_2048 seed=3
569 stability imagenet resnet50 ILSVRC2012_val_00006920 lime_budget_2048 seed=4
570 stability imagenet resnet50 ILSVRC2012_val_00006920 rise_budget_256 seed=0
571 stability imagenet resnet50 ILSVRC2012_val_00006920 rise_budget_256 seed=1
572 stability imagenet resnet50 ILSVRC2012_val_00006920 rise_budget_256 seed=2
573 stability imagenet resnet50 ILSVRC2012_val_00006920 rise_budget_256 seed=3
574 stability imagenet resnet50 ILSVRC2012_val_00006920 rise_budget_256 seed=4
575 stability imagenet resnet50 ILSVRC2012_val_00006920 rise_budget_512 seed=0
576 stability imagenet resnet50 ILSVRC2012_val_00006920 rise_budget_512 seed=1
577 stability imagenet resnet50 ILSVRC2012_val_00006920 rise_budget_512 seed=2
578 stability imagenet resnet50 ILSVRC2012_val_00006920 rise_budget_512 seed=3
579 stability imagenet resnet50 ILSVRC2012_val_00006920 rise_budget_512 seed=4
580 stability imagenet resnet50 ILSVRC2012_val_00006920 rise_budget_1024 seed=0
581 stability imagenet resnet50 ILSVRC2012_val_00006920 rise_budget_1024 seed=1
582 stability imagenet resnet50 ILSVRC2012_val_00006920 rise_budget_1024 seed=2
583 stability imagenet resnet50 ILSVRC2012_val_00006920 rise_budget_1024 seed=3
584 stability imagenet resnet50 ILSVRC2012_val_00006920 rise_budget_1024 seed=4
585 stability imagenet resnet50 ILSVRC2012_val_00006920 rise_budget_2048 seed=0
586 stability imagenet resnet50 ILSVRC2012_val_00006920 rise_budget_2048 seed=1
587 stability imagenet resnet50 ILSVRC2012_val_00006920 rise_budget_2048 seed=2
588 stability imagenet resnet50 ILSVRC2012_val_00006920 rise_budget_2048 seed=3
589 stability imagenet resnet50 ILSVRC2012_val_00006920 rise_budget_2048 seed=4
590 stability imagenet resnet50 ILSVRC2012_val_00006920 kernel_shap_budget_256 seed=0
591 stability imagenet resnet50 ILSVRC2012_val_00006920 kernel_shap_budget_256 seed=1
592 stability imagenet resnet50 ILSVRC2012_val_00006920 kernel_shap_budget_256 seed=2
593 stability imagenet resnet50 ILSVRC2012_val_00006920 kernel_shap_budget_256 seed=3
594 stability imagenet resnet50 ILSVRC2012_val_00006920 kernel_shap_budget_256 seed=4
595 stability imagenet resnet50 ILSVRC2012_val_00006920 kernel_shap_budget_512 seed=0
596 stability imagenet resnet50 ILSVRC2012_val_00006920 kernel_shap_budget_512 seed=1
597 stability imagenet resnet50 ILSVRC2012_val_00006920 kernel_shap_budget_512 seed=2
598 stability imagenet resnet50 ILSVRC2012_val_00006920 kernel_shap_budget_512 seed=3
599 stability imagenet resnet50 ILSVRC2012_val_00006920 kernel_shap_budget_512 seed=4
600 stability imagenet resnet50 ILSVRC2012_val_00006920 kernel_shap_budget_1024 seed=0
601 stability imagenet resnet50 ILSVRC2012_val_00006920 kernel_shap_budget_1024 seed=1
602 stability imagenet resnet50 ILSVRC2012_val_00006920 kernel_shap_budget_1024 seed=2
603 stability imagenet resnet50 ILSVRC2012_val_00006920 kernel_shap_budget_1024 seed=3
604 stability imagenet resnet50 ILSVRC2012_val_00006920 kernel_shap_budget_1024 seed=4
605 stability imagenet resnet50 ILSVRC2012_val_00006920 kernel_shap_budget_2048 seed=0
606 stability imagenet resnet50 ILSVRC2012_val_00006920 kernel_shap_budget_2048 seed=1
607 stability imagenet resnet50 ILSVRC2012_val_00006920 kernel_shap_budget_2048 seed=2
608 stability imagenet resnet50 ILSVRC2012_val_00006920 kernel_shap_budget_2048 seed=3
609 stability imagenet resnet50 ILSVRC2012_val_00006920 kernel_shap_budget_2048 seed=4
610 stability imagenet resnet50 ILSVRC2012_val_00006920 ablation_default seed=None
611 stability imagenet resnet50 ILSVRC2012_val_00007056 lime_budget_256 seed=0
612 stability imagenet resnet50 ILSVRC2012_val_00007056 lime_budget_256 seed=1
613 stability imagenet resnet50 ILSVRC2012_val_00007056 lime_budget_256 seed=2
614 stability imagenet resnet50 ILSVRC2012_val_00007056 lime_budget_256 seed=3
615 stability imagenet resnet50 ILSVRC2012_val_00007056 lime_budget_256 seed=4
616 stability imagenet resnet50 ILSVRC2012_val_00007056 lime_budget_512 seed=0
617 stability imagenet resnet50 ILSVRC2012_val_00007056 lime_budget_512 seed=1
618 stability imagenet resnet50 ILSVRC2012_val_00007056 lime_budget_512 seed=2
619 stability imagenet resnet50 ILSVRC2012_val_00007056 lime_budget_512 seed=3
620 stability imagenet resnet50 ILSVRC2012_val_00007056 lime_budget_512 seed=4
621 stability imagenet resnet50 ILSVRC2012_val_00007056 lime_budget_1024 seed=0
622 stability imagenet resnet50 ILSVRC2012_val_00007056 lime_budget_1024 seed=1
623 stability imagenet resnet50 ILSVRC2012_val_00007056 lime_budget_1024 seed=2
624 stability imagenet resnet50 ILSVRC2012_val_00007056 lime_budget_1024 seed=3
625 stability imagenet resnet50 ILSVRC2012_val_00007056 lime_budget_1024 seed=4
626 stability imagenet resnet50 ILSVRC2012_val_00007056 lime_budget_2048 seed=0
627 stability imagenet resnet50 ILSVRC2012_val_00007056 lime_budget_2048 seed=1
628 stability imagenet resnet50 ILSVRC2012_val_00007056 lime_budget_2048 seed=2
629 stability imagenet resnet50 ILSVRC2012_val_00007056 lime_budget_2048 seed=3
630 stability imagenet resnet50 ILSVRC2012_val_00007056 lime_budget_2048 seed=4
631 stability imagenet resnet50 ILSVRC2012_val_00007056 rise_budget_256 seed=0
632 stability imagenet resnet50 ILSVRC2012_val_00007056 rise_budget_256 seed=1
633 stability imagenet resnet50 ILSVRC2012_val_00007056 rise_budget_256 seed=2
634 stability imagenet resnet50 ILSVRC2012_val_00007056 rise_budget_256 seed=3
635 stability imagenet resnet50 ILSVRC2012_val_00007056 rise_budget_256 seed=4
636 stability imagenet resnet50 ILSVRC2012_val_00007056 rise_budget_512 seed=0
637 stability imagenet resnet50 ILSVRC2012_val_00007056 rise_budget_512 seed=1
638 stability imagenet resnet50 ILSVRC2012_val_00007056 rise_budget_512 seed=2
639 stability imagenet resnet50 ILSVRC2012_val_00007056 rise_budget_512 seed=3
640 stability imagenet resnet50 ILSVRC2012_val_00007056 rise_budget_512 seed=4
641 stability imagenet resnet50 ILSVRC2012_val_00007056 rise_budget_1024 seed=0
642 stability imagenet resnet50 ILSVRC2012_val_00007056 rise_budget_1024 seed=1
643 stability imagenet resnet50 ILSVRC2012_val_00007056 rise_budget_1024 seed=2
644 stability imagenet resnet50 ILSVRC2012_val_00007056 rise_budget_1024 seed=3
645 stability imagenet resnet50 ILSVRC2012_val_00007056 rise_budget_1024 seed=4
646 stability imagenet resnet50 ILSVRC2012_val_00007056 rise_budget_2048 seed=0
647 stability imagenet resnet50 ILSVRC2012_val_00007056 rise_budget_2048 seed=1
648 stability imagenet resnet50 ILSVRC2012_val_00007056 rise_budget_2048 seed=2
649 stability imagenet resnet50 ILSVRC2012_val_00007056 rise_budget_2048 seed=3
650 stability imagenet resnet50 ILSVRC2012_val_00007056 rise_budget_2048 seed=4
651 stability imagenet resnet50 ILSVRC2012_val_00007056 kernel_shap_budget_256 seed=0
652 stability imagenet resnet50 ILSVRC2012_val_00007056 kernel_shap_budget_256 seed=1
653 stability imagenet resnet50 ILSVRC2012_val_00007056 kernel_shap_budget_256 seed=2
654 stability imagenet resnet50 ILSVRC2012_val_00007056 kernel_shap_budget_256 seed=3
655 stability imagenet resnet50 ILSVRC2012_val_00007056 kernel_shap_budget_256 seed=4
656 stability imagenet resnet50 ILSVRC2012_val_00007056 kernel_shap_budget_512 seed=0
657 stability imagenet resnet50 ILSVRC2012_val_00007056 kernel_shap_budget_512 seed=1
658 stability imagenet resnet50 ILSVRC2012_val_00007056 kernel_shap_budget_512 seed=2
659 stability imagenet resnet50 ILSVRC2012_val_00007056 kernel_shap_budget_512 seed=3
660 stability imagenet resnet50 ILSVRC2012_val_00007056 kernel_shap_budget_512 seed=4
661 stability imagenet resnet50 ILSVRC2012_val_00007056 kernel_shap_budget_1024 seed=0
662 stability imagenet resnet50 ILSVRC2012_val_00007056 kernel_shap_budget_1024 seed=1
663 stability imagenet resnet50 ILSVRC2012_val_00007056 kernel_shap_budget_1024 seed=2
664 stability imagenet resnet50 ILSVRC2012_val_00007056 kernel_shap_budget_1024 seed=3
665 stability imagenet resnet50 ILSVRC2012_val_00007056 kernel_shap_budget_1024 seed=4
666 stability imagenet resnet50 ILSVRC2012_val_00007056 kernel_shap_budget_2048 seed=0
667 stability imagenet resnet50 ILSVRC2012_val_00007056 kernel_shap_budget_2048 seed=1
668 stability imagenet resnet50 ILSVRC2012_val_00007056 kernel_shap_budget_2048 seed=2
669 stability imagenet resnet50 ILSVRC2012_val_00007056 kernel_shap_budget_2048 seed=3
670 stability imagenet resnet50 ILSVRC2012_val_00007056 kernel_shap_budget_2048 seed=4
671 stability imagenet resnet50 ILSVRC2012_val_00007056 ablation_default seed=None
672 stability imagenet resnet50 ILSVRC2012_val_00007254 lime_budget_256 seed=0
673 stability imagenet resnet50 ILSVRC2012_val_00007254 lime_budget_256 seed=1
674 stability imagenet resnet50 ILSVRC2012_val_00007254 lime_budget_256 seed=2
675 stability imagenet resnet50 ILSVRC2012_val_00007254 lime_budget_256 seed=3
676 stability imagenet resnet50 ILSVRC2012_val_00007254 lime_budget_256 seed=4
677 stability imagenet resnet50 ILSVRC2012_val_00007254 lime_budget_512 seed=0
678 stability imagenet resnet50 ILSVRC2012_val_00007254 lime_budget_512 seed=1
679 stability imagenet resnet50 ILSVRC2012_val_00007254 lime_budget_512 seed=2
680 stability imagenet resnet50 ILSVRC2012_val_00007254 lime_budget_512 seed=3
681 stability imagenet resnet50 ILSVRC2012_val_00007254 lime_budget_512 seed=4
682 stability imagenet resnet50 ILSVRC2012_val_00007254 lime_budget_1024 seed=0
683 stability imagenet resnet50 ILSVRC2012_val_00007254 lime_budget_1024 seed=1
684 stability imagenet resnet50 ILSVRC2012_val_00007254 lime_budget_1024 seed=2
685 stability imagenet resnet50 ILSVRC2012_val_00007254 lime_budget_1024 seed=3
686 stability imagenet resnet50 ILSVRC2012_val_00007254 lime_budget_1024 seed=4
687 stability imagenet resnet50 ILSVRC2012_val_00007254 lime_budget_2048 seed=0
688 stability imagenet resnet50 ILSVRC2012_val_00007254 lime_budget_2048 seed=1
689 stability imagenet resnet50 ILSVRC2012_val_00007254 lime_budget_2048 seed=2
690 stability imagenet resnet50 ILSVRC2012_val_00007254 lime_budget_2048 seed=3
691 stability imagenet resnet50 ILSVRC2012_val_00007254 lime_budget_2048 seed=4
692 stability imagenet resnet50 ILSVRC2012_val_00007254 rise_budget_256 seed=0
693 stability imagenet resnet50 ILSVRC2012_val_00007254 rise_budget_256 seed=1
694 stability imagenet resnet50 ILSVRC2012_val_00007254 rise_budget_256 seed=2
695 stability imagenet resnet50 ILSVRC2012_val_00007254 rise_budget_256 seed=3
696 stability imagenet resnet50 ILSVRC2012_val_00007254 rise_budget_256 seed=4
697 stability imagenet resnet50 ILSVRC2012_val_00007254 rise_budget_512 seed=0
698 stability imagenet resnet50 ILSVRC2012_val_00007254 rise_budget_512 seed=1
699 stability imagenet resnet50 ILSVRC2012_val_00007254 rise_budget_512 seed=2
700 stability imagenet resnet50 ILSVRC2012_val_00007254 rise_budget_512 seed=3
701 stability imagenet resnet50 ILSVRC2012_val_00007254 rise_budget_512 seed=4
702 stability imagenet resnet50 ILSVRC2012_val_00007254 rise_budget_1024 seed=0
703 stability imagenet resnet50 ILSVRC2012_val_00007254 rise_budget_1024 seed=1
704 stability imagenet resnet50 ILSVRC2012_val_00007254 rise_budget_1024 seed=2
705 stability imagenet resnet50 ILSVRC2012_val_00007254 rise_budget_1024 seed=3
706 stability imagenet resnet50 ILSVRC2012_val_00007254 rise_budget_1024 seed=4
707 stability imagenet resnet50 ILSVRC2012_val_00007254 rise_budget_2048 seed=0
708 stability imagenet resnet50 ILSVRC2012_val_00007254 rise_budget_2048 seed=1
709 stability imagenet resnet50 ILSVRC2012_val_00007254 rise_budget_2048 seed=2
710 stability imagenet resnet50 ILSVRC2012_val_00007254 rise_budget_2048 seed=3
711 stability imagenet resnet50 ILSVRC2012_val_00007254 rise_budget_2048 seed=4
712 stability imagenet resnet50 ILSVRC2012_val_00007254 kernel_shap_budget_256 seed=0
713 stability imagenet resnet50 ILSVRC2012_val_00007254 kernel_shap_budget_256 seed=1
714 stability imagenet resnet50 ILSVRC2012_val_00007254 kernel_shap_budget_256 seed=2
715 stability imagenet resnet50 ILSVRC2012_val_00007254 kernel_shap_budget_256 seed=3
716 stability imagenet resnet50 ILSVRC2012_val_00007254 kernel_shap_budget_256 seed=4
717 stability imagenet resnet50 ILSVRC2012_val_00007254 kernel_shap_budget_512 seed=0
718 stability imagenet resnet50 ILSVRC2012_val_00007254 kernel_shap_budget_512 seed=1
719 stability imagenet resnet50 ILSVRC2012_val_00007254 kernel_shap_budget_512 seed=2
720 stability imagenet resnet50 ILSVRC2012_val_00007254 kernel_shap_budget_512 seed=3
721 stability imagenet resnet50 ILSVRC2012_val_00007254 kernel_shap_budget_512 seed=4
722 stability imagenet resnet50 ILSVRC2012_val_00007254 kernel_shap_budget_1024 seed=0
723 stability imagenet resnet50 ILSVRC2012_val_00007254 kernel_shap_budget_1024 seed=1
724 stability imagenet resnet50 ILSVRC2012_val_00007254 kernel_shap_budget_1024 seed=2
725 stability imagenet resnet50 ILSVRC2012_val_00007254 kernel_shap_budget_1024 seed=3
726 stability imagenet resnet50 ILSVRC2012_val_00007254 kernel_shap_budget_1024 seed=4
727 stability imagenet resnet50 ILSVRC2012_val_00007254 kernel_shap_budget_2048 seed=0
728 stability imagenet resnet50 ILSVRC2012_val_00007254 kernel_shap_budget_2048 seed=1
729 stability imagenet resnet50 ILSVRC2012_val_00007254 kernel_shap_budget_2048 seed=2
730 stability imagenet resnet50 ILSVRC2012_val_00007254 kernel_shap_budget_2048 seed=3
731 stability imagenet resnet50 ILSVRC2012_val_00007254 kernel_shap_budget_2048 seed=4
732 stability imagenet resnet50 ILSVRC2012_val_00007254 ablation_default seed=None
733 stability imagenet resnet50 ILSVRC2012_val_00007312 lime_budget_256 seed=0
734 stability imagenet resnet50 ILSVRC2012_val_00007312 lime_budget_256 seed=1
735 stability imagenet resnet50 ILSVRC2012_val_00007312 lime_budget_256 seed=2
736 stability imagenet resnet50 ILSVRC2012_val_00007312 lime_budget_256 seed=3
737 stability imagenet resnet50 ILSVRC2012_val_00007312 lime_budget_256 seed=4
738 stability imagenet resnet50 ILSVRC2012_val_00007312 lime_budget_512 seed=0
739 stability imagenet resnet50 ILSVRC2012_val_00007312 lime_budget_512 seed=1
740 stability imagenet resnet50 ILSVRC2012_val_00007312 lime_budget_512 seed=2
741 stability imagenet resnet50 ILSVRC2012_val_00007312 lime_budget_512 seed=3
742 stability imagenet resnet50 ILSVRC2012_val_00007312 lime_budget_512 seed=4
743 stability imagenet resnet50 ILSVRC2012_val_00007312 lime_budget_1024 seed=0
744 stability imagenet resnet50 ILSVRC2012_val_00007312 lime_budget_1024 seed=1
745 stability imagenet resnet50 ILSVRC2012_val_00007312 lime_budget_1024 seed=2
746 stability imagenet resnet50 ILSVRC2012_val_00007312 lime_budget_1024 seed=3
747 stability imagenet resnet50 ILSVRC2012_val_00007312 lime_budget_1024 seed=4
748 stability imagenet resnet50 ILSVRC2012_val_00007312 lime_budget_2048 seed=0
749 stability imagenet resnet50 ILSVRC2012_val_00007312 lime_budget_2048 seed=1
750 stability imagenet resnet50 ILSVRC2012_val_00007312 lime_budget_2048 seed=2
751 stability imagenet resnet50 ILSVRC2012_val_00007312 lime_budget_2048 seed=3
752 stability imagenet resnet50 ILSVRC2012_val_00007312 lime_budget_2048 seed=4
753 stability imagenet resnet50 ILSVRC2012_val_00007312 rise_budget_256 seed=0
754 stability imagenet resnet50 ILSVRC2012_val_00007312 rise_budget_256 seed=1
755 stability imagenet resnet50 ILSVRC2012_val_00007312 rise_budget_256 seed=2
756 stability imagenet resnet50 ILSVRC2012_val_00007312 rise_budget_256 seed=3
757 stability imagenet resnet50 ILSVRC2012_val_00007312 rise_budget_256 seed=4
758 stability imagenet resnet50 ILSVRC2012_val_00007312 rise_budget_512 seed=0
759 stability imagenet resnet50 ILSVRC2012_val_00007312 rise_budget_512 seed=1
760 stability imagenet resnet50 ILSVRC2012_val_00007312 rise_budget_512 seed=2
761 stability imagenet resnet50 ILSVRC2012_val_00007312 rise_budget_512 seed=3
762 stability imagenet resnet50 ILSVRC2012_val_00007312 rise_budget_512 seed=4
763 stability imagenet resnet50 ILSVRC2012_val_00007312 rise_budget_1024 seed=0
764 stability imagenet resnet50 ILSVRC2012_val_00007312 rise_budget_1024 seed=1
765 stability imagenet resnet50 ILSVRC2012_val_00007312 rise_budget_1024 seed=2
766 stability imagenet resnet50 ILSVRC2012_val_00007312 rise_budget_1024 seed=3
767 stability imagenet resnet50 ILSVRC2012_val_00007312 rise_budget_1024 seed=4
768 stability imagenet resnet50 ILSVRC2012_val_00007312 rise_budget_2048 seed=0
769 stability imagenet resnet50 ILSVRC2012_val_00007312 rise_budget_2048 seed=1
770 stability imagenet resnet50 ILSVRC2012_val_00007312 rise_budget_2048 seed=2
771 stability imagenet resnet50 ILSVRC2012_val_00007312 rise_budget_2048 seed=3
772 stability imagenet resnet50 ILSVRC2012_val_00007312 rise_budget_2048 seed=4
773 stability imagenet resnet50 ILSVRC2012_val_00007312 kernel_shap_budget_256 seed=0
774 stability imagenet resnet50 ILSVRC2012_val_00007312 kernel_shap_budget_256 seed=1
775 stability imagenet resnet50 ILSVRC2012_val_00007312 kernel_shap_budget_256 seed=2
776 stability imagenet resnet50 ILSVRC2012_val_00007312 kernel_shap_budget_256 seed=3
777 stability imagenet resnet50 ILSVRC2012_val_00007312 kernel_shap_budget_256 seed=4
778 stability imagenet resnet50 ILSVRC2012_val_00007312 kernel_shap_budget_512 seed=0
779 stability imagenet resnet50 ILSVRC2012_val_00007312 kernel_shap_budget_512 seed=1
780 stability imagenet resnet50 ILSVRC2012_val_00007312 kernel_shap_budget_512 seed=2
781 stability imagenet resnet50 ILSVRC2012_val_00007312 kernel_shap_budget_512 seed=3
782 stability imagenet resnet50 ILSVRC2012_val_00007312 kernel_shap_budget_512 seed=4
783 stability imagenet resnet50 ILSVRC2012_val_00007312 kernel_shap_budget_1024 seed=0
784 stability imagenet resnet50 ILSVRC2012_val_00007312 kernel_shap_budget_1024 seed=1
785 stability imagenet resnet50 ILSVRC2012_val_00007312 kernel_shap_budget_1024 seed=2
786 stability imagenet resnet50 ILSVRC2012_val_00007312 kernel_shap_budget_1024 seed=3
787 stability imagenet resnet50 ILSVRC2012_val_00007312 kernel_shap_budget_1024 seed=4
788 stability imagenet resnet50 ILSVRC2012_val_00007312 kernel_shap_budget_2048 seed=0
789 stability imagenet resnet50 ILSVRC2012_val_00007312 kernel_shap_budget_2048 seed=1
790 stability imagenet resnet50 ILSVRC2012_val_00007312 kernel_shap_budget_2048 seed=2
791 stability imagenet resnet50 ILSVRC2012_val_00007312 kernel_shap_budget_2048 seed=3
792 stability imagenet resnet50 ILSVRC2012_val_00007312 kernel_shap_budget_2048 seed=4
793 stability imagenet resnet50 ILSVRC2012_val_00007312 ablation_default seed=None
794 stability imagenet resnet50 ILSVRC2012_val_00007930 lime_budget_256 seed=0
795 stability imagenet resnet50 ILSVRC2012_val_00007930 lime_budget_256 seed=1
796 stability imagenet resnet50 ILSVRC2012_val_00007930 lime_budget_256 seed=2
797 stability imagenet resnet50 ILSVRC2012_val_00007930 lime_budget_256 seed=3
798 stability imagenet resnet50 ILSVRC2012_val_00007930 lime_budget_256 seed=4
799 stability imagenet resnet50 ILSVRC2012_val_00007930 lime_budget_512 seed=0
800 stability imagenet resnet50 ILSVRC2012_val_00007930 lime_budget_512 seed=1
801 stability imagenet resnet50 ILSVRC2012_val_00007930 lime_budget_512 seed=2
802 stability imagenet resnet50 ILSVRC2012_val_00007930 lime_budget_512 seed=3
803 stability imagenet resnet50 ILSVRC2012_val_00007930 lime_budget_512 seed=4
804 stability imagenet resnet50 ILSVRC2012_val_00007930 lime_budget_1024 seed=0
805 stability imagenet resnet50 ILSVRC2012_val_00007930 lime_budget_1024 seed=1
806 stability imagenet resnet50 ILSVRC2012_val_00007930 lime_budget_1024 seed=2
807 stability imagenet resnet50 ILSVRC2012_val_00007930 lime_budget_1024 seed=3
808 stability imagenet resnet50 ILSVRC2012_val_00007930 lime_budget_1024 seed=4
809 stability imagenet resnet50 ILSVRC2012_val_00007930 lime_budget_2048 seed=0
810 stability imagenet resnet50 ILSVRC2012_val_00007930 lime_budget_2048 seed=1
811 stability imagenet resnet50 ILSVRC2012_val_00007930 lime_budget_2048 seed=2
812 stability imagenet resnet50 ILSVRC2012_val_00007930 lime_budget_2048 seed=3
813 stability imagenet resnet50 ILSVRC2012_val_00007930 lime_budget_2048 seed=4
814 stability imagenet resnet50 ILSVRC2012_val_00007930 rise_budget_256 seed=0
815 stability imagenet resnet50 ILSVRC2012_val_00007930 rise_budget_256 seed=1
816 stability imagenet resnet50 ILSVRC2012_val_00007930 rise_budget_256 seed=2
817 stability imagenet resnet50 ILSVRC2012_val_00007930 rise_budget_256 seed=3
818 stability imagenet resnet50 ILSVRC2012_val_00007930 rise_budget_256 seed=4
819 stability imagenet resnet50 ILSVRC2012_val_00007930 rise_budget_512 seed=0
820 stability imagenet resnet50 ILSVRC2012_val_00007930 rise_budget_512 seed=1
821 stability imagenet resnet50 ILSVRC2012_val_00007930 rise_budget_512 seed=2
822 stability imagenet resnet50 ILSVRC2012_val_00007930 rise_budget_512 seed=3
823 stability imagenet resnet50 ILSVRC2012_val_00007930 rise_budget_512 seed=4
824 stability imagenet resnet50 ILSVRC2012_val_00007930 rise_budget_1024 seed=0
825 stability imagenet resnet50 ILSVRC2012_val_00007930 rise_budget_1024 seed=1
826 stability imagenet resnet50 ILSVRC2012_val_00007930 rise_budget_1024 seed=2
827 stability imagenet resnet50 ILSVRC2012_val_00007930 rise_budget_1024 seed=3
828 stability imagenet resnet50 ILSVRC2012_val_00007930 rise_budget_1024 seed=4
829 stability imagenet resnet50 ILSVRC2012_val_00007930 rise_budget_2048 seed=0
830 stability imagenet resnet50 ILSVRC2012_val_00007930 rise_budget_2048 seed=1
831 stability imagenet resnet50 ILSVRC2012_val_00007930 rise_budget_2048 seed=2
832 stability imagenet resnet50 ILSVRC2012_val_00007930 rise_budget_2048 seed=3
833 stability imagenet resnet50 ILSVRC2012_val_00007930 rise_budget_2048 seed=4
834 stability imagenet resnet50 ILSVRC2012_val_00007930 kernel_shap_budget_256 seed=0
835 stability imagenet resnet50 ILSVRC2012_val_00007930 kernel_shap_budget_256 seed=1
836 stability imagenet resnet50 ILSVRC2012_val_00007930 kernel_shap_budget_256 seed=2
837 stability imagenet resnet50 ILSVRC2012_val_00007930 kernel_shap_budget_256 seed=3
838 stability imagenet resnet50 ILSVRC2012_val_00007930 kernel_shap_budget_256 seed=4
839 stability imagenet resnet50 ILSVRC2012_val_00007930 kernel_shap_budget_512 seed=0
840 stability imagenet resnet50 ILSVRC2012_val_00007930 kernel_shap_budget_512 seed=1
841 stability imagenet resnet50 ILSVRC2012_val_00007930 kernel_shap_budget_512 seed=2
842 stability imagenet resnet50 ILSVRC2012_val_00007930 kernel_shap_budget_512 seed=3
843 stability imagenet resnet50 ILSVRC2012_val_00007930 kernel_shap_budget_512 seed=4
844 stability imagenet resnet50 ILSVRC2012_val_00007930 kernel_shap_budget_1024 seed=0
845 stability imagenet resnet50 ILSVRC2012_val_00007930 kernel_shap_budget_1024 seed=1
846 stability imagenet resnet50 ILSVRC2012_val_00007930 kernel_shap_budget_1024 seed=2
847 stability imagenet resnet50 ILSVRC2012_val_00007930 kernel_shap_budget_1024 seed=3
848 stability imagenet resnet50 ILSVRC2012_val_00007930 kernel_shap_budget_1024 seed=4
849 stability imagenet resnet50 ILSVRC2012_val_00007930 kernel_shap_budget_2048 seed=0
850 stability imagenet resnet50 ILSVRC2012_val_00007930 kernel_shap_budget_2048 seed=1
851 stability imagenet resnet50 ILSVRC2012_val_00007930 kernel_shap_budget_2048 seed=2
852 stability imagenet resnet50 ILSVRC2012_val_00007930 kernel_shap_budget_2048 seed=3
853 stability imagenet resnet50 ILSVRC2012_val_00007930 kernel_shap_budget_2048 seed=4
854 stability imagenet resnet50 ILSVRC2012_val_00007930 ablation_default seed=None
855 stability imagenet resnet50 ILSVRC2012_val_00008228 lime_budget_256 seed=0
856 stability imagenet resnet50 ILSVRC2012_val_00008228 lime_budget_256 seed=1
857 stability imagenet resnet50 ILSVRC2012_val_00008228 lime_budget_256 seed=2
858 stability imagenet resnet50 ILSVRC2012_val_00008228 lime_budget_256 seed=3
859 stability imagenet resnet50 ILSVRC2012_val_00008228 lime_budget_256 seed=4
860 stability imagenet resnet50 ILSVRC2012_val_00008228 lime_budget_512 seed=0
861 stability imagenet resnet50 ILSVRC2012_val_00008228 lime_budget_512 seed=1
862 stability imagenet resnet50 ILSVRC2012_val_00008228 lime_budget_512 seed=2
863 stability imagenet resnet50 ILSVRC2012_val_00008228 lime_budget_512 seed=3
864 stability imagenet resnet50 ILSVRC2012_val_00008228 lime_budget_512 seed=4
865 stability imagenet resnet50 ILSVRC2012_val_00008228 lime_budget_1024 seed=0
866 stability imagenet resnet50 ILSVRC2012_val_00008228 lime_budget_1024 seed=1
867 stability imagenet resnet50 ILSVRC2012_val_00008228 lime_budget_1024 seed=2
868 stability imagenet resnet50 ILSVRC2012_val_00008228 lime_budget_1024 seed=3
869 stability imagenet resnet50 ILSVRC2012_val_00008228 lime_budget_1024 seed=4
870 stability imagenet resnet50 ILSVRC2012_val_00008228 lime_budget_2048 seed=0
871 stability imagenet resnet50 ILSVRC2012_val_00008228 lime_budget_2048 seed=1
872 stability imagenet resnet50 ILSVRC2012_val_00008228 lime_budget_2048 seed=2
873 stability imagenet resnet50 ILSVRC2012_val_00008228 lime_budget_2048 seed=3
874 stability imagenet resnet50 ILSVRC2012_val_00008228 lime_budget_2048 seed=4
875 stability imagenet resnet50 ILSVRC2012_val_00008228 rise_budget_256 seed=0
876 stability imagenet resnet50 ILSVRC2012_val_00008228 rise_budget_256 seed=1
877 stability imagenet resnet50 ILSVRC2012_val_00008228 rise_budget_256 seed=2
878 stability imagenet resnet50 ILSVRC2012_val_00008228 rise_budget_256 seed=3
879 stability imagenet resnet50 ILSVRC2012_val_00008228 rise_budget_256 seed=4
880 stability imagenet resnet50 ILSVRC2012_val_00008228 rise_budget_512 seed=0
881 stability imagenet resnet50 ILSVRC2012_val_00008228 rise_budget_512 seed=1
882 stability imagenet resnet50 ILSVRC2012_val_00008228 rise_budget_512 seed=2
883 stability imagenet resnet50 ILSVRC2012_val_00008228 rise_budget_512 seed=3
884 stability imagenet resnet50 ILSVRC2012_val_00008228 rise_budget_512 seed=4
885 stability imagenet resnet50 ILSVRC2012_val_00008228 rise_budget_1024 seed=0
886 stability imagenet resnet50 ILSVRC2012_val_00008228 rise_budget_1024 seed=1
887 stability imagenet resnet50 ILSVRC2012_val_00008228 rise_budget_1024 seed=2
888 stability imagenet resnet50 ILSVRC2012_val_00008228 rise_budget_1024 seed=3
889 stability imagenet resnet50 ILSVRC2012_val_00008228 rise_budget_1024 seed=4
890 stability imagenet resnet50 ILSVRC2012_val_00008228 rise_budget_2048 seed=0
891 stability imagenet resnet50 ILSVRC2012_val_00008228 rise_budget_2048 seed=1
892 stability imagenet resnet50 ILSVRC2012_val_00008228 rise_budget_2048 seed=2
893 stability imagenet resnet50 ILSVRC2012_val_00008228 rise_budget_2048 seed=3
894 stability imagenet resnet50 ILSVRC2012_val_00008228 rise_budget_2048 seed=4
895 stability imagenet resnet50 ILSVRC2012_val_00008228 kernel_shap_budget_256 seed=0
896 stability imagenet resnet50 ILSVRC2012_val_00008228 kernel_shap_budget_256 seed=1
897 stability imagenet resnet50 ILSVRC2012_val_00008228 kernel_shap_budget_256 seed=2
898 stability imagenet resnet50 ILSVRC2012_val_00008228 kernel_shap_budget_256 seed=3
899 stability imagenet resnet50 ILSVRC2012_val_00008228 kernel_shap_budget_256 seed=4
900 stability imagenet resnet50 ILSVRC2012_val_00008228 kernel_shap_budget_512 seed=0
901 stability imagenet resnet50 ILSVRC2012_val_00008228 kernel_shap_budget_512 seed=1
902 stability imagenet resnet50 ILSVRC2012_val_00008228 kernel_shap_budget_512 seed=2
903 stability imagenet resnet50 ILSVRC2012_val_00008228 kernel_shap_budget_512 seed=3
904 stability imagenet resnet50 ILSVRC2012_val_00008228 kernel_shap_budget_512 seed=4
905 stability imagenet resnet50 ILSVRC2012_val_00008228 kernel_shap_budget_1024 seed=0
906 stability imagenet resnet50 ILSVRC2012_val_00008228 kernel_shap_budget_1024 seed=1
907 stability imagenet resnet50 ILSVRC2012_val_00008228 kernel_shap_budget_1024 seed=2
908 stability imagenet resnet50 ILSVRC2012_val_00008228 kernel_shap_budget_1024 seed=3
909 stability imagenet resnet50 ILSVRC2012_val_00008228 kernel_shap_budget_1024 seed=4
910 stability imagenet resnet50 ILSVRC2012_val_00008228 kernel_shap_budget_2048 seed=0
911 stability imagenet resnet50 ILSVRC2012_val_00008228 kernel_shap_budget_2048 seed=1
912 stability imagenet resnet50 ILSVRC2012_val_00008228 kernel_shap_budget_2048 seed=2
913 stability imagenet resnet50 ILSVRC2012_val_00008228 kernel_shap_budget_2048 seed=3
914 stability imagenet resnet50 ILSVRC2012_val_00008228 kernel_shap_budget_2048 seed=4
915 stability imagenet resnet50 ILSVRC2012_val_00008228 ablation_default seed=None
916 stability imagenet resnet50 ILSVRC2012_val_00009336 lime_budget_256 seed=0
917 stability imagenet resnet50 ILSVRC2012_val_00009336 lime_budget_256 seed=1
918 stability imagenet resnet50 ILSVRC2012_val_00009336 lime_budget_256 seed=2
919 stability imagenet resnet50 ILSVRC2012_val_00009336 lime_budget_256 seed=3
920 stability imagenet resnet50 ILSVRC2012_val_00009336 lime_budget_256 seed=4
921 stability imagenet resnet50 ILSVRC2012_val_00009336 lime_budget_512 seed=0
922 stability imagenet resnet50 ILSVRC2012_val_00009336 lime_budget_512 seed=1
923 stability imagenet resnet50 ILSVRC2012_val_00009336 lime_budget_512 seed=2
924 stability imagenet resnet50 ILSVRC2012_val_00009336 lime_budget_512 seed=3
925 stability imagenet resnet50 ILSVRC2012_val_00009336 lime_budget_512 seed=4
926 stability imagenet resnet50 ILSVRC2012_val_00009336 lime_budget_1024 seed=0
927 stability imagenet resnet50 ILSVRC2012_val_00009336 lime_budget_1024 seed=1
928 stability imagenet resnet50 ILSVRC2012_val_00009336 lime_budget_1024 seed=2
929 stability imagenet resnet50 ILSVRC2012_val_00009336 lime_budget_1024 seed=3
930 stability imagenet resnet50 ILSVRC2012_val_00009336 lime_budget_1024 seed=4
931 stability imagenet resnet50 ILSVRC2012_val_00009336 lime_budget_2048 seed=0
932 stability imagenet resnet50 ILSVRC2012_val_00009336 lime_budget_2048 seed=1
933 stability imagenet resnet50 ILSVRC2012_val_00009336 lime_budget_2048 seed=2
934 stability imagenet resnet50 ILSVRC2012_val_00009336 lime_budget_2048 seed=3
935 stability imagenet resnet50 ILSVRC2012_val_00009336 lime_budget_2048 seed=4
936 stability imagenet resnet50 ILSVRC2012_val_00009336 rise_budget_256 seed=0
937 stability imagenet resnet50 ILSVRC2012_val_00009336 rise_budget_256 seed=1
938 stability imagenet resnet50 ILSVRC2012_val_00009336 rise_budget_256 seed=2
939 stability imagenet resnet50 ILSVRC2012_val_00009336 rise_budget_256 seed=3
940 stability imagenet resnet50 ILSVRC2012_val_00009336 rise_budget_256 seed=4
941 stability imagenet resnet50 ILSVRC2012_val_00009336 rise_budget_512 seed=0
942 stability imagenet resnet50 ILSVRC2012_val_00009336 rise_budget_512 seed=1
943 stability imagenet resnet50 ILSVRC2012_val_00009336 rise_budget_512 seed=2
944 stability imagenet resnet50 ILSVRC2012_val_00009336 rise_budget_512 seed=3
945 stability imagenet resnet50 ILSVRC2012_val_00009336 rise_budget_512 seed=4
946 stability imagenet resnet50 ILSVRC2012_val_00009336 rise_budget_1024 seed=0
947 stability imagenet resnet50 ILSVRC2012_val_00009336 rise_budget_1024 seed=1
948 stability imagenet resnet50 ILSVRC2012_val_00009336 rise_budget_1024 seed=2
949 stability imagenet resnet50 ILSVRC2012_val_00009336 rise_budget_1024 seed=3
950 stability imagenet resnet50 ILSVRC2012_val_00009336 rise_budget_1024 seed=4
951 stability imagenet resnet50 ILSVRC2012_val_00009336 rise_budget_2048 seed=0
952 stability imagenet resnet50 ILSVRC2012_val_00009336 rise_budget_2048 seed=1
953 stability imagenet resnet50 ILSVRC2012_val_00009336 rise_budget_2048 seed=2
954 stability imagenet resnet50 ILSVRC2012_val_00009336 rise_budget_2048 seed=3
955 stability imagenet resnet50 ILSVRC2012_val_00009336 rise_budget_2048 seed=4
956 stability imagenet resnet50 ILSVRC2012_val_00009336 kernel_shap_budget_256 seed=0
957 stability imagenet resnet50 ILSVRC2012_val_00009336 kernel_shap_budget_256 seed=1
958 stability imagenet resnet50 ILSVRC2012_val_00009336 kernel_shap_budget_256 seed=2
959 stability imagenet resnet50 ILSVRC2012_val_00009336 kernel_shap_budget_256 seed=3
960 stability imagenet resnet50 ILSVRC2012_val_00009336 kernel_shap_budget_256 seed=4
961 stability imagenet resnet50 ILSVRC2012_val_00009336 kernel_shap_budget_512 seed=0
962 stability imagenet resnet50 ILSVRC2012_val_00009336 kernel_shap_budget_512 seed=1
963 stability imagenet resnet50 ILSVRC2012_val_00009336 kernel_shap_budget_512 seed=2
964 stability imagenet resnet50 ILSVRC2012_val_00009336 kernel_shap_budget_512 seed=3
965 stability imagenet resnet50 ILSVRC2012_val_00009336 kernel_shap_budget_512 seed=4
966 stability imagenet resnet50 ILSVRC2012_val_00009336 kernel_shap_budget_1024 seed=0
967 stability imagenet resnet50 ILSVRC2012_val_00009336 kernel_shap_budget_1024 seed=1
968 stability imagenet resnet50 ILSVRC2012_val_00009336 kernel_shap_budget_1024 seed=2
969 stability imagenet resnet50 ILSVRC2012_val_00009336 kernel_shap_budget_1024 seed=3
970 stability imagenet resnet50 ILSVRC2012_val_00009336 kernel_shap_budget_1024 seed=4
971 stability imagenet resnet50 ILSVRC2012_val_00009336 kernel_shap_budget_2048 seed=0
972 stability imagenet resnet50 ILSVRC2012_val_00009336 kernel_shap_budget_2048 seed=1
973 stability imagenet resnet50 ILSVRC2012_val_00009336 kernel_shap_budget_2048 seed=2
974 stability imagenet resnet50 ILSVRC2012_val_00009336 kernel_shap_budget_2048 seed=3
975 stability imagenet resnet50 ILSVRC2012_val_00009336 kernel_shap_budget_2048 seed=4
976 stability imagenet resnet50 ILSVRC2012_val_00009336 ablation_default seed=None
977 stability imagenet resnet50 ILSVRC2012_val_00009781 lime_budget_256 seed=0
978 stability imagenet resnet50 ILSVRC2012_val_00009781 lime_budget_256 seed=1
979 stability imagenet resnet50 ILSVRC2012_val_00009781 lime_budget_256 seed=2
980 stability imagenet resnet50 ILSVRC2012_val_00009781 lime_budget_256 seed=3
981 stability imagenet resnet50 ILSVRC2012_val_00009781 lime_budget_256 seed=4
982 stability imagenet resnet50 ILSVRC2012_val_00009781 lime_budget_512 seed=0
983 stability imagenet resnet50 ILSVRC2012_val_00009781 lime_budget_512 seed=1
984 stability imagenet resnet50 ILSVRC2012_val_00009781 lime_budget_512 seed=2
985 stability imagenet resnet50 ILSVRC2012_val_00009781 lime_budget_512 seed=3
986 stability imagenet resnet50 ILSVRC2012_val_00009781 lime_budget_512 seed=4
987 stability imagenet resnet50 ILSVRC2012_val_00009781 lime_budget_1024 seed=0
988 stability imagenet resnet50 ILSVRC2012_val_00009781 lime_budget_1024 seed=1
989 stability imagenet resnet50 ILSVRC2012_val_00009781 lime_budget_1024 seed=2
990 stability imagenet resnet50 ILSVRC2012_val_00009781 lime_budget_1024 seed=3
991 stability imagenet resnet50 ILSVRC2012_val_00009781 lime_budget_1024 seed=4
992 stability imagenet resnet50 ILSVRC2012_val_00009781 lime_budget_2048 seed=0
993 stability imagenet resnet50 ILSVRC2012_val_00009781 lime_budget_2048 seed=1
994 stability imagenet resnet50 ILSVRC2012_val_00009781 lime_budget_2048 seed=2
995 stability imagenet resnet50 ILSVRC2012_val_00009781 lime_budget_2048 seed=3
996 stability imagenet resnet50 ILSVRC2012_val_00009781 lime_budget_2048 seed=4
997 stability imagenet resnet50 ILSVRC2012_val_00009781 rise_budget_256 seed=0
998 stability imagenet resnet50 ILSVRC2012_val_00009781 rise_budget_256 seed=1
999 stability imagenet resnet50 ILSVRC2012_val_00009781 rise_budget_256 seed=2
1000 stability imagenet resnet50 ILSVRC2012_val_00009781 rise_budget_256 seed=3
1001 stability imagenet resnet50 ILSVRC2012_val_00009781 rise_budget_256 seed=4
1002 stability imagenet resnet50 ILSVRC2012_val_00009781 rise_budget_512 seed=0
1003 stability imagenet resnet50 ILSVRC2012_val_00009781 rise_budget_512 seed=1
1004 stability imagenet resnet50 ILSVRC2012_val_00009781 rise_budget_512 seed=2
1005 stability imagenet resnet50 ILSVRC2012_val_00009781 rise_budget_512 seed=3
1006 stability imagenet resnet50 ILSVRC2012_val_00009781 rise_budget_512 seed=4
1007 stability imagenet resnet50 ILSVRC2012_val_00009781 rise_budget_1024 seed=0
1008 stability imagenet resnet50 ILSVRC2012_val_00009781 rise_budget_1024 seed=1
1009 stability imagenet resnet50 ILSVRC2012_val_00009781 rise_budget_1024 seed=2
1010 stability imagenet resnet50 ILSVRC2012_val_00009781 rise_budget_1024 seed=3
1011 stability imagenet resnet50 ILSVRC2012_val_00009781 rise_budget_1024 seed=4
1012 stability imagenet resnet50 ILSVRC2012_val_00009781 rise_budget_2048 seed=0
1013 stability imagenet resnet50 ILSVRC2012_val_00009781 rise_budget_2048 seed=1
1014 stability imagenet resnet50 ILSVRC2012_val_00009781 rise_budget_2048 seed=2
1015 stability imagenet resnet50 ILSVRC2012_val_00009781 rise_budget_2048 seed=3
1016 stability imagenet resnet50 ILSVRC2012_val_00009781 rise_budget_2048 seed=4
1017 stability imagenet resnet50 ILSVRC2012_val_00009781 kernel_shap_budget_256 seed=0
1018 stability imagenet resnet50 ILSVRC2012_val_00009781 kernel_shap_budget_256 seed=1
1019 stability imagenet resnet50 ILSVRC2012_val_00009781 kernel_shap_budget_256 seed=2
1020 stability imagenet resnet50 ILSVRC2012_val_00009781 kernel_shap_budget_256 seed=3
1021 stability imagenet resnet50 ILSVRC2012_val_00009781 kernel_shap_budget_256 seed=4
1022 stability imagenet resnet50 ILSVRC2012_val_00009781 kernel_shap_budget_512 seed=0
1023 stability imagenet resnet50 ILSVRC2012_val_00009781 kernel_shap_budget_512 seed=1
1024 stability imagenet resnet50 ILSVRC2012_val_00009781 kernel_shap_budget_512 seed=2
1025 stability imagenet resnet50 ILSVRC2012_val_00009781 kernel_shap_budget_512 seed=3
1026 stability imagenet resnet50 ILSVRC2012_val_00009781 kernel_shap_budget_512 seed=4
1027 stability imagenet resnet50 ILSVRC2012_val_00009781 kernel_shap_budget_1024 seed=0
1028 stability imagenet resnet50 ILSVRC2012_val_00009781 kernel_shap_budget_1024 seed=1
1029 stability imagenet resnet50 ILSVRC2012_val_00009781 kernel_shap_budget_1024 seed=2
1030 stability imagenet resnet50 ILSVRC2012_val_00009781 kernel_shap_budget_1024 seed=3
1031 stability imagenet resnet50 ILSVRC2012_val_00009781 kernel_shap_budget_1024 seed=4
1032 stability imagenet resnet50 ILSVRC2012_val_00009781 kernel_shap_budget_2048 seed=0
1033 stability imagenet resnet50 ILSVRC2012_val_00009781 kernel_shap_budget_2048 seed=1
1034 stability imagenet resnet50 ILSVRC2012_val_00009781 kernel_shap_budget_2048 seed=2
1035 stability imagenet resnet50 ILSVRC2012_val_00009781 kernel_shap_budget_2048 seed=3
1036 stability imagenet resnet50 ILSVRC2012_val_00009781 kernel_shap_budget_2048 seed=4
1037 stability imagenet resnet50 ILSVRC2012_val_00009781 ablation_default seed=None
1038 stability imagenet resnet50 ILSVRC2012_val_00010310 lime_budget_256 seed=0
1039 stability imagenet resnet50 ILSVRC2012_val_00010310 lime_budget_256 seed=1
1040 stability imagenet resnet50 ILSVRC2012_val_00010310 lime_budget_256 seed=2
1041 stability imagenet resnet50 ILSVRC2012_val_00010310 lime_budget_256 seed=3
1042 stability imagenet resnet50 ILSVRC2012_val_00010310 lime_budget_256 seed=4
1043 stability imagenet resnet50 ILSVRC2012_val_00010310 lime_budget_512 seed=0
1044 stability imagenet resnet50 ILSVRC2012_val_00010310 lime_budget_512 seed=1
1045 stability imagenet resnet50 ILSVRC2012_val_00010310 lime_budget_512 seed=2
1046 stability imagenet resnet50 ILSVRC2012_val_00010310 lime_budget_512 seed=3
1047 stability imagenet resnet50 ILSVRC2012_val_00010310 lime_budget_512 seed=4
1048 stability imagenet resnet50 ILSVRC2012_val_00010310 lime_budget_1024 seed=0
1049 stability imagenet resnet50 ILSVRC2012_val_00010310 lime_budget_1024 seed=1
1050 stability imagenet resnet50 ILSVRC2012_val_00010310 lime_budget_1024 seed=2
1051 stability imagenet resnet50 ILSVRC2012_val_00010310 lime_budget_1024 seed=3
1052 stability imagenet resnet50 ILSVRC2012_val_00010310 lime_budget_1024 seed=4
1053 stability imagenet resnet50 ILSVRC2012_val_00010310 lime_budget_2048 seed=0
1054 stability imagenet resnet50 ILSVRC2012_val_00010310 lime_budget_2048 seed=1
1055 stability imagenet resnet50 ILSVRC2012_val_00010310 lime_budget_2048 seed=2
1056 stability imagenet resnet50 ILSVRC2012_val_00010310 lime_budget_2048 seed=3
1057 stability imagenet resnet50 ILSVRC2012_val_00010310 lime_budget_2048 seed=4
1058 stability imagenet resnet50 ILSVRC2012_val_00010310 rise_budget_256 seed=0
1059 stability imagenet resnet50 ILSVRC2012_val_00010310 rise_budget_256 seed=1
1060 stability imagenet resnet50 ILSVRC2012_val_00010310 rise_budget_256 seed=2
1061 stability imagenet resnet50 ILSVRC2012_val_00010310 rise_budget_256 seed=3
1062 stability imagenet resnet50 ILSVRC2012_val_00010310 rise_budget_256 seed=4
1063 stability imagenet resnet50 ILSVRC2012_val_00010310 rise_budget_512 seed=0
1064 stability imagenet resnet50 ILSVRC2012_val_00010310 rise_budget_512 seed=1
1065 stability imagenet resnet50 ILSVRC2012_val_00010310 rise_budget_512 seed=2
1066 stability imagenet resnet50 ILSVRC2012_val_00010310 rise_budget_512 seed=3
1067 stability imagenet resnet50 ILSVRC2012_val_00010310 rise_budget_512 seed=4
1068 stability imagenet resnet50 ILSVRC2012_val_00010310 rise_budget_1024 seed=0
1069 stability imagenet resnet50 ILSVRC2012_val_00010310 rise_budget_1024 seed=1
1070 stability imagenet resnet50 ILSVRC2012_val_00010310 rise_budget_1024 seed=2
1071 stability imagenet resnet50 ILSVRC2012_val_00010310 rise_budget_1024 seed=3
1072 stability imagenet resnet50 ILSVRC2012_val_00010310 rise_budget_1024 seed=4
1073 stability imagenet resnet50 ILSVRC2012_val_00010310 rise_budget_2048 seed=0
1074 stability imagenet resnet50 ILSVRC2012_val_00010310 rise_budget_2048 seed=1
1075 stability imagenet resnet50 ILSVRC2012_val_00010310 rise_budget_2048 seed=2
1076 stability imagenet resnet50 ILSVRC2012_val_00010310 rise_budget_2048 seed=3
1077 stability imagenet resnet50 ILSVRC2012_val_00010310 rise_budget_2048 seed=4
1078 stability imagenet resnet50 ILSVRC2012_val_00010310 kernel_shap_budget_256 seed=0
1079 stability imagenet resnet50 ILSVRC2012_val_00010310 kernel_shap_budget_256 seed=1
1080 stability imagenet resnet50 ILSVRC2012_val_00010310 kernel_shap_budget_256 seed=2
1081 stability imagenet resnet50 ILSVRC2012_val_00010310 kernel_shap_budget_256 seed=3
1082 stability imagenet resnet50 ILSVRC2012_val_00010310 kernel_shap_budget_256 seed=4
1083 stability imagenet resnet50 ILSVRC2012_val_00010310 kernel_shap_budget_512 seed=0
1084 stability imagenet resnet50 ILSVRC2012_val_00010310 kernel_shap_budget_512 seed=1
1085 stability imagenet resnet50 ILSVRC2012_val_00010310 kernel_shap_budget_512 seed=2
1086 stability imagenet resnet50 ILSVRC2012_val_00010310 kernel_shap_budget_512 seed=3
1087 stability imagenet resnet50 ILSVRC2012_val_00010310 kernel_shap_budget_512 seed=4
1088 stability imagenet resnet50 ILSVRC2012_val_00010310 kernel_shap_budget_1024 seed=0
1089 stability imagenet resnet50 ILSVRC2012_val_00010310 kernel_shap_budget_1024 seed=1
1090 stability imagenet resnet50 ILSVRC2012_val_00010310 kernel_shap_budget_1024 seed=2
1091 stability imagenet resnet50 ILSVRC2012_val_00010310 kernel_shap_budget_1024 seed=3
1092 stability imagenet resnet50 ILSVRC2012_val_00010310 kernel_shap_budget_1024 seed=4
1093 stability imagenet resnet50 ILSVRC2012_val_00010310 kernel_shap_budget_2048 seed=0
1094 stability imagenet resnet50 ILSVRC2012_val_00010310 kernel_shap_budget_2048 seed=1
1095 stability imagenet resnet50 ILSVRC2012_val_00010310 kernel_shap_budget_2048 seed=2
1096 stability imagenet resnet50 ILSVRC2012_val_00010310 kernel_shap_budget_2048 seed=3
1097 stability imagenet resnet50 ILSVRC2012_val_00010310 kernel_shap_budget_2048 seed=4
1098 stability imagenet resnet50 ILSVRC2012_val_00010310 ablation_default seed=None
1099 stability imagenet resnet50 ILSVRC2012_val_00011535 lime_budget_256 seed=0
1100 stability imagenet resnet50 ILSVRC2012_val_00011535 lime_budget_256 seed=1
1101 stability imagenet resnet50 ILSVRC2012_val_00011535 lime_budget_256 seed=2
1102 stability imagenet resnet50 ILSVRC2012_val_00011535 lime_budget_256 seed=3
1103 stability imagenet resnet50 ILSVRC2012_val_00011535 lime_budget_256 seed=4
1104 stability imagenet resnet50 ILSVRC2012_val_00011535 lime_budget_512 seed=0
1105 stability imagenet resnet50 ILSVRC2012_val_00011535 lime_budget_512 seed=1
1106 stability imagenet resnet50 ILSVRC2012_val_00011535 lime_budget_512 seed=2
1107 stability imagenet resnet50 ILSVRC2012_val_00011535 lime_budget_512 seed=3
1108 stability imagenet resnet50 ILSVRC2012_val_00011535 lime_budget_512 seed=4
1109 stability imagenet resnet50 ILSVRC2012_val_00011535 lime_budget_1024 seed=0
1110 stability imagenet resnet50 ILSVRC2012_val_00011535 lime_budget_1024 seed=1
1111 stability imagenet resnet50 ILSVRC2012_val_00011535 lime_budget_1024 seed=2
1112 stability imagenet resnet50 ILSVRC2012_val_00011535 lime_budget_1024 seed=3
1113 stability imagenet resnet50 ILSVRC2012_val_00011535 lime_budget_1024 seed=4
1114 stability imagenet resnet50 ILSVRC2012_val_00011535 lime_budget_2048 seed=0
1115 stability imagenet resnet50 ILSVRC2012_val_00011535 lime_budget_2048 seed=1
1116 stability imagenet resnet50 ILSVRC2012_val_00011535 lime_budget_2048 seed=2
1117 stability imagenet resnet50 ILSVRC2012_val_00011535 lime_budget_2048 seed=3
1118 stability imagenet resnet50 ILSVRC2012_val_00011535 lime_budget_2048 seed=4
1119 stability imagenet resnet50 ILSVRC2012_val_00011535 rise_budget_256 seed=0
1120 stability imagenet resnet50 ILSVRC2012_val_00011535 rise_budget_256 seed=1
1121 stability imagenet resnet50 ILSVRC2012_val_00011535 rise_budget_256 seed=2
1122 stability imagenet resnet50 ILSVRC2012_val_00011535 rise_budget_256 seed=3
1123 stability imagenet resnet50 ILSVRC2012_val_00011535 rise_budget_256 seed=4
1124 stability imagenet resnet50 ILSVRC2012_val_00011535 rise_budget_512 seed=0
1125 stability imagenet resnet50 ILSVRC2012_val_00011535 rise_budget_512 seed=1
1126 stability imagenet resnet50 ILSVRC2012_val_00011535 rise_budget_512 seed=2
1127 stability imagenet resnet50 ILSVRC2012_val_00011535 rise_budget_512 seed=3
1128 stability imagenet resnet50 ILSVRC2012_val_00011535 rise_budget_512 seed=4
1129 stability imagenet resnet50 ILSVRC2012_val_00011535 rise_budget_1024 seed=0
1130 stability imagenet resnet50 ILSVRC2012_val_00011535 rise_budget_1024 seed=1
1131 stability imagenet resnet50 ILSVRC2012_val_00011535 rise_budget_1024 seed=2
1132 stability imagenet resnet50 ILSVRC2012_val_00011535 rise_budget_1024 seed=3
1133 stability imagenet resnet50 ILSVRC2012_val_00011535 rise_budget_1024 seed=4
1134 stability imagenet resnet50 ILSVRC2012_val_00011535 rise_budget_2048 seed=0
1135 stability imagenet resnet50 ILSVRC2012_val_00011535 rise_budget_2048 seed=1
1136 stability imagenet resnet50 ILSVRC2012_val_00011535 rise_budget_2048 seed=2
1137 stability imagenet resnet50 ILSVRC2012_val_00011535 rise_budget_2048 seed=3
1138 stability imagenet resnet50 ILSVRC2012_val_00011535 rise_budget_2048 seed=4
1139 stability imagenet resnet50 ILSVRC2012_val_00011535 kernel_shap_budget_256 seed=0
1140 stability imagenet resnet50 ILSVRC2012_val_00011535 kernel_shap_budget_256 seed=1
1141 stability imagenet resnet50 ILSVRC2012_val_00011535 kernel_shap_budget_256 seed=2
1142 stability imagenet resnet50 ILSVRC2012_val_00011535 kernel_shap_budget_256 seed=3
1143 stability imagenet resnet50 ILSVRC2012_val_00011535 kernel_shap_budget_256 seed=4
1144 stability imagenet resnet50 ILSVRC2012_val_00011535 kernel_shap_budget_512 seed=0
1145 stability imagenet resnet50 ILSVRC2012_val_00011535 kernel_shap_budget_512 seed=1
1146 stability imagenet resnet50 ILSVRC2012_val_00011535 kernel_shap_budget_512 seed=2
1147 stability imagenet resnet50 ILSVRC2012_val_00011535 kernel_shap_budget_512 seed=3
1148 stability imagenet resnet50 ILSVRC2012_val_00011535 kernel_shap_budget_512 seed=4
1149 stability imagenet resnet50 ILSVRC2012_val_00011535 kernel_shap_budget_1024 seed=0
1150 stability imagenet resnet50 ILSVRC2012_val_00011535 kernel_shap_budget_1024 seed=1
1151 stability imagenet resnet50 ILSVRC2012_val_00011535 kernel_shap_budget_1024 seed=2
1152 stability imagenet resnet50 ILSVRC2012_val_00011535 kernel_shap_budget_1024 seed=3
1153 stability imagenet resnet50 ILSVRC2012_val_00011535 kernel_shap_budget_1024 seed=4
1154 stability imagenet resnet50 ILSVRC2012_val_00011535 kernel_shap_budget_2048 seed=0
1155 stability imagenet resnet50 ILSVRC2012_val_00011535 kernel_shap_budget_2048 seed=1
1156 stability imagenet resnet50 ILSVRC2012_val_00011535 kernel_shap_budget_2048 seed=2
1157 stability imagenet resnet50 ILSVRC2012_val_00011535 kernel_shap_budget_2048 seed=3
1158 stability imagenet resnet50 ILSVRC2012_val_00011535 kernel_shap_budget_2048 seed=4
1159 stability imagenet resnet50 ILSVRC2012_val_00011535 ablation_default seed=None
1160 stability imagenet resnet50 ILSVRC2012_val_00012331 lime_budget_256 seed=0
1161 stability imagenet resnet50 ILSVRC2012_val_00012331 lime_budget_256 seed=1
1162 stability imagenet resnet50 ILSVRC2012_val_00012331 lime_budget_256 seed=2
1163 stability imagenet resnet50 ILSVRC2012_val_00012331 lime_budget_256 seed=3
1164 stability imagenet resnet50 ILSVRC2012_val_00012331 lime_budget_256 seed=4
1165 stability imagenet resnet50 ILSVRC2012_val_00012331 lime_budget_512 seed=0
1166 stability imagenet resnet50 ILSVRC2012_val_00012331 lime_budget_512 seed=1
1167 stability imagenet resnet50 ILSVRC2012_val_00012331 lime_budget_512 seed=2
1168 stability imagenet resnet50 ILSVRC2012_val_00012331 lime_budget_512 seed=3
1169 stability imagenet resnet50 ILSVRC2012_val_00012331 lime_budget_512 seed=4
1170 stability imagenet resnet50 ILSVRC2012_val_00012331 lime_budget_1024 seed=0
1171 stability imagenet resnet50 ILSVRC2012_val_00012331 lime_budget_1024 seed=1
1172 stability imagenet resnet50 ILSVRC2012_val_00012331 lime_budget_1024 seed=2
1173 stability imagenet resnet50 ILSVRC2012_val_00012331 lime_budget_1024 seed=3
1174 stability imagenet resnet50 ILSVRC2012_val_00012331 lime_budget_1024 seed=4
1175 stability imagenet resnet50 ILSVRC2012_val_00012331 lime_budget_2048 seed=0
1176 stability imagenet resnet50 ILSVRC2012_val_00012331 lime_budget_2048 seed=1
1177 stability imagenet resnet50 ILSVRC2012_val_00012331 lime_budget_2048 seed=2
1178 stability imagenet resnet50 ILSVRC2012_val_00012331 lime_budget_2048 seed=3
1179 stability imagenet resnet50 ILSVRC2012_val_00012331 lime_budget_2048 seed=4
1180 stability imagenet resnet50 ILSVRC2012_val_00012331 rise_budget_256 seed=0
1181 stability imagenet resnet50 ILSVRC2012_val_00012331 rise_budget_256 seed=1
1182 stability imagenet resnet50 ILSVRC2012_val_00012331 rise_budget_256 seed=2
1183 stability imagenet resnet50 ILSVRC2012_val_00012331 rise_budget_256 seed=3
1184 stability imagenet resnet50 ILSVRC2012_val_00012331 rise_budget_256 seed=4
1185 stability imagenet resnet50 ILSVRC2012_val_00012331 rise_budget_512 seed=0
1186 stability imagenet resnet50 ILSVRC2012_val_00012331 rise_budget_512 seed=1
1187 stability imagenet resnet50 ILSVRC2012_val_00012331 rise_budget_512 seed=2
1188 stability imagenet resnet50 ILSVRC2012_val_00012331 rise_budget_512 seed=3
1189 stability imagenet resnet50 ILSVRC2012_val_00012331 rise_budget_512 seed=4
1190 stability imagenet resnet50 ILSVRC2012_val_00012331 rise_budget_1024 seed=0
1191 stability imagenet resnet50 ILSVRC2012_val_00012331 rise_budget_1024 seed=1
1192 stability imagenet resnet50 ILSVRC2012_val_00012331 rise_budget_1024 seed=2
1193 stability imagenet resnet50 ILSVRC2012_val_00012331 rise_budget_1024 seed=3
1194 stability imagenet resnet50 ILSVRC2012_val_00012331 rise_budget_1024 seed=4
1195 stability imagenet resnet50 ILSVRC2012_val_00012331 rise_budget_2048 seed=0
1196 stability imagenet resnet50 ILSVRC2012_val_00012331 rise_budget_2048 seed=1
1197 stability imagenet resnet50 ILSVRC2012_val_00012331 rise_budget_2048 seed=2
1198 stability imagenet resnet50 ILSVRC2012_val_00012331 rise_budget_2048 seed=3
1199 stability imagenet resnet50 ILSVRC2012_val_00012331 rise_budget_2048 seed=4
1200 stability imagenet resnet50 ILSVRC2012_val_00012331 kernel_shap_budget_256 seed=0
1201 stability imagenet resnet50 ILSVRC2012_val_00012331 kernel_shap_budget_256 seed=1
1202 stability imagenet resnet50 ILSVRC2012_val_00012331 kernel_shap_budget_256 seed=2
1203 stability imagenet resnet50 ILSVRC2012_val_00012331 kernel_shap_budget_256 seed=3
1204 stability imagenet resnet50 ILSVRC2012_val_00012331 kernel_shap_budget_256 seed=4
1205 stability imagenet resnet50 ILSVRC2012_val_00012331 kernel_shap_budget_512 seed=0
1206 stability imagenet resnet50 ILSVRC2012_val_00012331 kernel_shap_budget_512 seed=1
1207 stability imagenet resnet50 ILSVRC2012_val_00012331 kernel_shap_budget_512 seed=2
1208 stability imagenet resnet50 ILSVRC2012_val_00012331 kernel_shap_budget_512 seed=3
1209 stability imagenet resnet50 ILSVRC2012_val_00012331 kernel_shap_budget_512 seed=4
1210 stability imagenet resnet50 ILSVRC2012_val_00012331 kernel_shap_budget_1024 seed=0
1211 stability imagenet resnet50 ILSVRC2012_val_00012331 kernel_shap_budget_1024 seed=1
1212 stability imagenet resnet50 ILSVRC2012_val_00012331 kernel_shap_budget_1024 seed=2
1213 stability imagenet resnet50 ILSVRC2012_val_00012331 kernel_shap_budget_1024 seed=3
1214 stability imagenet resnet50 ILSVRC2012_val_00012331 kernel_shap_budget_1024 seed=4
1215 stability imagenet resnet50 ILSVRC2012_val_00012331 kernel_shap_budget_2048 seed=0
1216 stability imagenet resnet50 ILSVRC2012_val_00012331 kernel_shap_budget_2048 seed=1
1217 stability imagenet resnet50 ILSVRC2012_val_00012331 kernel_shap_budget_2048 seed=2
1218 stability imagenet resnet50 ILSVRC2012_val_00012331 kernel_shap_budget_2048 seed=3
1219 stability imagenet resnet50 ILSVRC2012_val_00012331 kernel_shap_budget_2048 seed=4
1220 stability imagenet resnet50 ILSVRC2012_val_00012331 ablation_default seed=None
1221 stability imagenet resnet50 ILSVRC2012_val_00013600 lime_budget_256 seed=0
1222 stability imagenet resnet50 ILSVRC2012_val_00013600 lime_budget_256 seed=1
1223 stability imagenet resnet50 ILSVRC2012_val_00013600 lime_budget_256 seed=2
1224 stability imagenet resnet50 ILSVRC2012_val_00013600 lime_budget_256 seed=3
1225 stability imagenet resnet50 ILSVRC2012_val_00013600 lime_budget_256 seed=4
1226 stability imagenet resnet50 ILSVRC2012_val_00013600 lime_budget_512 seed=0
1227 stability imagenet resnet50 ILSVRC2012_val_00013600 lime_budget_512 seed=1
1228 stability imagenet resnet50 ILSVRC2012_val_00013600 lime_budget_512 seed=2
1229 stability imagenet resnet50 ILSVRC2012_val_00013600 lime_budget_512 seed=3
1230 stability imagenet resnet50 ILSVRC2012_val_00013600 lime_budget_512 seed=4
1231 stability imagenet resnet50 ILSVRC2012_val_00013600 lime_budget_1024 seed=0
1232 stability imagenet resnet50 ILSVRC2012_val_00013600 lime_budget_1024 seed=1
1233 stability imagenet resnet50 ILSVRC2012_val_00013600 lime_budget_1024 seed=2
1234 stability imagenet resnet50 ILSVRC2012_val_00013600 lime_budget_1024 seed=3
1235 stability imagenet resnet50 ILSVRC2012_val_00013600 lime_budget_1024 seed=4
1236 stability imagenet resnet50 ILSVRC2012_val_00013600 lime_budget_2048 seed=0
1237 stability imagenet resnet50 ILSVRC2012_val_00013600 lime_budget_2048 seed=1
1238 stability imagenet resnet50 ILSVRC2012_val_00013600 lime_budget_2048 seed=2
1239 stability imagenet resnet50 ILSVRC2012_val_00013600 lime_budget_2048 seed=3
1240 stability imagenet resnet50 ILSVRC2012_val_00013600 lime_budget_2048 seed=4
1241 stability imagenet resnet50 ILSVRC2012_val_00013600 rise_budget_256 seed=0
1242 stability imagenet resnet50 ILSVRC2012_val_00013600 rise_budget_256 seed=1
1243 stability imagenet resnet50 ILSVRC2012_val_00013600 rise_budget_256 seed=2
1244 stability imagenet resnet50 ILSVRC2012_val_00013600 rise_budget_256 seed=3
1245 stability imagenet resnet50 ILSVRC2012_val_00013600 rise_budget_256 seed=4
1246 stability imagenet resnet50 ILSVRC2012_val_00013600 rise_budget_512 seed=0
1247 stability imagenet resnet50 ILSVRC2012_val_00013600 rise_budget_512 seed=1
1248 stability imagenet resnet50 ILSVRC2012_val_00013600 rise_budget_512 seed=2
1249 stability imagenet resnet50 ILSVRC2012_val_00013600 rise_budget_512 seed=3
1250 stability imagenet resnet50 ILSVRC2012_val_00013600 rise_budget_512 seed=4
1251 stability imagenet resnet50 ILSVRC2012_val_00013600 rise_budget_1024 seed=0
1252 stability imagenet resnet50 ILSVRC2012_val_00013600 rise_budget_1024 seed=1
1253 stability imagenet resnet50 ILSVRC2012_val_00013600 rise_budget_1024 seed=2
1254 stability imagenet resnet50 ILSVRC2012_val_00013600 rise_budget_1024 seed=3
1255 stability imagenet resnet50 ILSVRC2012_val_00013600 rise_budget_1024 seed=4
1256 stability imagenet resnet50 ILSVRC2012_val_00013600 rise_budget_2048 seed=0
1257 stability imagenet resnet50 ILSVRC2012_val_00013600 rise_budget_2048 seed=1
1258 stability imagenet resnet50 ILSVRC2012_val_00013600 rise_budget_2048 seed=2
1259 stability imagenet resnet50 ILSVRC2012_val_00013600 rise_budget_2048 seed=3
1260 stability imagenet resnet50 ILSVRC2012_val_00013600 rise_budget_2048 seed=4
1261 stability imagenet resnet50 ILSVRC2012_val_00013600 kernel_shap_budget_256 seed=0
1262 stability imagenet resnet50 ILSVRC2012_val_00013600 kernel_shap_budget_256 seed=1
1263 stability imagenet resnet50 ILSVRC2012_val_00013600 kernel_shap_budget_256 seed=2
1264 stability imagenet resnet50 ILSVRC2012_val_00013600 kernel_shap_budget_256 seed=3
1265 stability imagenet resnet50 ILSVRC2012_val_00013600 kernel_shap_budget_256 seed=4
1266 stability imagenet resnet50 ILSVRC2012_val_00013600 kernel_shap_budget_512 seed=0
1267 stability imagenet resnet50 ILSVRC2012_val_00013600 kernel_shap_budget_512 seed=1
1268 stability imagenet resnet50 ILSVRC2012_val_00013600 kernel_shap_budget_512 seed=2
1269 stability imagenet resnet50 ILSVRC2012_val_00013600 kernel_shap_budget_512 seed=3
1270 stability imagenet resnet50 ILSVRC2012_val_00013600 kernel_shap_budget_512 seed=4
1271 stability imagenet resnet50 ILSVRC2012_val_00013600 kernel_shap_budget_1024 seed=0
1272 stability imagenet resnet50 ILSVRC2012_val_00013600 kernel_shap_budget_1024 seed=1
1273 stability imagenet resnet50 ILSVRC2012_val_00013600 kernel_shap_budget_1024 seed=2
1274 stability imagenet resnet50 ILSVRC2012_val_00013600 kernel_shap_budget_1024 seed=3
1275 stability imagenet resnet50 ILSVRC2012_val_00013600 kernel_shap_budget_1024 seed=4
1276 stability imagenet resnet50 ILSVRC2012_val_00013600 kernel_shap_budget_2048 seed=0
1277 stability imagenet resnet50 ILSVRC2012_val_00013600 kernel_shap_budget_2048 seed=1
1278 stability imagenet resnet50 ILSVRC2012_val_00013600 kernel_shap_budget_2048 seed=2
1279 stability imagenet resnet50 ILSVRC2012_val_00013600 kernel_shap_budget_2048 seed=3
1280 stability imagenet resnet50 ILSVRC2012_val_00013600 kernel_shap_budget_2048 seed=4
1281 stability imagenet resnet50 ILSVRC2012_val_00013600 ablation_default seed=None
1282 stability imagenet resnet50 ILSVRC2012_val_00014108 lime_budget_256 seed=0
1283 stability imagenet resnet50 ILSVRC2012_val_00014108 lime_budget_256 seed=1
1284 stability imagenet resnet50 ILSVRC2012_val_00014108 lime_budget_256 seed=2
1285 stability imagenet resnet50 ILSVRC2012_val_00014108 lime_budget_256 seed=3
1286 stability imagenet resnet50 ILSVRC2012_val_00014108 lime_budget_256 seed=4
1287 stability imagenet resnet50 ILSVRC2012_val_00014108 lime_budget_512 seed=0
1288 stability imagenet resnet50 ILSVRC2012_val_00014108 lime_budget_512 seed=1
1289 stability imagenet resnet50 ILSVRC2012_val_00014108 lime_budget_512 seed=2
1290 stability imagenet resnet50 ILSVRC2012_val_00014108 lime_budget_512 seed=3
1291 stability imagenet resnet50 ILSVRC2012_val_00014108 lime_budget_512 seed=4
1292 stability imagenet resnet50 ILSVRC2012_val_00014108 lime_budget_1024 seed=0
1293 stability imagenet resnet50 ILSVRC2012_val_00014108 lime_budget_1024 seed=1
1294 stability imagenet resnet50 ILSVRC2012_val_00014108 lime_budget_1024 seed=2
1295 stability imagenet resnet50 ILSVRC2012_val_00014108 lime_budget_1024 seed=3
1296 stability imagenet resnet50 ILSVRC2012_val_00014108 lime_budget_1024 seed=4
1297 stability imagenet resnet50 ILSVRC2012_val_00014108 lime_budget_2048 seed=0
1298 stability imagenet resnet50 ILSVRC2012_val_00014108 lime_budget_2048 seed=1
1299 stability imagenet resnet50 ILSVRC2012_val_00014108 lime_budget_2048 seed=2
1300 stability imagenet resnet50 ILSVRC2012_val_00014108 lime_budget_2048 seed=3
1301 stability imagenet resnet50 ILSVRC2012_val_00014108 lime_budget_2048 seed=4
1302 stability imagenet resnet50 ILSVRC2012_val_00014108 rise_budget_256 seed=0
1303 stability imagenet resnet50 ILSVRC2012_val_00014108 rise_budget_256 seed=1
1304 stability imagenet resnet50 ILSVRC2012_val_00014108 rise_budget_256 seed=2
1305 stability imagenet resnet50 ILSVRC2012_val_00014108 rise_budget_256 seed=3
1306 stability imagenet resnet50 ILSVRC2012_val_00014108 rise_budget_256 seed=4
1307 stability imagenet resnet50 ILSVRC2012_val_00014108 rise_budget_512 seed=0
1308 stability imagenet resnet50 ILSVRC2012_val_00014108 rise_budget_512 seed=1
1309 stability imagenet resnet50 ILSVRC2012_val_00014108 rise_budget_512 seed=2
1310 stability imagenet resnet50 ILSVRC2012_val_00014108 rise_budget_512 seed=3
1311 stability imagenet resnet50 ILSVRC2012_val_00014108 rise_budget_512 seed=4
1312 stability imagenet resnet50 ILSVRC2012_val_00014108 rise_budget_1024 seed=0
1313 stability imagenet resnet50 ILSVRC2012_val_00014108 rise_budget_1024 seed=1
1314 stability imagenet resnet50 ILSVRC2012_val_00014108 rise_budget_1024 seed=2
1315 stability imagenet resnet50 ILSVRC2012_val_00014108 rise_budget_1024 seed=3
1316 stability imagenet resnet50 ILSVRC2012_val_00014108 rise_budget_1024 seed=4
1317 stability imagenet resnet50 ILSVRC2012_val_00014108 rise_budget_2048 seed=0
1318 stability imagenet resnet50 ILSVRC2012_val_00014108 rise_budget_2048 seed=1
1319 stability imagenet resnet50 ILSVRC2012_val_00014108 rise_budget_2048 seed=2
1320 stability imagenet resnet50 ILSVRC2012_val_00014108 rise_budget_2048 seed=3
1321 stability imagenet resnet50 ILSVRC2012_val_00014108 rise_budget_2048 seed=4
1322 stability imagenet resnet50 ILSVRC2012_val_00014108 kernel_shap_budget_256 seed=0
1323 stability imagenet resnet50 ILSVRC2012_val_00014108 kernel_shap_budget_256 seed=1
1324 stability imagenet resnet50 ILSVRC2012_val_00014108 kernel_shap_budget_256 seed=2
1325 stability imagenet resnet50 ILSVRC2012_val_00014108 kernel_shap_budget_256 seed=3
1326 stability imagenet resnet50 ILSVRC2012_val_00014108 kernel_shap_budget_256 seed=4
1327 stability imagenet resnet50 ILSVRC2012_val_00014108 kernel_shap_budget_512 seed=0
1328 stability imagenet resnet50 ILSVRC2012_val_00014108 kernel_shap_budget_512 seed=1
1329 stability imagenet resnet50 ILSVRC2012_val_00014108 kernel_shap_budget_512 seed=2
1330 stability imagenet resnet50 ILSVRC2012_val_00014108 kernel_shap_budget_512 seed=3
1331 stability imagenet resnet50 ILSVRC2012_val_00014108 kernel_shap_budget_512 seed=4
1332 stability imagenet resnet50 ILSVRC2012_val_00014108 kernel_shap_budget_1024 seed=0
1333 stability imagenet resnet50 ILSVRC2012_val_00014108 kernel_shap_budget_1024 seed=1
1334 stability imagenet resnet50 ILSVRC2012_val_00014108 kernel_shap_budget_1024 seed=2
1335 stability imagenet resnet50 ILSVRC2012_val_00014108 kernel_shap_budget_1024 seed=3
1336 stability imagenet resnet50 ILSVRC2012_val_00014108 kernel_shap_budget_1024 seed=4
1337 stability imagenet resnet50 ILSVRC2012_val_00014108 kernel_shap_budget_2048 seed=0
1338 stability imagenet resnet50 ILSVRC2012_val_00014108 kernel_shap_budget_2048 seed=1
1339 stability imagenet resnet50 ILSVRC2012_val_00014108 kernel_shap_budget_2048 seed=2
1340 stability imagenet resnet50 ILSVRC2012_val_00014108 kernel_shap_budget_2048 seed=3
1341 stability imagenet resnet50 ILSVRC2012_val_00014108 kernel_shap_budget_2048 seed=4
1342 stability imagenet resnet50 ILSVRC2012_val_00014108 ablation_default seed=None
1343 stability imagenet resnet50 ILSVRC2012_val_00014806 lime_budget_256 seed=0
1344 stability imagenet resnet50 ILSVRC2012_val_00014806 lime_budget_256 seed=1
1345 stability imagenet resnet50 ILSVRC2012_val_00014806 lime_budget_256 seed=2
1346 stability imagenet resnet50 ILSVRC2012_val_00014806 lime_budget_256 seed=3
1347 stability imagenet resnet50 ILSVRC2012_val_00014806 lime_budget_256 seed=4
1348 stability imagenet resnet50 ILSVRC2012_val_00014806 lime_budget_512 seed=0
1349 stability imagenet resnet50 ILSVRC2012_val_00014806 lime_budget_512 seed=1
1350 stability imagenet resnet50 ILSVRC2012_val_00014806 lime_budget_512 seed=2
1351 stability imagenet resnet50 ILSVRC2012_val_00014806 lime_budget_512 seed=3
1352 stability imagenet resnet50 ILSVRC2012_val_00014806 lime_budget_512 seed=4
1353 stability imagenet resnet50 ILSVRC2012_val_00014806 lime_budget_1024 seed=0
1354 stability imagenet resnet50 ILSVRC2012_val_00014806 lime_budget_1024 seed=1
1355 stability imagenet resnet50 ILSVRC2012_val_00014806 lime_budget_1024 seed=2
1356 stability imagenet resnet50 ILSVRC2012_val_00014806 lime_budget_1024 seed=3
1357 stability imagenet resnet50 ILSVRC2012_val_00014806 lime_budget_1024 seed=4
1358 stability imagenet resnet50 ILSVRC2012_val_00014806 lime_budget_2048 seed=0
1359 stability imagenet resnet50 ILSVRC2012_val_00014806 lime_budget_2048 seed=1
1360 stability imagenet resnet50 ILSVRC2012_val_00014806 lime_budget_2048 seed=2
1361 stability imagenet resnet50 ILSVRC2012_val_00014806 lime_budget_2048 seed=3
1362 stability imagenet resnet50 ILSVRC2012_val_00014806 lime_budget_2048 seed=4
1363 stability imagenet resnet50 ILSVRC2012_val_00014806 rise_budget_256 seed=0
1364 stability imagenet resnet50 ILSVRC2012_val_00014806 rise_budget_256 seed=1
1365 stability imagenet resnet50 ILSVRC2012_val_00014806 rise_budget_256 seed=2
1366 stability imagenet resnet50 ILSVRC2012_val_00014806 rise_budget_256 seed=3
1367 stability imagenet resnet50 ILSVRC2012_val_00014806 rise_budget_256 seed=4
1368 stability imagenet resnet50 ILSVRC2012_val_00014806 rise_budget_512 seed=0
1369 stability imagenet resnet50 ILSVRC2012_val_00014806 rise_budget_512 seed=1
1370 stability imagenet resnet50 ILSVRC2012_val_00014806 rise_budget_512 seed=2
1371 stability imagenet resnet50 ILSVRC2012_val_00014806 rise_budget_512 seed=3
1372 stability imagenet resnet50 ILSVRC2012_val_00014806 rise_budget_512 seed=4
1373 stability imagenet resnet50 ILSVRC2012_val_00014806 rise_budget_1024 seed=0
1374 stability imagenet resnet50 ILSVRC2012_val_00014806 rise_budget_1024 seed=1
1375 stability imagenet resnet50 ILSVRC2012_val_00014806 rise_budget_1024 seed=2
1376 stability imagenet resnet50 ILSVRC2012_val_00014806 rise_budget_1024 seed=3
1377 stability imagenet resnet50 ILSVRC2012_val_00014806 rise_budget_1024 seed=4
1378 stability imagenet resnet50 ILSVRC2012_val_00014806 rise_budget_2048 seed=0
1379 stability imagenet resnet50 ILSVRC2012_val_00014806 rise_budget_2048 seed=1
1380 stability imagenet resnet50 ILSVRC2012_val_00014806 rise_budget_2048 seed=2
1381 stability imagenet resnet50 ILSVRC2012_val_00014806 rise_budget_2048 seed=3
1382 stability imagenet resnet50 ILSVRC2012_val_00014806 rise_budget_2048 seed=4
1383 stability imagenet resnet50 ILSVRC2012_val_00014806 kernel_shap_budget_256 seed=0
1384 stability imagenet resnet50 ILSVRC2012_val_00014806 kernel_shap_budget_256 seed=1
1385 stability imagenet resnet50 ILSVRC2012_val_00014806 kernel_shap_budget_256 seed=2
1386 stability imagenet resnet50 ILSVRC2012_val_00014806 kernel_shap_budget_256 seed=3
1387 stability imagenet resnet50 ILSVRC2012_val_00014806 kernel_shap_budget_256 seed=4
1388 stability imagenet resnet50 ILSVRC2012_val_00014806 kernel_shap_budget_512 seed=0
1389 stability imagenet resnet50 ILSVRC2012_val_00014806 kernel_shap_budget_512 seed=1
1390 stability imagenet resnet50 ILSVRC2012_val_00014806 kernel_shap_budget_512 seed=2
1391 stability imagenet resnet50 ILSVRC2012_val_00014806 kernel_shap_budget_512 seed=3
1392 stability imagenet resnet50 ILSVRC2012_val_00014806 kernel_shap_budget_512 seed=4
1393 stability imagenet resnet50 ILSVRC2012_val_00014806 kernel_shap_budget_1024 seed=0
1394 stability imagenet resnet50 ILSVRC2012_val_00014806 kernel_shap_budget_1024 seed=1
1395 stability imagenet resnet50 ILSVRC2012_val_00014806 kernel_shap_budget_1024 seed=2
1396 stability imagenet resnet50 ILSVRC2012_val_00014806 kernel_shap_budget_1024 seed=3
1397 stability imagenet resnet50 ILSVRC2012_val_00014806 kernel_shap_budget_1024 seed=4
1398 stability imagenet resnet50 ILSVRC2012_val_00014806 kernel_shap_budget_2048 seed=0
1399 stability imagenet resnet50 ILSVRC2012_val_00014806 kernel_shap_budget_2048 seed=1
1400 stability imagenet resnet50 ILSVRC2012_val_00014806 kernel_shap_budget_2048 seed=2
1401 stability imagenet resnet50 ILSVRC2012_val_00014806 kernel_shap_budget_2048 seed=3
1402 stability imagenet resnet50 ILSVRC2012_val_00014806 kernel_shap_budget_2048 seed=4
1403 stability imagenet resnet50 ILSVRC2012_val_00014806 ablation_default seed=None
1404 stability imagenet resnet50 ILSVRC2012_val_00015124 lime_budget_256 seed=0
1405 stability imagenet resnet50 ILSVRC2012_val_00015124 lime_budget_256 seed=1
1406 stability imagenet resnet50 ILSVRC2012_val_00015124 lime_budget_256 seed=2
1407 stability imagenet resnet50 ILSVRC2012_val_00015124 lime_budget_256 seed=3
1408 stability imagenet resnet50 ILSVRC2012_val_00015124 lime_budget_256 seed=4
1409 stability imagenet resnet50 ILSVRC2012_val_00015124 lime_budget_512 seed=0
1410 stability imagenet resnet50 ILSVRC2012_val_00015124 lime_budget_512 seed=1
1411 stability imagenet resnet50 ILSVRC2012_val_00015124 lime_budget_512 seed=2
1412 stability imagenet resnet50 ILSVRC2012_val_00015124 lime_budget_512 seed=3
1413 stability imagenet resnet50 ILSVRC2012_val_00015124 lime_budget_512 seed=4
1414 stability imagenet resnet50 ILSVRC2012_val_00015124 lime_budget_1024 seed=0
1415 stability imagenet resnet50 ILSVRC2012_val_00015124 lime_budget_1024 seed=1
1416 stability imagenet resnet50 ILSVRC2012_val_00015124 lime_budget_1024 seed=2
1417 stability imagenet resnet50 ILSVRC2012_val_00015124 lime_budget_1024 seed=3
1418 stability imagenet resnet50 ILSVRC2012_val_00015124 lime_budget_1024 seed=4
1419 stability imagenet resnet50 ILSVRC2012_val_00015124 lime_budget_2048 seed=0
1420 stability imagenet resnet50 ILSVRC2012_val_00015124 lime_budget_2048 seed=1
1421 stability imagenet resnet50 ILSVRC2012_val_00015124 lime_budget_2048 seed=2
1422 stability imagenet resnet50 ILSVRC2012_val_00015124 lime_budget_2048 seed=3
1423 stability imagenet resnet50 ILSVRC2012_val_00015124 lime_budget_2048 seed=4
1424 stability imagenet resnet50 ILSVRC2012_val_00015124 rise_budget_256 seed=0
1425 stability imagenet resnet50 ILSVRC2012_val_00015124 rise_budget_256 seed=1
1426 stability imagenet resnet50 ILSVRC2012_val_00015124 rise_budget_256 seed=2
1427 stability imagenet resnet50 ILSVRC2012_val_00015124 rise_budget_256 seed=3
1428 stability imagenet resnet50 ILSVRC2012_val_00015124 rise_budget_256 seed=4
1429 stability imagenet resnet50 ILSVRC2012_val_00015124 rise_budget_512 seed=0
1430 stability imagenet resnet50 ILSVRC2012_val_00015124 rise_budget_512 seed=1
1431 stability imagenet resnet50 ILSVRC2012_val_00015124 rise_budget_512 seed=2
1432 stability imagenet resnet50 ILSVRC2012_val_00015124 rise_budget_512 seed=3
1433 stability imagenet resnet50 ILSVRC2012_val_00015124 rise_budget_512 seed=4
1434 stability imagenet resnet50 ILSVRC2012_val_00015124 rise_budget_1024 seed=0
1435 stability imagenet resnet50 ILSVRC2012_val_00015124 rise_budget_1024 seed=1
1436 stability imagenet resnet50 ILSVRC2012_val_00015124 rise_budget_1024 seed=2
1437 stability imagenet resnet50 ILSVRC2012_val_00015124 rise_budget_1024 seed=3
1438 stability imagenet resnet50 ILSVRC2012_val_00015124 rise_budget_1024 seed=4
1439 stability imagenet resnet50 ILSVRC2012_val_00015124 rise_budget_2048 seed=0
1440 stability imagenet resnet50 ILSVRC2012_val_00015124 rise_budget_2048 seed=1
1441 stability imagenet resnet50 ILSVRC2012_val_00015124 rise_budget_2048 seed=2
1442 stability imagenet resnet50 ILSVRC2012_val_00015124 rise_budget_2048 seed=3
1443 stability imagenet resnet50 ILSVRC2012_val_00015124 rise_budget_2048 seed=4
1444 stability imagenet resnet50 ILSVRC2012_val_00015124 kernel_shap_budget_256 seed=0
1445 stability imagenet resnet50 ILSVRC2012_val_00015124 kernel_shap_budget_256 seed=1
1446 stability imagenet resnet50 ILSVRC2012_val_00015124 kernel_shap_budget_256 seed=2
1447 stability imagenet resnet50 ILSVRC2012_val_00015124 kernel_shap_budget_256 seed=3
1448 stability imagenet resnet50 ILSVRC2012_val_00015124 kernel_shap_budget_256 seed=4
1449 stability imagenet resnet50 ILSVRC2012_val_00015124 kernel_shap_budget_512 seed=0
1450 stability imagenet resnet50 ILSVRC2012_val_00015124 kernel_shap_budget_512 seed=1
1451 stability imagenet resnet50 ILSVRC2012_val_00015124 kernel_shap_budget_512 seed=2
1452 stability imagenet resnet50 ILSVRC2012_val_00015124 kernel_shap_budget_512 seed=3
1453 stability imagenet resnet50 ILSVRC2012_val_00015124 kernel_shap_budget_512 seed=4
1454 stability imagenet resnet50 ILSVRC2012_val_00015124 kernel_shap_budget_1024 seed=0
1455 stability imagenet resnet50 ILSVRC2012_val_00015124 kernel_shap_budget_1024 seed=1
1456 stability imagenet resnet50 ILSVRC2012_val_00015124 kernel_shap_budget_1024 seed=2
1457 stability imagenet resnet50 ILSVRC2012_val_00015124 kernel_shap_budget_1024 seed=3
1458 stability imagenet resnet50 ILSVRC2012_val_00015124 kernel_shap_budget_1024 seed=4
1459 stability imagenet resnet50 ILSVRC2012_val_00015124 kernel_shap_budget_2048 seed=0
1460 stability imagenet resnet50 ILSVRC2012_val_00015124 kernel_shap_budget_2048 seed=1
1461 stability imagenet resnet50 ILSVRC2012_val_00015124 kernel_shap_budget_2048 seed=2
1462 stability imagenet resnet50 ILSVRC2012_val_00015124 kernel_shap_budget_2048 seed=3
1463 stability imagenet resnet50 ILSVRC2012_val_00015124 kernel_shap_budget_2048 seed=4
1464 stability imagenet resnet50 ILSVRC2012_val_00015124 ablation_default seed=None
1465 stability imagenet resnet50 ILSVRC2012_val_00015975 lime_budget_256 seed=0
1466 stability imagenet resnet50 ILSVRC2012_val_00015975 lime_budget_256 seed=1
1467 stability imagenet resnet50 ILSVRC2012_val_00015975 lime_budget_256 seed=2
1468 stability imagenet resnet50 ILSVRC2012_val_00015975 lime_budget_256 seed=3
1469 stability imagenet resnet50 ILSVRC2012_val_00015975 lime_budget_256 seed=4
1470 stability imagenet resnet50 ILSVRC2012_val_00015975 lime_budget_512 seed=0
1471 stability imagenet resnet50 ILSVRC2012_val_00015975 lime_budget_512 seed=1
1472 stability imagenet resnet50 ILSVRC2012_val_00015975 lime_budget_512 seed=2
1473 stability imagenet resnet50 ILSVRC2012_val_00015975 lime_budget_512 seed=3
1474 stability imagenet resnet50 ILSVRC2012_val_00015975 lime_budget_512 seed=4
1475 stability imagenet resnet50 ILSVRC2012_val_00015975 lime_budget_1024 seed=0
1476 stability imagenet resnet50 ILSVRC2012_val_00015975 lime_budget_1024 seed=1
1477 stability imagenet resnet50 ILSVRC2012_val_00015975 lime_budget_1024 seed=2
1478 stability imagenet resnet50 ILSVRC2012_val_00015975 lime_budget_1024 seed=3
1479 stability imagenet resnet50 ILSVRC2012_val_00015975 lime_budget_1024 seed=4
1480 stability imagenet resnet50 ILSVRC2012_val_00015975 lime_budget_2048 seed=0
1481 stability imagenet resnet50 ILSVRC2012_val_00015975 lime_budget_2048 seed=1
1482 stability imagenet resnet50 ILSVRC2012_val_00015975 lime_budget_2048 seed=2
1483 stability imagenet resnet50 ILSVRC2012_val_00015975 lime_budget_2048 seed=3
1484 stability imagenet resnet50 ILSVRC2012_val_00015975 lime_budget_2048 seed=4
1485 stability imagenet resnet50 ILSVRC2012_val_00015975 rise_budget_256 seed=0
1486 stability imagenet resnet50 ILSVRC2012_val_00015975 rise_budget_256 seed=1
1487 stability imagenet resnet50 ILSVRC2012_val_00015975 rise_budget_256 seed=2
1488 stability imagenet resnet50 ILSVRC2012_val_00015975 rise_budget_256 seed=3
1489 stability imagenet resnet50 ILSVRC2012_val_00015975 rise_budget_256 seed=4
1490 stability imagenet resnet50 ILSVRC2012_val_00015975 rise_budget_512 seed=0
1491 stability imagenet resnet50 ILSVRC2012_val_00015975 rise_budget_512 seed=1
1492 stability imagenet resnet50 ILSVRC2012_val_00015975 rise_budget_512 seed=2
1493 stability imagenet resnet50 ILSVRC2012_val_00015975 rise_budget_512 seed=3
1494 stability imagenet resnet50 ILSVRC2012_val_00015975 rise_budget_512 seed=4
1495 stability imagenet resnet50 ILSVRC2012_val_00015975 rise_budget_1024 seed=0
1496 stability imagenet resnet50 ILSVRC2012_val_00015975 rise_budget_1024 seed=1
1497 stability imagenet resnet50 ILSVRC2012_val_00015975 rise_budget_1024 seed=2
1498 stability imagenet resnet50 ILSVRC2012_val_00015975 rise_budget_1024 seed=3
1499 stability imagenet resnet50 ILSVRC2012_val_00015975 rise_budget_1024 seed=4
1500 stability imagenet resnet50 ILSVRC2012_val_00015975 rise_budget_2048 seed=0
1501 stability imagenet resnet50 ILSVRC2012_val_00015975 rise_budget_2048 seed=1
1502 stability imagenet resnet50 ILSVRC2012_val_00015975 rise_budget_2048 seed=2
1503 stability imagenet resnet50 ILSVRC2012_val_00015975 rise_budget_2048 seed=3
1504 stability imagenet resnet50 ILSVRC2012_val_00015975 rise_budget_2048 seed=4
1505 stability imagenet resnet50 ILSVRC2012_val_00015975 kernel_shap_budget_256 seed=0
1506 stability imagenet resnet50 ILSVRC2012_val_00015975 kernel_shap_budget_256 seed=1
1507 stability imagenet resnet50 ILSVRC2012_val_00015975 kernel_shap_budget_256 seed=2
1508 stability imagenet resnet50 ILSVRC2012_val_00015975 kernel_shap_budget_256 seed=3
1509 stability imagenet resnet50 ILSVRC2012_val_00015975 kernel_shap_budget_256 seed=4
1510 stability imagenet resnet50 ILSVRC2012_val_00015975 kernel_shap_budget_512 seed=0
1511 stability imagenet resnet50 ILSVRC2012_val_00015975 kernel_shap_budget_512 seed=1
1512 stability imagenet resnet50 ILSVRC2012_val_00015975 kernel_shap_budget_512 seed=2
1513 stability imagenet resnet50 ILSVRC2012_val_00015975 kernel_shap_budget_512 seed=3
1514 stability imagenet resnet50 ILSVRC2012_val_00015975 kernel_shap_budget_512 seed=4
1515 stability imagenet resnet50 ILSVRC2012_val_00015975 kernel_shap_budget_1024 seed=0
1516 stability imagenet resnet50 ILSVRC2012_val_00015975 kernel_shap_budget_1024 seed=1
1517 stability imagenet resnet50 ILSVRC2012_val_00015975 kernel_shap_budget_1024 seed=2
1518 stability imagenet resnet50 ILSVRC2012_val_00015975 kernel_shap_budget_1024 seed=3
1519 stability imagenet resnet50 ILSVRC2012_val_00015975 kernel_shap_budget_1024 seed=4
1520 stability imagenet resnet50 ILSVRC2012_val_00015975 kernel_shap_budget_2048 seed=0
1521 stability imagenet resnet50 ILSVRC2012_val_00015975 kernel_shap_budget_2048 seed=1
1522 stability imagenet resnet50 ILSVRC2012_val_00015975 kernel_shap_budget_2048 seed=2
1523 stability imagenet resnet50 ILSVRC2012_val_00015975 kernel_shap_budget_2048 seed=3
1524 stability imagenet resnet50 ILSVRC2012_val_00015975 kernel_shap_budget_2048 seed=4
1525 stability imagenet resnet50 ILSVRC2012_val_00015975 ablation_default seed=None
1526 stability imagenet resnet50 ILSVRC2012_val_00017759 lime_budget_256 seed=0
1527 stability imagenet resnet50 ILSVRC2012_val_00017759 lime_budget_256 seed=1
1528 stability imagenet resnet50 ILSVRC2012_val_00017759 lime_budget_256 seed=2
1529 stability imagenet resnet50 ILSVRC2012_val_00017759 lime_budget_256 seed=3
1530 stability imagenet resnet50 ILSVRC2012_val_00017759 lime_budget_256 seed=4
1531 stability imagenet resnet50 ILSVRC2012_val_00017759 lime_budget_512 seed=0
1532 stability imagenet resnet50 ILSVRC2012_val_00017759 lime_budget_512 seed=1
1533 stability imagenet resnet50 ILSVRC2012_val_00017759 lime_budget_512 seed=2
1534 stability imagenet resnet50 ILSVRC2012_val_00017759 lime_budget_512 seed=3
1535 stability imagenet resnet50 ILSVRC2012_val_00017759 lime_budget_512 seed=4
1536 stability imagenet resnet50 ILSVRC2012_val_00017759 lime_budget_1024 seed=0
1537 stability imagenet resnet50 ILSVRC2012_val_00017759 lime_budget_1024 seed=1
1538 stability imagenet resnet50 ILSVRC2012_val_00017759 lime_budget_1024 seed=2
1539 stability imagenet resnet50 ILSVRC2012_val_00017759 lime_budget_1024 seed=3
1540 stability imagenet resnet50 ILSVRC2012_val_00017759 lime_budget_1024 seed=4
1541 stability imagenet resnet50 ILSVRC2012_val_00017759 lime_budget_2048 seed=0
1542 stability imagenet resnet50 ILSVRC2012_val_00017759 lime_budget_2048 seed=1
1543 stability imagenet resnet50 ILSVRC2012_val_00017759 lime_budget_2048 seed=2
1544 stability imagenet resnet50 ILSVRC2012_val_00017759 lime_budget_2048 seed=3
1545 stability imagenet resnet50 ILSVRC2012_val_00017759 lime_budget_2048 seed=4
1546 stability imagenet resnet50 ILSVRC2012_val_00017759 rise_budget_256 seed=0
1547 stability imagenet resnet50 ILSVRC2012_val_00017759 rise_budget_256 seed=1
1548 stability imagenet resnet50 ILSVRC2012_val_00017759 rise_budget_256 seed=2
1549 stability imagenet resnet50 ILSVRC2012_val_00017759 rise_budget_256 seed=3
1550 stability imagenet resnet50 ILSVRC2012_val_00017759 rise_budget_256 seed=4
1551 stability imagenet resnet50 ILSVRC2012_val_00017759 rise_budget_512 seed=0
1552 stability imagenet resnet50 ILSVRC2012_val_00017759 rise_budget_512 seed=1
1553 stability imagenet resnet50 ILSVRC2012_val_00017759 rise_budget_512 seed=2
1554 stability imagenet resnet50 ILSVRC2012_val_00017759 rise_budget_512 seed=3
1555 stability imagenet resnet50 ILSVRC2012_val_00017759 rise_budget_512 seed=4
1556 stability imagenet resnet50 ILSVRC2012_val_00017759 rise_budget_1024 seed=0
1557 stability imagenet resnet50 ILSVRC2012_val_00017759 rise_budget_1024 seed=1
1558 stability imagenet resnet50 ILSVRC2012_val_00017759 rise_budget_1024 seed=2
1559 stability imagenet resnet50 ILSVRC2012_val_00017759 rise_budget_1024 seed=3
1560 stability imagenet resnet50 ILSVRC2012_val_00017759 rise_budget_1024 seed=4
1561 stability imagenet resnet50 ILSVRC2012_val_00017759 rise_budget_2048 seed=0
1562 stability imagenet resnet50 ILSVRC2012_val_00017759 rise_budget_2048 seed=1
1563 stability imagenet resnet50 ILSVRC2012_val_00017759 rise_budget_2048 seed=2
1564 stability imagenet resnet50 ILSVRC2012_val_00017759 rise_budget_2048 seed=3
1565 stability imagenet resnet50 ILSVRC2012_val_00017759 rise_budget_2048 seed=4
1566 stability imagenet resnet50 ILSVRC2012_val_00017759 kernel_shap_budget_256 seed=0
1567 stability imagenet resnet50 ILSVRC2012_val_00017759 kernel_shap_budget_256 seed=1
1568 stability imagenet resnet50 ILSVRC2012_val_00017759 kernel_shap_budget_256 seed=2
1569 stability imagenet resnet50 ILSVRC2012_val_00017759 kernel_shap_budget_256 seed=3
1570 stability imagenet resnet50 ILSVRC2012_val_00017759 kernel_shap_budget_256 seed=4
1571 stability imagenet resnet50 ILSVRC2012_val_00017759 kernel_shap_budget_512 seed=0
1572 stability imagenet resnet50 ILSVRC2012_val_00017759 kernel_shap_budget_512 seed=1
1573 stability imagenet resnet50 ILSVRC2012_val_00017759 kernel_shap_budget_512 seed=2
1574 stability imagenet resnet50 ILSVRC2012_val_00017759 kernel_shap_budget_512 seed=3
1575 stability imagenet resnet50 ILSVRC2012_val_00017759 kernel_shap_budget_512 seed=4
1576 stability imagenet resnet50 ILSVRC2012_val_00017759 kernel_shap_budget_1024 seed=0
1577 stability imagenet resnet50 ILSVRC2012_val_00017759 kernel_shap_budget_1024 seed=1
1578 stability imagenet resnet50 ILSVRC2012_val_00017759 kernel_shap_budget_1024 seed=2
1579 stability imagenet resnet50 ILSVRC2012_val_00017759 kernel_shap_budget_1024 seed=3
1580 stability imagenet resnet50 ILSVRC2012_val_00017759 kernel_shap_budget_1024 seed=4
1581 stability imagenet resnet50 ILSVRC2012_val_00017759 kernel_shap_budget_2048 seed=0
1582 stability imagenet resnet50 ILSVRC2012_val_00017759 kernel_shap_budget_2048 seed=1
1583 stability imagenet resnet50 ILSVRC2012_val_00017759 kernel_shap_budget_2048 seed=2
1584 stability imagenet resnet50 ILSVRC2012_val_00017759 kernel_shap_budget_2048 seed=3
1585 stability imagenet resnet50 ILSVRC2012_val_00017759 kernel_shap_budget_2048 seed=4
1586 stability imagenet resnet50 ILSVRC2012_val_00017759 ablation_default seed=None
1587 stability imagenet resnet50 ILSVRC2012_val_00023695 lime_budget_256 seed=0
1588 stability imagenet resnet50 ILSVRC2012_val_00023695 lime_budget_256 seed=1
1589 stability imagenet resnet50 ILSVRC2012_val_00023695 lime_budget_256 seed=2
1590 stability imagenet resnet50 ILSVRC2012_val_00023695 lime_budget_256 seed=3
1591 stability imagenet resnet50 ILSVRC2012_val_00023695 lime_budget_256 seed=4
1592 stability imagenet resnet50 ILSVRC2012_val_00023695 lime_budget_512 seed=0
1593 stability imagenet resnet50 ILSVRC2012_val_00023695 lime_budget_512 seed=1
1594 stability imagenet resnet50 ILSVRC2012_val_00023695 lime_budget_512 seed=2
1595 stability imagenet resnet50 ILSVRC2012_val_00023695 lime_budget_512 seed=3
1596 stability imagenet resnet50 ILSVRC2012_val_00023695 lime_budget_512 seed=4
1597 stability imagenet resnet50 ILSVRC2012_val_00023695 lime_budget_1024 seed=0
1598 stability imagenet resnet50 ILSVRC2012_val_00023695 lime_budget_1024 seed=1
1599 stability imagenet resnet50 ILSVRC2012_val_00023695 lime_budget_1024 seed=2
1600 stability imagenet resnet50 ILSVRC2012_val_00023695 lime_budget_1024 seed=3
1601 stability imagenet resnet50 ILSVRC2012_val_00023695 lime_budget_1024 seed=4
1602 stability imagenet resnet50 ILSVRC2012_val_00023695 lime_budget_2048 seed=0
1603 stability imagenet resnet50 ILSVRC2012_val_00023695 lime_budget_2048 seed=1
1604 stability imagenet resnet50 ILSVRC2012_val_00023695 lime_budget_2048 seed=2
1605 stability imagenet resnet50 ILSVRC2012_val_00023695 lime_budget_2048 seed=3
1606 stability imagenet resnet50 ILSVRC2012_val_00023695 lime_budget_2048 seed=4
1607 stability imagenet resnet50 ILSVRC2012_val_00023695 rise_budget_256 seed=0
1608 stability imagenet resnet50 ILSVRC2012_val_00023695 rise_budget_256 seed=1
1609 stability imagenet resnet50 ILSVRC2012_val_00023695 rise_budget_256 seed=2
1610 stability imagenet resnet50 ILSVRC2012_val_00023695 rise_budget_256 seed=3
1611 stability imagenet resnet50 ILSVRC2012_val_00023695 rise_budget_256 seed=4
1612 stability imagenet resnet50 ILSVRC2012_val_00023695 rise_budget_512 seed=0
1613 stability imagenet resnet50 ILSVRC2012_val_00023695 rise_budget_512 seed=1
1614 stability imagenet resnet50 ILSVRC2012_val_00023695 rise_budget_512 seed=2
1615 stability imagenet resnet50 ILSVRC2012_val_00023695 rise_budget_512 seed=3
1616 stability imagenet resnet50 ILSVRC2012_val_00023695 rise_budget_512 seed=4
1617 stability imagenet resnet50 ILSVRC2012_val_00023695 rise_budget_1024 seed=0
1618 stability imagenet resnet50 ILSVRC2012_val_00023695 rise_budget_1024 seed=1
1619 stability imagenet resnet50 ILSVRC2012_val_00023695 rise_budget_1024 seed=2
1620 stability imagenet resnet50 ILSVRC2012_val_00023695 rise_budget_1024 seed=3
1621 stability imagenet resnet50 ILSVRC2012_val_00023695 rise_budget_1024 seed=4
1622 stability imagenet resnet50 ILSVRC2012_val_00023695 rise_budget_2048 seed=0
1623 stability imagenet resnet50 ILSVRC2012_val_00023695 rise_budget_2048 seed=1
1624 stability imagenet resnet50 ILSVRC2012_val_00023695 rise_budget_2048 seed=2
1625 stability imagenet resnet50 ILSVRC2012_val_00023695 rise_budget_2048 seed=3
1626 stability imagenet resnet50 ILSVRC2012_val_00023695 rise_budget_2048 seed=4
1627 stability imagenet resnet50 ILSVRC2012_val_00023695 kernel_shap_budget_256 seed=0
1628 stability imagenet resnet50 ILSVRC2012_val_00023695 kernel_shap_budget_256 seed=1
1629 stability imagenet resnet50 ILSVRC2012_val_00023695 kernel_shap_budget_256 seed=2
1630 stability imagenet resnet50 ILSVRC2012_val_00023695 kernel_shap_budget_256 seed=3
1631 stability imagenet resnet50 ILSVRC2012_val_00023695 kernel_shap_budget_256 seed=4
1632 stability imagenet resnet50 ILSVRC2012_val_00023695 kernel_shap_budget_512 seed=0
1633 stability imagenet resnet50 ILSVRC2012_val_00023695 kernel_shap_budget_512 seed=1
1634 stability imagenet resnet50 ILSVRC2012_val_00023695 kernel_shap_budget_512 seed=2
1635 stability imagenet resnet50 ILSVRC2012_val_00023695 kernel_shap_budget_512 seed=3
1636 stability imagenet resnet50 ILSVRC2012_val_00023695 kernel_shap_budget_512 seed=4
1637 stability imagenet resnet50 ILSVRC2012_val_00023695 kernel_shap_budget_1024 seed=0
1638 stability imagenet resnet50 ILSVRC2012_val_00023695 kernel_shap_budget_1024 seed=1
1639 stability imagenet resnet50 ILSVRC2012_val_00023695 kernel_shap_budget_1024 seed=2
1640 stability imagenet resnet50 ILSVRC2012_val_00023695 kernel_shap_budget_1024 seed=3
1641 stability imagenet resnet50 ILSVRC2012_val_00023695 kernel_shap_budget_1024 seed=4
1642 stability imagenet resnet50 ILSVRC2012_val_00023695 kernel_shap_budget_2048 seed=0
1643 stability imagenet resnet50 ILSVRC2012_val_00023695 kernel_shap_budget_2048 seed=1
1644 stability imagenet resnet50 ILSVRC2012_val_00023695 kernel_shap_budget_2048 seed=2
1645 stability imagenet resnet50 ILSVRC2012_val_00023695 kernel_shap_budget_2048 seed=3
1646 stability imagenet resnet50 ILSVRC2012_val_00023695 kernel_shap_budget_2048 seed=4
1647 stability imagenet resnet50 ILSVRC2012_val_00023695 ablation_default seed=None
1648 stability imagenet resnet50 ILSVRC2012_val_00025180 lime_budget_256 seed=0
1649 stability imagenet resnet50 ILSVRC2012_val_00025180 lime_budget_256 seed=1
1650 stability imagenet resnet50 ILSVRC2012_val_00025180 lime_budget_256 seed=2
1651 stability imagenet resnet50 ILSVRC2012_val_00025180 lime_budget_256 seed=3
1652 stability imagenet resnet50 ILSVRC2012_val_00025180 lime_budget_256 seed=4
1653 stability imagenet resnet50 ILSVRC2012_val_00025180 lime_budget_512 seed=0
1654 stability imagenet resnet50 ILSVRC2012_val_00025180 lime_budget_512 seed=1
1655 stability imagenet resnet50 ILSVRC2012_val_00025180 lime_budget_512 seed=2
1656 stability imagenet resnet50 ILSVRC2012_val_00025180 lime_budget_512 seed=3
1657 stability imagenet resnet50 ILSVRC2012_val_00025180 lime_budget_512 seed=4
1658 stability imagenet resnet50 ILSVRC2012_val_00025180 lime_budget_1024 seed=0
1659 stability imagenet resnet50 ILSVRC2012_val_00025180 lime_budget_1024 seed=1
1660 stability imagenet resnet50 ILSVRC2012_val_00025180 lime_budget_1024 seed=2
1661 stability imagenet resnet50 ILSVRC2012_val_00025180 lime_budget_1024 seed=3
1662 stability imagenet resnet50 ILSVRC2012_val_00025180 lime_budget_1024 seed=4
1663 stability imagenet resnet50 ILSVRC2012_val_00025180 lime_budget_2048 seed=0
1664 stability imagenet resnet50 ILSVRC2012_val_00025180 lime_budget_2048 seed=1
1665 stability imagenet resnet50 ILSVRC2012_val_00025180 lime_budget_2048 seed=2
1666 stability imagenet resnet50 ILSVRC2012_val_00025180 lime_budget_2048 seed=3
1667 stability imagenet resnet50 ILSVRC2012_val_00025180 lime_budget_2048 seed=4
1668 stability imagenet resnet50 ILSVRC2012_val_00025180 rise_budget_256 seed=0
1669 stability imagenet resnet50 ILSVRC2012_val_00025180 rise_budget_256 seed=1
1670 stability imagenet resnet50 ILSVRC2012_val_00025180 rise_budget_256 seed=2
1671 stability imagenet resnet50 ILSVRC2012_val_00025180 rise_budget_256 seed=3
1672 stability imagenet resnet50 ILSVRC2012_val_00025180 rise_budget_256 seed=4
1673 stability imagenet resnet50 ILSVRC2012_val_00025180 rise_budget_512 seed=0
1674 stability imagenet resnet50 ILSVRC2012_val_00025180 rise_budget_512 seed=1
1675 stability imagenet resnet50 ILSVRC2012_val_00025180 rise_budget_512 seed=2
1676 stability imagenet resnet50 ILSVRC2012_val_00025180 rise_budget_512 seed=3
1677 stability imagenet resnet50 ILSVRC2012_val_00025180 rise_budget_512 seed=4
1678 stability imagenet resnet50 ILSVRC2012_val_00025180 rise_budget_1024 seed=0
1679 stability imagenet resnet50 ILSVRC2012_val_00025180 rise_budget_1024 seed=1
1680 stability imagenet resnet50 ILSVRC2012_val_00025180 rise_budget_1024 seed=2
1681 stability imagenet resnet50 ILSVRC2012_val_00025180 rise_budget_1024 seed=3
1682 stability imagenet resnet50 ILSVRC2012_val_00025180 rise_budget_1024 seed=4
1683 stability imagenet resnet50 ILSVRC2012_val_00025180 rise_budget_2048 seed=0
1684 stability imagenet resnet50 ILSVRC2012_val_00025180 rise_budget_2048 seed=1
1685 stability imagenet resnet50 ILSVRC2012_val_00025180 rise_budget_2048 seed=2
1686 stability imagenet resnet50 ILSVRC2012_val_00025180 rise_budget_2048 seed=3
1687 stability imagenet resnet50 ILSVRC2012_val_00025180 rise_budget_2048 seed=4
1688 stability imagenet resnet50 ILSVRC2012_val_00025180 kernel_shap_budget_256 seed=0
1689 stability imagenet resnet50 ILSVRC2012_val_00025180 kernel_shap_budget_256 seed=1
1690 stability imagenet resnet50 ILSVRC2012_val_00025180 kernel_shap_budget_256 seed=2
1691 stability imagenet resnet50 ILSVRC2012_val_00025180 kernel_shap_budget_256 seed=3
1692 stability imagenet resnet50 ILSVRC2012_val_00025180 kernel_shap_budget_256 seed=4
1693 stability imagenet resnet50 ILSVRC2012_val_00025180 kernel_shap_budget_512 seed=0
1694 stability imagenet resnet50 ILSVRC2012_val_00025180 kernel_shap_budget_512 seed=1
1695 stability imagenet resnet50 ILSVRC2012_val_00025180 kernel_shap_budget_512 seed=2
1696 stability imagenet resnet50 ILSVRC2012_val_00025180 kernel_shap_budget_512 seed=3
1697 stability imagenet resnet50 ILSVRC2012_val_00025180 kernel_shap_budget_512 seed=4
1698 stability imagenet resnet50 ILSVRC2012_val_00025180 kernel_shap_budget_1024 seed=0
1699 stability imagenet resnet50 ILSVRC2012_val_00025180 kernel_shap_budget_1024 seed=1
1700 stability imagenet resnet50 ILSVRC2012_val_00025180 kernel_shap_budget_1024 seed=2
1701 stability imagenet resnet50 ILSVRC2012_val_00025180 kernel_shap_budget_1024 seed=3
1702 stability imagenet resnet50 ILSVRC2012_val_00025180 kernel_shap_budget_1024 seed=4
1703 stability imagenet resnet50 ILSVRC2012_val_00025180 kernel_shap_budget_2048 seed=0
1704 stability imagenet resnet50 ILSVRC2012_val_00025180 kernel_shap_budget_2048 seed=1
1705 stability imagenet resnet50 ILSVRC2012_val_00025180 kernel_shap_budget_2048 seed=2
1706 stability imagenet resnet50 ILSVRC2012_val_00025180 kernel_shap_budget_2048 seed=3
1707 stability imagenet resnet50 ILSVRC2012_val_00025180 kernel_shap_budget_2048 seed=4
1708 stability imagenet resnet50 ILSVRC2012_val_00025180 ablation_default seed=None
1709 stability imagenet resnet50 ILSVRC2012_val_00026967 lime_budget_256 seed=0
1710 stability imagenet resnet50 ILSVRC2012_val_00026967 lime_budget_256 seed=1
1711 stability imagenet resnet50 ILSVRC2012_val_00026967 lime_budget_256 seed=2
1712 stability imagenet resnet50 ILSVRC2012_val_00026967 lime_budget_256 seed=3
1713 stability imagenet resnet50 ILSVRC2012_val_00026967 lime_budget_256 seed=4
1714 stability imagenet resnet50 ILSVRC2012_val_00026967 lime_budget_512 seed=0
1715 stability imagenet resnet50 ILSVRC2012_val_00026967 lime_budget_512 seed=1
1716 stability imagenet resnet50 ILSVRC2012_val_00026967 lime_budget_512 seed=2
1717 stability imagenet resnet50 ILSVRC2012_val_00026967 lime_budget_512 seed=3
1718 stability imagenet resnet50 ILSVRC2012_val_00026967 lime_budget_512 seed=4
1719 stability imagenet resnet50 ILSVRC2012_val_00026967 lime_budget_1024 seed=0
1720 stability imagenet resnet50 ILSVRC2012_val_00026967 lime_budget_1024 seed=1
1721 stability imagenet resnet50 ILSVRC2012_val_00026967 lime_budget_1024 seed=2
1722 stability imagenet resnet50 ILSVRC2012_val_00026967 lime_budget_1024 seed=3
1723 stability imagenet resnet50 ILSVRC2012_val_00026967 lime_budget_1024 seed=4
1724 stability imagenet resnet50 ILSVRC2012_val_00026967 lime_budget_2048 seed=0
1725 stability imagenet resnet50 ILSVRC2012_val_00026967 lime_budget_2048 seed=1
1726 stability imagenet resnet50 ILSVRC2012_val_00026967 lime_budget_2048 seed=2
1727 stability imagenet resnet50 ILSVRC2012_val_00026967 lime_budget_2048 seed=3
1728 stability imagenet resnet50 ILSVRC2012_val_00026967 lime_budget_2048 seed=4
1729 stability imagenet resnet50 ILSVRC2012_val_00026967 rise_budget_256 seed=0
1730 stability imagenet resnet50 ILSVRC2012_val_00026967 rise_budget_256 seed=1
1731 stability imagenet resnet50 ILSVRC2012_val_00026967 rise_budget_256 seed=2
1732 stability imagenet resnet50 ILSVRC2012_val_00026967 rise_budget_256 seed=3
1733 stability imagenet resnet50 ILSVRC2012_val_00026967 rise_budget_256 seed=4
1734 stability imagenet resnet50 ILSVRC2012_val_00026967 rise_budget_512 seed=0
1735 stability imagenet resnet50 ILSVRC2012_val_00026967 rise_budget_512 seed=1
1736 stability imagenet resnet50 ILSVRC2012_val_00026967 rise_budget_512 seed=2
1737 stability imagenet resnet50 ILSVRC2012_val_00026967 rise_budget_512 seed=3
1738 stability imagenet resnet50 ILSVRC2012_val_00026967 rise_budget_512 seed=4
1739 stability imagenet resnet50 ILSVRC2012_val_00026967 rise_budget_1024 seed=0
1740 stability imagenet resnet50 ILSVRC2012_val_00026967 rise_budget_1024 seed=1
1741 stability imagenet resnet50 ILSVRC2012_val_00026967 rise_budget_1024 seed=2
1742 stability imagenet resnet50 ILSVRC2012_val_00026967 rise_budget_1024 seed=3
1743 stability imagenet resnet50 ILSVRC2012_val_00026967 rise_budget_1024 seed=4
1744 stability imagenet resnet50 ILSVRC2012_val_00026967 rise_budget_2048 seed=0
1745 stability imagenet resnet50 ILSVRC2012_val_00026967 rise_budget_2048 seed=1
1746 stability imagenet resnet50 ILSVRC2012_val_00026967 rise_budget_2048 seed=2
1747 stability imagenet resnet50 ILSVRC2012_val_00026967 rise_budget_2048 seed=3
1748 stability imagenet resnet50 ILSVRC2012_val_00026967 rise_budget_2048 seed=4
1749 stability imagenet resnet50 ILSVRC2012_val_00026967 kernel_shap_budget_256 seed=0
1750 stability imagenet resnet50 ILSVRC2012_val_00026967 kernel_shap_budget_256 seed=1
1751 stability imagenet resnet50 ILSVRC2012_val_00026967 kernel_shap_budget_256 seed=2
1752 stability imagenet resnet50 ILSVRC2012_val_00026967 kernel_shap_budget_256 seed=3
1753 stability imagenet resnet50 ILSVRC2012_val_00026967 kernel_shap_budget_256 seed=4
1754 stability imagenet resnet50 ILSVRC2012_val_00026967 kernel_shap_budget_512 seed=0
1755 stability imagenet resnet50 ILSVRC2012_val_00026967 kernel_shap_budget_512 seed=1
1756 stability imagenet resnet50 ILSVRC2012_val_00026967 kernel_shap_budget_512 seed=2
1757 stability imagenet resnet50 ILSVRC2012_val_00026967 kernel_shap_budget_512 seed=3
1758 stability imagenet resnet50 ILSVRC2012_val_00026967 kernel_shap_budget_512 seed=4
1759 stability imagenet resnet50 ILSVRC2012_val_00026967 kernel_shap_budget_1024 seed=0
1760 stability imagenet resnet50 ILSVRC2012_val_00026967 kernel_shap_budget_1024 seed=1
1761 stability imagenet resnet50 ILSVRC2012_val_00026967 kernel_shap_budget_1024 seed=2
1762 stability imagenet resnet50 ILSVRC2012_val_00026967 kernel_shap_budget_1024 seed=3
1763 stability imagenet resnet50 ILSVRC2012_val_00026967 kernel_shap_budget_1024 seed=4
1764 stability imagenet resnet50 ILSVRC2012_val_00026967 kernel_shap_budget_2048 seed=0
1765 stability imagenet resnet50 ILSVRC2012_val_00026967 kernel_shap_budget_2048 seed=1
1766 stability imagenet resnet50 ILSVRC2012_val_00026967 kernel_shap_budget_2048 seed=2
1767 stability imagenet resnet50 ILSVRC2012_val_00026967 kernel_shap_budget_2048 seed=3
1768 stability imagenet resnet50 ILSVRC2012_val_00026967 kernel_shap_budget_2048 seed=4
1769 stability imagenet resnet50 ILSVRC2012_val_00026967 ablation_default seed=None
1770 stability imagenet resnet50 ILSVRC2012_val_00029916 lime_budget_256 seed=0
1771 stability imagenet resnet50 ILSVRC2012_val_00029916 lime_budget_256 seed=1
1772 stability imagenet resnet50 ILSVRC2012_val_00029916 lime_budget_256 seed=2
1773 stability imagenet resnet50 ILSVRC2012_val_00029916 lime_budget_256 seed=3
1774 stability imagenet resnet50 ILSVRC2012_val_00029916 lime_budget_256 seed=4
1775 stability imagenet resnet50 ILSVRC2012_val_00029916 lime_budget_512 seed=0
1776 stability imagenet resnet50 ILSVRC2012_val_00029916 lime_budget_512 seed=1
1777 stability imagenet resnet50 ILSVRC2012_val_00029916 lime_budget_512 seed=2
1778 stability imagenet resnet50 ILSVRC2012_val_00029916 lime_budget_512 seed=3
1779 stability imagenet resnet50 ILSVRC2012_val_00029916 lime_budget_512 seed=4
1780 stability imagenet resnet50 ILSVRC2012_val_00029916 lime_budget_1024 seed=0
1781 stability imagenet resnet50 ILSVRC2012_val_00029916 lime_budget_1024 seed=1
1782 stability imagenet resnet50 ILSVRC2012_val_00029916 lime_budget_1024 seed=2
1783 stability imagenet resnet50 ILSVRC2012_val_00029916 lime_budget_1024 seed=3
1784 stability imagenet resnet50 ILSVRC2012_val_00029916 lime_budget_1024 seed=4
1785 stability imagenet resnet50 ILSVRC2012_val_00029916 lime_budget_2048 seed=0
1786 stability imagenet resnet50 ILSVRC2012_val_00029916 lime_budget_2048 seed=1
1787 stability imagenet resnet50 ILSVRC2012_val_00029916 lime_budget_2048 seed=2
1788 stability imagenet resnet50 ILSVRC2012_val_00029916 lime_budget_2048 seed=3
1789 stability imagenet resnet50 ILSVRC2012_val_00029916 lime_budget_2048 seed=4
1790 stability imagenet resnet50 ILSVRC2012_val_00029916 rise_budget_256 seed=0
1791 stability imagenet resnet50 ILSVRC2012_val_00029916 rise_budget_256 seed=1
1792 stability imagenet resnet50 ILSVRC2012_val_00029916 rise_budget_256 seed=2
1793 stability imagenet resnet50 ILSVRC2012_val_00029916 rise_budget_256 seed=3
1794 stability imagenet resnet50 ILSVRC2012_val_00029916 rise_budget_256 seed=4
1795 stability imagenet resnet50 ILSVRC2012_val_00029916 rise_budget_512 seed=0
1796 stability imagenet resnet50 ILSVRC2012_val_00029916 rise_budget_512 seed=1
1797 stability imagenet resnet50 ILSVRC2012_val_00029916 rise_budget_512 seed=2
1798 stability imagenet resnet50 ILSVRC2012_val_00029916 rise_budget_512 seed=3
1799 stability imagenet resnet50 ILSVRC2012_val_00029916 rise_budget_512 seed=4
1800 stability imagenet resnet50 ILSVRC2012_val_00029916 rise_budget_1024 seed=0
1801 stability imagenet resnet50 ILSVRC2012_val_00029916 rise_budget_1024 seed=1
1802 stability imagenet resnet50 ILSVRC2012_val_00029916 rise_budget_1024 seed=2
1803 stability imagenet resnet50 ILSVRC2012_val_00029916 rise_budget_1024 seed=3
1804 stability imagenet resnet50 ILSVRC2012_val_00029916 rise_budget_1024 seed=4
1805 stability imagenet resnet50 ILSVRC2012_val_00029916 rise_budget_2048 seed=0
1806 stability imagenet resnet50 ILSVRC2012_val_00029916 rise_budget_2048 seed=1
1807 stability imagenet resnet50 ILSVRC2012_val_00029916 rise_budget_2048 seed=2
1808 stability imagenet resnet50 ILSVRC2012_val_00029916 rise_budget_2048 seed=3
1809 stability imagenet resnet50 ILSVRC2012_val_00029916 rise_budget_2048 seed=4
1810 stability imagenet resnet50 ILSVRC2012_val_00029916 kernel_shap_budget_256 seed=0
1811 stability imagenet resnet50 ILSVRC2012_val_00029916 kernel_shap_budget_256 seed=1
1812 stability imagenet resnet50 ILSVRC2012_val_00029916 kernel_shap_budget_256 seed=2
1813 stability imagenet resnet50 ILSVRC2012_val_00029916 kernel_shap_budget_256 seed=3
1814 stability imagenet resnet50 ILSVRC2012_val_00029916 kernel_shap_budget_256 seed=4
1815 stability imagenet resnet50 ILSVRC2012_val_00029916 kernel_shap_budget_512 seed=0
1816 stability imagenet resnet50 ILSVRC2012_val_00029916 kernel_shap_budget_512 seed=1
1817 stability imagenet resnet50 ILSVRC2012_val_00029916 kernel_shap_budget_512 seed=2
1818 stability imagenet resnet50 ILSVRC2012_val_00029916 kernel_shap_budget_512 seed=3
1819 stability imagenet resnet50 ILSVRC2012_val_00029916 kernel_shap_budget_512 seed=4
1820 stability imagenet resnet50 ILSVRC2012_val_00029916 kernel_shap_budget_1024 seed=0
1821 stability imagenet resnet50 ILSVRC2012_val_00029916 kernel_shap_budget_1024 seed=1
1822 stability imagenet resnet50 ILSVRC2012_val_00029916 kernel_shap_budget_1024 seed=2
1823 stability imagenet resnet50 ILSVRC2012_val_00029916 kernel_shap_budget_1024 seed=3
1824 stability imagenet resnet50 ILSVRC2012_val_00029916 kernel_shap_budget_1024 seed=4
1825 stability imagenet resnet50 ILSVRC2012_val_00029916 kernel_shap_budget_2048 seed=0
1826 stability imagenet resnet50 ILSVRC2012_val_00029916 kernel_shap_budget_2048 seed=1
1827 stability imagenet resnet50 ILSVRC2012_val_00029916 kernel_shap_budget_2048 seed=2
1828 stability imagenet resnet50 ILSVRC2012_val_00029916 kernel_shap_budget_2048 seed=3
1829 stability imagenet resnet50 ILSVRC2012_val_00029916 kernel_shap_budget_2048 seed=4
1830 stability imagenet resnet50 ILSVRC2012_val_00029916 ablation_default seed=None
1831 stability imagenet resnet50 ILSVRC2012_val_00030571 lime_budget_256 seed=0
1832 stability imagenet resnet50 ILSVRC2012_val_00030571 lime_budget_256 seed=1
1833 stability imagenet resnet50 ILSVRC2012_val_00030571 lime_budget_256 seed=2
1834 stability imagenet resnet50 ILSVRC2012_val_00030571 lime_budget_256 seed=3
1835 stability imagenet resnet50 ILSVRC2012_val_00030571 lime_budget_256 seed=4
1836 stability imagenet resnet50 ILSVRC2012_val_00030571 lime_budget_512 seed=0
1837 stability imagenet resnet50 ILSVRC2012_val_00030571 lime_budget_512 seed=1
1838 stability imagenet resnet50 ILSVRC2012_val_00030571 lime_budget_512 seed=2
1839 stability imagenet resnet50 ILSVRC2012_val_00030571 lime_budget_512 seed=3
1840 stability imagenet resnet50 ILSVRC2012_val_00030571 lime_budget_512 seed=4
1841 stability imagenet resnet50 ILSVRC2012_val_00030571 lime_budget_1024 seed=0
1842 stability imagenet resnet50 ILSVRC2012_val_00030571 lime_budget_1024 seed=1
1843 stability imagenet resnet50 ILSVRC2012_val_00030571 lime_budget_1024 seed=2
1844 stability imagenet resnet50 ILSVRC2012_val_00030571 lime_budget_1024 seed=3
1845 stability imagenet resnet50 ILSVRC2012_val_00030571 lime_budget_1024 seed=4
1846 stability imagenet resnet50 ILSVRC2012_val_00030571 lime_budget_2048 seed=0
1847 stability imagenet resnet50 ILSVRC2012_val_00030571 lime_budget_2048 seed=1
1848 stability imagenet resnet50 ILSVRC2012_val_00030571 lime_budget_2048 seed=2
1849 stability imagenet resnet50 ILSVRC2012_val_00030571 lime_budget_2048 seed=3
1850 stability imagenet resnet50 ILSVRC2012_val_00030571 lime_budget_2048 seed=4
1851 stability imagenet resnet50 ILSVRC2012_val_00030571 rise_budget_256 seed=0
1852 stability imagenet resnet50 ILSVRC2012_val_00030571 rise_budget_256 seed=1
1853 stability imagenet resnet50 ILSVRC2012_val_00030571 rise_budget_256 seed=2
1854 stability imagenet resnet50 ILSVRC2012_val_00030571 rise_budget_256 seed=3
1855 stability imagenet resnet50 ILSVRC2012_val_00030571 rise_budget_256 seed=4
1856 stability imagenet resnet50 ILSVRC2012_val_00030571 rise_budget_512 seed=0
1857 stability imagenet resnet50 ILSVRC2012_val_00030571 rise_budget_512 seed=1
1858 stability imagenet resnet50 ILSVRC2012_val_00030571 rise_budget_512 seed=2
1859 stability imagenet resnet50 ILSVRC2012_val_00030571 rise_budget_512 seed=3
1860 stability imagenet resnet50 ILSVRC2012_val_00030571 rise_budget_512 seed=4
1861 stability imagenet resnet50 ILSVRC2012_val_00030571 rise_budget_1024 seed=0
1862 stability imagenet resnet50 ILSVRC2012_val_00030571 rise_budget_1024 seed=1
1863 stability imagenet resnet50 ILSVRC2012_val_00030571 rise_budget_1024 seed=2
1864 stability imagenet resnet50 ILSVRC2012_val_00030571 rise_budget_1024 seed=3
1865 stability imagenet resnet50 ILSVRC2012_val_00030571 rise_budget_1024 seed=4
1866 stability imagenet resnet50 ILSVRC2012_val_00030571 rise_budget_2048 seed=0
1867 stability imagenet resnet50 ILSVRC2012_val_00030571 rise_budget_2048 seed=1
1868 stability imagenet resnet50 ILSVRC2012_val_00030571 rise_budget_2048 seed=2
1869 stability imagenet resnet50 ILSVRC2012_val_00030571 rise_budget_2048 seed=3
1870 stability imagenet resnet50 ILSVRC2012_val_00030571 rise_budget_2048 seed=4
1871 stability imagenet resnet50 ILSVRC2012_val_00030571 kernel_shap_budget_256 seed=0
1872 stability imagenet resnet50 ILSVRC2012_val_00030571 kernel_shap_budget_256 seed=1
1873 stability imagenet resnet50 ILSVRC2012_val_00030571 kernel_shap_budget_256 seed=2
1874 stability imagenet resnet50 ILSVRC2012_val_00030571 kernel_shap_budget_256 seed=3
1875 stability imagenet resnet50 ILSVRC2012_val_00030571 kernel_shap_budget_256 seed=4
1876 stability imagenet resnet50 ILSVRC2012_val_00030571 kernel_shap_budget_512 seed=0
1877 stability imagenet resnet50 ILSVRC2012_val_00030571 kernel_shap_budget_512 seed=1
1878 stability imagenet resnet50 ILSVRC2012_val_00030571 kernel_shap_budget_512 seed=2
1879 stability imagenet resnet50 ILSVRC2012_val_00030571 kernel_shap_budget_512 seed=3
1880 stability imagenet resnet50 ILSVRC2012_val_00030571 kernel_shap_budget_512 seed=4
1881 stability imagenet resnet50 ILSVRC2012_val_00030571 kernel_shap_budget_1024 seed=0
1882 stability imagenet resnet50 ILSVRC2012_val_00030571 kernel_shap_budget_1024 seed=1
1883 stability imagenet resnet50 ILSVRC2012_val_00030571 kernel_shap_budget_1024 seed=2
1884 stability imagenet resnet50 ILSVRC2012_val_00030571 kernel_shap_budget_1024 seed=3
1885 stability imagenet resnet50 ILSVRC2012_val_00030571 kernel_shap_budget_1024 seed=4
1886 stability imagenet resnet50 ILSVRC2012_val_00030571 kernel_shap_budget_2048 seed=0
1887 stability imagenet resnet50 ILSVRC2012_val_00030571 kernel_shap_budget_2048 seed=1
1888 stability imagenet resnet50 ILSVRC2012_val_00030571 kernel_shap_budget_2048 seed=2
1889 stability imagenet resnet50 ILSVRC2012_val_00030571 kernel_shap_budget_2048 seed=3
1890 stability imagenet resnet50 ILSVRC2012_val_00030571 kernel_shap_budget_2048 seed=4
1891 stability imagenet resnet50 ILSVRC2012_val_00030571 ablation_default seed=None
1892 stability imagenet resnet50 ILSVRC2012_val_00031395 lime_budget_256 seed=0
1893 stability imagenet resnet50 ILSVRC2012_val_00031395 lime_budget_256 seed=1
1894 stability imagenet resnet50 ILSVRC2012_val_00031395 lime_budget_256 seed=2
1895 stability imagenet resnet50 ILSVRC2012_val_00031395 lime_budget_256 seed=3
1896 stability imagenet resnet50 ILSVRC2012_val_00031395 lime_budget_256 seed=4
1897 stability imagenet resnet50 ILSVRC2012_val_00031395 lime_budget_512 seed=0
1898 stability imagenet resnet50 ILSVRC2012_val_00031395 lime_budget_512 seed=1
1899 stability imagenet resnet50 ILSVRC2012_val_00031395 lime_budget_512 seed=2
1900 stability imagenet resnet50 ILSVRC2012_val_00031395 lime_budget_512 seed=3
1901 stability imagenet resnet50 ILSVRC2012_val_00031395 lime_budget_512 seed=4
1902 stability imagenet resnet50 ILSVRC2012_val_00031395 lime_budget_1024 seed=0
1903 stability imagenet resnet50 ILSVRC2012_val_00031395 lime_budget_1024 seed=1
1904 stability imagenet resnet50 ILSVRC2012_val_00031395 lime_budget_1024 seed=2
1905 stability imagenet resnet50 ILSVRC2012_val_00031395 lime_budget_1024 seed=3
1906 stability imagenet resnet50 ILSVRC2012_val_00031395 lime_budget_1024 seed=4
1907 stability imagenet resnet50 ILSVRC2012_val_00031395 lime_budget_2048 seed=0
1908 stability imagenet resnet50 ILSVRC2012_val_00031395 lime_budget_2048 seed=1
1909 stability imagenet resnet50 ILSVRC2012_val_00031395 lime_budget_2048 seed=2
1910 stability imagenet resnet50 ILSVRC2012_val_00031395 lime_budget_2048 seed=3
1911 stability imagenet resnet50 ILSVRC2012_val_00031395 lime_budget_2048 seed=4
1912 stability imagenet resnet50 ILSVRC2012_val_00031395 rise_budget_256 seed=0
1913 stability imagenet resnet50 ILSVRC2012_val_00031395 rise_budget_256 seed=1
1914 stability imagenet resnet50 ILSVRC2012_val_00031395 rise_budget_256 seed=2
1915 stability imagenet resnet50 ILSVRC2012_val_00031395 rise_budget_256 seed=3
1916 stability imagenet resnet50 ILSVRC2012_val_00031395 rise_budget_256 seed=4
1917 stability imagenet resnet50 ILSVRC2012_val_00031395 rise_budget_512 seed=0
1918 stability imagenet resnet50 ILSVRC2012_val_00031395 rise_budget_512 seed=1
1919 stability imagenet resnet50 ILSVRC2012_val_00031395 rise_budget_512 seed=2
1920 stability imagenet resnet50 ILSVRC2012_val_00031395 rise_budget_512 seed=3
1921 stability imagenet resnet50 ILSVRC2012_val_00031395 rise_budget_512 seed=4
1922 stability imagenet resnet50 ILSVRC2012_val_00031395 rise_budget_1024 seed=0
1923 stability imagenet resnet50 ILSVRC2012_val_00031395 rise_budget_1024 seed=1
1924 stability imagenet resnet50 ILSVRC2012_val_00031395 rise_budget_1024 seed=2
1925 stability imagenet resnet50 ILSVRC2012_val_00031395 rise_budget_1024 seed=3
1926 stability imagenet resnet50 ILSVRC2012_val_00031395 rise_budget_1024 seed=4
1927 stability imagenet resnet50 ILSVRC2012_val_00031395 rise_budget_2048 seed=0
1928 stability imagenet resnet50 ILSVRC2012_val_00031395 rise_budget_2048 seed=1
1929 stability imagenet resnet50 ILSVRC2012_val_00031395 rise_budget_2048 seed=2
1930 stability imagenet resnet50 ILSVRC2012_val_00031395 rise_budget_2048 seed=3
1931 stability imagenet resnet50 ILSVRC2012_val_00031395 rise_budget_2048 seed=4
1932 stability imagenet resnet50 ILSVRC2012_val_00031395 kernel_shap_budget_256 seed=0
1933 stability imagenet resnet50 ILSVRC2012_val_00031395 kernel_shap_budget_256 seed=1
1934 stability imagenet resnet50 ILSVRC2012_val_00031395 kernel_shap_budget_256 seed=2
1935 stability imagenet resnet50 ILSVRC2012_val_00031395 kernel_shap_budget_256 seed=3
1936 stability imagenet resnet50 ILSVRC2012_val_00031395 kernel_shap_budget_256 seed=4
1937 stability imagenet resnet50 ILSVRC2012_val_00031395 kernel_shap_budget_512 seed=0
1938 stability imagenet resnet50 ILSVRC2012_val_00031395 kernel_shap_budget_512 seed=1
1939 stability imagenet resnet50 ILSVRC2012_val_00031395 kernel_shap_budget_512 seed=2
1940 stability imagenet resnet50 ILSVRC2012_val_00031395 kernel_shap_budget_512 seed=3
1941 stability imagenet resnet50 ILSVRC2012_val_00031395 kernel_shap_budget_512 seed=4
1942 stability imagenet resnet50 ILSVRC2012_val_00031395 kernel_shap_budget_1024 seed=0
1943 stability imagenet resnet50 ILSVRC2012_val_00031395 kernel_shap_budget_1024 seed=1
1944 stability imagenet resnet50 ILSVRC2012_val_00031395 kernel_shap_budget_1024 seed=2
1945 stability imagenet resnet50 ILSVRC2012_val_00031395 kernel_shap_budget_1024 seed=3
1946 stability imagenet resnet50 ILSVRC2012_val_00031395 kernel_shap_budget_1024 seed=4
1947 stability imagenet resnet50 ILSVRC2012_val_00031395 kernel_shap_budget_2048 seed=0
1948 stability imagenet resnet50 ILSVRC2012_val_00031395 kernel_shap_budget_2048 seed=1
1949 stability imagenet resnet50 ILSVRC2012_val_00031395 kernel_shap_budget_2048 seed=2
1950 stability imagenet resnet50 ILSVRC2012_val_00031395 kernel_shap_budget_2048 seed=3
1951 stability imagenet resnet50 ILSVRC2012_val_00031395 kernel_shap_budget_2048 seed=4
1952 stability imagenet resnet50 ILSVRC2012_val_00031395 ablation_default seed=None
1953 stability imagenet resnet50 ILSVRC2012_val_00033911 lime_budget_256 seed=0
1954 stability imagenet resnet50 ILSVRC2012_val_00033911 lime_budget_256 seed=1
1955 stability imagenet resnet50 ILSVRC2012_val_00033911 lime_budget_256 seed=2
1956 stability imagenet resnet50 ILSVRC2012_val_00033911 lime_budget_256 seed=3
1957 stability imagenet resnet50 ILSVRC2012_val_00033911 lime_budget_256 seed=4
1958 stability imagenet resnet50 ILSVRC2012_val_00033911 lime_budget_512 seed=0
1959 stability imagenet resnet50 ILSVRC2012_val_00033911 lime_budget_512 seed=1
1960 stability imagenet resnet50 ILSVRC2012_val_00033911 lime_budget_512 seed=2
1961 stability imagenet resnet50 ILSVRC2012_val_00033911 lime_budget_512 seed=3
1962 stability imagenet resnet50 ILSVRC2012_val_00033911 lime_budget_512 seed=4
1963 stability imagenet resnet50 ILSVRC2012_val_00033911 lime_budget_1024 seed=0
1964 stability imagenet resnet50 ILSVRC2012_val_00033911 lime_budget_1024 seed=1
1965 stability imagenet resnet50 ILSVRC2012_val_00033911 lime_budget_1024 seed=2
1966 stability imagenet resnet50 ILSVRC2012_val_00033911 lime_budget_1024 seed=3
1967 stability imagenet resnet50 ILSVRC2012_val_00033911 lime_budget_1024 seed=4
1968 stability imagenet resnet50 ILSVRC2012_val_00033911 lime_budget_2048 seed=0
1969 stability imagenet resnet50 ILSVRC2012_val_00033911 lime_budget_2048 seed=1
1970 stability imagenet resnet50 ILSVRC2012_val_00033911 lime_budget_2048 seed=2
1971 stability imagenet resnet50 ILSVRC2012_val_00033911 lime_budget_2048 seed=3
1972 stability imagenet resnet50 ILSVRC2012_val_00033911 lime_budget_2048 seed=4
1973 stability imagenet resnet50 ILSVRC2012_val_00033911 rise_budget_256 seed=0
1974 stability imagenet resnet50 ILSVRC2012_val_00033911 rise_budget_256 seed=1
1975 stability imagenet resnet50 ILSVRC2012_val_00033911 rise_budget_256 seed=2
1976 stability imagenet resnet50 ILSVRC2012_val_00033911 rise_budget_256 seed=3
1977 stability imagenet resnet50 ILSVRC2012_val_00033911 rise_budget_256 seed=4
1978 stability imagenet resnet50 ILSVRC2012_val_00033911 rise_budget_512 seed=0
1979 stability imagenet resnet50 ILSVRC2012_val_00033911 rise_budget_512 seed=1
1980 stability imagenet resnet50 ILSVRC2012_val_00033911 rise_budget_512 seed=2
1981 stability imagenet resnet50 ILSVRC2012_val_00033911 rise_budget_512 seed=3
1982 stability imagenet resnet50 ILSVRC2012_val_00033911 rise_budget_512 seed=4
1983 stability imagenet resnet50 ILSVRC2012_val_00033911 rise_budget_1024 seed=0
1984 stability imagenet resnet50 ILSVRC2012_val_00033911 rise_budget_1024 seed=1
1985 stability imagenet resnet50 ILSVRC2012_val_00033911 rise_budget_1024 seed=2
1986 stability imagenet resnet50 ILSVRC2012_val_00033911 rise_budget_1024 seed=3
1987 stability imagenet resnet50 ILSVRC2012_val_00033911 rise_budget_1024 seed=4
1988 stability imagenet resnet50 ILSVRC2012_val_00033911 rise_budget_2048 seed=0
1989 stability imagenet resnet50 ILSVRC2012_val_00033911 rise_budget_2048 seed=1
1990 stability imagenet resnet50 ILSVRC2012_val_00033911 rise_budget_2048 seed=2
1991 stability imagenet resnet50 ILSVRC2012_val_00033911 rise_budget_2048 seed=3
1992 stability imagenet resnet50 ILSVRC2012_val_00033911 rise_budget_2048 seed=4
1993 stability imagenet resnet50 ILSVRC2012_val_00033911 kernel_shap_budget_256 seed=0
1994 stability imagenet resnet50 ILSVRC2012_val_00033911 kernel_shap_budget_256 seed=1
1995 stability imagenet resnet50 ILSVRC2012_val_00033911 kernel_shap_budget_256 seed=2
1996 stability imagenet resnet50 ILSVRC2012_val_00033911 kernel_shap_budget_256 seed=3
1997 stability imagenet resnet50 ILSVRC2012_val_00033911 kernel_shap_budget_256 seed=4
1998 stability imagenet resnet50 ILSVRC2012_val_00033911 kernel_shap_budget_512 seed=0
1999 stability imagenet resnet50 ILSVRC2012_val_00033911 kernel_shap_budget_512 seed=1
2000 stability imagenet resnet50 ILSVRC2012_val_00033911 kernel_shap_budget_512 seed=2
2001 stability imagenet resnet50 ILSVRC2012_val_00033911 kernel_shap_budget_512 seed=3
2002 stability imagenet resnet50 ILSVRC2012_val_00033911 kernel_shap_budget_512 seed=4
2003 stability imagenet resnet50 ILSVRC2012_val_00033911 kernel_shap_budget_1024 seed=0
2004 stability imagenet resnet50 ILSVRC2012_val_00033911 kernel_shap_budget_1024 seed=1
2005 stability imagenet resnet50 ILSVRC2012_val_00033911 kernel_shap_budget_1024 seed=2
2006 stability imagenet resnet50 ILSVRC2012_val_00033911 kernel_shap_budget_1024 seed=3
2007 stability imagenet resnet50 ILSVRC2012_val_00033911 kernel_shap_budget_1024 seed=4
2008 stability imagenet resnet50 ILSVRC2012_val_00033911 kernel_shap_budget_2048 seed=0
2009 stability imagenet resnet50 ILSVRC2012_val_00033911 kernel_shap_budget_2048 seed=1
2010 stability imagenet resnet50 ILSVRC2012_val_00033911 kernel_shap_budget_2048 seed=2
2011 stability imagenet resnet50 ILSVRC2012_val_00033911 kernel_shap_budget_2048 seed=3
2012 stability imagenet resnet50 ILSVRC2012_val_00033911 kernel_shap_budget_2048 seed=4
2013 stability imagenet resnet50 ILSVRC2012_val_00033911 ablation_default seed=None
2014 stability imagenet resnet50 ILSVRC2012_val_00038443 lime_budget_256 seed=0
2015 stability imagenet resnet50 ILSVRC2012_val_00038443 lime_budget_256 seed=1
2016 stability imagenet resnet50 ILSVRC2012_val_00038443 lime_budget_256 seed=2
2017 stability imagenet resnet50 ILSVRC2012_val_00038443 lime_budget_256 seed=3
2018 stability imagenet resnet50 ILSVRC2012_val_00038443 lime_budget_256 seed=4
2019 stability imagenet resnet50 ILSVRC2012_val_00038443 lime_budget_512 seed=0
2020 stability imagenet resnet50 ILSVRC2012_val_00038443 lime_budget_512 seed=1
2021 stability imagenet resnet50 ILSVRC2012_val_00038443 lime_budget_512 seed=2
2022 stability imagenet resnet50 ILSVRC2012_val_00038443 lime_budget_512 seed=3
2023 stability imagenet resnet50 ILSVRC2012_val_00038443 lime_budget_512 seed=4
2024 stability imagenet resnet50 ILSVRC2012_val_00038443 lime_budget_1024 seed=0
2025 stability imagenet resnet50 ILSVRC2012_val_00038443 lime_budget_1024 seed=1
2026 stability imagenet resnet50 ILSVRC2012_val_00038443 lime_budget_1024 seed=2
2027 stability imagenet resnet50 ILSVRC2012_val_00038443 lime_budget_1024 seed=3
2028 stability imagenet resnet50 ILSVRC2012_val_00038443 lime_budget_1024 seed=4
2029 stability imagenet resnet50 ILSVRC2012_val_00038443 lime_budget_2048 seed=0
2030 stability imagenet resnet50 ILSVRC2012_val_00038443 lime_budget_2048 seed=1
2031 stability imagenet resnet50 ILSVRC2012_val_00038443 lime_budget_2048 seed=2
2032 stability imagenet resnet50 ILSVRC2012_val_00038443 lime_budget_2048 seed=3
2033 stability imagenet resnet50 ILSVRC2012_val_00038443 lime_budget_2048 seed=4
2034 stability imagenet resnet50 ILSVRC2012_val_00038443 rise_budget_256 seed=0
2035 stability imagenet resnet50 ILSVRC2012_val_00038443 rise_budget_256 seed=1
2036 stability imagenet resnet50 ILSVRC2012_val_00038443 rise_budget_256 seed=2
2037 stability imagenet resnet50 ILSVRC2012_val_00038443 rise_budget_256 seed=3
2038 stability imagenet resnet50 ILSVRC2012_val_00038443 rise_budget_256 seed=4
2039 stability imagenet resnet50 ILSVRC2012_val_00038443 rise_budget_512 seed=0
2040 stability imagenet resnet50 ILSVRC2012_val_00038443 rise_budget_512 seed=1
2041 stability imagenet resnet50 ILSVRC2012_val_00038443 rise_budget_512 seed=2
2042 stability imagenet resnet50 ILSVRC2012_val_00038443 rise_budget_512 seed=3
2043 stability imagenet resnet50 ILSVRC2012_val_00038443 rise_budget_512 seed=4
2044 stability imagenet resnet50 ILSVRC2012_val_00038443 rise_budget_1024 seed=0
2045 stability imagenet resnet50 ILSVRC2012_val_00038443 rise_budget_1024 seed=1
2046 stability imagenet resnet50 ILSVRC2012_val_00038443 rise_budget_1024 seed=2
2047 stability imagenet resnet50 ILSVRC2012_val_00038443 rise_budget_1024 seed=3
2048 stability imagenet resnet50 ILSVRC2012_val_00038443 rise_budget_1024 seed=4
2049 stability imagenet resnet50 ILSVRC2012_val_00038443 rise_budget_2048 seed=0
2050 stability imagenet resnet50 ILSVRC2012_val_00038443 rise_budget_2048 seed=1
2051 stability imagenet resnet50 ILSVRC2012_val_00038443 rise_budget_2048 seed=2
2052 stability imagenet resnet50 ILSVRC2012_val_00038443 rise_budget_2048 seed=3
2053 stability imagenet resnet50 ILSVRC2012_val_00038443 rise_budget_2048 seed=4
2054 stability imagenet resnet50 ILSVRC2012_val_00038443 kernel_shap_budget_256 seed=0
2055 stability imagenet resnet50 ILSVRC2012_val_00038443 kernel_shap_budget_256 seed=1
2056 stability imagenet resnet50 ILSVRC2012_val_00038443 kernel_shap_budget_256 seed=2
2057 stability imagenet resnet50 ILSVRC2012_val_00038443 kernel_shap_budget_256 seed=3
2058 stability imagenet resnet50 ILSVRC2012_val_00038443 kernel_shap_budget_256 seed=4
2059 stability imagenet resnet50 ILSVRC2012_val_00038443 kernel_shap_budget_512 seed=0
2060 stability imagenet resnet50 ILSVRC2012_val_00038443 kernel_shap_budget_512 seed=1
2061 stability imagenet resnet50 ILSVRC2012_val_00038443 kernel_shap_budget_512 seed=2
2062 stability imagenet resnet50 ILSVRC2012_val_00038443 kernel_shap_budget_512 seed=3
2063 stability imagenet resnet50 ILSVRC2012_val_00038443 kernel_shap_budget_512 seed=4
2064 stability imagenet resnet50 ILSVRC2012_val_00038443 kernel_shap_budget_1024 seed=0
2065 stability imagenet resnet50 ILSVRC2012_val_00038443 kernel_shap_budget_1024 seed=1
2066 stability imagenet resnet50 ILSVRC2012_val_00038443 kernel_shap_budget_1024 seed=2
2067 stability imagenet resnet50 ILSVRC2012_val_00038443 kernel_shap_budget_1024 seed=3
2068 stability imagenet resnet50 ILSVRC2012_val_00038443 kernel_shap_budget_1024 seed=4
2069 stability imagenet resnet50 ILSVRC2012_val_00038443 kernel_shap_budget_2048 seed=0
2070 stability imagenet resnet50 ILSVRC2012_val_00038443 kernel_shap_budget_2048 seed=1
2071 stability imagenet resnet50 ILSVRC2012_val_00038443 kernel_shap_budget_2048 seed=2
2072 stability imagenet resnet50 ILSVRC2012_val_00038443 kernel_shap_budget_2048 seed=3
2073 stability imagenet resnet50 ILSVRC2012_val_00038443 kernel_shap_budget_2048 seed=4
2074 stability imagenet resnet50 ILSVRC2012_val_00038443 ablation_default seed=None
2075 stability imagenet resnet50 ILSVRC2012_val_00039743 lime_budget_256 seed=0
2076 stability imagenet resnet50 ILSVRC2012_val_00039743 lime_budget_256 seed=1
2077 stability imagenet resnet50 ILSVRC2012_val_00039743 lime_budget_256 seed=2
2078 stability imagenet resnet50 ILSVRC2012_val_00039743 lime_budget_256 seed=3
2079 stability imagenet resnet50 ILSVRC2012_val_00039743 lime_budget_256 seed=4
2080 stability imagenet resnet50 ILSVRC2012_val_00039743 lime_budget_512 seed=0
2081 stability imagenet resnet50 ILSVRC2012_val_00039743 lime_budget_512 seed=1
2082 stability imagenet resnet50 ILSVRC2012_val_00039743 lime_budget_512 seed=2
2083 stability imagenet resnet50 ILSVRC2012_val_00039743 lime_budget_512 seed=3
2084 stability imagenet resnet50 ILSVRC2012_val_00039743 lime_budget_512 seed=4
2085 stability imagenet resnet50 ILSVRC2012_val_00039743 lime_budget_1024 seed=0
2086 stability imagenet resnet50 ILSVRC2012_val_00039743 lime_budget_1024 seed=1
2087 stability imagenet resnet50 ILSVRC2012_val_00039743 lime_budget_1024 seed=2
2088 stability imagenet resnet50 ILSVRC2012_val_00039743 lime_budget_1024 seed=3
2089 stability imagenet resnet50 ILSVRC2012_val_00039743 lime_budget_1024 seed=4
2090 stability imagenet resnet50 ILSVRC2012_val_00039743 lime_budget_2048 seed=0
2091 stability imagenet resnet50 ILSVRC2012_val_00039743 lime_budget_2048 seed=1
2092 stability imagenet resnet50 ILSVRC2012_val_00039743 lime_budget_2048 seed=2
2093 stability imagenet resnet50 ILSVRC2012_val_00039743 lime_budget_2048 seed=3
2094 stability imagenet resnet50 ILSVRC2012_val_00039743 lime_budget_2048 seed=4
2095 stability imagenet resnet50 ILSVRC2012_val_00039743 rise_budget_256 seed=0
2096 stability imagenet resnet50 ILSVRC2012_val_00039743 rise_budget_256 seed=1
2097 stability imagenet resnet50 ILSVRC2012_val_00039743 rise_budget_256 seed=2
2098 stability imagenet resnet50 ILSVRC2012_val_00039743 rise_budget_256 seed=3
2099 stability imagenet resnet50 ILSVRC2012_val_00039743 rise_budget_256 seed=4
2100 stability imagenet resnet50 ILSVRC2012_val_00039743 rise_budget_512 seed=0
2101 stability imagenet resnet50 ILSVRC2012_val_00039743 rise_budget_512 seed=1
2102 stability imagenet resnet50 ILSVRC2012_val_00039743 rise_budget_512 seed=2
2103 stability imagenet resnet50 ILSVRC2012_val_00039743 rise_budget_512 seed=3
2104 stability imagenet resnet50 ILSVRC2012_val_00039743 rise_budget_512 seed=4
2105 stability imagenet resnet50 ILSVRC2012_val_00039743 rise_budget_1024 seed=0
2106 stability imagenet resnet50 ILSVRC2012_val_00039743 rise_budget_1024 seed=1
2107 stability imagenet resnet50 ILSVRC2012_val_00039743 rise_budget_1024 seed=2
2108 stability imagenet resnet50 ILSVRC2012_val_00039743 rise_budget_1024 seed=3
2109 stability imagenet resnet50 ILSVRC2012_val_00039743 rise_budget_1024 seed=4
2110 stability imagenet resnet50 ILSVRC2012_val_00039743 rise_budget_2048 seed=0
2111 stability imagenet resnet50 ILSVRC2012_val_00039743 rise_budget_2048 seed=1
2112 stability imagenet resnet50 ILSVRC2012_val_00039743 rise_budget_2048 seed=2
2113 stability imagenet resnet50 ILSVRC2012_val_00039743 rise_budget_2048 seed=3
2114 stability imagenet resnet50 ILSVRC2012_val_00039743 rise_budget_2048 seed=4
2115 stability imagenet resnet50 ILSVRC2012_val_00039743 kernel_shap_budget_256 seed=0
2116 stability imagenet resnet50 ILSVRC2012_val_00039743 kernel_shap_budget_256 seed=1
2117 stability imagenet resnet50 ILSVRC2012_val_00039743 kernel_shap_budget_256 seed=2
2118 stability imagenet resnet50 ILSVRC2012_val_00039743 kernel_shap_budget_256 seed=3
2119 stability imagenet resnet50 ILSVRC2012_val_00039743 kernel_shap_budget_256 seed=4
2120 stability imagenet resnet50 ILSVRC2012_val_00039743 kernel_shap_budget_512 seed=0
2121 stability imagenet resnet50 ILSVRC2012_val_00039743 kernel_shap_budget_512 seed=1
2122 stability imagenet resnet50 ILSVRC2012_val_00039743 kernel_shap_budget_512 seed=2
2123 stability imagenet resnet50 ILSVRC2012_val_00039743 kernel_shap_budget_512 seed=3
2124 stability imagenet resnet50 ILSVRC2012_val_00039743 kernel_shap_budget_512 seed=4
2125 stability imagenet resnet50 ILSVRC2012_val_00039743 kernel_shap_budget_1024 seed=0
2126 stability imagenet resnet50 ILSVRC2012_val_00039743 kernel_shap_budget_1024 seed=1
2127 stability imagenet resnet50 ILSVRC2012_val_00039743 kernel_shap_budget_1024 seed=2
2128 stability imagenet resnet50 ILSVRC2012_val_00039743 kernel_shap_budget_1024 seed=3
2129 stability imagenet resnet50 ILSVRC2012_val_00039743 kernel_shap_budget_1024 seed=4
2130 stability imagenet resnet50 ILSVRC2012_val_00039743 kernel_shap_budget_2048 seed=0
2131 stability imagenet resnet50 ILSVRC2012_val_00039743 kernel_shap_budget_2048 seed=1
2132 stability imagenet resnet50 ILSVRC2012_val_00039743 kernel_shap_budget_2048 seed=2
2133 stability imagenet resnet50 ILSVRC2012_val_00039743 kernel_shap_budget_2048 seed=3
2134 stability imagenet resnet50 ILSVRC2012_val_00039743 kernel_shap_budget_2048 seed=4
2135 stability imagenet resnet50 ILSVRC2012_val_00039743 ablation_default seed=None
2136 stability imagenet resnet50 ILSVRC2012_val_00043823 lime_budget_256 seed=0
2137 stability imagenet resnet50 ILSVRC2012_val_00043823 lime_budget_256 seed=1
2138 stability imagenet resnet50 ILSVRC2012_val_00043823 lime_budget_256 seed=2
2139 stability imagenet resnet50 ILSVRC2012_val_00043823 lime_budget_256 seed=3
2140 stability imagenet resnet50 ILSVRC2012_val_00043823 lime_budget_256 seed=4
2141 stability imagenet resnet50 ILSVRC2012_val_00043823 lime_budget_512 seed=0
2142 stability imagenet resnet50 ILSVRC2012_val_00043823 lime_budget_512 seed=1
2143 stability imagenet resnet50 ILSVRC2012_val_00043823 lime_budget_512 seed=2
2144 stability imagenet resnet50 ILSVRC2012_val_00043823 lime_budget_512 seed=3
2145 stability imagenet resnet50 ILSVRC2012_val_00043823 lime_budget_512 seed=4
2146 stability imagenet resnet50 ILSVRC2012_val_00043823 lime_budget_1024 seed=0
2147 stability imagenet resnet50 ILSVRC2012_val_00043823 lime_budget_1024 seed=1
2148 stability imagenet resnet50 ILSVRC2012_val_00043823 lime_budget_1024 seed=2
2149 stability imagenet resnet50 ILSVRC2012_val_00043823 lime_budget_1024 seed=3
2150 stability imagenet resnet50 ILSVRC2012_val_00043823 lime_budget_1024 seed=4
2151 stability imagenet resnet50 ILSVRC2012_val_00043823 lime_budget_2048 seed=0
2152 stability imagenet resnet50 ILSVRC2012_val_00043823 lime_budget_2048 seed=1
2153 stability imagenet resnet50 ILSVRC2012_val_00043823 lime_budget_2048 seed=2
2154 stability imagenet resnet50 ILSVRC2012_val_00043823 lime_budget_2048 seed=3
2155 stability imagenet resnet50 ILSVRC2012_val_00043823 lime_budget_2048 seed=4
2156 stability imagenet resnet50 ILSVRC2012_val_00043823 rise_budget_256 seed=0
2157 stability imagenet resnet50 ILSVRC2012_val_00043823 rise_budget_256 seed=1
2158 stability imagenet resnet50 ILSVRC2012_val_00043823 rise_budget_256 seed=2
2159 stability imagenet resnet50 ILSVRC2012_val_00043823 rise_budget_256 seed=3
2160 stability imagenet resnet50 ILSVRC2012_val_00043823 rise_budget_256 seed=4
2161 stability imagenet resnet50 ILSVRC2012_val_00043823 rise_budget_512 seed=0
2162 stability imagenet resnet50 ILSVRC2012_val_00043823 rise_budget_512 seed=1
2163 stability imagenet resnet50 ILSVRC2012_val_00043823 rise_budget_512 seed=2
2164 stability imagenet resnet50 ILSVRC2012_val_00043823 rise_budget_512 seed=3
2165 stability imagenet resnet50 ILSVRC2012_val_00043823 rise_budget_512 seed=4
2166 stability imagenet resnet50 ILSVRC2012_val_00043823 rise_budget_1024 seed=0
2167 stability imagenet resnet50 ILSVRC2012_val_00043823 rise_budget_1024 seed=1
2168 stability imagenet resnet50 ILSVRC2012_val_00043823 rise_budget_1024 seed=2
2169 stability imagenet resnet50 ILSVRC2012_val_00043823 rise_budget_1024 seed=3
2170 stability imagenet resnet50 ILSVRC2012_val_00043823 rise_budget_1024 seed=4
2171 stability imagenet resnet50 ILSVRC2012_val_00043823 rise_budget_2048 seed=0
2172 stability imagenet resnet50 ILSVRC2012_val_00043823 rise_budget_2048 seed=1
2173 stability imagenet resnet50 ILSVRC2012_val_00043823 rise_budget_2048 seed=2
2174 stability imagenet resnet50 ILSVRC2012_val_00043823 rise_budget_2048 seed=3
2175 stability imagenet resnet50 ILSVRC2012_val_00043823 rise_budget_2048 seed=4
2176 stability imagenet resnet50 ILSVRC2012_val_00043823 kernel_shap_budget_256 seed=0
2177 stability imagenet resnet50 ILSVRC2012_val_00043823 kernel_shap_budget_256 seed=1
2178 stability imagenet resnet50 ILSVRC2012_val_00043823 kernel_shap_budget_256 seed=2
2179 stability imagenet resnet50 ILSVRC2012_val_00043823 kernel_shap_budget_256 seed=3
2180 stability imagenet resnet50 ILSVRC2012_val_00043823 kernel_shap_budget_256 seed=4
2181 stability imagenet resnet50 ILSVRC2012_val_00043823 kernel_shap_budget_512 seed=0
2182 stability imagenet resnet50 ILSVRC2012_val_00043823 kernel_shap_budget_512 seed=1
2183 stability imagenet resnet50 ILSVRC2012_val_00043823 kernel_shap_budget_512 seed=2
2184 stability imagenet resnet50 ILSVRC2012_val_00043823 kernel_shap_budget_512 seed=3
2185 stability imagenet resnet50 ILSVRC2012_val_00043823 kernel_shap_budget_512 seed=4
2186 stability imagenet resnet50 ILSVRC2012_val_00043823 kernel_shap_budget_1024 seed=0
2187 stability imagenet resnet50 ILSVRC2012_val_00043823 kernel_shap_budget_1024 seed=1
2188 stability imagenet resnet50 ILSVRC2012_val_00043823 kernel_shap_budget_1024 seed=2
2189 stability imagenet resnet50 ILSVRC2012_val_00043823 kernel_shap_budget_1024 seed=3
2190 stability imagenet resnet50 ILSVRC2012_val_00043823 kernel_shap_budget_1024 seed=4
2191 stability imagenet resnet50 ILSVRC2012_val_00043823 kernel_shap_budget_2048 seed=0
2192 stability imagenet resnet50 ILSVRC2012_val_00043823 kernel_shap_budget_2048 seed=1
2193 stability imagenet resnet50 ILSVRC2012_val_00043823 kernel_shap_budget_2048 seed=2
2194 stability imagenet resnet50 ILSVRC2012_val_00043823 kernel_shap_budget_2048 seed=3
2195 stability imagenet resnet50 ILSVRC2012_val_00043823 kernel_shap_budget_2048 seed=4
2196 stability imagenet resnet50 ILSVRC2012_val_00043823 ablation_default seed=None
2197 stability imagenet resnet50 ILSVRC2012_val_00045743 lime_budget_256 seed=0
2198 stability imagenet resnet50 ILSVRC2012_val_00045743 lime_budget_256 seed=1
2199 stability imagenet resnet50 ILSVRC2012_val_00045743 lime_budget_256 seed=2
2200 stability imagenet resnet50 ILSVRC2012_val_00045743 lime_budget_256 seed=3
2201 stability imagenet resnet50 ILSVRC2012_val_00045743 lime_budget_256 seed=4
2202 stability imagenet resnet50 ILSVRC2012_val_00045743 lime_budget_512 seed=0
2203 stability imagenet resnet50 ILSVRC2012_val_00045743 lime_budget_512 seed=1
2204 stability imagenet resnet50 ILSVRC2012_val_00045743 lime_budget_512 seed=2
2205 stability imagenet resnet50 ILSVRC2012_val_00045743 lime_budget_512 seed=3
2206 stability imagenet resnet50 ILSVRC2012_val_00045743 lime_budget_512 seed=4
2207 stability imagenet resnet50 ILSVRC2012_val_00045743 lime_budget_1024 seed=0
2208 stability imagenet resnet50 ILSVRC2012_val_00045743 lime_budget_1024 seed=1
2209 stability imagenet resnet50 ILSVRC2012_val_00045743 lime_budget_1024 seed=2
2210 stability imagenet resnet50 ILSVRC2012_val_00045743 lime_budget_1024 seed=3
2211 stability imagenet resnet50 ILSVRC2012_val_00045743 lime_budget_1024 seed=4
2212 stability imagenet resnet50 ILSVRC2012_val_00045743 lime_budget_2048 seed=0
2213 stability imagenet resnet50 ILSVRC2012_val_00045743 lime_budget_2048 seed=1
2214 stability imagenet resnet50 ILSVRC2012_val_00045743 lime_budget_2048 seed=2
2215 stability imagenet resnet50 ILSVRC2012_val_00045743 lime_budget_2048 seed=3
2216 stability imagenet resnet50 ILSVRC2012_val_00045743 lime_budget_2048 seed=4
2217 stability imagenet resnet50 ILSVRC2012_val_00045743 rise_budget_256 seed=0
2218 stability imagenet resnet50 ILSVRC2012_val_00045743 rise_budget_256 seed=1
2219 stability imagenet resnet50 ILSVRC2012_val_00045743 rise_budget_256 seed=2
2220 stability imagenet resnet50 ILSVRC2012_val_00045743 rise_budget_256 seed=3
2221 stability imagenet resnet50 ILSVRC2012_val_00045743 rise_budget_256 seed=4
2222 stability imagenet resnet50 ILSVRC2012_val_00045743 rise_budget_512 seed=0
2223 stability imagenet resnet50 ILSVRC2012_val_00045743 rise_budget_512 seed=1
2224 stability imagenet resnet50 ILSVRC2012_val_00045743 rise_budget_512 seed=2
2225 stability imagenet resnet50 ILSVRC2012_val_00045743 rise_budget_512 seed=3
2226 stability imagenet resnet50 ILSVRC2012_val_00045743 rise_budget_512 seed=4
2227 stability imagenet resnet50 ILSVRC2012_val_00045743 rise_budget_1024 seed=0
2228 stability imagenet resnet50 ILSVRC2012_val_00045743 rise_budget_1024 seed=1
2229 stability imagenet resnet50 ILSVRC2012_val_00045743 rise_budget_1024 seed=2
2230 stability imagenet resnet50 ILSVRC2012_val_00045743 rise_budget_1024 seed=3
2231 stability imagenet resnet50 ILSVRC2012_val_00045743 rise_budget_1024 seed=4
2232 stability imagenet resnet50 ILSVRC2012_val_00045743 rise_budget_2048 seed=0
2233 stability imagenet resnet50 ILSVRC2012_val_00045743 rise_budget_2048 seed=1
2234 stability imagenet resnet50 ILSVRC2012_val_00045743 rise_budget_2048 seed=2
2235 stability imagenet resnet50 ILSVRC2012_val_00045743 rise_budget_2048 seed=3
2236 stability imagenet resnet50 ILSVRC2012_val_00045743 rise_budget_2048 seed=4
2237 stability imagenet resnet50 ILSVRC2012_val_00045743 kernel_shap_budget_256 seed=0
2238 stability imagenet resnet50 ILSVRC2012_val_00045743 kernel_shap_budget_256 seed=1
2239 stability imagenet resnet50 ILSVRC2012_val_00045743 kernel_shap_budget_256 seed=2
2240 stability imagenet resnet50 ILSVRC2012_val_00045743 kernel_shap_budget_256 seed=3
2241 stability imagenet resnet50 ILSVRC2012_val_00045743 kernel_shap_budget_256 seed=4
2242 stability imagenet resnet50 ILSVRC2012_val_00045743 kernel_shap_budget_512 seed=0
2243 stability imagenet resnet50 ILSVRC2012_val_00045743 kernel_shap_budget_512 seed=1
2244 stability imagenet resnet50 ILSVRC2012_val_00045743 kernel_shap_budget_512 seed=2
2245 stability imagenet resnet50 ILSVRC2012_val_00045743 kernel_shap_budget_512 seed=3
2246 stability imagenet resnet50 ILSVRC2012_val_00045743 kernel_shap_budget_512 seed=4
2247 stability imagenet resnet50 ILSVRC2012_val_00045743 kernel_shap_budget_1024 seed=0
2248 stability imagenet resnet50 ILSVRC2012_val_00045743 kernel_shap_budget_1024 seed=1
2249 stability imagenet resnet50 ILSVRC2012_val_00045743 kernel_shap_budget_1024 seed=2
2250 stability imagenet resnet50 ILSVRC2012_val_00045743 kernel_shap_budget_1024 seed=3
2251 stability imagenet resnet50 ILSVRC2012_val_00045743 kernel_shap_budget_1024 seed=4
2252 stability imagenet resnet50 ILSVRC2012_val_00045743 kernel_shap_budget_2048 seed=0
2253 stability imagenet resnet50 ILSVRC2012_val_00045743 kernel_shap_budget_2048 seed=1
2254 stability imagenet resnet50 ILSVRC2012_val_00045743 kernel_shap_budget_2048 seed=2
2255 stability imagenet resnet50 ILSVRC2012_val_00045743 kernel_shap_budget_2048 seed=3
2256 stability imagenet resnet50 ILSVRC2012_val_00045743 kernel_shap_budget_2048 seed=4
2257 stability imagenet resnet50 ILSVRC2012_val_00045743 ablation_default seed=None
2258 stability imagenet resnet50 ILSVRC2012_val_00046462 lime_budget_256 seed=0
2259 stability imagenet resnet50 ILSVRC2012_val_00046462 lime_budget_256 seed=1
2260 stability imagenet resnet50 ILSVRC2012_val_00046462 lime_budget_256 seed=2
2261 stability imagenet resnet50 ILSVRC2012_val_00046462 lime_budget_256 seed=3
2262 stability imagenet resnet50 ILSVRC2012_val_00046462 lime_budget_256 seed=4
2263 stability imagenet resnet50 ILSVRC2012_val_00046462 lime_budget_512 seed=0
2264 stability imagenet resnet50 ILSVRC2012_val_00046462 lime_budget_512 seed=1
2265 stability imagenet resnet50 ILSVRC2012_val_00046462 lime_budget_512 seed=2
2266 stability imagenet resnet50 ILSVRC2012_val_00046462 lime_budget_512 seed=3
2267 stability imagenet resnet50 ILSVRC2012_val_00046462 lime_budget_512 seed=4
2268 stability imagenet resnet50 ILSVRC2012_val_00046462 lime_budget_1024 seed=0
2269 stability imagenet resnet50 ILSVRC2012_val_00046462 lime_budget_1024 seed=1
2270 stability imagenet resnet50 ILSVRC2012_val_00046462 lime_budget_1024 seed=2
2271 stability imagenet resnet50 ILSVRC2012_val_00046462 lime_budget_1024 seed=3
2272 stability imagenet resnet50 ILSVRC2012_val_00046462 lime_budget_1024 seed=4
2273 stability imagenet resnet50 ILSVRC2012_val_00046462 lime_budget_2048 seed=0
2274 stability imagenet resnet50 ILSVRC2012_val_00046462 lime_budget_2048 seed=1
2275 stability imagenet resnet50 ILSVRC2012_val_00046462 lime_budget_2048 seed=2
2276 stability imagenet resnet50 ILSVRC2012_val_00046462 lime_budget_2048 seed=3
2277 stability imagenet resnet50 ILSVRC2012_val_00046462 lime_budget_2048 seed=4
2278 stability imagenet resnet50 ILSVRC2012_val_00046462 rise_budget_256 seed=0
2279 stability imagenet resnet50 ILSVRC2012_val_00046462 rise_budget_256 seed=1
2280 stability imagenet resnet50 ILSVRC2012_val_00046462 rise_budget_256 seed=2
2281 stability imagenet resnet50 ILSVRC2012_val_00046462 rise_budget_256 seed=3
2282 stability imagenet resnet50 ILSVRC2012_val_00046462 rise_budget_256 seed=4
2283 stability imagenet resnet50 ILSVRC2012_val_00046462 rise_budget_512 seed=0
2284 stability imagenet resnet50 ILSVRC2012_val_00046462 rise_budget_512 seed=1
2285 stability imagenet resnet50 ILSVRC2012_val_00046462 rise_budget_512 seed=2
2286 stability imagenet resnet50 ILSVRC2012_val_00046462 rise_budget_512 seed=3
2287 stability imagenet resnet50 ILSVRC2012_val_00046462 rise_budget_512 seed=4
2288 stability imagenet resnet50 ILSVRC2012_val_00046462 rise_budget_1024 seed=0
2289 stability imagenet resnet50 ILSVRC2012_val_00046462 rise_budget_1024 seed=1
2290 stability imagenet resnet50 ILSVRC2012_val_00046462 rise_budget_1024 seed=2
2291 stability imagenet resnet50 ILSVRC2012_val_00046462 rise_budget_1024 seed=3
2292 stability imagenet resnet50 ILSVRC2012_val_00046462 rise_budget_1024 seed=4
2293 stability imagenet resnet50 ILSVRC2012_val_00046462 rise_budget_2048 seed=0
2294 stability imagenet resnet50 ILSVRC2012_val_00046462 rise_budget_2048 seed=1
2295 stability imagenet resnet50 ILSVRC2012_val_00046462 rise_budget_2048 seed=2
2296 stability imagenet resnet50 ILSVRC2012_val_00046462 rise_budget_2048 seed=3
2297 stability imagenet resnet50 ILSVRC2012_val_00046462 rise_budget_2048 seed=4
2298 stability imagenet resnet50 ILSVRC2012_val_00046462 kernel_shap_budget_256 seed=0
2299 stability imagenet resnet50 ILSVRC2012_val_00046462 kernel_shap_budget_256 seed=1
2300 stability imagenet resnet50 ILSVRC2012_val_00046462 kernel_shap_budget_256 seed=2
2301 stability imagenet resnet50 ILSVRC2012_val_00046462 kernel_shap_budget_256 seed=3
2302 stability imagenet resnet50 ILSVRC2012_val_00046462 kernel_shap_budget_256 seed=4
2303 stability imagenet resnet50 ILSVRC2012_val_00046462 kernel_shap_budget_512 seed=0
2304 stability imagenet resnet50 ILSVRC2012_val_00046462 kernel_shap_budget_512 seed=1
2305 stability imagenet resnet50 ILSVRC2012_val_00046462 kernel_shap_budget_512 seed=2
2306 stability imagenet resnet50 ILSVRC2012_val_00046462 kernel_shap_budget_512 seed=3
2307 stability imagenet resnet50 ILSVRC2012_val_00046462 kernel_shap_budget_512 seed=4
2308 stability imagenet resnet50 ILSVRC2012_val_00046462 kernel_shap_budget_1024 seed=0
2309 stability imagenet resnet50 ILSVRC2012_val_00046462 kernel_shap_budget_1024 seed=1
2310 stability imagenet resnet50 ILSVRC2012_val_00046462 kernel_shap_budget_1024 seed=2
2311 stability imagenet resnet50 ILSVRC2012_val_00046462 kernel_shap_budget_1024 seed=3
2312 stability imagenet resnet50 ILSVRC2012_val_00046462 kernel_shap_budget_1024 seed=4
2313 stability imagenet resnet50 ILSVRC2012_val_00046462 kernel_shap_budget_2048 seed=0
2314 stability imagenet resnet50 ILSVRC2012_val_00046462 kernel_shap_budget_2048 seed=1
2315 stability imagenet resnet50 ILSVRC2012_val_00046462 kernel_shap_budget_2048 seed=2
2316 stability imagenet resnet50 ILSVRC2012_val_00046462 kernel_shap_budget_2048 seed=3
2317 stability imagenet resnet50 ILSVRC2012_val_00046462 kernel_shap_budget_2048 seed=4
2318 stability imagenet resnet50 ILSVRC2012_val_00046462 ablation_default seed=None
2319 stability imagenet vgg13 ILSVRC2012_val_00000319 lime_budget_256 seed=0
2320 stability imagenet vgg13 ILSVRC2012_val_00000319 lime_budget_256 seed=1
2321 stability imagenet vgg13 ILSVRC2012_val_00000319 lime_budget_256 seed=2
2322 stability imagenet vgg13 ILSVRC2012_val_00000319 lime_budget_256 seed=3
2323 stability imagenet vgg13 ILSVRC2012_val_00000319 lime_budget_256 seed=4
2324 stability imagenet vgg13 ILSVRC2012_val_00000319 lime_budget_512 seed=0
2325 stability imagenet vgg13 ILSVRC2012_val_00000319 lime_budget_512 seed=1
2326 stability imagenet vgg13 ILSVRC2012_val_00000319 lime_budget_512 seed=2
2327 stability imagenet vgg13 ILSVRC2012_val_00000319 lime_budget_512 seed=3
2328 stability imagenet vgg13 ILSVRC2012_val_00000319 lime_budget_512 seed=4
2329 stability imagenet vgg13 ILSVRC2012_val_00000319 lime_budget_1024 seed=0
2330 stability imagenet vgg13 ILSVRC2012_val_00000319 lime_budget_1024 seed=1
2331 stability imagenet vgg13 ILSVRC2012_val_00000319 lime_budget_1024 seed=2
2332 stability imagenet vgg13 ILSVRC2012_val_00000319 lime_budget_1024 seed=3
2333 stability imagenet vgg13 ILSVRC2012_val_00000319 lime_budget_1024 seed=4
2334 stability imagenet vgg13 ILSVRC2012_val_00000319 lime_budget_2048 seed=0
2335 stability imagenet vgg13 ILSVRC2012_val_00000319 lime_budget_2048 seed=1
2336 stability imagenet vgg13 ILSVRC2012_val_00000319 lime_budget_2048 seed=2
2337 stability imagenet vgg13 ILSVRC2012_val_00000319 lime_budget_2048 seed=3
2338 stability imagenet vgg13 ILSVRC2012_val_00000319 lime_budget_2048 seed=4
2339 stability imagenet vgg13 ILSVRC2012_val_00000319 rise_budget_256 seed=0
2340 stability imagenet vgg13 ILSVRC2012_val_00000319 rise_budget_256 seed=1
2341 stability imagenet vgg13 ILSVRC2012_val_00000319 rise_budget_256 seed=2
2342 stability imagenet vgg13 ILSVRC2012_val_00000319 rise_budget_256 seed=3
2343 stability imagenet vgg13 ILSVRC2012_val_00000319 rise_budget_256 seed=4
2344 stability imagenet vgg13 ILSVRC2012_val_00000319 rise_budget_512 seed=0
2345 stability imagenet vgg13 ILSVRC2012_val_00000319 rise_budget_512 seed=1
2346 stability imagenet vgg13 ILSVRC2012_val_00000319 rise_budget_512 seed=2
2347 stability imagenet vgg13 ILSVRC2012_val_00000319 rise_budget_512 seed=3
2348 stability imagenet vgg13 ILSVRC2012_val_00000319 rise_budget_512 seed=4
2349 stability imagenet vgg13 ILSVRC2012_val_00000319 rise_budget_1024 seed=0
2350 stability imagenet vgg13 ILSVRC2012_val_00000319 rise_budget_1024 seed=1
2351 stability imagenet vgg13 ILSVRC2012_val_00000319 rise_budget_1024 seed=2
2352 stability imagenet vgg13 ILSVRC2012_val_00000319 rise_budget_1024 seed=3
2353 stability imagenet vgg13 ILSVRC2012_val_00000319 rise_budget_1024 seed=4
2354 stability imagenet vgg13 ILSVRC2012_val_00000319 rise_budget_2048 seed=0
2355 stability imagenet vgg13 ILSVRC2012_val_00000319 rise_budget_2048 seed=1
2356 stability imagenet vgg13 ILSVRC2012_val_00000319 rise_budget_2048 seed=2
2357 stability imagenet vgg13 ILSVRC2012_val_00000319 rise_budget_2048 seed=3
2358 stability imagenet vgg13 ILSVRC2012_val_00000319 rise_budget_2048 seed=4
2359 stability imagenet vgg13 ILSVRC2012_val_00000319 kernel_shap_budget_256 seed=0
2360 stability imagenet vgg13 ILSVRC2012_val_00000319 kernel_shap_budget_256 seed=1
2361 stability imagenet vgg13 ILSVRC2012_val_00000319 kernel_shap_budget_256 seed=2
2362 stability imagenet vgg13 ILSVRC2012_val_00000319 kernel_shap_budget_256 seed=3
2363 stability imagenet vgg13 ILSVRC2012_val_00000319 kernel_shap_budget_256 seed=4
2364 stability imagenet vgg13 ILSVRC2012_val_00000319 kernel_shap_budget_512 seed=0
2365 stability imagenet vgg13 ILSVRC2012_val_00000319 kernel_shap_budget_512 seed=1
2366 stability imagenet vgg13 ILSVRC2012_val_00000319 kernel_shap_budget_512 seed=2
2367 stability imagenet vgg13 ILSVRC2012_val_00000319 kernel_shap_budget_512 seed=3
2368 stability imagenet vgg13 ILSVRC2012_val_00000319 kernel_shap_budget_512 seed=4
2369 stability imagenet vgg13 ILSVRC2012_val_00000319 kernel_shap_budget_1024 seed=0
2370 stability imagenet vgg13 ILSVRC2012_val_00000319 kernel_shap_budget_1024 seed=1
2371 stability imagenet vgg13 ILSVRC2012_val_00000319 kernel_shap_budget_1024 seed=2
2372 stability imagenet vgg13 ILSVRC2012_val_00000319 kernel_shap_budget_1024 seed=3
2373 stability imagenet vgg13 ILSVRC2012_val_00000319 kernel_shap_budget_1024 seed=4
2374 stability imagenet vgg13 ILSVRC2012_val_00000319 kernel_shap_budget_2048 seed=0
2375 stability imagenet vgg13 ILSVRC2012_val_00000319 kernel_shap_budget_2048 seed=1
2376 stability imagenet vgg13 ILSVRC2012_val_00000319 kernel_shap_budget_2048 seed=2
2377 stability imagenet vgg13 ILSVRC2012_val_00000319 kernel_shap_budget_2048 seed=3
2378 stability imagenet vgg13 ILSVRC2012_val_00000319 kernel_shap_budget_2048 seed=4
2379 stability imagenet vgg13 ILSVRC2012_val_00000319 ablation_default seed=None
2380 stability imagenet vgg13 ILSVRC2012_val_00000604 lime_budget_256 seed=0
2381 stability imagenet vgg13 ILSVRC2012_val_00000604 lime_budget_256 seed=1
2382 stability imagenet vgg13 ILSVRC2012_val_00000604 lime_budget_256 seed=2
2383 stability imagenet vgg13 ILSVRC2012_val_00000604 lime_budget_256 seed=3
2384 stability imagenet vgg13 ILSVRC2012_val_00000604 lime_budget_256 seed=4
2385 stability imagenet vgg13 ILSVRC2012_val_00000604 lime_budget_512 seed=0
2386 stability imagenet vgg13 ILSVRC2012_val_00000604 lime_budget_512 seed=1
2387 stability imagenet vgg13 ILSVRC2012_val_00000604 lime_budget_512 seed=2
2388 stability imagenet vgg13 ILSVRC2012_val_00000604 lime_budget_512 seed=3
2389 stability imagenet vgg13 ILSVRC2012_val_00000604 lime_budget_512 seed=4
2390 stability imagenet vgg13 ILSVRC2012_val_00000604 lime_budget_1024 seed=0
2391 stability imagenet vgg13 ILSVRC2012_val_00000604 lime_budget_1024 seed=1
2392 stability imagenet vgg13 ILSVRC2012_val_00000604 lime_budget_1024 seed=2
2393 stability imagenet vgg13 ILSVRC2012_val_00000604 lime_budget_1024 seed=3
2394 stability imagenet vgg13 ILSVRC2012_val_00000604 lime_budget_1024 seed=4
2395 stability imagenet vgg13 ILSVRC2012_val_00000604 lime_budget_2048 seed=0
2396 stability imagenet vgg13 ILSVRC2012_val_00000604 lime_budget_2048 seed=1
2397 stability imagenet vgg13 ILSVRC2012_val_00000604 lime_budget_2048 seed=2
2398 stability imagenet vgg13 ILSVRC2012_val_00000604 lime_budget_2048 seed=3
2399 stability imagenet vgg13 ILSVRC2012_val_00000604 lime_budget_2048 seed=4
2400 stability imagenet vgg13 ILSVRC2012_val_00000604 rise_budget_256 seed=0
2401 stability imagenet vgg13 ILSVRC2012_val_00000604 rise_budget_256 seed=1
2402 stability imagenet vgg13 ILSVRC2012_val_00000604 rise_budget_256 seed=2
2403 stability imagenet vgg13 ILSVRC2012_val_00000604 rise_budget_256 seed=3
2404 stability imagenet vgg13 ILSVRC2012_val_00000604 rise_budget_256 seed=4
2405 stability imagenet vgg13 ILSVRC2012_val_00000604 rise_budget_512 seed=0
2406 stability imagenet vgg13 ILSVRC2012_val_00000604 rise_budget_512 seed=1
2407 stability imagenet vgg13 ILSVRC2012_val_00000604 rise_budget_512 seed=2
2408 stability imagenet vgg13 ILSVRC2012_val_00000604 rise_budget_512 seed=3
2409 stability imagenet vgg13 ILSVRC2012_val_00000604 rise_budget_512 seed=4
2410 stability imagenet vgg13 ILSVRC2012_val_00000604 rise_budget_1024 seed=0
2411 stability imagenet vgg13 ILSVRC2012_val_00000604 rise_budget_1024 seed=1
2412 stability imagenet vgg13 ILSVRC2012_val_00000604 rise_budget_1024 seed=2
2413 stability imagenet vgg13 ILSVRC2012_val_00000604 rise_budget_1024 seed=3
2414 stability imagenet vgg13 ILSVRC2012_val_00000604 rise_budget_1024 seed=4
2415 stability imagenet vgg13 ILSVRC2012_val_00000604 rise_budget_2048 seed=0
2416 stability imagenet vgg13 ILSVRC2012_val_00000604 rise_budget_2048 seed=1
2417 stability imagenet vgg13 ILSVRC2012_val_00000604 rise_budget_2048 seed=2
2418 stability imagenet vgg13 ILSVRC2012_val_00000604 rise_budget_2048 seed=3
2419 stability imagenet vgg13 ILSVRC2012_val_00000604 rise_budget_2048 seed=4
2420 stability imagenet vgg13 ILSVRC2012_val_00000604 kernel_shap_budget_256 seed=0
2421 stability imagenet vgg13 ILSVRC2012_val_00000604 kernel_shap_budget_256 seed=1
2422 stability imagenet vgg13 ILSVRC2012_val_00000604 kernel_shap_budget_256 seed=2
2423 stability imagenet vgg13 ILSVRC2012_val_00000604 kernel_shap_budget_256 seed=3
2424 stability imagenet vgg13 ILSVRC2012_val_00000604 kernel_shap_budget_256 seed=4
2425 stability imagenet vgg13 ILSVRC2012_val_00000604 kernel_shap_budget_512 seed=0
2426 stability imagenet vgg13 ILSVRC2012_val_00000604 kernel_shap_budget_512 seed=1
2427 stability imagenet vgg13 ILSVRC2012_val_00000604 kernel_shap_budget_512 seed=2
Traceback (most recent call last):
  File "/mnt/data0601/miniconda3/envs/cjy_mob/lib/python3.10/runpy.py", line 196, in _run_module_as_main
  File "/mnt/data0601/miniconda3/envs/cjy_mob/lib/python3.10/runpy.py", line 86, in _run_code
  File "/mnt/data0601/cjy/ML-Practice/code/experiments/m4_matrix.py", line 359, in <module>
  File "/mnt/data0601/cjy/ML-Practice/code/experiments/m4_matrix.py", line 355, in main
  File "/mnt/data0601/cjy/ML-Practice/code/experiments/m4_matrix.py", line 271, in run_stability
  File "/mnt/data0601/miniconda3/envs/cjy_mob/lib/python3.10/site-packages/numpy/lib/_npyio_impl.py", line 466, in load
    magic = fid.read(N)
OSError: [Errno 5] Input/output error
2428 stability imagenet vgg13 ILSVRC2012_val_00000604 kernel_shap_budget_512 seed=3
2429 stability imagenet vgg13 ILSVRC2012_val_00000604 kernel_shap_budget_512 seed=4
2430 stability imagenet vgg13 ILSVRC2012_val_00000604 kernel_shap_budget_1024 seed=0
2431 stability imagenet vgg13 ILSVRC2012_val_00000604 kernel_shap_budget_1024 seed=1
2432 stability imagenet vgg13 ILSVRC2012_val_00000604 kernel_shap_budget_1024 seed=2
2433 stability imagenet vgg13 ILSVRC2012_val_00000604 kernel_shap_budget_1024 seed=3
2434 stability imagenet vgg13 ILSVRC2012_val_00000604 kernel_shap_budget_1024 seed=4
2435 stability imagenet vgg13 ILSVRC2012_val_00000604 kernel_shap_budget_2048 seed=0
2436 stability imagenet vgg13 ILSVRC2012_val_00000604 kernel_shap_budget_2048 seed=1
2437 stability imagenet vgg13 ILSVRC2012_val_00000604 kernel_shap_budget_2048 seed=2
2438 stability imagenet vgg13 ILSVRC2012_val_00000604 kernel_shap_budget_2048 seed=3
2439 stability imagenet vgg13 ILSVRC2012_val_00000604 kernel_shap_budget_2048 seed=4
2440 stability imagenet vgg13 ILSVRC2012_val_00000604 ablation_default seed=None
2441 stability imagenet vgg13 ILSVRC2012_val_00002263 lime_budget_256 seed=0
2442 stability imagenet vgg13 ILSVRC2012_val_00002263 lime_budget_256 seed=1
2443 stability imagenet vgg13 ILSVRC2012_val_00002263 lime_budget_256 seed=2
2444 stability imagenet vgg13 ILSVRC2012_val_00002263 lime_budget_256 seed=3
2445 stability imagenet vgg13 ILSVRC2012_val_00002263 lime_budget_256 seed=4
2446 stability imagenet vgg13 ILSVRC2012_val_00002263 lime_budget_512 seed=0
2447 stability imagenet vgg13 ILSVRC2012_val_00002263 lime_budget_512 seed=1
2448 stability imagenet vgg13 ILSVRC2012_val_00002263 lime_budget_512 seed=2
2449 stability imagenet vgg13 ILSVRC2012_val_00002263 lime_budget_512 seed=3
2450 stability imagenet vgg13 ILSVRC2012_val_00002263 lime_budget_512 seed=4
2451 stability imagenet vgg13 ILSVRC2012_val_00002263 lime_budget_1024 seed=0
2452 stability imagenet vgg13 ILSVRC2012_val_00002263 lime_budget_1024 seed=1
2453 stability imagenet vgg13 ILSVRC2012_val_00002263 lime_budget_1024 seed=2
2454 stability imagenet vgg13 ILSVRC2012_val_00002263 lime_budget_1024 seed=3
2455 stability imagenet vgg13 ILSVRC2012_val_00002263 lime_budget_1024 seed=4
2456 stability imagenet vgg13 ILSVRC2012_val_00002263 lime_budget_2048 seed=0
2457 stability imagenet vgg13 ILSVRC2012_val_00002263 lime_budget_2048 seed=1
2458 stability imagenet vgg13 ILSVRC2012_val_00002263 lime_budget_2048 seed=2
2459 stability imagenet vgg13 ILSVRC2012_val_00002263 lime_budget_2048 seed=3
2460 stability imagenet vgg13 ILSVRC2012_val_00002263 lime_budget_2048 seed=4
2461 stability imagenet vgg13 ILSVRC2012_val_00002263 rise_budget_256 seed=0
2462 stability imagenet vgg13 ILSVRC2012_val_00002263 rise_budget_256 seed=1
2463 stability imagenet vgg13 ILSVRC2012_val_00002263 rise_budget_256 seed=2
2464 stability imagenet vgg13 ILSVRC2012_val_00002263 rise_budget_256 seed=3
2465 stability imagenet vgg13 ILSVRC2012_val_00002263 rise_budget_256 seed=4
2466 stability imagenet vgg13 ILSVRC2012_val_00002263 rise_budget_512 seed=0
2467 stability imagenet vgg13 ILSVRC2012_val_00002263 rise_budget_512 seed=1
2468 stability imagenet vgg13 ILSVRC2012_val_00002263 rise_budget_512 seed=2
2469 stability imagenet vgg13 ILSVRC2012_val_00002263 rise_budget_512 seed=3
2470 stability imagenet vgg13 ILSVRC2012_val_00002263 rise_budget_512 seed=4
2471 stability imagenet vgg13 ILSVRC2012_val_00002263 rise_budget_1024 seed=0
2472 stability imagenet vgg13 ILSVRC2012_val_00002263 rise_budget_1024 seed=1
2473 stability imagenet vgg13 ILSVRC2012_val_00002263 rise_budget_1024 seed=2
2474 stability imagenet vgg13 ILSVRC2012_val_00002263 rise_budget_1024 seed=3
2475 stability imagenet vgg13 ILSVRC2012_val_00002263 rise_budget_1024 seed=4
2476 stability imagenet vgg13 ILSVRC2012_val_00002263 rise_budget_2048 seed=0
2477 stability imagenet vgg13 ILSVRC2012_val_00002263 rise_budget_2048 seed=1
2478 stability imagenet vgg13 ILSVRC2012_val_00002263 rise_budget_2048 seed=2
2479 stability imagenet vgg13 ILSVRC2012_val_00002263 rise_budget_2048 seed=3
2480 stability imagenet vgg13 ILSVRC2012_val_00002263 rise_budget_2048 seed=4
2481 stability imagenet vgg13 ILSVRC2012_val_00002263 kernel_shap_budget_256 seed=0
2482 stability imagenet vgg13 ILSVRC2012_val_00002263 kernel_shap_budget_256 seed=1
2483 stability imagenet vgg13 ILSVRC2012_val_00002263 kernel_shap_budget_256 seed=2
2484 stability imagenet vgg13 ILSVRC2012_val_00002263 kernel_shap_budget_256 seed=3
2485 stability imagenet vgg13 ILSVRC2012_val_00002263 kernel_shap_budget_256 seed=4
2486 stability imagenet vgg13 ILSVRC2012_val_00002263 kernel_shap_budget_512 seed=0
2487 stability imagenet vgg13 ILSVRC2012_val_00002263 kernel_shap_budget_512 seed=1
2488 stability imagenet vgg13 ILSVRC2012_val_00002263 kernel_shap_budget_512 seed=2
2489 stability imagenet vgg13 ILSVRC2012_val_00002263 kernel_shap_budget_512 seed=3
2490 stability imagenet vgg13 ILSVRC2012_val_00002263 kernel_shap_budget_512 seed=4
2491 stability imagenet vgg13 ILSVRC2012_val_00002263 kernel_shap_budget_1024 seed=0
2492 stability imagenet vgg13 ILSVRC2012_val_00002263 kernel_shap_budget_1024 seed=1
2493 stability imagenet vgg13 ILSVRC2012_val_00002263 kernel_shap_budget_1024 seed=2
2494 stability imagenet vgg13 ILSVRC2012_val_00002263 kernel_shap_budget_1024 seed=3
2495 stability imagenet vgg13 ILSVRC2012_val_00002263 kernel_shap_budget_1024 seed=4
2496 stability imagenet vgg13 ILSVRC2012_val_00002263 kernel_shap_budget_2048 seed=0
2497 stability imagenet vgg13 ILSVRC2012_val_00002263 kernel_shap_budget_2048 seed=1
2498 stability imagenet vgg13 ILSVRC2012_val_00002263 kernel_shap_budget_2048 seed=2
2499 stability imagenet vgg13 ILSVRC2012_val_00002263 kernel_shap_budget_2048 seed=3
2500 stability imagenet vgg13 ILSVRC2012_val_00002263 kernel_shap_budget_2048 seed=4
2501 stability imagenet vgg13 ILSVRC2012_val_00002263 ablation_default seed=None
2502 stability imagenet vgg13 ILSVRC2012_val_00002769 lime_budget_256 seed=0
2503 stability imagenet vgg13 ILSVRC2012_val_00002769 lime_budget_256 seed=1
2504 stability imagenet vgg13 ILSVRC2012_val_00002769 lime_budget_256 seed=2
2505 stability imagenet vgg13 ILSVRC2012_val_00002769 lime_budget_256 seed=3
2506 stability imagenet vgg13 ILSVRC2012_val_00002769 lime_budget_256 seed=4
2507 stability imagenet vgg13 ILSVRC2012_val_00002769 lime_budget_512 seed=0
2508 stability imagenet vgg13 ILSVRC2012_val_00002769 lime_budget_512 seed=1
2509 stability imagenet vgg13 ILSVRC2012_val_00002769 lime_budget_512 seed=2
2510 stability imagenet vgg13 ILSVRC2012_val_00002769 lime_budget_512 seed=3
2511 stability imagenet vgg13 ILSVRC2012_val_00002769 lime_budget_512 seed=4
2512 stability imagenet vgg13 ILSVRC2012_val_00002769 lime_budget_1024 seed=0
2513 stability imagenet vgg13 ILSVRC2012_val_00002769 lime_budget_1024 seed=1
2514 stability imagenet vgg13 ILSVRC2012_val_00002769 lime_budget_1024 seed=2
2515 stability imagenet vgg13 ILSVRC2012_val_00002769 lime_budget_1024 seed=3
2516 stability imagenet vgg13 ILSVRC2012_val_00002769 lime_budget_1024 seed=4
2517 stability imagenet vgg13 ILSVRC2012_val_00002769 lime_budget_2048 seed=0
2518 stability imagenet vgg13 ILSVRC2012_val_00002769 lime_budget_2048 seed=1
2519 stability imagenet vgg13 ILSVRC2012_val_00002769 lime_budget_2048 seed=2
2520 stability imagenet vgg13 ILSVRC2012_val_00002769 lime_budget_2048 seed=3
2521 stability imagenet vgg13 ILSVRC2012_val_00002769 lime_budget_2048 seed=4
2522 stability imagenet vgg13 ILSVRC2012_val_00002769 rise_budget_256 seed=0
2523 stability imagenet vgg13 ILSVRC2012_val_00002769 rise_budget_256 seed=1
2524 stability imagenet vgg13 ILSVRC2012_val_00002769 rise_budget_256 seed=2
2525 stability imagenet vgg13 ILSVRC2012_val_00002769 rise_budget_256 seed=3
2526 stability imagenet vgg13 ILSVRC2012_val_00002769 rise_budget_256 seed=4
2527 stability imagenet vgg13 ILSVRC2012_val_00002769 rise_budget_512 seed=0
2528 stability imagenet vgg13 ILSVRC2012_val_00002769 rise_budget_512 seed=1
2529 stability imagenet vgg13 ILSVRC2012_val_00002769 rise_budget_512 seed=2
2530 stability imagenet vgg13 ILSVRC2012_val_00002769 rise_budget_512 seed=3
2531 stability imagenet vgg13 ILSVRC2012_val_00002769 rise_budget_512 seed=4
2532 stability imagenet vgg13 ILSVRC2012_val_00002769 rise_budget_1024 seed=0
2533 stability imagenet vgg13 ILSVRC2012_val_00002769 rise_budget_1024 seed=1
2534 stability imagenet vgg13 ILSVRC2012_val_00002769 rise_budget_1024 seed=2
2535 stability imagenet vgg13 ILSVRC2012_val_00002769 rise_budget_1024 seed=3
2536 stability imagenet vgg13 ILSVRC2012_val_00002769 rise_budget_1024 seed=4
2537 stability imagenet vgg13 ILSVRC2012_val_00002769 rise_budget_2048 seed=0
2538 stability imagenet vgg13 ILSVRC2012_val_00002769 rise_budget_2048 seed=1
2539 stability imagenet vgg13 ILSVRC2012_val_00002769 rise_budget_2048 seed=2
2540 stability imagenet vgg13 ILSVRC2012_val_00002769 rise_budget_2048 seed=3
2541 stability imagenet vgg13 ILSVRC2012_val_00002769 rise_budget_2048 seed=4
2542 stability imagenet vgg13 ILSVRC2012_val_00002769 kernel_shap_budget_256 seed=0
2543 stability imagenet vgg13 ILSVRC2012_val_00002769 kernel_shap_budget_256 seed=1
2544 stability imagenet vgg13 ILSVRC2012_val_00002769 kernel_shap_budget_256 seed=2
2545 stability imagenet vgg13 ILSVRC2012_val_00002769 kernel_shap_budget_256 seed=3
2546 stability imagenet vgg13 ILSVRC2012_val_00002769 kernel_shap_budget_256 seed=4
2547 stability imagenet vgg13 ILSVRC2012_val_00002769 kernel_shap_budget_512 seed=0
2548 stability imagenet vgg13 ILSVRC2012_val_00002769 kernel_shap_budget_512 seed=1
2549 stability imagenet vgg13 ILSVRC2012_val_00002769 kernel_shap_budget_512 seed=2
2550 stability imagenet vgg13 ILSVRC2012_val_00002769 kernel_shap_budget_512 seed=3
2551 stability imagenet vgg13 ILSVRC2012_val_00002769 kernel_shap_budget_512 seed=4
2552 stability imagenet vgg13 ILSVRC2012_val_00002769 kernel_shap_budget_1024 seed=0
2553 stability imagenet vgg13 ILSVRC2012_val_00002769 kernel_shap_budget_1024 seed=1
2554 stability imagenet vgg13 ILSVRC2012_val_00002769 kernel_shap_budget_1024 seed=2
2555 stability imagenet vgg13 ILSVRC2012_val_00002769 kernel_shap_budget_1024 seed=3
2556 stability imagenet vgg13 ILSVRC2012_val_00002769 kernel_shap_budget_1024 seed=4
2557 stability imagenet vgg13 ILSVRC2012_val_00002769 kernel_shap_budget_2048 seed=0
2558 stability imagenet vgg13 ILSVRC2012_val_00002769 kernel_shap_budget_2048 seed=1
2559 stability imagenet vgg13 ILSVRC2012_val_00002769 kernel_shap_budget_2048 seed=2
2560 stability imagenet vgg13 ILSVRC2012_val_00002769 kernel_shap_budget_2048 seed=3
2561 stability imagenet vgg13 ILSVRC2012_val_00002769 kernel_shap_budget_2048 seed=4
2562 stability imagenet vgg13 ILSVRC2012_val_00002769 ablation_default seed=None
2563 stability imagenet vgg13 ILSVRC2012_val_00004344 lime_budget_256 seed=0
2564 stability imagenet vgg13 ILSVRC2012_val_00004344 lime_budget_256 seed=1
2565 stability imagenet vgg13 ILSVRC2012_val_00004344 lime_budget_256 seed=2
2566 stability imagenet vgg13 ILSVRC2012_val_00004344 lime_budget_256 seed=3
2567 stability imagenet vgg13 ILSVRC2012_val_00004344 lime_budget_256 seed=4
2568 stability imagenet vgg13 ILSVRC2012_val_00004344 lime_budget_512 seed=0
2569 stability imagenet vgg13 ILSVRC2012_val_00004344 lime_budget_512 seed=1
2570 stability imagenet vgg13 ILSVRC2012_val_00004344 lime_budget_512 seed=2
2571 stability imagenet vgg13 ILSVRC2012_val_00004344 lime_budget_512 seed=3
2572 stability imagenet vgg13 ILSVRC2012_val_00004344 lime_budget_512 seed=4
2573 stability imagenet vgg13 ILSVRC2012_val_00004344 lime_budget_1024 seed=0
2574 stability imagenet vgg13 ILSVRC2012_val_00004344 lime_budget_1024 seed=1
2575 stability imagenet vgg13 ILSVRC2012_val_00004344 lime_budget_1024 seed=2
2576 stability imagenet vgg13 ILSVRC2012_val_00004344 lime_budget_1024 seed=3
2577 stability imagenet vgg13 ILSVRC2012_val_00004344 lime_budget_1024 seed=4
2578 stability imagenet vgg13 ILSVRC2012_val_00004344 lime_budget_2048 seed=0
2579 stability imagenet vgg13 ILSVRC2012_val_00004344 lime_budget_2048 seed=1
2580 stability imagenet vgg13 ILSVRC2012_val_00004344 lime_budget_2048 seed=2
2581 stability imagenet vgg13 ILSVRC2012_val_00004344 lime_budget_2048 seed=3
2582 stability imagenet vgg13 ILSVRC2012_val_00004344 lime_budget_2048 seed=4
2583 stability imagenet vgg13 ILSVRC2012_val_00004344 rise_budget_256 seed=0
2584 stability imagenet vgg13 ILSVRC2012_val_00004344 rise_budget_256 seed=1
2585 stability imagenet vgg13 ILSVRC2012_val_00004344 rise_budget_256 seed=2
2586 stability imagenet vgg13 ILSVRC2012_val_00004344 rise_budget_256 seed=3
2587 stability imagenet vgg13 ILSVRC2012_val_00004344 rise_budget_256 seed=4
2588 stability imagenet vgg13 ILSVRC2012_val_00004344 rise_budget_512 seed=0
2589 stability imagenet vgg13 ILSVRC2012_val_00004344 rise_budget_512 seed=1
2590 stability imagenet vgg13 ILSVRC2012_val_00004344 rise_budget_512 seed=2
2591 stability imagenet vgg13 ILSVRC2012_val_00004344 rise_budget_512 seed=3
2592 stability imagenet vgg13 ILSVRC2012_val_00004344 rise_budget_512 seed=4
2593 stability imagenet vgg13 ILSVRC2012_val_00004344 rise_budget_1024 seed=0
2594 stability imagenet vgg13 ILSVRC2012_val_00004344 rise_budget_1024 seed=1
2595 stability imagenet vgg13 ILSVRC2012_val_00004344 rise_budget_1024 seed=2
2596 stability imagenet vgg13 ILSVRC2012_val_00004344 rise_budget_1024 seed=3
2597 stability imagenet vgg13 ILSVRC2012_val_00004344 rise_budget_1024 seed=4
2598 stability imagenet vgg13 ILSVRC2012_val_00004344 rise_budget_2048 seed=0
2599 stability imagenet vgg13 ILSVRC2012_val_00004344 rise_budget_2048 seed=1
2600 stability imagenet vgg13 ILSVRC2012_val_00004344 rise_budget_2048 seed=2
2601 stability imagenet vgg13 ILSVRC2012_val_00004344 rise_budget_2048 seed=3
2602 stability imagenet vgg13 ILSVRC2012_val_00004344 rise_budget_2048 seed=4
2603 stability imagenet vgg13 ILSVRC2012_val_00004344 kernel_shap_budget_256 seed=0
2604 stability imagenet vgg13 ILSVRC2012_val_00004344 kernel_shap_budget_256 seed=1
2605 stability imagenet vgg13 ILSVRC2012_val_00004344 kernel_shap_budget_256 seed=2
2606 stability imagenet vgg13 ILSVRC2012_val_00004344 kernel_shap_budget_256 seed=3
2607 stability imagenet vgg13 ILSVRC2012_val_00004344 kernel_shap_budget_256 seed=4
2608 stability imagenet vgg13 ILSVRC2012_val_00004344 kernel_shap_budget_512 seed=0
2609 stability imagenet vgg13 ILSVRC2012_val_00004344 kernel_shap_budget_512 seed=1
2610 stability imagenet vgg13 ILSVRC2012_val_00004344 kernel_shap_budget_512 seed=2
2611 stability imagenet vgg13 ILSVRC2012_val_00004344 kernel_shap_budget_512 seed=3
2612 stability imagenet vgg13 ILSVRC2012_val_00004344 kernel_shap_budget_512 seed=4
2613 stability imagenet vgg13 ILSVRC2012_val_00004344 kernel_shap_budget_1024 seed=0
2614 stability imagenet vgg13 ILSVRC2012_val_00004344 kernel_shap_budget_1024 seed=1
2615 stability imagenet vgg13 ILSVRC2012_val_00004344 kernel_shap_budget_1024 seed=2
2616 stability imagenet vgg13 ILSVRC2012_val_00004344 kernel_shap_budget_1024 seed=3
2617 stability imagenet vgg13 ILSVRC2012_val_00004344 kernel_shap_budget_1024 seed=4
2618 stability imagenet vgg13 ILSVRC2012_val_00004344 kernel_shap_budget_2048 seed=0
2619 stability imagenet vgg13 ILSVRC2012_val_00004344 kernel_shap_budget_2048 seed=1
2620 stability imagenet vgg13 ILSVRC2012_val_00004344 kernel_shap_budget_2048 seed=2
2621 stability imagenet vgg13 ILSVRC2012_val_00004344 kernel_shap_budget_2048 seed=3
2622 stability imagenet vgg13 ILSVRC2012_val_00004344 kernel_shap_budget_2048 seed=4
2623 stability imagenet vgg13 ILSVRC2012_val_00004344 ablation_default seed=None
2624 stability imagenet vgg13 ILSVRC2012_val_00005454 lime_budget_256 seed=0
2625 stability imagenet vgg13 ILSVRC2012_val_00005454 lime_budget_256 seed=1
2626 stability imagenet vgg13 ILSVRC2012_val_00005454 lime_budget_256 seed=2
2627 stability imagenet vgg13 ILSVRC2012_val_00005454 lime_budget_256 seed=3
2628 stability imagenet vgg13 ILSVRC2012_val_00005454 lime_budget_256 seed=4
2629 stability imagenet vgg13 ILSVRC2012_val_00005454 lime_budget_512 seed=0
2630 stability imagenet vgg13 ILSVRC2012_val_00005454 lime_budget_512 seed=1
2631 stability imagenet vgg13 ILSVRC2012_val_00005454 lime_budget_512 seed=2
2632 stability imagenet vgg13 ILSVRC2012_val_00005454 lime_budget_512 seed=3
2633 stability imagenet vgg13 ILSVRC2012_val_00005454 lime_budget_512 seed=4
2634 stability imagenet vgg13 ILSVRC2012_val_00005454 lime_budget_1024 seed=0
2635 stability imagenet vgg13 ILSVRC2012_val_00005454 lime_budget_1024 seed=1
2636 stability imagenet vgg13 ILSVRC2012_val_00005454 lime_budget_1024 seed=2
2637 stability imagenet vgg13 ILSVRC2012_val_00005454 lime_budget_1024 seed=3
2638 stability imagenet vgg13 ILSVRC2012_val_00005454 lime_budget_1024 seed=4
2639 stability imagenet vgg13 ILSVRC2012_val_00005454 lime_budget_2048 seed=0
2640 stability imagenet vgg13 ILSVRC2012_val_00005454 lime_budget_2048 seed=1
2641 stability imagenet vgg13 ILSVRC2012_val_00005454 lime_budget_2048 seed=2
2642 stability imagenet vgg13 ILSVRC2012_val_00005454 lime_budget_2048 seed=3
2643 stability imagenet vgg13 ILSVRC2012_val_00005454 lime_budget_2048 seed=4
2644 stability imagenet vgg13 ILSVRC2012_val_00005454 rise_budget_256 seed=0
2645 stability imagenet vgg13 ILSVRC2012_val_00005454 rise_budget_256 seed=1
2646 stability imagenet vgg13 ILSVRC2012_val_00005454 rise_budget_256 seed=2
2647 stability imagenet vgg13 ILSVRC2012_val_00005454 rise_budget_256 seed=3
2648 stability imagenet vgg13 ILSVRC2012_val_00005454 rise_budget_256 seed=4
2649 stability imagenet vgg13 ILSVRC2012_val_00005454 rise_budget_512 seed=0
2650 stability imagenet vgg13 ILSVRC2012_val_00005454 rise_budget_512 seed=1
2651 stability imagenet vgg13 ILSVRC2012_val_00005454 rise_budget_512 seed=2
2652 stability imagenet vgg13 ILSVRC2012_val_00005454 rise_budget_512 seed=3
2653 stability imagenet vgg13 ILSVRC2012_val_00005454 rise_budget_512 seed=4
2654 stability imagenet vgg13 ILSVRC2012_val_00005454 rise_budget_1024 seed=0
2655 stability imagenet vgg13 ILSVRC2012_val_00005454 rise_budget_1024 seed=1
2656 stability imagenet vgg13 ILSVRC2012_val_00005454 rise_budget_1024 seed=2
2657 stability imagenet vgg13 ILSVRC2012_val_00005454 rise_budget_1024 seed=3
2658 stability imagenet vgg13 ILSVRC2012_val_00005454 rise_budget_1024 seed=4
2659 stability imagenet vgg13 ILSVRC2012_val_00005454 rise_budget_2048 seed=0
2660 stability imagenet vgg13 ILSVRC2012_val_00005454 rise_budget_2048 seed=1
2661 stability imagenet vgg13 ILSVRC2012_val_00005454 rise_budget_2048 seed=2
2662 stability imagenet vgg13 ILSVRC2012_val_00005454 rise_budget_2048 seed=3
2663 stability imagenet vgg13 ILSVRC2012_val_00005454 rise_budget_2048 seed=4
2664 stability imagenet vgg13 ILSVRC2012_val_00005454 kernel_shap_budget_256 seed=0
2665 stability imagenet vgg13 ILSVRC2012_val_00005454 kernel_shap_budget_256 seed=1
2666 stability imagenet vgg13 ILSVRC2012_val_00005454 kernel_shap_budget_256 seed=2
2667 stability imagenet vgg13 ILSVRC2012_val_00005454 kernel_shap_budget_256 seed=3
2668 stability imagenet vgg13 ILSVRC2012_val_00005454 kernel_shap_budget_256 seed=4
2669 stability imagenet vgg13 ILSVRC2012_val_00005454 kernel_shap_budget_512 seed=0
2670 stability imagenet vgg13 ILSVRC2012_val_00005454 kernel_shap_budget_512 seed=1
2671 stability imagenet vgg13 ILSVRC2012_val_00005454 kernel_shap_budget_512 seed=2
2672 stability imagenet vgg13 ILSVRC2012_val_00005454 kernel_shap_budget_512 seed=3
2673 stability imagenet vgg13 ILSVRC2012_val_00005454 kernel_shap_budget_512 seed=4
2674 stability imagenet vgg13 ILSVRC2012_val_00005454 kernel_shap_budget_1024 seed=0
2675 stability imagenet vgg13 ILSVRC2012_val_00005454 kernel_shap_budget_1024 seed=1
2676 stability imagenet vgg13 ILSVRC2012_val_00005454 kernel_shap_budget_1024 seed=2
2677 stability imagenet vgg13 ILSVRC2012_val_00005454 kernel_shap_budget_1024 seed=3
2678 stability imagenet vgg13 ILSVRC2012_val_00005454 kernel_shap_budget_1024 seed=4
2679 stability imagenet vgg13 ILSVRC2012_val_00005454 kernel_shap_budget_2048 seed=0
2680 stability imagenet vgg13 ILSVRC2012_val_00005454 kernel_shap_budget_2048 seed=1
2681 stability imagenet vgg13 ILSVRC2012_val_00005454 kernel_shap_budget_2048 seed=2
2682 stability imagenet vgg13 ILSVRC2012_val_00005454 kernel_shap_budget_2048 seed=3
2683 stability imagenet vgg13 ILSVRC2012_val_00005454 kernel_shap_budget_2048 seed=4
2684 stability imagenet vgg13 ILSVRC2012_val_00005454 ablation_default seed=None
2685 stability imagenet vgg13 ILSVRC2012_val_00005904 lime_budget_256 seed=0
2686 stability imagenet vgg13 ILSVRC2012_val_00005904 lime_budget_256 seed=1
2687 stability imagenet vgg13 ILSVRC2012_val_00005904 lime_budget_256 seed=2
2688 stability imagenet vgg13 ILSVRC2012_val_00005904 lime_budget_256 seed=3
2689 stability imagenet vgg13 ILSVRC2012_val_00005904 lime_budget_256 seed=4
2690 stability imagenet vgg13 ILSVRC2012_val_00005904 lime_budget_512 seed=0
2691 stability imagenet vgg13 ILSVRC2012_val_00005904 lime_budget_512 seed=1
2692 stability imagenet vgg13 ILSVRC2012_val_00005904 lime_budget_512 seed=2
2693 stability imagenet vgg13 ILSVRC2012_val_00005904 lime_budget_512 seed=3
2694 stability imagenet vgg13 ILSVRC2012_val_00005904 lime_budget_512 seed=4
2695 stability imagenet vgg13 ILSVRC2012_val_00005904 lime_budget_1024 seed=0
2696 stability imagenet vgg13 ILSVRC2012_val_00005904 lime_budget_1024 seed=1
2697 stability imagenet vgg13 ILSVRC2012_val_00005904 lime_budget_1024 seed=2
2698 stability imagenet vgg13 ILSVRC2012_val_00005904 lime_budget_1024 seed=3
2699 stability imagenet vgg13 ILSVRC2012_val_00005904 lime_budget_1024 seed=4
2700 stability imagenet vgg13 ILSVRC2012_val_00005904 lime_budget_2048 seed=0
2701 stability imagenet vgg13 ILSVRC2012_val_00005904 lime_budget_2048 seed=1
2702 stability imagenet vgg13 ILSVRC2012_val_00005904 lime_budget_2048 seed=2
2703 stability imagenet vgg13 ILSVRC2012_val_00005904 lime_budget_2048 seed=3
2704 stability imagenet vgg13 ILSVRC2012_val_00005904 lime_budget_2048 seed=4
2705 stability imagenet vgg13 ILSVRC2012_val_00005904 rise_budget_256 seed=0
2706 stability imagenet vgg13 ILSVRC2012_val_00005904 rise_budget_256 seed=1
2707 stability imagenet vgg13 ILSVRC2012_val_00005904 rise_budget_256 seed=2
2708 stability imagenet vgg13 ILSVRC2012_val_00005904 rise_budget_256 seed=3
2709 stability imagenet vgg13 ILSVRC2012_val_00005904 rise_budget_256 seed=4
2710 stability imagenet vgg13 ILSVRC2012_val_00005904 rise_budget_512 seed=0
2711 stability imagenet vgg13 ILSVRC2012_val_00005904 rise_budget_512 seed=1
2712 stability imagenet vgg13 ILSVRC2012_val_00005904 rise_budget_512 seed=2
2713 stability imagenet vgg13 ILSVRC2012_val_00005904 rise_budget_512 seed=3
2714 stability imagenet vgg13 ILSVRC2012_val_00005904 rise_budget_512 seed=4
2715 stability imagenet vgg13 ILSVRC2012_val_00005904 rise_budget_1024 seed=0
2716 stability imagenet vgg13 ILSVRC2012_val_00005904 rise_budget_1024 seed=1
2717 stability imagenet vgg13 ILSVRC2012_val_00005904 rise_budget_1024 seed=2
2718 stability imagenet vgg13 ILSVRC2012_val_00005904 rise_budget_1024 seed=3
2719 stability imagenet vgg13 ILSVRC2012_val_00005904 rise_budget_1024 seed=4
2720 stability imagenet vgg13 ILSVRC2012_val_00005904 rise_budget_2048 seed=0
2721 stability imagenet vgg13 ILSVRC2012_val_00005904 rise_budget_2048 seed=1
2722 stability imagenet vgg13 ILSVRC2012_val_00005904 rise_budget_2048 seed=2
2723 stability imagenet vgg13 ILSVRC2012_val_00005904 rise_budget_2048 seed=3
2724 stability imagenet vgg13 ILSVRC2012_val_00005904 rise_budget_2048 seed=4
2725 stability imagenet vgg13 ILSVRC2012_val_00005904 kernel_shap_budget_256 seed=0
2726 stability imagenet vgg13 ILSVRC2012_val_00005904 kernel_shap_budget_256 seed=1
2727 stability imagenet vgg13 ILSVRC2012_val_00005904 kernel_shap_budget_256 seed=2
2728 stability imagenet vgg13 ILSVRC2012_val_00005904 kernel_shap_budget_256 seed=3
2729 stability imagenet vgg13 ILSVRC2012_val_00005904 kernel_shap_budget_256 seed=4
2730 stability imagenet vgg13 ILSVRC2012_val_00005904 kernel_shap_budget_512 seed=0
2731 stability imagenet vgg13 ILSVRC2012_val_00005904 kernel_shap_budget_512 seed=1
2732 stability imagenet vgg13 ILSVRC2012_val_00005904 kernel_shap_budget_512 seed=2
2733 stability imagenet vgg13 ILSVRC2012_val_00005904 kernel_shap_budget_512 seed=3
2734 stability imagenet vgg13 ILSVRC2012_val_00005904 kernel_shap_budget_512 seed=4
2735 stability imagenet vgg13 ILSVRC2012_val_00005904 kernel_shap_budget_1024 seed=0
2736 stability imagenet vgg13 ILSVRC2012_val_00005904 kernel_shap_budget_1024 seed=1
2737 stability imagenet vgg13 ILSVRC2012_val_00005904 kernel_shap_budget_1024 seed=2
2738 stability imagenet vgg13 ILSVRC2012_val_00005904 kernel_shap_budget_1024 seed=3
2739 stability imagenet vgg13 ILSVRC2012_val_00005904 kernel_shap_budget_1024 seed=4
2740 stability imagenet vgg13 ILSVRC2012_val_00005904 kernel_shap_budget_2048 seed=0
2741 stability imagenet vgg13 ILSVRC2012_val_00005904 kernel_shap_budget_2048 seed=1
2742 stability imagenet vgg13 ILSVRC2012_val_00005904 kernel_shap_budget_2048 seed=2
2743 stability imagenet vgg13 ILSVRC2012_val_00005904 kernel_shap_budget_2048 seed=3
2744 stability imagenet vgg13 ILSVRC2012_val_00005904 kernel_shap_budget_2048 seed=4
2745 stability imagenet vgg13 ILSVRC2012_val_00005904 ablation_default seed=None
2746 stability imagenet vgg13 ILSVRC2012_val_00006283 lime_budget_256 seed=0
2747 stability imagenet vgg13 ILSVRC2012_val_00006283 lime_budget_256 seed=1
2748 stability imagenet vgg13 ILSVRC2012_val_00006283 lime_budget_256 seed=2
2749 stability imagenet vgg13 ILSVRC2012_val_00006283 lime_budget_256 seed=3
2750 stability imagenet vgg13 ILSVRC2012_val_00006283 lime_budget_256 seed=4
2751 stability imagenet vgg13 ILSVRC2012_val_00006283 lime_budget_512 seed=0
2752 stability imagenet vgg13 ILSVRC2012_val_00006283 lime_budget_512 seed=1
2753 stability imagenet vgg13 ILSVRC2012_val_00006283 lime_budget_512 seed=2
2754 stability imagenet vgg13 ILSVRC2012_val_00006283 lime_budget_512 seed=3
2755 stability imagenet vgg13 ILSVRC2012_val_00006283 lime_budget_512 seed=4
2756 stability imagenet vgg13 ILSVRC2012_val_00006283 lime_budget_1024 seed=0
2757 stability imagenet vgg13 ILSVRC2012_val_00006283 lime_budget_1024 seed=1
2758 stability imagenet vgg13 ILSVRC2012_val_00006283 lime_budget_1024 seed=2
2759 stability imagenet vgg13 ILSVRC2012_val_00006283 lime_budget_1024 seed=3
2760 stability imagenet vgg13 ILSVRC2012_val_00006283 lime_budget_1024 seed=4
2761 stability imagenet vgg13 ILSVRC2012_val_00006283 lime_budget_2048 seed=0
2762 stability imagenet vgg13 ILSVRC2012_val_00006283 lime_budget_2048 seed=1
2763 stability imagenet vgg13 ILSVRC2012_val_00006283 lime_budget_2048 seed=2
2764 stability imagenet vgg13 ILSVRC2012_val_00006283 lime_budget_2048 seed=3
2765 stability imagenet vgg13 ILSVRC2012_val_00006283 lime_budget_2048 seed=4
2766 stability imagenet vgg13 ILSVRC2012_val_00006283 rise_budget_256 seed=0
2767 stability imagenet vgg13 ILSVRC2012_val_00006283 rise_budget_256 seed=1
2768 stability imagenet vgg13 ILSVRC2012_val_00006283 rise_budget_256 seed=2
2769 stability imagenet vgg13 ILSVRC2012_val_00006283 rise_budget_256 seed=3
2770 stability imagenet vgg13 ILSVRC2012_val_00006283 rise_budget_256 seed=4
2771 stability imagenet vgg13 ILSVRC2012_val_00006283 rise_budget_512 seed=0
2772 stability imagenet vgg13 ILSVRC2012_val_00006283 rise_budget_512 seed=1
2773 stability imagenet vgg13 ILSVRC2012_val_00006283 rise_budget_512 seed=2
2774 stability imagenet vgg13 ILSVRC2012_val_00006283 rise_budget_512 seed=3
2775 stability imagenet vgg13 ILSVRC2012_val_00006283 rise_budget_512 seed=4
2776 stability imagenet vgg13 ILSVRC2012_val_00006283 rise_budget_1024 seed=0
2777 stability imagenet vgg13 ILSVRC2012_val_00006283 rise_budget_1024 seed=1
2778 stability imagenet vgg13 ILSVRC2012_val_00006283 rise_budget_1024 seed=2
2779 stability imagenet vgg13 ILSVRC2012_val_00006283 rise_budget_1024 seed=3
2780 stability imagenet vgg13 ILSVRC2012_val_00006283 rise_budget_1024 seed=4
2781 stability imagenet vgg13 ILSVRC2012_val_00006283 rise_budget_2048 seed=0
2782 stability imagenet vgg13 ILSVRC2012_val_00006283 rise_budget_2048 seed=1
2783 stability imagenet vgg13 ILSVRC2012_val_00006283 rise_budget_2048 seed=2
2784 stability imagenet vgg13 ILSVRC2012_val_00006283 rise_budget_2048 seed=3
2785 stability imagenet vgg13 ILSVRC2012_val_00006283 rise_budget_2048 seed=4
2786 stability imagenet vgg13 ILSVRC2012_val_00006283 kernel_shap_budget_256 seed=0
2787 stability imagenet vgg13 ILSVRC2012_val_00006283 kernel_shap_budget_256 seed=1
2788 stability imagenet vgg13 ILSVRC2012_val_00006283 kernel_shap_budget_256 seed=2
2789 stability imagenet vgg13 ILSVRC2012_val_00006283 kernel_shap_budget_256 seed=3
2790 stability imagenet vgg13 ILSVRC2012_val_00006283 kernel_shap_budget_256 seed=4
2791 stability imagenet vgg13 ILSVRC2012_val_00006283 kernel_shap_budget_512 seed=0
2792 stability imagenet vgg13 ILSVRC2012_val_00006283 kernel_shap_budget_512 seed=1
2793 stability imagenet vgg13 ILSVRC2012_val_00006283 kernel_shap_budget_512 seed=2
2794 stability imagenet vgg13 ILSVRC2012_val_00006283 kernel_shap_budget_512 seed=3
2795 stability imagenet vgg13 ILSVRC2012_val_00006283 kernel_shap_budget_512 seed=4
2796 stability imagenet vgg13 ILSVRC2012_val_00006283 kernel_shap_budget_1024 seed=0
2797 stability imagenet vgg13 ILSVRC2012_val_00006283 kernel_shap_budget_1024 seed=1
2798 stability imagenet vgg13 ILSVRC2012_val_00006283 kernel_shap_budget_1024 seed=2
2799 stability imagenet vgg13 ILSVRC2012_val_00006283 kernel_shap_budget_1024 seed=3
2800 stability imagenet vgg13 ILSVRC2012_val_00006283 kernel_shap_budget_1024 seed=4
2801 stability imagenet vgg13 ILSVRC2012_val_00006283 kernel_shap_budget_2048 seed=0
2802 stability imagenet vgg13 ILSVRC2012_val_00006283 kernel_shap_budget_2048 seed=1
2803 stability imagenet vgg13 ILSVRC2012_val_00006283 kernel_shap_budget_2048 seed=2
2804 stability imagenet vgg13 ILSVRC2012_val_00006283 kernel_shap_budget_2048 seed=3
2805 stability imagenet vgg13 ILSVRC2012_val_00006283 kernel_shap_budget_2048 seed=4
2806 stability imagenet vgg13 ILSVRC2012_val_00006283 ablation_default seed=None
2807 stability imagenet vgg13 ILSVRC2012_val_00006551 lime_budget_256 seed=0
2808 stability imagenet vgg13 ILSVRC2012_val_00006551 lime_budget_256 seed=1
2809 stability imagenet vgg13 ILSVRC2012_val_00006551 lime_budget_256 seed=2
2810 stability imagenet vgg13 ILSVRC2012_val_00006551 lime_budget_256 seed=3
2811 stability imagenet vgg13 ILSVRC2012_val_00006551 lime_budget_256 seed=4
2812 stability imagenet vgg13 ILSVRC2012_val_00006551 lime_budget_512 seed=0
2813 stability imagenet vgg13 ILSVRC2012_val_00006551 lime_budget_512 seed=1
2814 stability imagenet vgg13 ILSVRC2012_val_00006551 lime_budget_512 seed=2
2815 stability imagenet vgg13 ILSVRC2012_val_00006551 lime_budget_512 seed=3
2816 stability imagenet vgg13 ILSVRC2012_val_00006551 lime_budget_512 seed=4
2817 stability imagenet vgg13 ILSVRC2012_val_00006551 lime_budget_1024 seed=0
2818 stability imagenet vgg13 ILSVRC2012_val_00006551 lime_budget_1024 seed=1
2819 stability imagenet vgg13 ILSVRC2012_val_00006551 lime_budget_1024 seed=2
2820 stability imagenet vgg13 ILSVRC2012_val_00006551 lime_budget_1024 seed=3
2821 stability imagenet vgg13 ILSVRC2012_val_00006551 lime_budget_1024 seed=4
2822 stability imagenet vgg13 ILSVRC2012_val_00006551 lime_budget_2048 seed=0
2823 stability imagenet vgg13 ILSVRC2012_val_00006551 lime_budget_2048 seed=1
2824 stability imagenet vgg13 ILSVRC2012_val_00006551 lime_budget_2048 seed=2
2825 stability imagenet vgg13 ILSVRC2012_val_00006551 lime_budget_2048 seed=3
2826 stability imagenet vgg13 ILSVRC2012_val_00006551 lime_budget_2048 seed=4
2827 stability imagenet vgg13 ILSVRC2012_val_00006551 rise_budget_256 seed=0
2828 stability imagenet vgg13 ILSVRC2012_val_00006551 rise_budget_256 seed=1
2829 stability imagenet vgg13 ILSVRC2012_val_00006551 rise_budget_256 seed=2
2830 stability imagenet vgg13 ILSVRC2012_val_00006551 rise_budget_256 seed=3
2831 stability imagenet vgg13 ILSVRC2012_val_00006551 rise_budget_256 seed=4
2832 stability imagenet vgg13 ILSVRC2012_val_00006551 rise_budget_512 seed=0
2833 stability imagenet vgg13 ILSVRC2012_val_00006551 rise_budget_512 seed=1
2834 stability imagenet vgg13 ILSVRC2012_val_00006551 rise_budget_512 seed=2
2835 stability imagenet vgg13 ILSVRC2012_val_00006551 rise_budget_512 seed=3
2836 stability imagenet vgg13 ILSVRC2012_val_00006551 rise_budget_512 seed=4
2837 stability imagenet vgg13 ILSVRC2012_val_00006551 rise_budget_1024 seed=0
2838 stability imagenet vgg13 ILSVRC2012_val_00006551 rise_budget_1024 seed=1
2839 stability imagenet vgg13 ILSVRC2012_val_00006551 rise_budget_1024 seed=2
2840 stability imagenet vgg13 ILSVRC2012_val_00006551 rise_budget_1024 seed=3
2841 stability imagenet vgg13 ILSVRC2012_val_00006551 rise_budget_1024 seed=4
2842 stability imagenet vgg13 ILSVRC2012_val_00006551 rise_budget_2048 seed=0
2843 stability imagenet vgg13 ILSVRC2012_val_00006551 rise_budget_2048 seed=1
2844 stability imagenet vgg13 ILSVRC2012_val_00006551 rise_budget_2048 seed=2
2845 stability imagenet vgg13 ILSVRC2012_val_00006551 rise_budget_2048 seed=3
2846 stability imagenet vgg13 ILSVRC2012_val_00006551 rise_budget_2048 seed=4
2847 stability imagenet vgg13 ILSVRC2012_val_00006551 kernel_shap_budget_256 seed=0
2848 stability imagenet vgg13 ILSVRC2012_val_00006551 kernel_shap_budget_256 seed=1
2849 stability imagenet vgg13 ILSVRC2012_val_00006551 kernel_shap_budget_256 seed=2
2850 stability imagenet vgg13 ILSVRC2012_val_00006551 kernel_shap_budget_256 seed=3
2851 stability imagenet vgg13 ILSVRC2012_val_00006551 kernel_shap_budget_256 seed=4
2852 stability imagenet vgg13 ILSVRC2012_val_00006551 kernel_shap_budget_512 seed=0
2853 stability imagenet vgg13 ILSVRC2012_val_00006551 kernel_shap_budget_512 seed=1
2854 stability imagenet vgg13 ILSVRC2012_val_00006551 kernel_shap_budget_512 seed=2
2855 stability imagenet vgg13 ILSVRC2012_val_00006551 kernel_shap_budget_512 seed=3
2856 stability imagenet vgg13 ILSVRC2012_val_00006551 kernel_shap_budget_512 seed=4
2857 stability imagenet vgg13 ILSVRC2012_val_00006551 kernel_shap_budget_1024 seed=0
2858 stability imagenet vgg13 ILSVRC2012_val_00006551 kernel_shap_budget_1024 seed=1
2859 stability imagenet vgg13 ILSVRC2012_val_00006551 kernel_shap_budget_1024 seed=2
2860 stability imagenet vgg13 ILSVRC2012_val_00006551 kernel_shap_budget_1024 seed=3
2861 stability imagenet vgg13 ILSVRC2012_val_00006551 kernel_shap_budget_1024 seed=4
2862 stability imagenet vgg13 ILSVRC2012_val_00006551 kernel_shap_budget_2048 seed=0
2863 stability imagenet vgg13 ILSVRC2012_val_00006551 kernel_shap_budget_2048 seed=1
2864 stability imagenet vgg13 ILSVRC2012_val_00006551 kernel_shap_budget_2048 seed=2
2865 stability imagenet vgg13 ILSVRC2012_val_00006551 kernel_shap_budget_2048 seed=3
2866 stability imagenet vgg13 ILSVRC2012_val_00006551 kernel_shap_budget_2048 seed=4
2867 stability imagenet vgg13 ILSVRC2012_val_00006551 ablation_default seed=None
2868 stability imagenet vgg13 ILSVRC2012_val_00006920 lime_budget_256 seed=0
2869 stability imagenet vgg13 ILSVRC2012_val_00006920 lime_budget_256 seed=1
2870 stability imagenet vgg13 ILSVRC2012_val_00006920 lime_budget_256 seed=2
2871 stability imagenet vgg13 ILSVRC2012_val_00006920 lime_budget_256 seed=3
2872 stability imagenet vgg13 ILSVRC2012_val_00006920 lime_budget_256 seed=4
2873 stability imagenet vgg13 ILSVRC2012_val_00006920 lime_budget_512 seed=0
2874 stability imagenet vgg13 ILSVRC2012_val_00006920 lime_budget_512 seed=1
2875 stability imagenet vgg13 ILSVRC2012_val_00006920 lime_budget_512 seed=2
2876 stability imagenet vgg13 ILSVRC2012_val_00006920 lime_budget_512 seed=3
2877 stability imagenet vgg13 ILSVRC2012_val_00006920 lime_budget_512 seed=4
2878 stability imagenet vgg13 ILSVRC2012_val_00006920 lime_budget_1024 seed=0
2879 stability imagenet vgg13 ILSVRC2012_val_00006920 lime_budget_1024 seed=1
2880 stability imagenet vgg13 ILSVRC2012_val_00006920 lime_budget_1024 seed=2
2881 stability imagenet vgg13 ILSVRC2012_val_00006920 lime_budget_1024 seed=3
2882 stability imagenet vgg13 ILSVRC2012_val_00006920 lime_budget_1024 seed=4
2883 stability imagenet vgg13 ILSVRC2012_val_00006920 lime_budget_2048 seed=0
2884 stability imagenet vgg13 ILSVRC2012_val_00006920 lime_budget_2048 seed=1
2885 stability imagenet vgg13 ILSVRC2012_val_00006920 lime_budget_2048 seed=2
2886 stability imagenet vgg13 ILSVRC2012_val_00006920 lime_budget_2048 seed=3
2887 stability imagenet vgg13 ILSVRC2012_val_00006920 lime_budget_2048 seed=4
2888 stability imagenet vgg13 ILSVRC2012_val_00006920 rise_budget_256 seed=0
2889 stability imagenet vgg13 ILSVRC2012_val_00006920 rise_budget_256 seed=1
2890 stability imagenet vgg13 ILSVRC2012_val_00006920 rise_budget_256 seed=2
2891 stability imagenet vgg13 ILSVRC2012_val_00006920 rise_budget_256 seed=3
2892 stability imagenet vgg13 ILSVRC2012_val_00006920 rise_budget_256 seed=4
2893 stability imagenet vgg13 ILSVRC2012_val_00006920 rise_budget_512 seed=0
2894 stability imagenet vgg13 ILSVRC2012_val_00006920 rise_budget_512 seed=1
2895 stability imagenet vgg13 ILSVRC2012_val_00006920 rise_budget_512 seed=2
2896 stability imagenet vgg13 ILSVRC2012_val_00006920 rise_budget_512 seed=3
2897 stability imagenet vgg13 ILSVRC2012_val_00006920 rise_budget_512 seed=4
2898 stability imagenet vgg13 ILSVRC2012_val_00006920 rise_budget_1024 seed=0
2899 stability imagenet vgg13 ILSVRC2012_val_00006920 rise_budget_1024 seed=1
2900 stability imagenet vgg13 ILSVRC2012_val_00006920 rise_budget_1024 seed=2
2901 stability imagenet vgg13 ILSVRC2012_val_00006920 rise_budget_1024 seed=3
2902 stability imagenet vgg13 ILSVRC2012_val_00006920 rise_budget_1024 seed=4
2903 stability imagenet vgg13 ILSVRC2012_val_00006920 rise_budget_2048 seed=0
2904 stability imagenet vgg13 ILSVRC2012_val_00006920 rise_budget_2048 seed=1
2905 stability imagenet vgg13 ILSVRC2012_val_00006920 rise_budget_2048 seed=2
2906 stability imagenet vgg13 ILSVRC2012_val_00006920 rise_budget_2048 seed=3
2907 stability imagenet vgg13 ILSVRC2012_val_00006920 rise_budget_2048 seed=4
2908 stability imagenet vgg13 ILSVRC2012_val_00006920 kernel_shap_budget_256 seed=0
2909 stability imagenet vgg13 ILSVRC2012_val_00006920 kernel_shap_budget_256 seed=1
2910 stability imagenet vgg13 ILSVRC2012_val_00006920 kernel_shap_budget_256 seed=2
2911 stability imagenet vgg13 ILSVRC2012_val_00006920 kernel_shap_budget_256 seed=3
2912 stability imagenet vgg13 ILSVRC2012_val_00006920 kernel_shap_budget_256 seed=4
2913 stability imagenet vgg13 ILSVRC2012_val_00006920 kernel_shap_budget_512 seed=0
2914 stability imagenet vgg13 ILSVRC2012_val_00006920 kernel_shap_budget_512 seed=1
2915 stability imagenet vgg13 ILSVRC2012_val_00006920 kernel_shap_budget_512 seed=2
2916 stability imagenet vgg13 ILSVRC2012_val_00006920 kernel_shap_budget_512 seed=3
2917 stability imagenet vgg13 ILSVRC2012_val_00006920 kernel_shap_budget_512 seed=4
2918 stability imagenet vgg13 ILSVRC2012_val_00006920 kernel_shap_budget_1024 seed=0
2919 stability imagenet vgg13 ILSVRC2012_val_00006920 kernel_shap_budget_1024 seed=1
2920 stability imagenet vgg13 ILSVRC2012_val_00006920 kernel_shap_budget_1024 seed=2
2921 stability imagenet vgg13 ILSVRC2012_val_00006920 kernel_shap_budget_1024 seed=3
2922 stability imagenet vgg13 ILSVRC2012_val_00006920 kernel_shap_budget_1024 seed=4
2923 stability imagenet vgg13 ILSVRC2012_val_00006920 kernel_shap_budget_2048 seed=0
2924 stability imagenet vgg13 ILSVRC2012_val_00006920 kernel_shap_budget_2048 seed=1
2925 stability imagenet vgg13 ILSVRC2012_val_00006920 kernel_shap_budget_2048 seed=2
2926 stability imagenet vgg13 ILSVRC2012_val_00006920 kernel_shap_budget_2048 seed=3
2927 stability imagenet vgg13 ILSVRC2012_val_00006920 kernel_shap_budget_2048 seed=4
2928 stability imagenet vgg13 ILSVRC2012_val_00006920 ablation_default seed=None
2929 stability imagenet vgg13 ILSVRC2012_val_00007056 lime_budget_256 seed=0
2930 stability imagenet vgg13 ILSVRC2012_val_00007056 lime_budget_256 seed=1
2931 stability imagenet vgg13 ILSVRC2012_val_00007056 lime_budget_256 seed=2
2932 stability imagenet vgg13 ILSVRC2012_val_00007056 lime_budget_256 seed=3
2933 stability imagenet vgg13 ILSVRC2012_val_00007056 lime_budget_256 seed=4
2934 stability imagenet vgg13 ILSVRC2012_val_00007056 lime_budget_512 seed=0
2935 stability imagenet vgg13 ILSVRC2012_val_00007056 lime_budget_512 seed=1
2936 stability imagenet vgg13 ILSVRC2012_val_00007056 lime_budget_512 seed=2
2937 stability imagenet vgg13 ILSVRC2012_val_00007056 lime_budget_512 seed=3
2938 stability imagenet vgg13 ILSVRC2012_val_00007056 lime_budget_512 seed=4
2939 stability imagenet vgg13 ILSVRC2012_val_00007056 lime_budget_1024 seed=0
2940 stability imagenet vgg13 ILSVRC2012_val_00007056 lime_budget_1024 seed=1
2941 stability imagenet vgg13 ILSVRC2012_val_00007056 lime_budget_1024 seed=2
2942 stability imagenet vgg13 ILSVRC2012_val_00007056 lime_budget_1024 seed=3
2943 stability imagenet vgg13 ILSVRC2012_val_00007056 lime_budget_1024 seed=4
2944 stability imagenet vgg13 ILSVRC2012_val_00007056 lime_budget_2048 seed=0
2945 stability imagenet vgg13 ILSVRC2012_val_00007056 lime_budget_2048 seed=1
2946 stability imagenet vgg13 ILSVRC2012_val_00007056 lime_budget_2048 seed=2
2947 stability imagenet vgg13 ILSVRC2012_val_00007056 lime_budget_2048 seed=3
2948 stability imagenet vgg13 ILSVRC2012_val_00007056 lime_budget_2048 seed=4
2949 stability imagenet vgg13 ILSVRC2012_val_00007056 rise_budget_256 seed=0
2950 stability imagenet vgg13 ILSVRC2012_val_00007056 rise_budget_256 seed=1
2951 stability imagenet vgg13 ILSVRC2012_val_00007056 rise_budget_256 seed=2
2952 stability imagenet vgg13 ILSVRC2012_val_00007056 rise_budget_256 seed=3
2953 stability imagenet vgg13 ILSVRC2012_val_00007056 rise_budget_256 seed=4
2954 stability imagenet vgg13 ILSVRC2012_val_00007056 rise_budget_512 seed=0
2955 stability imagenet vgg13 ILSVRC2012_val_00007056 rise_budget_512 seed=1
2956 stability imagenet vgg13 ILSVRC2012_val_00007056 rise_budget_512 seed=2
2957 stability imagenet vgg13 ILSVRC2012_val_00007056 rise_budget_512 seed=3
2958 stability imagenet vgg13 ILSVRC2012_val_00007056 rise_budget_512 seed=4
2959 stability imagenet vgg13 ILSVRC2012_val_00007056 rise_budget_1024 seed=0
2960 stability imagenet vgg13 ILSVRC2012_val_00007056 rise_budget_1024 seed=1
2961 stability imagenet vgg13 ILSVRC2012_val_00007056 rise_budget_1024 seed=2
2962 stability imagenet vgg13 ILSVRC2012_val_00007056 rise_budget_1024 seed=3
2963 stability imagenet vgg13 ILSVRC2012_val_00007056 rise_budget_1024 seed=4
2964 stability imagenet vgg13 ILSVRC2012_val_00007056 rise_budget_2048 seed=0
2965 stability imagenet vgg13 ILSVRC2012_val_00007056 rise_budget_2048 seed=1
2966 stability imagenet vgg13 ILSVRC2012_val_00007056 rise_budget_2048 seed=2
2967 stability imagenet vgg13 ILSVRC2012_val_00007056 rise_budget_2048 seed=3
2968 stability imagenet vgg13 ILSVRC2012_val_00007056 rise_budget_2048 seed=4
2969 stability imagenet vgg13 ILSVRC2012_val_00007056 kernel_shap_budget_256 seed=0
2970 stability imagenet vgg13 ILSVRC2012_val_00007056 kernel_shap_budget_256 seed=1
2971 stability imagenet vgg13 ILSVRC2012_val_00007056 kernel_shap_budget_256 seed=2
2972 stability imagenet vgg13 ILSVRC2012_val_00007056 kernel_shap_budget_256 seed=3
2973 stability imagenet vgg13 ILSVRC2012_val_00007056 kernel_shap_budget_256 seed=4
2974 stability imagenet vgg13 ILSVRC2012_val_00007056 kernel_shap_budget_512 seed=0
2975 stability imagenet vgg13 ILSVRC2012_val_00007056 kernel_shap_budget_512 seed=1
2976 stability imagenet vgg13 ILSVRC2012_val_00007056 kernel_shap_budget_512 seed=2
2977 stability imagenet vgg13 ILSVRC2012_val_00007056 kernel_shap_budget_512 seed=3
2978 stability imagenet vgg13 ILSVRC2012_val_00007056 kernel_shap_budget_512 seed=4
2979 stability imagenet vgg13 ILSVRC2012_val_00007056 kernel_shap_budget_1024 seed=0
2980 stability imagenet vgg13 ILSVRC2012_val_00007056 kernel_shap_budget_1024 seed=1
2981 stability imagenet vgg13 ILSVRC2012_val_00007056 kernel_shap_budget_1024 seed=2
2982 stability imagenet vgg13 ILSVRC2012_val_00007056 kernel_shap_budget_1024 seed=3
2983 stability imagenet vgg13 ILSVRC2012_val_00007056 kernel_shap_budget_1024 seed=4
2984 stability imagenet vgg13 ILSVRC2012_val_00007056 kernel_shap_budget_2048 seed=0
2985 stability imagenet vgg13 ILSVRC2012_val_00007056 kernel_shap_budget_2048 seed=1
2986 stability imagenet vgg13 ILSVRC2012_val_00007056 kernel_shap_budget_2048 seed=2
2987 stability imagenet vgg13 ILSVRC2012_val_00007056 kernel_shap_budget_2048 seed=3
2988 stability imagenet vgg13 ILSVRC2012_val_00007056 kernel_shap_budget_2048 seed=4
2989 stability imagenet vgg13 ILSVRC2012_val_00007056 ablation_default seed=None
2990 stability imagenet vgg13 ILSVRC2012_val_00007254 lime_budget_256 seed=0
2991 stability imagenet vgg13 ILSVRC2012_val_00007254 lime_budget_256 seed=1
2992 stability imagenet vgg13 ILSVRC2012_val_00007254 lime_budget_256 seed=2
2993 stability imagenet vgg13 ILSVRC2012_val_00007254 lime_budget_256 seed=3
2994 stability imagenet vgg13 ILSVRC2012_val_00007254 lime_budget_256 seed=4
2995 stability imagenet vgg13 ILSVRC2012_val_00007254 lime_budget_512 seed=0
2996 stability imagenet vgg13 ILSVRC2012_val_00007254 lime_budget_512 seed=1
2997 stability imagenet vgg13 ILSVRC2012_val_00007254 lime_budget_512 seed=2
2998 stability imagenet vgg13 ILSVRC2012_val_00007254 lime_budget_512 seed=3
2999 stability imagenet vgg13 ILSVRC2012_val_00007254 lime_budget_512 seed=4
3000 stability imagenet vgg13 ILSVRC2012_val_00007254 lime_budget_1024 seed=0
3001 stability imagenet vgg13 ILSVRC2012_val_00007254 lime_budget_1024 seed=1
3002 stability imagenet vgg13 ILSVRC2012_val_00007254 lime_budget_1024 seed=2
3003 stability imagenet vgg13 ILSVRC2012_val_00007254 lime_budget_1024 seed=3
3004 stability imagenet vgg13 ILSVRC2012_val_00007254 lime_budget_1024 seed=4
3005 stability imagenet vgg13 ILSVRC2012_val_00007254 lime_budget_2048 seed=0
3006 stability imagenet vgg13 ILSVRC2012_val_00007254 lime_budget_2048 seed=1
3007 stability imagenet vgg13 ILSVRC2012_val_00007254 lime_budget_2048 seed=2
3008 stability imagenet vgg13 ILSVRC2012_val_00007254 lime_budget_2048 seed=3
3009 stability imagenet vgg13 ILSVRC2012_val_00007254 lime_budget_2048 seed=4
3010 stability imagenet vgg13 ILSVRC2012_val_00007254 rise_budget_256 seed=0
3011 stability imagenet vgg13 ILSVRC2012_val_00007254 rise_budget_256 seed=1
3012 stability imagenet vgg13 ILSVRC2012_val_00007254 rise_budget_256 seed=2
3013 stability imagenet vgg13 ILSVRC2012_val_00007254 rise_budget_256 seed=3
3014 stability imagenet vgg13 ILSVRC2012_val_00007254 rise_budget_256 seed=4
3015 stability imagenet vgg13 ILSVRC2012_val_00007254 rise_budget_512 seed=0
3016 stability imagenet vgg13 ILSVRC2012_val_00007254 rise_budget_512 seed=1
3017 stability imagenet vgg13 ILSVRC2012_val_00007254 rise_budget_512 seed=2
3018 stability imagenet vgg13 ILSVRC2012_val_00007254 rise_budget_512 seed=3
3019 stability imagenet vgg13 ILSVRC2012_val_00007254 rise_budget_512 seed=4
3020 stability imagenet vgg13 ILSVRC2012_val_00007254 rise_budget_1024 seed=0
3021 stability imagenet vgg13 ILSVRC2012_val_00007254 rise_budget_1024 seed=1
3022 stability imagenet vgg13 ILSVRC2012_val_00007254 rise_budget_1024 seed=2
3023 stability imagenet vgg13 ILSVRC2012_val_00007254 rise_budget_1024 seed=3
3024 stability imagenet vgg13 ILSVRC2012_val_00007254 rise_budget_1024 seed=4
3025 stability imagenet vgg13 ILSVRC2012_val_00007254 rise_budget_2048 seed=0
3026 stability imagenet vgg13 ILSVRC2012_val_00007254 rise_budget_2048 seed=1
3027 stability imagenet vgg13 ILSVRC2012_val_00007254 rise_budget_2048 seed=2
3028 stability imagenet vgg13 ILSVRC2012_val_00007254 rise_budget_2048 seed=3
3029 stability imagenet vgg13 ILSVRC2012_val_00007254 rise_budget_2048 seed=4
3030 stability imagenet vgg13 ILSVRC2012_val_00007254 kernel_shap_budget_256 seed=0
3031 stability imagenet vgg13 ILSVRC2012_val_00007254 kernel_shap_budget_256 seed=1
3032 stability imagenet vgg13 ILSVRC2012_val_00007254 kernel_shap_budget_256 seed=2
3033 stability imagenet vgg13 ILSVRC2012_val_00007254 kernel_shap_budget_256 seed=3
3034 stability imagenet vgg13 ILSVRC2012_val_00007254 kernel_shap_budget_256 seed=4
3035 stability imagenet vgg13 ILSVRC2012_val_00007254 kernel_shap_budget_512 seed=0
3036 stability imagenet vgg13 ILSVRC2012_val_00007254 kernel_shap_budget_512 seed=1
3037 stability imagenet vgg13 ILSVRC2012_val_00007254 kernel_shap_budget_512 seed=2
3038 stability imagenet vgg13 ILSVRC2012_val_00007254 kernel_shap_budget_512 seed=3
3039 stability imagenet vgg13 ILSVRC2012_val_00007254 kernel_shap_budget_512 seed=4
3040 stability imagenet vgg13 ILSVRC2012_val_00007254 kernel_shap_budget_1024 seed=0
3041 stability imagenet vgg13 ILSVRC2012_val_00007254 kernel_shap_budget_1024 seed=1
3042 stability imagenet vgg13 ILSVRC2012_val_00007254 kernel_shap_budget_1024 seed=2
3043 stability imagenet vgg13 ILSVRC2012_val_00007254 kernel_shap_budget_1024 seed=3
3044 stability imagenet vgg13 ILSVRC2012_val_00007254 kernel_shap_budget_1024 seed=4
3045 stability imagenet vgg13 ILSVRC2012_val_00007254 kernel_shap_budget_2048 seed=0
3046 stability imagenet vgg13 ILSVRC2012_val_00007254 kernel_shap_budget_2048 seed=1
3047 stability imagenet vgg13 ILSVRC2012_val_00007254 kernel_shap_budget_2048 seed=2
3048 stability imagenet vgg13 ILSVRC2012_val_00007254 kernel_shap_budget_2048 seed=3
3049 stability imagenet vgg13 ILSVRC2012_val_00007254 kernel_shap_budget_2048 seed=4
3050 stability imagenet vgg13 ILSVRC2012_val_00007254 ablation_default seed=None
3051 stability imagenet vgg13 ILSVRC2012_val_00007312 lime_budget_256 seed=0
3052 stability imagenet vgg13 ILSVRC2012_val_00007312 lime_budget_256 seed=1
3053 stability imagenet vgg13 ILSVRC2012_val_00007312 lime_budget_256 seed=2
3054 stability imagenet vgg13 ILSVRC2012_val_00007312 lime_budget_256 seed=3
3055 stability imagenet vgg13 ILSVRC2012_val_00007312 lime_budget_256 seed=4
3056 stability imagenet vgg13 ILSVRC2012_val_00007312 lime_budget_512 seed=0
3057 stability imagenet vgg13 ILSVRC2012_val_00007312 lime_budget_512 seed=1
3058 stability imagenet vgg13 ILSVRC2012_val_00007312 lime_budget_512 seed=2
3059 stability imagenet vgg13 ILSVRC2012_val_00007312 lime_budget_512 seed=3
3060 stability imagenet vgg13 ILSVRC2012_val_00007312 lime_budget_512 seed=4
3061 stability imagenet vgg13 ILSVRC2012_val_00007312 lime_budget_1024 seed=0
3062 stability imagenet vgg13 ILSVRC2012_val_00007312 lime_budget_1024 seed=1
3063 stability imagenet vgg13 ILSVRC2012_val_00007312 lime_budget_1024 seed=2
3064 stability imagenet vgg13 ILSVRC2012_val_00007312 lime_budget_1024 seed=3
3065 stability imagenet vgg13 ILSVRC2012_val_00007312 lime_budget_1024 seed=4
3066 stability imagenet vgg13 ILSVRC2012_val_00007312 lime_budget_2048 seed=0
3067 stability imagenet vgg13 ILSVRC2012_val_00007312 lime_budget_2048 seed=1
3068 stability imagenet vgg13 ILSVRC2012_val_00007312 lime_budget_2048 seed=2
3069 stability imagenet vgg13 ILSVRC2012_val_00007312 lime_budget_2048 seed=3
3070 stability imagenet vgg13 ILSVRC2012_val_00007312 lime_budget_2048 seed=4
3071 stability imagenet vgg13 ILSVRC2012_val_00007312 rise_budget_256 seed=0
3072 stability imagenet vgg13 ILSVRC2012_val_00007312 rise_budget_256 seed=1
3073 stability imagenet vgg13 ILSVRC2012_val_00007312 rise_budget_256 seed=2
3074 stability imagenet vgg13 ILSVRC2012_val_00007312 rise_budget_256 seed=3
3075 stability imagenet vgg13 ILSVRC2012_val_00007312 rise_budget_256 seed=4
3076 stability imagenet vgg13 ILSVRC2012_val_00007312 rise_budget_512 seed=0
3077 stability imagenet vgg13 ILSVRC2012_val_00007312 rise_budget_512 seed=1
3078 stability imagenet vgg13 ILSVRC2012_val_00007312 rise_budget_512 seed=2
3079 stability imagenet vgg13 ILSVRC2012_val_00007312 rise_budget_512 seed=3
3080 stability imagenet vgg13 ILSVRC2012_val_00007312 rise_budget_512 seed=4
3081 stability imagenet vgg13 ILSVRC2012_val_00007312 rise_budget_1024 seed=0
3082 stability imagenet vgg13 ILSVRC2012_val_00007312 rise_budget_1024 seed=1
3083 stability imagenet vgg13 ILSVRC2012_val_00007312 rise_budget_1024 seed=2
3084 stability imagenet vgg13 ILSVRC2012_val_00007312 rise_budget_1024 seed=3
3085 stability imagenet vgg13 ILSVRC2012_val_00007312 rise_budget_1024 seed=4
3086 stability imagenet vgg13 ILSVRC2012_val_00007312 rise_budget_2048 seed=0
3087 stability imagenet vgg13 ILSVRC2012_val_00007312 rise_budget_2048 seed=1
3088 stability imagenet vgg13 ILSVRC2012_val_00007312 rise_budget_2048 seed=2
3089 stability imagenet vgg13 ILSVRC2012_val_00007312 rise_budget_2048 seed=3
3090 stability imagenet vgg13 ILSVRC2012_val_00007312 rise_budget_2048 seed=4
3091 stability imagenet vgg13 ILSVRC2012_val_00007312 kernel_shap_budget_256 seed=0
3092 stability imagenet vgg13 ILSVRC2012_val_00007312 kernel_shap_budget_256 seed=1
3093 stability imagenet vgg13 ILSVRC2012_val_00007312 kernel_shap_budget_256 seed=2
3094 stability imagenet vgg13 ILSVRC2012_val_00007312 kernel_shap_budget_256 seed=3
3095 stability imagenet vgg13 ILSVRC2012_val_00007312 kernel_shap_budget_256 seed=4
3096 stability imagenet vgg13 ILSVRC2012_val_00007312 kernel_shap_budget_512 seed=0
3097 stability imagenet vgg13 ILSVRC2012_val_00007312 kernel_shap_budget_512 seed=1
3098 stability imagenet vgg13 ILSVRC2012_val_00007312 kernel_shap_budget_512 seed=2
3099 stability imagenet vgg13 ILSVRC2012_val_00007312 kernel_shap_budget_512 seed=3
3100 stability imagenet vgg13 ILSVRC2012_val_00007312 kernel_shap_budget_512 seed=4
3101 stability imagenet vgg13 ILSVRC2012_val_00007312 kernel_shap_budget_1024 seed=0
3102 stability imagenet vgg13 ILSVRC2012_val_00007312 kernel_shap_budget_1024 seed=1
3103 stability imagenet vgg13 ILSVRC2012_val_00007312 kernel_shap_budget_1024 seed=2
3104 stability imagenet vgg13 ILSVRC2012_val_00007312 kernel_shap_budget_1024 seed=3
3105 stability imagenet vgg13 ILSVRC2012_val_00007312 kernel_shap_budget_1024 seed=4
3106 stability imagenet vgg13 ILSVRC2012_val_00007312 kernel_shap_budget_2048 seed=0
3107 stability imagenet vgg13 ILSVRC2012_val_00007312 kernel_shap_budget_2048 seed=1
3108 stability imagenet vgg13 ILSVRC2012_val_00007312 kernel_shap_budget_2048 seed=2
3109 stability imagenet vgg13 ILSVRC2012_val_00007312 kernel_shap_budget_2048 seed=3
3110 stability imagenet vgg13 ILSVRC2012_val_00007312 kernel_shap_budget_2048 seed=4
3111 stability imagenet vgg13 ILSVRC2012_val_00007312 ablation_default seed=None
3112 stability imagenet vgg13 ILSVRC2012_val_00007930 lime_budget_256 seed=0
3113 stability imagenet vgg13 ILSVRC2012_val_00007930 lime_budget_256 seed=1
3114 stability imagenet vgg13 ILSVRC2012_val_00007930 lime_budget_256 seed=2
3115 stability imagenet vgg13 ILSVRC2012_val_00007930 lime_budget_256 seed=3
3116 stability imagenet vgg13 ILSVRC2012_val_00007930 lime_budget_256 seed=4
3117 stability imagenet vgg13 ILSVRC2012_val_00007930 lime_budget_512 seed=0
3118 stability imagenet vgg13 ILSVRC2012_val_00007930 lime_budget_512 seed=1
3119 stability imagenet vgg13 ILSVRC2012_val_00007930 lime_budget_512 seed=2
3120 stability imagenet vgg13 ILSVRC2012_val_00007930 lime_budget_512 seed=3
3121 stability imagenet vgg13 ILSVRC2012_val_00007930 lime_budget_512 seed=4
3122 stability imagenet vgg13 ILSVRC2012_val_00007930 lime_budget_1024 seed=0
3123 stability imagenet vgg13 ILSVRC2012_val_00007930 lime_budget_1024 seed=1
3124 stability imagenet vgg13 ILSVRC2012_val_00007930 lime_budget_1024 seed=2
3125 stability imagenet vgg13 ILSVRC2012_val_00007930 lime_budget_1024 seed=3
3126 stability imagenet vgg13 ILSVRC2012_val_00007930 lime_budget_1024 seed=4
3127 stability imagenet vgg13 ILSVRC2012_val_00007930 lime_budget_2048 seed=0
3128 stability imagenet vgg13 ILSVRC2012_val_00007930 lime_budget_2048 seed=1
3129 stability imagenet vgg13 ILSVRC2012_val_00007930 lime_budget_2048 seed=2
3130 stability imagenet vgg13 ILSVRC2012_val_00007930 lime_budget_2048 seed=3
3131 stability imagenet vgg13 ILSVRC2012_val_00007930 lime_budget_2048 seed=4
3132 stability imagenet vgg13 ILSVRC2012_val_00007930 rise_budget_256 seed=0
3133 stability imagenet vgg13 ILSVRC2012_val_00007930 rise_budget_256 seed=1
3134 stability imagenet vgg13 ILSVRC2012_val_00007930 rise_budget_256 seed=2
3135 stability imagenet vgg13 ILSVRC2012_val_00007930 rise_budget_256 seed=3
3136 stability imagenet vgg13 ILSVRC2012_val_00007930 rise_budget_256 seed=4
3137 stability imagenet vgg13 ILSVRC2012_val_00007930 rise_budget_512 seed=0
3138 stability imagenet vgg13 ILSVRC2012_val_00007930 rise_budget_512 seed=1
3139 stability imagenet vgg13 ILSVRC2012_val_00007930 rise_budget_512 seed=2
3140 stability imagenet vgg13 ILSVRC2012_val_00007930 rise_budget_512 seed=3
3141 stability imagenet vgg13 ILSVRC2012_val_00007930 rise_budget_512 seed=4
3142 stability imagenet vgg13 ILSVRC2012_val_00007930 rise_budget_1024 seed=0
3143 stability imagenet vgg13 ILSVRC2012_val_00007930 rise_budget_1024 seed=1
3144 stability imagenet vgg13 ILSVRC2012_val_00007930 rise_budget_1024 seed=2
3145 stability imagenet vgg13 ILSVRC2012_val_00007930 rise_budget_1024 seed=3
3146 stability imagenet vgg13 ILSVRC2012_val_00007930 rise_budget_1024 seed=4
3147 stability imagenet vgg13 ILSVRC2012_val_00007930 rise_budget_2048 seed=0
3148 stability imagenet vgg13 ILSVRC2012_val_00007930 rise_budget_2048 seed=1
3149 stability imagenet vgg13 ILSVRC2012_val_00007930 rise_budget_2048 seed=2
3150 stability imagenet vgg13 ILSVRC2012_val_00007930 rise_budget_2048 seed=3
3151 stability imagenet vgg13 ILSVRC2012_val_00007930 rise_budget_2048 seed=4
3152 stability imagenet vgg13 ILSVRC2012_val_00007930 kernel_shap_budget_256 seed=0
3153 stability imagenet vgg13 ILSVRC2012_val_00007930 kernel_shap_budget_256 seed=1
3154 stability imagenet vgg13 ILSVRC2012_val_00007930 kernel_shap_budget_256 seed=2
3155 stability imagenet vgg13 ILSVRC2012_val_00007930 kernel_shap_budget_256 seed=3
3156 stability imagenet vgg13 ILSVRC2012_val_00007930 kernel_shap_budget_256 seed=4
3157 stability imagenet vgg13 ILSVRC2012_val_00007930 kernel_shap_budget_512 seed=0
3158 stability imagenet vgg13 ILSVRC2012_val_00007930 kernel_shap_budget_512 seed=1
3159 stability imagenet vgg13 ILSVRC2012_val_00007930 kernel_shap_budget_512 seed=2
3160 stability imagenet vgg13 ILSVRC2012_val_00007930 kernel_shap_budget_512 seed=3
3161 stability imagenet vgg13 ILSVRC2012_val_00007930 kernel_shap_budget_512 seed=4
3162 stability imagenet vgg13 ILSVRC2012_val_00007930 kernel_shap_budget_1024 seed=0
3163 stability imagenet vgg13 ILSVRC2012_val_00007930 kernel_shap_budget_1024 seed=1
3164 stability imagenet vgg13 ILSVRC2012_val_00007930 kernel_shap_budget_1024 seed=2
3165 stability imagenet vgg13 ILSVRC2012_val_00007930 kernel_shap_budget_1024 seed=3
3166 stability imagenet vgg13 ILSVRC2012_val_00007930 kernel_shap_budget_1024 seed=4
3167 stability imagenet vgg13 ILSVRC2012_val_00007930 kernel_shap_budget_2048 seed=0
3168 stability imagenet vgg13 ILSVRC2012_val_00007930 kernel_shap_budget_2048 seed=1
3169 stability imagenet vgg13 ILSVRC2012_val_00007930 kernel_shap_budget_2048 seed=2
3170 stability imagenet vgg13 ILSVRC2012_val_00007930 kernel_shap_budget_2048 seed=3
3171 stability imagenet vgg13 ILSVRC2012_val_00007930 kernel_shap_budget_2048 seed=4
3172 stability imagenet vgg13 ILSVRC2012_val_00007930 ablation_default seed=None
3173 stability imagenet vgg13 ILSVRC2012_val_00008228 lime_budget_256 seed=0
3174 stability imagenet vgg13 ILSVRC2012_val_00008228 lime_budget_256 seed=1
3175 stability imagenet vgg13 ILSVRC2012_val_00008228 lime_budget_256 seed=2
3176 stability imagenet vgg13 ILSVRC2012_val_00008228 lime_budget_256 seed=3
3177 stability imagenet vgg13 ILSVRC2012_val_00008228 lime_budget_256 seed=4
3178 stability imagenet vgg13 ILSVRC2012_val_00008228 lime_budget_512 seed=0
3179 stability imagenet vgg13 ILSVRC2012_val_00008228 lime_budget_512 seed=1
3180 stability imagenet vgg13 ILSVRC2012_val_00008228 lime_budget_512 seed=2
3181 stability imagenet vgg13 ILSVRC2012_val_00008228 lime_budget_512 seed=3
3182 stability imagenet vgg13 ILSVRC2012_val_00008228 lime_budget_512 seed=4
3183 stability imagenet vgg13 ILSVRC2012_val_00008228 lime_budget_1024 seed=0
3184 stability imagenet vgg13 ILSVRC2012_val_00008228 lime_budget_1024 seed=1
3185 stability imagenet vgg13 ILSVRC2012_val_00008228 lime_budget_1024 seed=2
3186 stability imagenet vgg13 ILSVRC2012_val_00008228 lime_budget_1024 seed=3
3187 stability imagenet vgg13 ILSVRC2012_val_00008228 lime_budget_1024 seed=4
3188 stability imagenet vgg13 ILSVRC2012_val_00008228 lime_budget_2048 seed=0
3189 stability imagenet vgg13 ILSVRC2012_val_00008228 lime_budget_2048 seed=1
3190 stability imagenet vgg13 ILSVRC2012_val_00008228 lime_budget_2048 seed=2
3191 stability imagenet vgg13 ILSVRC2012_val_00008228 lime_budget_2048 seed=3
3192 stability imagenet vgg13 ILSVRC2012_val_00008228 lime_budget_2048 seed=4
3193 stability imagenet vgg13 ILSVRC2012_val_00008228 rise_budget_256 seed=0
3194 stability imagenet vgg13 ILSVRC2012_val_00008228 rise_budget_256 seed=1
3195 stability imagenet vgg13 ILSVRC2012_val_00008228 rise_budget_256 seed=2
3196 stability imagenet vgg13 ILSVRC2012_val_00008228 rise_budget_256 seed=3
3197 stability imagenet vgg13 ILSVRC2012_val_00008228 rise_budget_256 seed=4
3198 stability imagenet vgg13 ILSVRC2012_val_00008228 rise_budget_512 seed=0
3199 stability imagenet vgg13 ILSVRC2012_val_00008228 rise_budget_512 seed=1
3200 stability imagenet vgg13 ILSVRC2012_val_00008228 rise_budget_512 seed=2
3201 stability imagenet vgg13 ILSVRC2012_val_00008228 rise_budget_512 seed=3
3202 stability imagenet vgg13 ILSVRC2012_val_00008228 rise_budget_512 seed=4
3203 stability imagenet vgg13 ILSVRC2012_val_00008228 rise_budget_1024 seed=0
3204 stability imagenet vgg13 ILSVRC2012_val_00008228 rise_budget_1024 seed=1
3205 stability imagenet vgg13 ILSVRC2012_val_00008228 rise_budget_1024 seed=2
3206 stability imagenet vgg13 ILSVRC2012_val_00008228 rise_budget_1024 seed=3
3207 stability imagenet vgg13 ILSVRC2012_val_00008228 rise_budget_1024 seed=4
3208 stability imagenet vgg13 ILSVRC2012_val_00008228 rise_budget_2048 seed=0
3209 stability imagenet vgg13 ILSVRC2012_val_00008228 rise_budget_2048 seed=1
3210 stability imagenet vgg13 ILSVRC2012_val_00008228 rise_budget_2048 seed=2
3211 stability imagenet vgg13 ILSVRC2012_val_00008228 rise_budget_2048 seed=3
3212 stability imagenet vgg13 ILSVRC2012_val_00008228 rise_budget_2048 seed=4
3213 stability imagenet vgg13 ILSVRC2012_val_00008228 kernel_shap_budget_256 seed=0
3214 stability imagenet vgg13 ILSVRC2012_val_00008228 kernel_shap_budget_256 seed=1
3215 stability imagenet vgg13 ILSVRC2012_val_00008228 kernel_shap_budget_256 seed=2
3216 stability imagenet vgg13 ILSVRC2012_val_00008228 kernel_shap_budget_256 seed=3
3217 stability imagenet vgg13 ILSVRC2012_val_00008228 kernel_shap_budget_256 seed=4
3218 stability imagenet vgg13 ILSVRC2012_val_00008228 kernel_shap_budget_512 seed=0
3219 stability imagenet vgg13 ILSVRC2012_val_00008228 kernel_shap_budget_512 seed=1
3220 stability imagenet vgg13 ILSVRC2012_val_00008228 kernel_shap_budget_512 seed=2
3221 stability imagenet vgg13 ILSVRC2012_val_00008228 kernel_shap_budget_512 seed=3
3222 stability imagenet vgg13 ILSVRC2012_val_00008228 kernel_shap_budget_512 seed=4
3223 stability imagenet vgg13 ILSVRC2012_val_00008228 kernel_shap_budget_1024 seed=0
3224 stability imagenet vgg13 ILSVRC2012_val_00008228 kernel_shap_budget_1024 seed=1
3225 stability imagenet vgg13 ILSVRC2012_val_00008228 kernel_shap_budget_1024 seed=2
3226 stability imagenet vgg13 ILSVRC2012_val_00008228 kernel_shap_budget_1024 seed=3
3227 stability imagenet vgg13 ILSVRC2012_val_00008228 kernel_shap_budget_1024 seed=4
3228 stability imagenet vgg13 ILSVRC2012_val_00008228 kernel_shap_budget_2048 seed=0
3229 stability imagenet vgg13 ILSVRC2012_val_00008228 kernel_shap_budget_2048 seed=1
3230 stability imagenet vgg13 ILSVRC2012_val_00008228 kernel_shap_budget_2048 seed=2
3231 stability imagenet vgg13 ILSVRC2012_val_00008228 kernel_shap_budget_2048 seed=3
3232 stability imagenet vgg13 ILSVRC2012_val_00008228 kernel_shap_budget_2048 seed=4
3233 stability imagenet vgg13 ILSVRC2012_val_00008228 ablation_default seed=None
3234 stability imagenet vgg13 ILSVRC2012_val_00009336 lime_budget_256 seed=0
3235 stability imagenet vgg13 ILSVRC2012_val_00009336 lime_budget_256 seed=1
3236 stability imagenet vgg13 ILSVRC2012_val_00009336 lime_budget_256 seed=2
3237 stability imagenet vgg13 ILSVRC2012_val_00009336 lime_budget_256 seed=3
3238 stability imagenet vgg13 ILSVRC2012_val_00009336 lime_budget_256 seed=4
3239 stability imagenet vgg13 ILSVRC2012_val_00009336 lime_budget_512 seed=0
3240 stability imagenet vgg13 ILSVRC2012_val_00009336 lime_budget_512 seed=1
3241 stability imagenet vgg13 ILSVRC2012_val_00009336 lime_budget_512 seed=2
3242 stability imagenet vgg13 ILSVRC2012_val_00009336 lime_budget_512 seed=3
3243 stability imagenet vgg13 ILSVRC2012_val_00009336 lime_budget_512 seed=4
3244 stability imagenet vgg13 ILSVRC2012_val_00009336 lime_budget_1024 seed=0
3245 stability imagenet vgg13 ILSVRC2012_val_00009336 lime_budget_1024 seed=1
3246 stability imagenet vgg13 ILSVRC2012_val_00009336 lime_budget_1024 seed=2
3247 stability imagenet vgg13 ILSVRC2012_val_00009336 lime_budget_1024 seed=3
3248 stability imagenet vgg13 ILSVRC2012_val_00009336 lime_budget_1024 seed=4
3249 stability imagenet vgg13 ILSVRC2012_val_00009336 lime_budget_2048 seed=0
3250 stability imagenet vgg13 ILSVRC2012_val_00009336 lime_budget_2048 seed=1
3251 stability imagenet vgg13 ILSVRC2012_val_00009336 lime_budget_2048 seed=2
3252 stability imagenet vgg13 ILSVRC2012_val_00009336 lime_budget_2048 seed=3
3253 stability imagenet vgg13 ILSVRC2012_val_00009336 lime_budget_2048 seed=4
3254 stability imagenet vgg13 ILSVRC2012_val_00009336 rise_budget_256 seed=0
3255 stability imagenet vgg13 ILSVRC2012_val_00009336 rise_budget_256 seed=1
3256 stability imagenet vgg13 ILSVRC2012_val_00009336 rise_budget_256 seed=2
3257 stability imagenet vgg13 ILSVRC2012_val_00009336 rise_budget_256 seed=3
3258 stability imagenet vgg13 ILSVRC2012_val_00009336 rise_budget_256 seed=4
3259 stability imagenet vgg13 ILSVRC2012_val_00009336 rise_budget_512 seed=0
3260 stability imagenet vgg13 ILSVRC2012_val_00009336 rise_budget_512 seed=1
3261 stability imagenet vgg13 ILSVRC2012_val_00009336 rise_budget_512 seed=2
3262 stability imagenet vgg13 ILSVRC2012_val_00009336 rise_budget_512 seed=3
3263 stability imagenet vgg13 ILSVRC2012_val_00009336 rise_budget_512 seed=4
3264 stability imagenet vgg13 ILSVRC2012_val_00009336 rise_budget_1024 seed=0
3265 stability imagenet vgg13 ILSVRC2012_val_00009336 rise_budget_1024 seed=1
3266 stability imagenet vgg13 ILSVRC2012_val_00009336 rise_budget_1024 seed=2
3267 stability imagenet vgg13 ILSVRC2012_val_00009336 rise_budget_1024 seed=3
3268 stability imagenet vgg13 ILSVRC2012_val_00009336 rise_budget_1024 seed=4
3269 stability imagenet vgg13 ILSVRC2012_val_00009336 rise_budget_2048 seed=0
3270 stability imagenet vgg13 ILSVRC2012_val_00009336 rise_budget_2048 seed=1
3271 stability imagenet vgg13 ILSVRC2012_val_00009336 rise_budget_2048 seed=2
3272 stability imagenet vgg13 ILSVRC2012_val_00009336 rise_budget_2048 seed=3
3273 stability imagenet vgg13 ILSVRC2012_val_00009336 rise_budget_2048 seed=4
3274 stability imagenet vgg13 ILSVRC2012_val_00009336 kernel_shap_budget_256 seed=0
3275 stability imagenet vgg13 ILSVRC2012_val_00009336 kernel_shap_budget_256 seed=1
3276 stability imagenet vgg13 ILSVRC2012_val_00009336 kernel_shap_budget_256 seed=2
3277 stability imagenet vgg13 ILSVRC2012_val_00009336 kernel_shap_budget_256 seed=3
3278 stability imagenet vgg13 ILSVRC2012_val_00009336 kernel_shap_budget_256 seed=4
3279 stability imagenet vgg13 ILSVRC2012_val_00009336 kernel_shap_budget_512 seed=0
3280 stability imagenet vgg13 ILSVRC2012_val_00009336 kernel_shap_budget_512 seed=1
3281 stability imagenet vgg13 ILSVRC2012_val_00009336 kernel_shap_budget_512 seed=2
3282 stability imagenet vgg13 ILSVRC2012_val_00009336 kernel_shap_budget_512 seed=3
3283 stability imagenet vgg13 ILSVRC2012_val_00009336 kernel_shap_budget_512 seed=4
3284 stability imagenet vgg13 ILSVRC2012_val_00009336 kernel_shap_budget_1024 seed=0
3285 stability imagenet vgg13 ILSVRC2012_val_00009336 kernel_shap_budget_1024 seed=1
3286 stability imagenet vgg13 ILSVRC2012_val_00009336 kernel_shap_budget_1024 seed=2
3287 stability imagenet vgg13 ILSVRC2012_val_00009336 kernel_shap_budget_1024 seed=3
3288 stability imagenet vgg13 ILSVRC2012_val_00009336 kernel_shap_budget_1024 seed=4
3289 stability imagenet vgg13 ILSVRC2012_val_00009336 kernel_shap_budget_2048 seed=0
3290 stability imagenet vgg13 ILSVRC2012_val_00009336 kernel_shap_budget_2048 seed=1
3291 stability imagenet vgg13 ILSVRC2012_val_00009336 kernel_shap_budget_2048 seed=2
3292 stability imagenet vgg13 ILSVRC2012_val_00009336 kernel_shap_budget_2048 seed=3
3293 stability imagenet vgg13 ILSVRC2012_val_00009336 kernel_shap_budget_2048 seed=4
3294 stability imagenet vgg13 ILSVRC2012_val_00009336 ablation_default seed=None
3295 stability imagenet vgg13 ILSVRC2012_val_00009781 lime_budget_256 seed=0
3296 stability imagenet vgg13 ILSVRC2012_val_00009781 lime_budget_256 seed=1
3297 stability imagenet vgg13 ILSVRC2012_val_00009781 lime_budget_256 seed=2
3298 stability imagenet vgg13 ILSVRC2012_val_00009781 lime_budget_256 seed=3
3299 stability imagenet vgg13 ILSVRC2012_val_00009781 lime_budget_256 seed=4
3300 stability imagenet vgg13 ILSVRC2012_val_00009781 lime_budget_512 seed=0
3301 stability imagenet vgg13 ILSVRC2012_val_00009781 lime_budget_512 seed=1
3302 stability imagenet vgg13 ILSVRC2012_val_00009781 lime_budget_512 seed=2
3303 stability imagenet vgg13 ILSVRC2012_val_00009781 lime_budget_512 seed=3
3304 stability imagenet vgg13 ILSVRC2012_val_00009781 lime_budget_512 seed=4
3305 stability imagenet vgg13 ILSVRC2012_val_00009781 lime_budget_1024 seed=0
3306 stability imagenet vgg13 ILSVRC2012_val_00009781 lime_budget_1024 seed=1
3307 stability imagenet vgg13 ILSVRC2012_val_00009781 lime_budget_1024 seed=2
3308 stability imagenet vgg13 ILSVRC2012_val_00009781 lime_budget_1024 seed=3
3309 stability imagenet vgg13 ILSVRC2012_val_00009781 lime_budget_1024 seed=4
3310 stability imagenet vgg13 ILSVRC2012_val_00009781 lime_budget_2048 seed=0
3311 stability imagenet vgg13 ILSVRC2012_val_00009781 lime_budget_2048 seed=1
3312 stability imagenet vgg13 ILSVRC2012_val_00009781 lime_budget_2048 seed=2
3313 stability imagenet vgg13 ILSVRC2012_val_00009781 lime_budget_2048 seed=3
3314 stability imagenet vgg13 ILSVRC2012_val_00009781 lime_budget_2048 seed=4
3315 stability imagenet vgg13 ILSVRC2012_val_00009781 rise_budget_256 seed=0
3316 stability imagenet vgg13 ILSVRC2012_val_00009781 rise_budget_256 seed=1
3317 stability imagenet vgg13 ILSVRC2012_val_00009781 rise_budget_256 seed=2
3318 stability imagenet vgg13 ILSVRC2012_val_00009781 rise_budget_256 seed=3
3319 stability imagenet vgg13 ILSVRC2012_val_00009781 rise_budget_256 seed=4
3320 stability imagenet vgg13 ILSVRC2012_val_00009781 rise_budget_512 seed=0
3321 stability imagenet vgg13 ILSVRC2012_val_00009781 rise_budget_512 seed=1
3322 stability imagenet vgg13 ILSVRC2012_val_00009781 rise_budget_512 seed=2
3323 stability imagenet vgg13 ILSVRC2012_val_00009781 rise_budget_512 seed=3
3324 stability imagenet vgg13 ILSVRC2012_val_00009781 rise_budget_512 seed=4
3325 stability imagenet vgg13 ILSVRC2012_val_00009781 rise_budget_1024 seed=0
3326 stability imagenet vgg13 ILSVRC2012_val_00009781 rise_budget_1024 seed=1
3327 stability imagenet vgg13 ILSVRC2012_val_00009781 rise_budget_1024 seed=2
3328 stability imagenet vgg13 ILSVRC2012_val_00009781 rise_budget_1024 seed=3
3329 stability imagenet vgg13 ILSVRC2012_val_00009781 rise_budget_1024 seed=4
3330 stability imagenet vgg13 ILSVRC2012_val_00009781 rise_budget_2048 seed=0
3331 stability imagenet vgg13 ILSVRC2012_val_00009781 rise_budget_2048 seed=1
3332 stability imagenet vgg13 ILSVRC2012_val_00009781 rise_budget_2048 seed=2
3333 stability imagenet vgg13 ILSVRC2012_val_00009781 rise_budget_2048 seed=3
3334 stability imagenet vgg13 ILSVRC2012_val_00009781 rise_budget_2048 seed=4
3335 stability imagenet vgg13 ILSVRC2012_val_00009781 kernel_shap_budget_256 seed=0
3336 stability imagenet vgg13 ILSVRC2012_val_00009781 kernel_shap_budget_256 seed=1
3337 stability imagenet vgg13 ILSVRC2012_val_00009781 kernel_shap_budget_256 seed=2
3338 stability imagenet vgg13 ILSVRC2012_val_00009781 kernel_shap_budget_256 seed=3
3339 stability imagenet vgg13 ILSVRC2012_val_00009781 kernel_shap_budget_256 seed=4
3340 stability imagenet vgg13 ILSVRC2012_val_00009781 kernel_shap_budget_512 seed=0
3341 stability imagenet vgg13 ILSVRC2012_val_00009781 kernel_shap_budget_512 seed=1
3342 stability imagenet vgg13 ILSVRC2012_val_00009781 kernel_shap_budget_512 seed=2
3343 stability imagenet vgg13 ILSVRC2012_val_00009781 kernel_shap_budget_512 seed=3
3344 stability imagenet vgg13 ILSVRC2012_val_00009781 kernel_shap_budget_512 seed=4
3345 stability imagenet vgg13 ILSVRC2012_val_00009781 kernel_shap_budget_1024 seed=0
3346 stability imagenet vgg13 ILSVRC2012_val_00009781 kernel_shap_budget_1024 seed=1
3347 stability imagenet vgg13 ILSVRC2012_val_00009781 kernel_shap_budget_1024 seed=2
3348 stability imagenet vgg13 ILSVRC2012_val_00009781 kernel_shap_budget_1024 seed=3
3349 stability imagenet vgg13 ILSVRC2012_val_00009781 kernel_shap_budget_1024 seed=4
3350 stability imagenet vgg13 ILSVRC2012_val_00009781 kernel_shap_budget_2048 seed=0
3351 stability imagenet vgg13 ILSVRC2012_val_00009781 kernel_shap_budget_2048 seed=1
3352 stability imagenet vgg13 ILSVRC2012_val_00009781 kernel_shap_budget_2048 seed=2
3353 stability imagenet vgg13 ILSVRC2012_val_00009781 kernel_shap_budget_2048 seed=3
3354 stability imagenet vgg13 ILSVRC2012_val_00009781 kernel_shap_budget_2048 seed=4
3355 stability imagenet vgg13 ILSVRC2012_val_00009781 ablation_default seed=None
3356 stability imagenet vgg13 ILSVRC2012_val_00010310 lime_budget_256 seed=0
3357 stability imagenet vgg13 ILSVRC2012_val_00010310 lime_budget_256 seed=1
3358 stability imagenet vgg13 ILSVRC2012_val_00010310 lime_budget_256 seed=2
3359 stability imagenet vgg13 ILSVRC2012_val_00010310 lime_budget_256 seed=3
3360 stability imagenet vgg13 ILSVRC2012_val_00010310 lime_budget_256 seed=4
3361 stability imagenet vgg13 ILSVRC2012_val_00010310 lime_budget_512 seed=0
3362 stability imagenet vgg13 ILSVRC2012_val_00010310 lime_budget_512 seed=1
3363 stability imagenet vgg13 ILSVRC2012_val_00010310 lime_budget_512 seed=2
3364 stability imagenet vgg13 ILSVRC2012_val_00010310 lime_budget_512 seed=3
3365 stability imagenet vgg13 ILSVRC2012_val_00010310 lime_budget_512 seed=4
3366 stability imagenet vgg13 ILSVRC2012_val_00010310 lime_budget_1024 seed=0
3367 stability imagenet vgg13 ILSVRC2012_val_00010310 lime_budget_1024 seed=1
3368 stability imagenet vgg13 ILSVRC2012_val_00010310 lime_budget_1024 seed=2
3369 stability imagenet vgg13 ILSVRC2012_val_00010310 lime_budget_1024 seed=3
3370 stability imagenet vgg13 ILSVRC2012_val_00010310 lime_budget_1024 seed=4
3371 stability imagenet vgg13 ILSVRC2012_val_00010310 lime_budget_2048 seed=0
3372 stability imagenet vgg13 ILSVRC2012_val_00010310 lime_budget_2048 seed=1
3373 stability imagenet vgg13 ILSVRC2012_val_00010310 lime_budget_2048 seed=2
3374 stability imagenet vgg13 ILSVRC2012_val_00010310 lime_budget_2048 seed=3
3375 stability imagenet vgg13 ILSVRC2012_val_00010310 lime_budget_2048 seed=4
3376 stability imagenet vgg13 ILSVRC2012_val_00010310 rise_budget_256 seed=0
3377 stability imagenet vgg13 ILSVRC2012_val_00010310 rise_budget_256 seed=1
3378 stability imagenet vgg13 ILSVRC2012_val_00010310 rise_budget_256 seed=2
3379 stability imagenet vgg13 ILSVRC2012_val_00010310 rise_budget_256 seed=3
3380 stability imagenet vgg13 ILSVRC2012_val_00010310 rise_budget_256 seed=4
3381 stability imagenet vgg13 ILSVRC2012_val_00010310 rise_budget_512 seed=0
3382 stability imagenet vgg13 ILSVRC2012_val_00010310 rise_budget_512 seed=1
3383 stability imagenet vgg13 ILSVRC2012_val_00010310 rise_budget_512 seed=2
3384 stability imagenet vgg13 ILSVRC2012_val_00010310 rise_budget_512 seed=3
3385 stability imagenet vgg13 ILSVRC2012_val_00010310 rise_budget_512 seed=4
3386 stability imagenet vgg13 ILSVRC2012_val_00010310 rise_budget_1024 seed=0
3387 stability imagenet vgg13 ILSVRC2012_val_00010310 rise_budget_1024 seed=1
3388 stability imagenet vgg13 ILSVRC2012_val_00010310 rise_budget_1024 seed=2
3389 stability imagenet vgg13 ILSVRC2012_val_00010310 rise_budget_1024 seed=3
3390 stability imagenet vgg13 ILSVRC2012_val_00010310 rise_budget_1024 seed=4
3391 stability imagenet vgg13 ILSVRC2012_val_00010310 rise_budget_2048 seed=0
3392 stability imagenet vgg13 ILSVRC2012_val_00010310 rise_budget_2048 seed=1
3393 stability imagenet vgg13 ILSVRC2012_val_00010310 rise_budget_2048 seed=2
3394 stability imagenet vgg13 ILSVRC2012_val_00010310 rise_budget_2048 seed=3
3395 stability imagenet vgg13 ILSVRC2012_val_00010310 rise_budget_2048 seed=4
3396 stability imagenet vgg13 ILSVRC2012_val_00010310 kernel_shap_budget_256 seed=0
3397 stability imagenet vgg13 ILSVRC2012_val_00010310 kernel_shap_budget_256 seed=1
3398 stability imagenet vgg13 ILSVRC2012_val_00010310 kernel_shap_budget_256 seed=2
3399 stability imagenet vgg13 ILSVRC2012_val_00010310 kernel_shap_budget_256 seed=3
3400 stability imagenet vgg13 ILSVRC2012_val_00010310 kernel_shap_budget_256 seed=4
3401 stability imagenet vgg13 ILSVRC2012_val_00010310 kernel_shap_budget_512 seed=0
3402 stability imagenet vgg13 ILSVRC2012_val_00010310 kernel_shap_budget_512 seed=1
3403 stability imagenet vgg13 ILSVRC2012_val_00010310 kernel_shap_budget_512 seed=2
3404 stability imagenet vgg13 ILSVRC2012_val_00010310 kernel_shap_budget_512 seed=3
3405 stability imagenet vgg13 ILSVRC2012_val_00010310 kernel_shap_budget_512 seed=4
3406 stability imagenet vgg13 ILSVRC2012_val_00010310 kernel_shap_budget_1024 seed=0
3407 stability imagenet vgg13 ILSVRC2012_val_00010310 kernel_shap_budget_1024 seed=1
3408 stability imagenet vgg13 ILSVRC2012_val_00010310 kernel_shap_budget_1024 seed=2
3409 stability imagenet vgg13 ILSVRC2012_val_00010310 kernel_shap_budget_1024 seed=3
3410 stability imagenet vgg13 ILSVRC2012_val_00010310 kernel_shap_budget_1024 seed=4
3411 stability imagenet vgg13 ILSVRC2012_val_00010310 kernel_shap_budget_2048 seed=0
3412 stability imagenet vgg13 ILSVRC2012_val_00010310 kernel_shap_budget_2048 seed=1
3413 stability imagenet vgg13 ILSVRC2012_val_00010310 kernel_shap_budget_2048 seed=2
3414 stability imagenet vgg13 ILSVRC2012_val_00010310 kernel_shap_budget_2048 seed=3
3415 stability imagenet vgg13 ILSVRC2012_val_00010310 kernel_shap_budget_2048 seed=4
3416 stability imagenet vgg13 ILSVRC2012_val_00010310 ablation_default seed=None
3417 stability imagenet vgg13 ILSVRC2012_val_00011535 lime_budget_256 seed=0
3418 stability imagenet vgg13 ILSVRC2012_val_00011535 lime_budget_256 seed=1
3419 stability imagenet vgg13 ILSVRC2012_val_00011535 lime_budget_256 seed=2
3420 stability imagenet vgg13 ILSVRC2012_val_00011535 lime_budget_256 seed=3
3421 stability imagenet vgg13 ILSVRC2012_val_00011535 lime_budget_256 seed=4
3422 stability imagenet vgg13 ILSVRC2012_val_00011535 lime_budget_512 seed=0
3423 stability imagenet vgg13 ILSVRC2012_val_00011535 lime_budget_512 seed=1
3424 stability imagenet vgg13 ILSVRC2012_val_00011535 lime_budget_512 seed=2
3425 stability imagenet vgg13 ILSVRC2012_val_00011535 lime_budget_512 seed=3
3426 stability imagenet vgg13 ILSVRC2012_val_00011535 lime_budget_512 seed=4
3427 stability imagenet vgg13 ILSVRC2012_val_00011535 lime_budget_1024 seed=0
3428 stability imagenet vgg13 ILSVRC2012_val_00011535 lime_budget_1024 seed=1
3429 stability imagenet vgg13 ILSVRC2012_val_00011535 lime_budget_1024 seed=2
3430 stability imagenet vgg13 ILSVRC2012_val_00011535 lime_budget_1024 seed=3
3431 stability imagenet vgg13 ILSVRC2012_val_00011535 lime_budget_1024 seed=4
3432 stability imagenet vgg13 ILSVRC2012_val_00011535 lime_budget_2048 seed=0
3433 stability imagenet vgg13 ILSVRC2012_val_00011535 lime_budget_2048 seed=1
3434 stability imagenet vgg13 ILSVRC2012_val_00011535 lime_budget_2048 seed=2
3435 stability imagenet vgg13 ILSVRC2012_val_00011535 lime_budget_2048 seed=3
3436 stability imagenet vgg13 ILSVRC2012_val_00011535 lime_budget_2048 seed=4
3437 stability imagenet vgg13 ILSVRC2012_val_00011535 rise_budget_256 seed=0
3438 stability imagenet vgg13 ILSVRC2012_val_00011535 rise_budget_256 seed=1
3439 stability imagenet vgg13 ILSVRC2012_val_00011535 rise_budget_256 seed=2
3440 stability imagenet vgg13 ILSVRC2012_val_00011535 rise_budget_256 seed=3
3441 stability imagenet vgg13 ILSVRC2012_val_00011535 rise_budget_256 seed=4
3442 stability imagenet vgg13 ILSVRC2012_val_00011535 rise_budget_512 seed=0
3443 stability imagenet vgg13 ILSVRC2012_val_00011535 rise_budget_512 seed=1
3444 stability imagenet vgg13 ILSVRC2012_val_00011535 rise_budget_512 seed=2
3445 stability imagenet vgg13 ILSVRC2012_val_00011535 rise_budget_512 seed=3
3446 stability imagenet vgg13 ILSVRC2012_val_00011535 rise_budget_512 seed=4
3447 stability imagenet vgg13 ILSVRC2012_val_00011535 rise_budget_1024 seed=0
3448 stability imagenet vgg13 ILSVRC2012_val_00011535 rise_budget_1024 seed=1
3449 stability imagenet vgg13 ILSVRC2012_val_00011535 rise_budget_1024 seed=2
3450 stability imagenet vgg13 ILSVRC2012_val_00011535 rise_budget_1024 seed=3
3451 stability imagenet vgg13 ILSVRC2012_val_00011535 rise_budget_1024 seed=4
3452 stability imagenet vgg13 ILSVRC2012_val_00011535 rise_budget_2048 seed=0
3453 stability imagenet vgg13 ILSVRC2012_val_00011535 rise_budget_2048 seed=1
3454 stability imagenet vgg13 ILSVRC2012_val_00011535 rise_budget_2048 seed=2
3455 stability imagenet vgg13 ILSVRC2012_val_00011535 rise_budget_2048 seed=3
3456 stability imagenet vgg13 ILSVRC2012_val_00011535 rise_budget_2048 seed=4
3457 stability imagenet vgg13 ILSVRC2012_val_00011535 kernel_shap_budget_256 seed=0
3458 stability imagenet vgg13 ILSVRC2012_val_00011535 kernel_shap_budget_256 seed=1
3459 stability imagenet vgg13 ILSVRC2012_val_00011535 kernel_shap_budget_256 seed=2
3460 stability imagenet vgg13 ILSVRC2012_val_00011535 kernel_shap_budget_256 seed=3
3461 stability imagenet vgg13 ILSVRC2012_val_00011535 kernel_shap_budget_256 seed=4
3462 stability imagenet vgg13 ILSVRC2012_val_00011535 kernel_shap_budget_512 seed=0
3463 stability imagenet vgg13 ILSVRC2012_val_00011535 kernel_shap_budget_512 seed=1
3464 stability imagenet vgg13 ILSVRC2012_val_00011535 kernel_shap_budget_512 seed=2
3465 stability imagenet vgg13 ILSVRC2012_val_00011535 kernel_shap_budget_512 seed=3
3466 stability imagenet vgg13 ILSVRC2012_val_00011535 kernel_shap_budget_512 seed=4
3467 stability imagenet vgg13 ILSVRC2012_val_00011535 kernel_shap_budget_1024 seed=0
3468 stability imagenet vgg13 ILSVRC2012_val_00011535 kernel_shap_budget_1024 seed=1
3469 stability imagenet vgg13 ILSVRC2012_val_00011535 kernel_shap_budget_1024 seed=2
3470 stability imagenet vgg13 ILSVRC2012_val_00011535 kernel_shap_budget_1024 seed=3
3471 stability imagenet vgg13 ILSVRC2012_val_00011535 kernel_shap_budget_1024 seed=4
3472 stability imagenet vgg13 ILSVRC2012_val_00011535 kernel_shap_budget_2048 seed=0
3473 stability imagenet vgg13 ILSVRC2012_val_00011535 kernel_shap_budget_2048 seed=1
3474 stability imagenet vgg13 ILSVRC2012_val_00011535 kernel_shap_budget_2048 seed=2
3475 stability imagenet vgg13 ILSVRC2012_val_00011535 kernel_shap_budget_2048 seed=3
3476 stability imagenet vgg13 ILSVRC2012_val_00011535 kernel_shap_budget_2048 seed=4
3477 stability imagenet vgg13 ILSVRC2012_val_00011535 ablation_default seed=None
3478 stability imagenet vgg13 ILSVRC2012_val_00012331 lime_budget_256 seed=0
3479 stability imagenet vgg13 ILSVRC2012_val_00012331 lime_budget_256 seed=1
3480 stability imagenet vgg13 ILSVRC2012_val_00012331 lime_budget_256 seed=2
3481 stability imagenet vgg13 ILSVRC2012_val_00012331 lime_budget_256 seed=3
3482 stability imagenet vgg13 ILSVRC2012_val_00012331 lime_budget_256 seed=4
3483 stability imagenet vgg13 ILSVRC2012_val_00012331 lime_budget_512 seed=0
3484 stability imagenet vgg13 ILSVRC2012_val_00012331 lime_budget_512 seed=1
3485 stability imagenet vgg13 ILSVRC2012_val_00012331 lime_budget_512 seed=2
3486 stability imagenet vgg13 ILSVRC2012_val_00012331 lime_budget_512 seed=3
3487 stability imagenet vgg13 ILSVRC2012_val_00012331 lime_budget_512 seed=4
3488 stability imagenet vgg13 ILSVRC2012_val_00012331 lime_budget_1024 seed=0
3489 stability imagenet vgg13 ILSVRC2012_val_00012331 lime_budget_1024 seed=1
3490 stability imagenet vgg13 ILSVRC2012_val_00012331 lime_budget_1024 seed=2
3491 stability imagenet vgg13 ILSVRC2012_val_00012331 lime_budget_1024 seed=3
3492 stability imagenet vgg13 ILSVRC2012_val_00012331 lime_budget_1024 seed=4
3493 stability imagenet vgg13 ILSVRC2012_val_00012331 lime_budget_2048 seed=0
3494 stability imagenet vgg13 ILSVRC2012_val_00012331 lime_budget_2048 seed=1
3495 stability imagenet vgg13 ILSVRC2012_val_00012331 lime_budget_2048 seed=2
3496 stability imagenet vgg13 ILSVRC2012_val_00012331 lime_budget_2048 seed=3
3497 stability imagenet vgg13 ILSVRC2012_val_00012331 lime_budget_2048 seed=4
3498 stability imagenet vgg13 ILSVRC2012_val_00012331 rise_budget_256 seed=0
3499 stability imagenet vgg13 ILSVRC2012_val_00012331 rise_budget_256 seed=1
3500 stability imagenet vgg13 ILSVRC2012_val_00012331 rise_budget_256 seed=2
3501 stability imagenet vgg13 ILSVRC2012_val_00012331 rise_budget_256 seed=3
3502 stability imagenet vgg13 ILSVRC2012_val_00012331 rise_budget_256 seed=4
3503 stability imagenet vgg13 ILSVRC2012_val_00012331 rise_budget_512 seed=0
3504 stability imagenet vgg13 ILSVRC2012_val_00012331 rise_budget_512 seed=1
3505 stability imagenet vgg13 ILSVRC2012_val_00012331 rise_budget_512 seed=2
3506 stability imagenet vgg13 ILSVRC2012_val_00012331 rise_budget_512 seed=3
3507 stability imagenet vgg13 ILSVRC2012_val_00012331 rise_budget_512 seed=4
3508 stability imagenet vgg13 ILSVRC2012_val_00012331 rise_budget_1024 seed=0
3509 stability imagenet vgg13 ILSVRC2012_val_00012331 rise_budget_1024 seed=1
3510 stability imagenet vgg13 ILSVRC2012_val_00012331 rise_budget_1024 seed=2
3511 stability imagenet vgg13 ILSVRC2012_val_00012331 rise_budget_1024 seed=3
3512 stability imagenet vgg13 ILSVRC2012_val_00012331 rise_budget_1024 seed=4
3513 stability imagenet vgg13 ILSVRC2012_val_00012331 rise_budget_2048 seed=0
3514 stability imagenet vgg13 ILSVRC2012_val_00012331 rise_budget_2048 seed=1
3515 stability imagenet vgg13 ILSVRC2012_val_00012331 rise_budget_2048 seed=2
3516 stability imagenet vgg13 ILSVRC2012_val_00012331 rise_budget_2048 seed=3
3517 stability imagenet vgg13 ILSVRC2012_val_00012331 rise_budget_2048 seed=4
3518 stability imagenet vgg13 ILSVRC2012_val_00012331 kernel_shap_budget_256 seed=0
3519 stability imagenet vgg13 ILSVRC2012_val_00012331 kernel_shap_budget_256 seed=1
3520 stability imagenet vgg13 ILSVRC2012_val_00012331 kernel_shap_budget_256 seed=2
3521 stability imagenet vgg13 ILSVRC2012_val_00012331 kernel_shap_budget_256 seed=3
3522 stability imagenet vgg13 ILSVRC2012_val_00012331 kernel_shap_budget_256 seed=4
3523 stability imagenet vgg13 ILSVRC2012_val_00012331 kernel_shap_budget_512 seed=0
3524 stability imagenet vgg13 ILSVRC2012_val_00012331 kernel_shap_budget_512 seed=1
3525 stability imagenet vgg13 ILSVRC2012_val_00012331 kernel_shap_budget_512 seed=2
3526 stability imagenet vgg13 ILSVRC2012_val_00012331 kernel_shap_budget_512 seed=3
3527 stability imagenet vgg13 ILSVRC2012_val_00012331 kernel_shap_budget_512 seed=4
3528 stability imagenet vgg13 ILSVRC2012_val_00012331 kernel_shap_budget_1024 seed=0
3529 stability imagenet vgg13 ILSVRC2012_val_00012331 kernel_shap_budget_1024 seed=1
3530 stability imagenet vgg13 ILSVRC2012_val_00012331 kernel_shap_budget_1024 seed=2
3531 stability imagenet vgg13 ILSVRC2012_val_00012331 kernel_shap_budget_1024 seed=3
3532 stability imagenet vgg13 ILSVRC2012_val_00012331 kernel_shap_budget_1024 seed=4
3533 stability imagenet vgg13 ILSVRC2012_val_00012331 kernel_shap_budget_2048 seed=0
3534 stability imagenet vgg13 ILSVRC2012_val_00012331 kernel_shap_budget_2048 seed=1
3535 stability imagenet vgg13 ILSVRC2012_val_00012331 kernel_shap_budget_2048 seed=2
3536 stability imagenet vgg13 ILSVRC2012_val_00012331 kernel_shap_budget_2048 seed=3
3537 stability imagenet vgg13 ILSVRC2012_val_00012331 kernel_shap_budget_2048 seed=4
3538 stability imagenet vgg13 ILSVRC2012_val_00012331 ablation_default seed=None
3539 stability imagenet vgg13 ILSVRC2012_val_00013600 lime_budget_256 seed=0
3540 stability imagenet vgg13 ILSVRC2012_val_00013600 lime_budget_256 seed=1
3541 stability imagenet vgg13 ILSVRC2012_val_00013600 lime_budget_256 seed=2
3542 stability imagenet vgg13 ILSVRC2012_val_00013600 lime_budget_256 seed=3
3543 stability imagenet vgg13 ILSVRC2012_val_00013600 lime_budget_256 seed=4
3544 stability imagenet vgg13 ILSVRC2012_val_00013600 lime_budget_512 seed=0
3545 stability imagenet vgg13 ILSVRC2012_val_00013600 lime_budget_512 seed=1
3546 stability imagenet vgg13 ILSVRC2012_val_00013600 lime_budget_512 seed=2
3547 stability imagenet vgg13 ILSVRC2012_val_00013600 lime_budget_512 seed=3
3548 stability imagenet vgg13 ILSVRC2012_val_00013600 lime_budget_512 seed=4
3549 stability imagenet vgg13 ILSVRC2012_val_00013600 lime_budget_1024 seed=0
3550 stability imagenet vgg13 ILSVRC2012_val_00013600 lime_budget_1024 seed=1
3551 stability imagenet vgg13 ILSVRC2012_val_00013600 lime_budget_1024 seed=2
3552 stability imagenet vgg13 ILSVRC2012_val_00013600 lime_budget_1024 seed=3
3553 stability imagenet vgg13 ILSVRC2012_val_00013600 lime_budget_1024 seed=4
3554 stability imagenet vgg13 ILSVRC2012_val_00013600 lime_budget_2048 seed=0
3555 stability imagenet vgg13 ILSVRC2012_val_00013600 lime_budget_2048 seed=1
3556 stability imagenet vgg13 ILSVRC2012_val_00013600 lime_budget_2048 seed=2
3557 stability imagenet vgg13 ILSVRC2012_val_00013600 lime_budget_2048 seed=3
3558 stability imagenet vgg13 ILSVRC2012_val_00013600 lime_budget_2048 seed=4
3559 stability imagenet vgg13 ILSVRC2012_val_00013600 rise_budget_256 seed=0
3560 stability imagenet vgg13 ILSVRC2012_val_00013600 rise_budget_256 seed=1
3561 stability imagenet vgg13 ILSVRC2012_val_00013600 rise_budget_256 seed=2
3562 stability imagenet vgg13 ILSVRC2012_val_00013600 rise_budget_256 seed=3
3563 stability imagenet vgg13 ILSVRC2012_val_00013600 rise_budget_256 seed=4
3564 stability imagenet vgg13 ILSVRC2012_val_00013600 rise_budget_512 seed=0
3565 stability imagenet vgg13 ILSVRC2012_val_00013600 rise_budget_512 seed=1
3566 stability imagenet vgg13 ILSVRC2012_val_00013600 rise_budget_512 seed=2
3567 stability imagenet vgg13 ILSVRC2012_val_00013600 rise_budget_512 seed=3
3568 stability imagenet vgg13 ILSVRC2012_val_00013600 rise_budget_512 seed=4
3569 stability imagenet vgg13 ILSVRC2012_val_00013600 rise_budget_1024 seed=0
3570 stability imagenet vgg13 ILSVRC2012_val_00013600 rise_budget_1024 seed=1
3571 stability imagenet vgg13 ILSVRC2012_val_00013600 rise_budget_1024 seed=2
3572 stability imagenet vgg13 ILSVRC2012_val_00013600 rise_budget_1024 seed=3
3573 stability imagenet vgg13 ILSVRC2012_val_00013600 rise_budget_1024 seed=4
3574 stability imagenet vgg13 ILSVRC2012_val_00013600 rise_budget_2048 seed=0
3575 stability imagenet vgg13 ILSVRC2012_val_00013600 rise_budget_2048 seed=1
3576 stability imagenet vgg13 ILSVRC2012_val_00013600 rise_budget_2048 seed=2
3577 stability imagenet vgg13 ILSVRC2012_val_00013600 rise_budget_2048 seed=3
3578 stability imagenet vgg13 ILSVRC2012_val_00013600 rise_budget_2048 seed=4
3579 stability imagenet vgg13 ILSVRC2012_val_00013600 kernel_shap_budget_256 seed=0
3580 stability imagenet vgg13 ILSVRC2012_val_00013600 kernel_shap_budget_256 seed=1
3581 stability imagenet vgg13 ILSVRC2012_val_00013600 kernel_shap_budget_256 seed=2
3582 stability imagenet vgg13 ILSVRC2012_val_00013600 kernel_shap_budget_256 seed=3
3583 stability imagenet vgg13 ILSVRC2012_val_00013600 kernel_shap_budget_256 seed=4
3584 stability imagenet vgg13 ILSVRC2012_val_00013600 kernel_shap_budget_512 seed=0
3585 stability imagenet vgg13 ILSVRC2012_val_00013600 kernel_shap_budget_512 seed=1
3586 stability imagenet vgg13 ILSVRC2012_val_00013600 kernel_shap_budget_512 seed=2
3587 stability imagenet vgg13 ILSVRC2012_val_00013600 kernel_shap_budget_512 seed=3
3588 stability imagenet vgg13 ILSVRC2012_val_00013600 kernel_shap_budget_512 seed=4
3589 stability imagenet vgg13 ILSVRC2012_val_00013600 kernel_shap_budget_1024 seed=0
3590 stability imagenet vgg13 ILSVRC2012_val_00013600 kernel_shap_budget_1024 seed=1
3591 stability imagenet vgg13 ILSVRC2012_val_00013600 kernel_shap_budget_1024 seed=2
3592 stability imagenet vgg13 ILSVRC2012_val_00013600 kernel_shap_budget_1024 seed=3
3593 stability imagenet vgg13 ILSVRC2012_val_00013600 kernel_shap_budget_1024 seed=4
3594 stability imagenet vgg13 ILSVRC2012_val_00013600 kernel_shap_budget_2048 seed=0
3595 stability imagenet vgg13 ILSVRC2012_val_00013600 kernel_shap_budget_2048 seed=1
3596 stability imagenet vgg13 ILSVRC2012_val_00013600 kernel_shap_budget_2048 seed=2
3597 stability imagenet vgg13 ILSVRC2012_val_00013600 kernel_shap_budget_2048 seed=3
3598 stability imagenet vgg13 ILSVRC2012_val_00013600 kernel_shap_budget_2048 seed=4
3599 stability imagenet vgg13 ILSVRC2012_val_00013600 ablation_default seed=None
3600 stability imagenet vgg13 ILSVRC2012_val_00014108 lime_budget_256 seed=0
3601 stability imagenet vgg13 ILSVRC2012_val_00014108 lime_budget_256 seed=1
3602 stability imagenet vgg13 ILSVRC2012_val_00014108 lime_budget_256 seed=2
3603 stability imagenet vgg13 ILSVRC2012_val_00014108 lime_budget_256 seed=3
3604 stability imagenet vgg13 ILSVRC2012_val_00014108 lime_budget_256 seed=4
3605 stability imagenet vgg13 ILSVRC2012_val_00014108 lime_budget_512 seed=0
3606 stability imagenet vgg13 ILSVRC2012_val_00014108 lime_budget_512 seed=1
3607 stability imagenet vgg13 ILSVRC2012_val_00014108 lime_budget_512 seed=2
3608 stability imagenet vgg13 ILSVRC2012_val_00014108 lime_budget_512 seed=3
3609 stability imagenet vgg13 ILSVRC2012_val_00014108 lime_budget_512 seed=4
3610 stability imagenet vgg13 ILSVRC2012_val_00014108 lime_budget_1024 seed=0
3611 stability imagenet vgg13 ILSVRC2012_val_00014108 lime_budget_1024 seed=1
3612 stability imagenet vgg13 ILSVRC2012_val_00014108 lime_budget_1024 seed=2
3613 stability imagenet vgg13 ILSVRC2012_val_00014108 lime_budget_1024 seed=3
3614 stability imagenet vgg13 ILSVRC2012_val_00014108 lime_budget_1024 seed=4
3615 stability imagenet vgg13 ILSVRC2012_val_00014108 lime_budget_2048 seed=0
3616 stability imagenet vgg13 ILSVRC2012_val_00014108 lime_budget_2048 seed=1
3617 stability imagenet vgg13 ILSVRC2012_val_00014108 lime_budget_2048 seed=2
3618 stability imagenet vgg13 ILSVRC2012_val_00014108 lime_budget_2048 seed=3
3619 stability imagenet vgg13 ILSVRC2012_val_00014108 lime_budget_2048 seed=4
3620 stability imagenet vgg13 ILSVRC2012_val_00014108 rise_budget_256 seed=0
3621 stability imagenet vgg13 ILSVRC2012_val_00014108 rise_budget_256 seed=1
3622 stability imagenet vgg13 ILSVRC2012_val_00014108 rise_budget_256 seed=2
3623 stability imagenet vgg13 ILSVRC2012_val_00014108 rise_budget_256 seed=3
3624 stability imagenet vgg13 ILSVRC2012_val_00014108 rise_budget_256 seed=4
3625 stability imagenet vgg13 ILSVRC2012_val_00014108 rise_budget_512 seed=0
3626 stability imagenet vgg13 ILSVRC2012_val_00014108 rise_budget_512 seed=1
3627 stability imagenet vgg13 ILSVRC2012_val_00014108 rise_budget_512 seed=2
3628 stability imagenet vgg13 ILSVRC2012_val_00014108 rise_budget_512 seed=3
3629 stability imagenet vgg13 ILSVRC2012_val_00014108 rise_budget_512 seed=4
3630 stability imagenet vgg13 ILSVRC2012_val_00014108 rise_budget_1024 seed=0
3631 stability imagenet vgg13 ILSVRC2012_val_00014108 rise_budget_1024 seed=1
3632 stability imagenet vgg13 ILSVRC2012_val_00014108 rise_budget_1024 seed=2
3633 stability imagenet vgg13 ILSVRC2012_val_00014108 rise_budget_1024 seed=3
3634 stability imagenet vgg13 ILSVRC2012_val_00014108 rise_budget_1024 seed=4
3635 stability imagenet vgg13 ILSVRC2012_val_00014108 rise_budget_2048 seed=0
3636 stability imagenet vgg13 ILSVRC2012_val_00014108 rise_budget_2048 seed=1
3637 stability imagenet vgg13 ILSVRC2012_val_00014108 rise_budget_2048 seed=2
3638 stability imagenet vgg13 ILSVRC2012_val_00014108 rise_budget_2048 seed=3
3639 stability imagenet vgg13 ILSVRC2012_val_00014108 rise_budget_2048 seed=4
3640 stability imagenet vgg13 ILSVRC2012_val_00014108 kernel_shap_budget_256 seed=0
3641 stability imagenet vgg13 ILSVRC2012_val_00014108 kernel_shap_budget_256 seed=1
3642 stability imagenet vgg13 ILSVRC2012_val_00014108 kernel_shap_budget_256 seed=2
3643 stability imagenet vgg13 ILSVRC2012_val_00014108 kernel_shap_budget_256 seed=3
3644 stability imagenet vgg13 ILSVRC2012_val_00014108 kernel_shap_budget_256 seed=4
3645 stability imagenet vgg13 ILSVRC2012_val_00014108 kernel_shap_budget_512 seed=0
3646 stability imagenet vgg13 ILSVRC2012_val_00014108 kernel_shap_budget_512 seed=1
3647 stability imagenet vgg13 ILSVRC2012_val_00014108 kernel_shap_budget_512 seed=2
3648 stability imagenet vgg13 ILSVRC2012_val_00014108 kernel_shap_budget_512 seed=3
3649 stability imagenet vgg13 ILSVRC2012_val_00014108 kernel_shap_budget_512 seed=4
3650 stability imagenet vgg13 ILSVRC2012_val_00014108 kernel_shap_budget_1024 seed=0
3651 stability imagenet vgg13 ILSVRC2012_val_00014108 kernel_shap_budget_1024 seed=1
3652 stability imagenet vgg13 ILSVRC2012_val_00014108 kernel_shap_budget_1024 seed=2
3653 stability imagenet vgg13 ILSVRC2012_val_00014108 kernel_shap_budget_1024 seed=3
3654 stability imagenet vgg13 ILSVRC2012_val_00014108 kernel_shap_budget_1024 seed=4
3655 stability imagenet vgg13 ILSVRC2012_val_00014108 kernel_shap_budget_2048 seed=0
3656 stability imagenet vgg13 ILSVRC2012_val_00014108 kernel_shap_budget_2048 seed=1
3657 stability imagenet vgg13 ILSVRC2012_val_00014108 kernel_shap_budget_2048 seed=2
3658 stability imagenet vgg13 ILSVRC2012_val_00014108 kernel_shap_budget_2048 seed=3
3659 stability imagenet vgg13 ILSVRC2012_val_00014108 kernel_shap_budget_2048 seed=4
3660 stability imagenet vgg13 ILSVRC2012_val_00014108 ablation_default seed=None
3661 stability imagenet vgg13 ILSVRC2012_val_00014806 lime_budget_256 seed=0
3662 stability imagenet vgg13 ILSVRC2012_val_00014806 lime_budget_256 seed=1
3663 stability imagenet vgg13 ILSVRC2012_val_00014806 lime_budget_256 seed=2
3664 stability imagenet vgg13 ILSVRC2012_val_00014806 lime_budget_256 seed=3
3665 stability imagenet vgg13 ILSVRC2012_val_00014806 lime_budget_256 seed=4
3666 stability imagenet vgg13 ILSVRC2012_val_00014806 lime_budget_512 seed=0
3667 stability imagenet vgg13 ILSVRC2012_val_00014806 lime_budget_512 seed=1
3668 stability imagenet vgg13 ILSVRC2012_val_00014806 lime_budget_512 seed=2
3669 stability imagenet vgg13 ILSVRC2012_val_00014806 lime_budget_512 seed=3
3670 stability imagenet vgg13 ILSVRC2012_val_00014806 lime_budget_512 seed=4
3671 stability imagenet vgg13 ILSVRC2012_val_00014806 lime_budget_1024 seed=0
3672 stability imagenet vgg13 ILSVRC2012_val_00014806 lime_budget_1024 seed=1
3673 stability imagenet vgg13 ILSVRC2012_val_00014806 lime_budget_1024 seed=2
3674 stability imagenet vgg13 ILSVRC2012_val_00014806 lime_budget_1024 seed=3
3675 stability imagenet vgg13 ILSVRC2012_val_00014806 lime_budget_1024 seed=4
3676 stability imagenet vgg13 ILSVRC2012_val_00014806 lime_budget_2048 seed=0
3677 stability imagenet vgg13 ILSVRC2012_val_00014806 lime_budget_2048 seed=1
3678 stability imagenet vgg13 ILSVRC2012_val_00014806 lime_budget_2048 seed=2
3679 stability imagenet vgg13 ILSVRC2012_val_00014806 lime_budget_2048 seed=3
3680 stability imagenet vgg13 ILSVRC2012_val_00014806 lime_budget_2048 seed=4
3681 stability imagenet vgg13 ILSVRC2012_val_00014806 rise_budget_256 seed=0
3682 stability imagenet vgg13 ILSVRC2012_val_00014806 rise_budget_256 seed=1
3683 stability imagenet vgg13 ILSVRC2012_val_00014806 rise_budget_256 seed=2
3684 stability imagenet vgg13 ILSVRC2012_val_00014806 rise_budget_256 seed=3
3685 stability imagenet vgg13 ILSVRC2012_val_00014806 rise_budget_256 seed=4
3686 stability imagenet vgg13 ILSVRC2012_val_00014806 rise_budget_512 seed=0
3687 stability imagenet vgg13 ILSVRC2012_val_00014806 rise_budget_512 seed=1
3688 stability imagenet vgg13 ILSVRC2012_val_00014806 rise_budget_512 seed=2
3689 stability imagenet vgg13 ILSVRC2012_val_00014806 rise_budget_512 seed=3
3690 stability imagenet vgg13 ILSVRC2012_val_00014806 rise_budget_512 seed=4
3691 stability imagenet vgg13 ILSVRC2012_val_00014806 rise_budget_1024 seed=0
3692 stability imagenet vgg13 ILSVRC2012_val_00014806 rise_budget_1024 seed=1
3693 stability imagenet vgg13 ILSVRC2012_val_00014806 rise_budget_1024 seed=2
3694 stability imagenet vgg13 ILSVRC2012_val_00014806 rise_budget_1024 seed=3
3695 stability imagenet vgg13 ILSVRC2012_val_00014806 rise_budget_1024 seed=4
3696 stability imagenet vgg13 ILSVRC2012_val_00014806 rise_budget_2048 seed=0
3697 stability imagenet vgg13 ILSVRC2012_val_00014806 rise_budget_2048 seed=1
3698 stability imagenet vgg13 ILSVRC2012_val_00014806 rise_budget_2048 seed=2
3699 stability imagenet vgg13 ILSVRC2012_val_00014806 rise_budget_2048 seed=3
3700 stability imagenet vgg13 ILSVRC2012_val_00014806 rise_budget_2048 seed=4
3701 stability imagenet vgg13 ILSVRC2012_val_00014806 kernel_shap_budget_256 seed=0
3702 stability imagenet vgg13 ILSVRC2012_val_00014806 kernel_shap_budget_256 seed=1
3703 stability imagenet vgg13 ILSVRC2012_val_00014806 kernel_shap_budget_256 seed=2
3704 stability imagenet vgg13 ILSVRC2012_val_00014806 kernel_shap_budget_256 seed=3
3705 stability imagenet vgg13 ILSVRC2012_val_00014806 kernel_shap_budget_256 seed=4
3706 stability imagenet vgg13 ILSVRC2012_val_00014806 kernel_shap_budget_512 seed=0
3707 stability imagenet vgg13 ILSVRC2012_val_00014806 kernel_shap_budget_512 seed=1
3708 stability imagenet vgg13 ILSVRC2012_val_00014806 kernel_shap_budget_512 seed=2
3709 stability imagenet vgg13 ILSVRC2012_val_00014806 kernel_shap_budget_512 seed=3
3710 stability imagenet vgg13 ILSVRC2012_val_00014806 kernel_shap_budget_512 seed=4
3711 stability imagenet vgg13 ILSVRC2012_val_00014806 kernel_shap_budget_1024 seed=0
3712 stability imagenet vgg13 ILSVRC2012_val_00014806 kernel_shap_budget_1024 seed=1
3713 stability imagenet vgg13 ILSVRC2012_val_00014806 kernel_shap_budget_1024 seed=2
3714 stability imagenet vgg13 ILSVRC2012_val_00014806 kernel_shap_budget_1024 seed=3
3715 stability imagenet vgg13 ILSVRC2012_val_00014806 kernel_shap_budget_1024 seed=4
3716 stability imagenet vgg13 ILSVRC2012_val_00014806 kernel_shap_budget_2048 seed=0
3717 stability imagenet vgg13 ILSVRC2012_val_00014806 kernel_shap_budget_2048 seed=1
3718 stability imagenet vgg13 ILSVRC2012_val_00014806 kernel_shap_budget_2048 seed=2
3719 stability imagenet vgg13 ILSVRC2012_val_00014806 kernel_shap_budget_2048 seed=3
3720 stability imagenet vgg13 ILSVRC2012_val_00014806 kernel_shap_budget_2048 seed=4
3721 stability imagenet vgg13 ILSVRC2012_val_00014806 ablation_default seed=None
3722 stability imagenet vgg13 ILSVRC2012_val_00015124 lime_budget_256 seed=0
3723 stability imagenet vgg13 ILSVRC2012_val_00015124 lime_budget_256 seed=1
3724 stability imagenet vgg13 ILSVRC2012_val_00015124 lime_budget_256 seed=2
3725 stability imagenet vgg13 ILSVRC2012_val_00015124 lime_budget_256 seed=3
3726 stability imagenet vgg13 ILSVRC2012_val_00015124 lime_budget_256 seed=4
3727 stability imagenet vgg13 ILSVRC2012_val_00015124 lime_budget_512 seed=0
3728 stability imagenet vgg13 ILSVRC2012_val_00015124 lime_budget_512 seed=1
3729 stability imagenet vgg13 ILSVRC2012_val_00015124 lime_budget_512 seed=2
3730 stability imagenet vgg13 ILSVRC2012_val_00015124 lime_budget_512 seed=3
3731 stability imagenet vgg13 ILSVRC2012_val_00015124 lime_budget_512 seed=4
3732 stability imagenet vgg13 ILSVRC2012_val_00015124 lime_budget_1024 seed=0
3733 stability imagenet vgg13 ILSVRC2012_val_00015124 lime_budget_1024 seed=1
3734 stability imagenet vgg13 ILSVRC2012_val_00015124 lime_budget_1024 seed=2
3735 stability imagenet vgg13 ILSVRC2012_val_00015124 lime_budget_1024 seed=3
3736 stability imagenet vgg13 ILSVRC2012_val_00015124 lime_budget_1024 seed=4
3737 stability imagenet vgg13 ILSVRC2012_val_00015124 lime_budget_2048 seed=0
3738 stability imagenet vgg13 ILSVRC2012_val_00015124 lime_budget_2048 seed=1
3739 stability imagenet vgg13 ILSVRC2012_val_00015124 lime_budget_2048 seed=2
3740 stability imagenet vgg13 ILSVRC2012_val_00015124 lime_budget_2048 seed=3
3741 stability imagenet vgg13 ILSVRC2012_val_00015124 lime_budget_2048 seed=4
3742 stability imagenet vgg13 ILSVRC2012_val_00015124 rise_budget_256 seed=0
3743 stability imagenet vgg13 ILSVRC2012_val_00015124 rise_budget_256 seed=1
3744 stability imagenet vgg13 ILSVRC2012_val_00015124 rise_budget_256 seed=2
3745 stability imagenet vgg13 ILSVRC2012_val_00015124 rise_budget_256 seed=3
3746 stability imagenet vgg13 ILSVRC2012_val_00015124 rise_budget_256 seed=4
3747 stability imagenet vgg13 ILSVRC2012_val_00015124 rise_budget_512 seed=0
3748 stability imagenet vgg13 ILSVRC2012_val_00015124 rise_budget_512 seed=1
3749 stability imagenet vgg13 ILSVRC2012_val_00015124 rise_budget_512 seed=2
3750 stability imagenet vgg13 ILSVRC2012_val_00015124 rise_budget_512 seed=3
3751 stability imagenet vgg13 ILSVRC2012_val_00015124 rise_budget_512 seed=4
3752 stability imagenet vgg13 ILSVRC2012_val_00015124 rise_budget_1024 seed=0
3753 stability imagenet vgg13 ILSVRC2012_val_00015124 rise_budget_1024 seed=1
3754 stability imagenet vgg13 ILSVRC2012_val_00015124 rise_budget_1024 seed=2
3755 stability imagenet vgg13 ILSVRC2012_val_00015124 rise_budget_1024 seed=3
3756 stability imagenet vgg13 ILSVRC2012_val_00015124 rise_budget_1024 seed=4
3757 stability imagenet vgg13 ILSVRC2012_val_00015124 rise_budget_2048 seed=0
3758 stability imagenet vgg13 ILSVRC2012_val_00015124 rise_budget_2048 seed=1
3759 stability imagenet vgg13 ILSVRC2012_val_00015124 rise_budget_2048 seed=2
3760 stability imagenet vgg13 ILSVRC2012_val_00015124 rise_budget_2048 seed=3
3761 stability imagenet vgg13 ILSVRC2012_val_00015124 rise_budget_2048 seed=4
3762 stability imagenet vgg13 ILSVRC2012_val_00015124 kernel_shap_budget_256 seed=0
3763 stability imagenet vgg13 ILSVRC2012_val_00015124 kernel_shap_budget_256 seed=1
3764 stability imagenet vgg13 ILSVRC2012_val_00015124 kernel_shap_budget_256 seed=2
3765 stability imagenet vgg13 ILSVRC2012_val_00015124 kernel_shap_budget_256 seed=3
3766 stability imagenet vgg13 ILSVRC2012_val_00015124 kernel_shap_budget_256 seed=4
3767 stability imagenet vgg13 ILSVRC2012_val_00015124 kernel_shap_budget_512 seed=0
3768 stability imagenet vgg13 ILSVRC2012_val_00015124 kernel_shap_budget_512 seed=1
3769 stability imagenet vgg13 ILSVRC2012_val_00015124 kernel_shap_budget_512 seed=2
3770 stability imagenet vgg13 ILSVRC2012_val_00015124 kernel_shap_budget_512 seed=3
3771 stability imagenet vgg13 ILSVRC2012_val_00015124 kernel_shap_budget_512 seed=4
3772 stability imagenet vgg13 ILSVRC2012_val_00015124 kernel_shap_budget_1024 seed=0
3773 stability imagenet vgg13 ILSVRC2012_val_00015124 kernel_shap_budget_1024 seed=1
3774 stability imagenet vgg13 ILSVRC2012_val_00015124 kernel_shap_budget_1024 seed=2
3775 stability imagenet vgg13 ILSVRC2012_val_00015124 kernel_shap_budget_1024 seed=3
3776 stability imagenet vgg13 ILSVRC2012_val_00015124 kernel_shap_budget_1024 seed=4
3777 stability imagenet vgg13 ILSVRC2012_val_00015124 kernel_shap_budget_2048 seed=0
3778 stability imagenet vgg13 ILSVRC2012_val_00015124 kernel_shap_budget_2048 seed=1
3779 stability imagenet vgg13 ILSVRC2012_val_00015124 kernel_shap_budget_2048 seed=2
3780 stability imagenet vgg13 ILSVRC2012_val_00015124 kernel_shap_budget_2048 seed=3
3781 stability imagenet vgg13 ILSVRC2012_val_00015124 kernel_shap_budget_2048 seed=4
3782 stability imagenet vgg13 ILSVRC2012_val_00015124 ablation_default seed=None
3783 stability imagenet vgg13 ILSVRC2012_val_00015975 lime_budget_256 seed=0
3784 stability imagenet vgg13 ILSVRC2012_val_00015975 lime_budget_256 seed=1
3785 stability imagenet vgg13 ILSVRC2012_val_00015975 lime_budget_256 seed=2
3786 stability imagenet vgg13 ILSVRC2012_val_00015975 lime_budget_256 seed=3
3787 stability imagenet vgg13 ILSVRC2012_val_00015975 lime_budget_256 seed=4
3788 stability imagenet vgg13 ILSVRC2012_val_00015975 lime_budget_512 seed=0
3789 stability imagenet vgg13 ILSVRC2012_val_00015975 lime_budget_512 seed=1
3790 stability imagenet vgg13 ILSVRC2012_val_00015975 lime_budget_512 seed=2
3791 stability imagenet vgg13 ILSVRC2012_val_00015975 lime_budget_512 seed=3
3792 stability imagenet vgg13 ILSVRC2012_val_00015975 lime_budget_512 seed=4
3793 stability imagenet vgg13 ILSVRC2012_val_00015975 lime_budget_1024 seed=0
3794 stability imagenet vgg13 ILSVRC2012_val_00015975 lime_budget_1024 seed=1
3795 stability imagenet vgg13 ILSVRC2012_val_00015975 lime_budget_1024 seed=2
3796 stability imagenet vgg13 ILSVRC2012_val_00015975 lime_budget_1024 seed=3
3797 stability imagenet vgg13 ILSVRC2012_val_00015975 lime_budget_1024 seed=4
3798 stability imagenet vgg13 ILSVRC2012_val_00015975 lime_budget_2048 seed=0
3799 stability imagenet vgg13 ILSVRC2012_val_00015975 lime_budget_2048 seed=1
3800 stability imagenet vgg13 ILSVRC2012_val_00015975 lime_budget_2048 seed=2
3801 stability imagenet vgg13 ILSVRC2012_val_00015975 lime_budget_2048 seed=3
3802 stability imagenet vgg13 ILSVRC2012_val_00015975 lime_budget_2048 seed=4
3803 stability imagenet vgg13 ILSVRC2012_val_00015975 rise_budget_256 seed=0
3804 stability imagenet vgg13 ILSVRC2012_val_00015975 rise_budget_256 seed=1
3805 stability imagenet vgg13 ILSVRC2012_val_00015975 rise_budget_256 seed=2
3806 stability imagenet vgg13 ILSVRC2012_val_00015975 rise_budget_256 seed=3
3807 stability imagenet vgg13 ILSVRC2012_val_00015975 rise_budget_256 seed=4
3808 stability imagenet vgg13 ILSVRC2012_val_00015975 rise_budget_512 seed=0
3809 stability imagenet vgg13 ILSVRC2012_val_00015975 rise_budget_512 seed=1
3810 stability imagenet vgg13 ILSVRC2012_val_00015975 rise_budget_512 seed=2
3811 stability imagenet vgg13 ILSVRC2012_val_00015975 rise_budget_512 seed=3
3812 stability imagenet vgg13 ILSVRC2012_val_00015975 rise_budget_512 seed=4
3813 stability imagenet vgg13 ILSVRC2012_val_00015975 rise_budget_1024 seed=0
3814 stability imagenet vgg13 ILSVRC2012_val_00015975 rise_budget_1024 seed=1
3815 stability imagenet vgg13 ILSVRC2012_val_00015975 rise_budget_1024 seed=2
3816 stability imagenet vgg13 ILSVRC2012_val_00015975 rise_budget_1024 seed=3
3817 stability imagenet vgg13 ILSVRC2012_val_00015975 rise_budget_1024 seed=4
3818 stability imagenet vgg13 ILSVRC2012_val_00015975 rise_budget_2048 seed=0
3819 stability imagenet vgg13 ILSVRC2012_val_00015975 rise_budget_2048 seed=1
3820 stability imagenet vgg13 ILSVRC2012_val_00015975 rise_budget_2048 seed=2
3821 stability imagenet vgg13 ILSVRC2012_val_00015975 rise_budget_2048 seed=3
3822 stability imagenet vgg13 ILSVRC2012_val_00015975 rise_budget_2048 seed=4
3823 stability imagenet vgg13 ILSVRC2012_val_00015975 kernel_shap_budget_256 seed=0
3824 stability imagenet vgg13 ILSVRC2012_val_00015975 kernel_shap_budget_256 seed=1
3825 stability imagenet vgg13 ILSVRC2012_val_00015975 kernel_shap_budget_256 seed=2
3826 stability imagenet vgg13 ILSVRC2012_val_00015975 kernel_shap_budget_256 seed=3
3827 stability imagenet vgg13 ILSVRC2012_val_00015975 kernel_shap_budget_256 seed=4
3828 stability imagenet vgg13 ILSVRC2012_val_00015975 kernel_shap_budget_512 seed=0
3829 stability imagenet vgg13 ILSVRC2012_val_00015975 kernel_shap_budget_512 seed=1
3830 stability imagenet vgg13 ILSVRC2012_val_00015975 kernel_shap_budget_512 seed=2
3831 stability imagenet vgg13 ILSVRC2012_val_00015975 kernel_shap_budget_512 seed=3
3832 stability imagenet vgg13 ILSVRC2012_val_00015975 kernel_shap_budget_512 seed=4
3833 stability imagenet vgg13 ILSVRC2012_val_00015975 kernel_shap_budget_1024 seed=0
3834 stability imagenet vgg13 ILSVRC2012_val_00015975 kernel_shap_budget_1024 seed=1
3835 stability imagenet vgg13 ILSVRC2012_val_00015975 kernel_shap_budget_1024 seed=2
3836 stability imagenet vgg13 ILSVRC2012_val_00015975 kernel_shap_budget_1024 seed=3
3837 stability imagenet vgg13 ILSVRC2012_val_00015975 kernel_shap_budget_1024 seed=4
3838 stability imagenet vgg13 ILSVRC2012_val_00015975 kernel_shap_budget_2048 seed=0
3839 stability imagenet vgg13 ILSVRC2012_val_00015975 kernel_shap_budget_2048 seed=1
3840 stability imagenet vgg13 ILSVRC2012_val_00015975 kernel_shap_budget_2048 seed=2
3841 stability imagenet vgg13 ILSVRC2012_val_00015975 kernel_shap_budget_2048 seed=3
3842 stability imagenet vgg13 ILSVRC2012_val_00015975 kernel_shap_budget_2048 seed=4
3843 stability imagenet vgg13 ILSVRC2012_val_00015975 ablation_default seed=None
3844 stability imagenet vgg13 ILSVRC2012_val_00017759 lime_budget_256 seed=0
3845 stability imagenet vgg13 ILSVRC2012_val_00017759 lime_budget_256 seed=1
3846 stability imagenet vgg13 ILSVRC2012_val_00017759 lime_budget_256 seed=2
3847 stability imagenet vgg13 ILSVRC2012_val_00017759 lime_budget_256 seed=3
3848 stability imagenet vgg13 ILSVRC2012_val_00017759 lime_budget_256 seed=4
3849 stability imagenet vgg13 ILSVRC2012_val_00017759 lime_budget_512 seed=0
3850 stability imagenet vgg13 ILSVRC2012_val_00017759 lime_budget_512 seed=1
3851 stability imagenet vgg13 ILSVRC2012_val_00017759 lime_budget_512 seed=2
3852 stability imagenet vgg13 ILSVRC2012_val_00017759 lime_budget_512 seed=3
3853 stability imagenet vgg13 ILSVRC2012_val_00017759 lime_budget_512 seed=4
3854 stability imagenet vgg13 ILSVRC2012_val_00017759 lime_budget_1024 seed=0
3855 stability imagenet vgg13 ILSVRC2012_val_00017759 lime_budget_1024 seed=1
3856 stability imagenet vgg13 ILSVRC2012_val_00017759 lime_budget_1024 seed=2
3857 stability imagenet vgg13 ILSVRC2012_val_00017759 lime_budget_1024 seed=3
3858 stability imagenet vgg13 ILSVRC2012_val_00017759 lime_budget_1024 seed=4
3859 stability imagenet vgg13 ILSVRC2012_val_00017759 lime_budget_2048 seed=0
3860 stability imagenet vgg13 ILSVRC2012_val_00017759 lime_budget_2048 seed=1
3861 stability imagenet vgg13 ILSVRC2012_val_00017759 lime_budget_2048 seed=2
3862 stability imagenet vgg13 ILSVRC2012_val_00017759 lime_budget_2048 seed=3
3863 stability imagenet vgg13 ILSVRC2012_val_00017759 lime_budget_2048 seed=4
3864 stability imagenet vgg13 ILSVRC2012_val_00017759 rise_budget_256 seed=0
3865 stability imagenet vgg13 ILSVRC2012_val_00017759 rise_budget_256 seed=1
3866 stability imagenet vgg13 ILSVRC2012_val_00017759 rise_budget_256 seed=2
3867 stability imagenet vgg13 ILSVRC2012_val_00017759 rise_budget_256 seed=3
3868 stability imagenet vgg13 ILSVRC2012_val_00017759 rise_budget_256 seed=4
3869 stability imagenet vgg13 ILSVRC2012_val_00017759 rise_budget_512 seed=0
3870 stability imagenet vgg13 ILSVRC2012_val_00017759 rise_budget_512 seed=1
3871 stability imagenet vgg13 ILSVRC2012_val_00017759 rise_budget_512 seed=2
3872 stability imagenet vgg13 ILSVRC2012_val_00017759 rise_budget_512 seed=3
3873 stability imagenet vgg13 ILSVRC2012_val_00017759 rise_budget_512 seed=4
3874 stability imagenet vgg13 ILSVRC2012_val_00017759 rise_budget_1024 seed=0
3875 stability imagenet vgg13 ILSVRC2012_val_00017759 rise_budget_1024 seed=1
3876 stability imagenet vgg13 ILSVRC2012_val_00017759 rise_budget_1024 seed=2
3877 stability imagenet vgg13 ILSVRC2012_val_00017759 rise_budget_1024 seed=3
3878 stability imagenet vgg13 ILSVRC2012_val_00017759 rise_budget_1024 seed=4
3879 stability imagenet vgg13 ILSVRC2012_val_00017759 rise_budget_2048 seed=0
3880 stability imagenet vgg13 ILSVRC2012_val_00017759 rise_budget_2048 seed=1
3881 stability imagenet vgg13 ILSVRC2012_val_00017759 rise_budget_2048 seed=2
3882 stability imagenet vgg13 ILSVRC2012_val_00017759 rise_budget_2048 seed=3
3883 stability imagenet vgg13 ILSVRC2012_val_00017759 rise_budget_2048 seed=4
3884 stability imagenet vgg13 ILSVRC2012_val_00017759 kernel_shap_budget_256 seed=0
3885 stability imagenet vgg13 ILSVRC2012_val_00017759 kernel_shap_budget_256 seed=1
3886 stability imagenet vgg13 ILSVRC2012_val_00017759 kernel_shap_budget_256 seed=2
3887 stability imagenet vgg13 ILSVRC2012_val_00017759 kernel_shap_budget_256 seed=3
3888 stability imagenet vgg13 ILSVRC2012_val_00017759 kernel_shap_budget_256 seed=4
3889 stability imagenet vgg13 ILSVRC2012_val_00017759 kernel_shap_budget_512 seed=0
3890 stability imagenet vgg13 ILSVRC2012_val_00017759 kernel_shap_budget_512 seed=1
3891 stability imagenet vgg13 ILSVRC2012_val_00017759 kernel_shap_budget_512 seed=2
3892 stability imagenet vgg13 ILSVRC2012_val_00017759 kernel_shap_budget_512 seed=3
3893 stability imagenet vgg13 ILSVRC2012_val_00017759 kernel_shap_budget_512 seed=4
3894 stability imagenet vgg13 ILSVRC2012_val_00017759 kernel_shap_budget_1024 seed=0
3895 stability imagenet vgg13 ILSVRC2012_val_00017759 kernel_shap_budget_1024 seed=1
3896 stability imagenet vgg13 ILSVRC2012_val_00017759 kernel_shap_budget_1024 seed=2
3897 stability imagenet vgg13 ILSVRC2012_val_00017759 kernel_shap_budget_1024 seed=3
3898 stability imagenet vgg13 ILSVRC2012_val_00017759 kernel_shap_budget_1024 seed=4
3899 stability imagenet vgg13 ILSVRC2012_val_00017759 kernel_shap_budget_2048 seed=0
3900 stability imagenet vgg13 ILSVRC2012_val_00017759 kernel_shap_budget_2048 seed=1
3901 stability imagenet vgg13 ILSVRC2012_val_00017759 kernel_shap_budget_2048 seed=2
3902 stability imagenet vgg13 ILSVRC2012_val_00017759 kernel_shap_budget_2048 seed=3
3903 stability imagenet vgg13 ILSVRC2012_val_00017759 kernel_shap_budget_2048 seed=4
3904 stability imagenet vgg13 ILSVRC2012_val_00017759 ablation_default seed=None
3905 stability imagenet vgg13 ILSVRC2012_val_00023695 lime_budget_256 seed=0
3906 stability imagenet vgg13 ILSVRC2012_val_00023695 lime_budget_256 seed=1
3907 stability imagenet vgg13 ILSVRC2012_val_00023695 lime_budget_256 seed=2
3908 stability imagenet vgg13 ILSVRC2012_val_00023695 lime_budget_256 seed=3
3909 stability imagenet vgg13 ILSVRC2012_val_00023695 lime_budget_256 seed=4
3910 stability imagenet vgg13 ILSVRC2012_val_00023695 lime_budget_512 seed=0
3911 stability imagenet vgg13 ILSVRC2012_val_00023695 lime_budget_512 seed=1
3912 stability imagenet vgg13 ILSVRC2012_val_00023695 lime_budget_512 seed=2
3913 stability imagenet vgg13 ILSVRC2012_val_00023695 lime_budget_512 seed=3
3914 stability imagenet vgg13 ILSVRC2012_val_00023695 lime_budget_512 seed=4
3915 stability imagenet vgg13 ILSVRC2012_val_00023695 lime_budget_1024 seed=0
3916 stability imagenet vgg13 ILSVRC2012_val_00023695 lime_budget_1024 seed=1
3917 stability imagenet vgg13 ILSVRC2012_val_00023695 lime_budget_1024 seed=2
3918 stability imagenet vgg13 ILSVRC2012_val_00023695 lime_budget_1024 seed=3
3919 stability imagenet vgg13 ILSVRC2012_val_00023695 lime_budget_1024 seed=4
3920 stability imagenet vgg13 ILSVRC2012_val_00023695 lime_budget_2048 seed=0
3921 stability imagenet vgg13 ILSVRC2012_val_00023695 lime_budget_2048 seed=1
3922 stability imagenet vgg13 ILSVRC2012_val_00023695 lime_budget_2048 seed=2
3923 stability imagenet vgg13 ILSVRC2012_val_00023695 lime_budget_2048 seed=3
3924 stability imagenet vgg13 ILSVRC2012_val_00023695 lime_budget_2048 seed=4
3925 stability imagenet vgg13 ILSVRC2012_val_00023695 rise_budget_256 seed=0
3926 stability imagenet vgg13 ILSVRC2012_val_00023695 rise_budget_256 seed=1
3927 stability imagenet vgg13 ILSVRC2012_val_00023695 rise_budget_256 seed=2
3928 stability imagenet vgg13 ILSVRC2012_val_00023695 rise_budget_256 seed=3
3929 stability imagenet vgg13 ILSVRC2012_val_00023695 rise_budget_256 seed=4
3930 stability imagenet vgg13 ILSVRC2012_val_00023695 rise_budget_512 seed=0
3931 stability imagenet vgg13 ILSVRC2012_val_00023695 rise_budget_512 seed=1
3932 stability imagenet vgg13 ILSVRC2012_val_00023695 rise_budget_512 seed=2
3933 stability imagenet vgg13 ILSVRC2012_val_00023695 rise_budget_512 seed=3
3934 stability imagenet vgg13 ILSVRC2012_val_00023695 rise_budget_512 seed=4
3935 stability imagenet vgg13 ILSVRC2012_val_00023695 rise_budget_1024 seed=0
3936 stability imagenet vgg13 ILSVRC2012_val_00023695 rise_budget_1024 seed=1
3937 stability imagenet vgg13 ILSVRC2012_val_00023695 rise_budget_1024 seed=2
3938 stability imagenet vgg13 ILSVRC2012_val_00023695 rise_budget_1024 seed=3
3939 stability imagenet vgg13 ILSVRC2012_val_00023695 rise_budget_1024 seed=4
3940 stability imagenet vgg13 ILSVRC2012_val_00023695 rise_budget_2048 seed=0
3941 stability imagenet vgg13 ILSVRC2012_val_00023695 rise_budget_2048 seed=1
3942 stability imagenet vgg13 ILSVRC2012_val_00023695 rise_budget_2048 seed=2
3943 stability imagenet vgg13 ILSVRC2012_val_00023695 rise_budget_2048 seed=3
3944 stability imagenet vgg13 ILSVRC2012_val_00023695 rise_budget_2048 seed=4
3945 stability imagenet vgg13 ILSVRC2012_val_00023695 kernel_shap_budget_256 seed=0
3946 stability imagenet vgg13 ILSVRC2012_val_00023695 kernel_shap_budget_256 seed=1
3947 stability imagenet vgg13 ILSVRC2012_val_00023695 kernel_shap_budget_256 seed=2
3948 stability imagenet vgg13 ILSVRC2012_val_00023695 kernel_shap_budget_256 seed=3
3949 stability imagenet vgg13 ILSVRC2012_val_00023695 kernel_shap_budget_256 seed=4
3950 stability imagenet vgg13 ILSVRC2012_val_00023695 kernel_shap_budget_512 seed=0
3951 stability imagenet vgg13 ILSVRC2012_val_00023695 kernel_shap_budget_512 seed=1
3952 stability imagenet vgg13 ILSVRC2012_val_00023695 kernel_shap_budget_512 seed=2
3953 stability imagenet vgg13 ILSVRC2012_val_00023695 kernel_shap_budget_512 seed=3
3954 stability imagenet vgg13 ILSVRC2012_val_00023695 kernel_shap_budget_512 seed=4
3955 stability imagenet vgg13 ILSVRC2012_val_00023695 kernel_shap_budget_1024 seed=0
3956 stability imagenet vgg13 ILSVRC2012_val_00023695 kernel_shap_budget_1024 seed=1
3957 stability imagenet vgg13 ILSVRC2012_val_00023695 kernel_shap_budget_1024 seed=2
3958 stability imagenet vgg13 ILSVRC2012_val_00023695 kernel_shap_budget_1024 seed=3
3959 stability imagenet vgg13 ILSVRC2012_val_00023695 kernel_shap_budget_1024 seed=4
3960 stability imagenet vgg13 ILSVRC2012_val_00023695 kernel_shap_budget_2048 seed=0
3961 stability imagenet vgg13 ILSVRC2012_val_00023695 kernel_shap_budget_2048 seed=1
3962 stability imagenet vgg13 ILSVRC2012_val_00023695 kernel_shap_budget_2048 seed=2
3963 stability imagenet vgg13 ILSVRC2012_val_00023695 kernel_shap_budget_2048 seed=3
3964 stability imagenet vgg13 ILSVRC2012_val_00023695 kernel_shap_budget_2048 seed=4
3965 stability imagenet vgg13 ILSVRC2012_val_00023695 ablation_default seed=None
3966 stability imagenet vgg13 ILSVRC2012_val_00025180 lime_budget_256 seed=0
3967 stability imagenet vgg13 ILSVRC2012_val_00025180 lime_budget_256 seed=1
3968 stability imagenet vgg13 ILSVRC2012_val_00025180 lime_budget_256 seed=2
3969 stability imagenet vgg13 ILSVRC2012_val_00025180 lime_budget_256 seed=3
3970 stability imagenet vgg13 ILSVRC2012_val_00025180 lime_budget_256 seed=4
3971 stability imagenet vgg13 ILSVRC2012_val_00025180 lime_budget_512 seed=0
3972 stability imagenet vgg13 ILSVRC2012_val_00025180 lime_budget_512 seed=1
3973 stability imagenet vgg13 ILSVRC2012_val_00025180 lime_budget_512 seed=2
3974 stability imagenet vgg13 ILSVRC2012_val_00025180 lime_budget_512 seed=3
3975 stability imagenet vgg13 ILSVRC2012_val_00025180 lime_budget_512 seed=4
3976 stability imagenet vgg13 ILSVRC2012_val_00025180 lime_budget_1024 seed=0
3977 stability imagenet vgg13 ILSVRC2012_val_00025180 lime_budget_1024 seed=1
3978 stability imagenet vgg13 ILSVRC2012_val_00025180 lime_budget_1024 seed=2
3979 stability imagenet vgg13 ILSVRC2012_val_00025180 lime_budget_1024 seed=3
3980 stability imagenet vgg13 ILSVRC2012_val_00025180 lime_budget_1024 seed=4
3981 stability imagenet vgg13 ILSVRC2012_val_00025180 lime_budget_2048 seed=0
3982 stability imagenet vgg13 ILSVRC2012_val_00025180 lime_budget_2048 seed=1
3983 stability imagenet vgg13 ILSVRC2012_val_00025180 lime_budget_2048 seed=2
3984 stability imagenet vgg13 ILSVRC2012_val_00025180 lime_budget_2048 seed=3
3985 stability imagenet vgg13 ILSVRC2012_val_00025180 lime_budget_2048 seed=4
3986 stability imagenet vgg13 ILSVRC2012_val_00025180 rise_budget_256 seed=0
3987 stability imagenet vgg13 ILSVRC2012_val_00025180 rise_budget_256 seed=1
3988 stability imagenet vgg13 ILSVRC2012_val_00025180 rise_budget_256 seed=2
3989 stability imagenet vgg13 ILSVRC2012_val_00025180 rise_budget_256 seed=3
3990 stability imagenet vgg13 ILSVRC2012_val_00025180 rise_budget_256 seed=4
3991 stability imagenet vgg13 ILSVRC2012_val_00025180 rise_budget_512 seed=0
3992 stability imagenet vgg13 ILSVRC2012_val_00025180 rise_budget_512 seed=1
3993 stability imagenet vgg13 ILSVRC2012_val_00025180 rise_budget_512 seed=2
3994 stability imagenet vgg13 ILSVRC2012_val_00025180 rise_budget_512 seed=3
3995 stability imagenet vgg13 ILSVRC2012_val_00025180 rise_budget_512 seed=4
3996 stability imagenet vgg13 ILSVRC2012_val_00025180 rise_budget_1024 seed=0
3997 stability imagenet vgg13 ILSVRC2012_val_00025180 rise_budget_1024 seed=1
3998 stability imagenet vgg13 ILSVRC2012_val_00025180 rise_budget_1024 seed=2
3999 stability imagenet vgg13 ILSVRC2012_val_00025180 rise_budget_1024 seed=3
4000 stability imagenet vgg13 ILSVRC2012_val_00025180 rise_budget_1024 seed=4
4001 stability imagenet vgg13 ILSVRC2012_val_00025180 rise_budget_2048 seed=0
4002 stability imagenet vgg13 ILSVRC2012_val_00025180 rise_budget_2048 seed=1
4003 stability imagenet vgg13 ILSVRC2012_val_00025180 rise_budget_2048 seed=2
4004 stability imagenet vgg13 ILSVRC2012_val_00025180 rise_budget_2048 seed=3
4005 stability imagenet vgg13 ILSVRC2012_val_00025180 rise_budget_2048 seed=4
4006 stability imagenet vgg13 ILSVRC2012_val_00025180 kernel_shap_budget_256 seed=0
4007 stability imagenet vgg13 ILSVRC2012_val_00025180 kernel_shap_budget_256 seed=1
4008 stability imagenet vgg13 ILSVRC2012_val_00025180 kernel_shap_budget_256 seed=2
4009 stability imagenet vgg13 ILSVRC2012_val_00025180 kernel_shap_budget_256 seed=3
4010 stability imagenet vgg13 ILSVRC2012_val_00025180 kernel_shap_budget_256 seed=4
4011 stability imagenet vgg13 ILSVRC2012_val_00025180 kernel_shap_budget_512 seed=0
4012 stability imagenet vgg13 ILSVRC2012_val_00025180 kernel_shap_budget_512 seed=1
4013 stability imagenet vgg13 ILSVRC2012_val_00025180 kernel_shap_budget_512 seed=2
4014 stability imagenet vgg13 ILSVRC2012_val_00025180 kernel_shap_budget_512 seed=3
4015 stability imagenet vgg13 ILSVRC2012_val_00025180 kernel_shap_budget_512 seed=4
4016 stability imagenet vgg13 ILSVRC2012_val_00025180 kernel_shap_budget_1024 seed=0
4017 stability imagenet vgg13 ILSVRC2012_val_00025180 kernel_shap_budget_1024 seed=1
4018 stability imagenet vgg13 ILSVRC2012_val_00025180 kernel_shap_budget_1024 seed=2
4019 stability imagenet vgg13 ILSVRC2012_val_00025180 kernel_shap_budget_1024 seed=3
4020 stability imagenet vgg13 ILSVRC2012_val_00025180 kernel_shap_budget_1024 seed=4
4021 stability imagenet vgg13 ILSVRC2012_val_00025180 kernel_shap_budget_2048 seed=0
4022 stability imagenet vgg13 ILSVRC2012_val_00025180 kernel_shap_budget_2048 seed=1
4023 stability imagenet vgg13 ILSVRC2012_val_00025180 kernel_shap_budget_2048 seed=2
4024 stability imagenet vgg13 ILSVRC2012_val_00025180 kernel_shap_budget_2048 seed=3
4025 stability imagenet vgg13 ILSVRC2012_val_00025180 kernel_shap_budget_2048 seed=4
4026 stability imagenet vgg13 ILSVRC2012_val_00025180 ablation_default seed=None
4027 stability imagenet vgg13 ILSVRC2012_val_00026967 lime_budget_256 seed=0
4028 stability imagenet vgg13 ILSVRC2012_val_00026967 lime_budget_256 seed=1
4029 stability imagenet vgg13 ILSVRC2012_val_00026967 lime_budget_256 seed=2
4030 stability imagenet vgg13 ILSVRC2012_val_00026967 lime_budget_256 seed=3
4031 stability imagenet vgg13 ILSVRC2012_val_00026967 lime_budget_256 seed=4
4032 stability imagenet vgg13 ILSVRC2012_val_00026967 lime_budget_512 seed=0
4033 stability imagenet vgg13 ILSVRC2012_val_00026967 lime_budget_512 seed=1
4034 stability imagenet vgg13 ILSVRC2012_val_00026967 lime_budget_512 seed=2
4035 stability imagenet vgg13 ILSVRC2012_val_00026967 lime_budget_512 seed=3
4036 stability imagenet vgg13 ILSVRC2012_val_00026967 lime_budget_512 seed=4
4037 stability imagenet vgg13 ILSVRC2012_val_00026967 lime_budget_1024 seed=0
4038 stability imagenet vgg13 ILSVRC2012_val_00026967 lime_budget_1024 seed=1
4039 stability imagenet vgg13 ILSVRC2012_val_00026967 lime_budget_1024 seed=2
4040 stability imagenet vgg13 ILSVRC2012_val_00026967 lime_budget_1024 seed=3
4041 stability imagenet vgg13 ILSVRC2012_val_00026967 lime_budget_1024 seed=4
4042 stability imagenet vgg13 ILSVRC2012_val_00026967 lime_budget_2048 seed=0
4043 stability imagenet vgg13 ILSVRC2012_val_00026967 lime_budget_2048 seed=1
4044 stability imagenet vgg13 ILSVRC2012_val_00026967 lime_budget_2048 seed=2
4045 stability imagenet vgg13 ILSVRC2012_val_00026967 lime_budget_2048 seed=3
4046 stability imagenet vgg13 ILSVRC2012_val_00026967 lime_budget_2048 seed=4
4047 stability imagenet vgg13 ILSVRC2012_val_00026967 rise_budget_256 seed=0
4048 stability imagenet vgg13 ILSVRC2012_val_00026967 rise_budget_256 seed=1
4049 stability imagenet vgg13 ILSVRC2012_val_00026967 rise_budget_256 seed=2
4050 stability imagenet vgg13 ILSVRC2012_val_00026967 rise_budget_256 seed=3
4051 stability imagenet vgg13 ILSVRC2012_val_00026967 rise_budget_256 seed=4
4052 stability imagenet vgg13 ILSVRC2012_val_00026967 rise_budget_512 seed=0
4053 stability imagenet vgg13 ILSVRC2012_val_00026967 rise_budget_512 seed=1
4054 stability imagenet vgg13 ILSVRC2012_val_00026967 rise_budget_512 seed=2
4055 stability imagenet vgg13 ILSVRC2012_val_00026967 rise_budget_512 seed=3
4056 stability imagenet vgg13 ILSVRC2012_val_00026967 rise_budget_512 seed=4
4057 stability imagenet vgg13 ILSVRC2012_val_00026967 rise_budget_1024 seed=0
4058 stability imagenet vgg13 ILSVRC2012_val_00026967 rise_budget_1024 seed=1
4059 stability imagenet vgg13 ILSVRC2012_val_00026967 rise_budget_1024 seed=2
4060 stability imagenet vgg13 ILSVRC2012_val_00026967 rise_budget_1024 seed=3
4061 stability imagenet vgg13 ILSVRC2012_val_00026967 rise_budget_1024 seed=4
4062 stability imagenet vgg13 ILSVRC2012_val_00026967 rise_budget_2048 seed=0
4063 stability imagenet vgg13 ILSVRC2012_val_00026967 rise_budget_2048 seed=1
4064 stability imagenet vgg13 ILSVRC2012_val_00026967 rise_budget_2048 seed=2
4065 stability imagenet vgg13 ILSVRC2012_val_00026967 rise_budget_2048 seed=3
4066 stability imagenet vgg13 ILSVRC2012_val_00026967 rise_budget_2048 seed=4
4067 stability imagenet vgg13 ILSVRC2012_val_00026967 kernel_shap_budget_256 seed=0
4068 stability imagenet vgg13 ILSVRC2012_val_00026967 kernel_shap_budget_256 seed=1
4069 stability imagenet vgg13 ILSVRC2012_val_00026967 kernel_shap_budget_256 seed=2
4070 stability imagenet vgg13 ILSVRC2012_val_00026967 kernel_shap_budget_256 seed=3
4071 stability imagenet vgg13 ILSVRC2012_val_00026967 kernel_shap_budget_256 seed=4
4072 stability imagenet vgg13 ILSVRC2012_val_00026967 kernel_shap_budget_512 seed=0
4073 stability imagenet vgg13 ILSVRC2012_val_00026967 kernel_shap_budget_512 seed=1
4074 stability imagenet vgg13 ILSVRC2012_val_00026967 kernel_shap_budget_512 seed=2
4075 stability imagenet vgg13 ILSVRC2012_val_00026967 kernel_shap_budget_512 seed=3
4076 stability imagenet vgg13 ILSVRC2012_val_00026967 kernel_shap_budget_512 seed=4
4077 stability imagenet vgg13 ILSVRC2012_val_00026967 kernel_shap_budget_1024 seed=0
4078 stability imagenet vgg13 ILSVRC2012_val_00026967 kernel_shap_budget_1024 seed=1
4079 stability imagenet vgg13 ILSVRC2012_val_00026967 kernel_shap_budget_1024 seed=2
4080 stability imagenet vgg13 ILSVRC2012_val_00026967 kernel_shap_budget_1024 seed=3
4081 stability imagenet vgg13 ILSVRC2012_val_00026967 kernel_shap_budget_1024 seed=4
4082 stability imagenet vgg13 ILSVRC2012_val_00026967 kernel_shap_budget_2048 seed=0
4083 stability imagenet vgg13 ILSVRC2012_val_00026967 kernel_shap_budget_2048 seed=1
4084 stability imagenet vgg13 ILSVRC2012_val_00026967 kernel_shap_budget_2048 seed=2
4085 stability imagenet vgg13 ILSVRC2012_val_00026967 kernel_shap_budget_2048 seed=3
4086 stability imagenet vgg13 ILSVRC2012_val_00026967 kernel_shap_budget_2048 seed=4
4087 stability imagenet vgg13 ILSVRC2012_val_00026967 ablation_default seed=None
4088 stability imagenet vgg13 ILSVRC2012_val_00029916 lime_budget_256 seed=0
4089 stability imagenet vgg13 ILSVRC2012_val_00029916 lime_budget_256 seed=1
4090 stability imagenet vgg13 ILSVRC2012_val_00029916 lime_budget_256 seed=2
4091 stability imagenet vgg13 ILSVRC2012_val_00029916 lime_budget_256 seed=3
4092 stability imagenet vgg13 ILSVRC2012_val_00029916 lime_budget_256 seed=4
4093 stability imagenet vgg13 ILSVRC2012_val_00029916 lime_budget_512 seed=0
4094 stability imagenet vgg13 ILSVRC2012_val_00029916 lime_budget_512 seed=1
4095 stability imagenet vgg13 ILSVRC2012_val_00029916 lime_budget_512 seed=2
4096 stability imagenet vgg13 ILSVRC2012_val_00029916 lime_budget_512 seed=3
4097 stability imagenet vgg13 ILSVRC2012_val_00029916 lime_budget_512 seed=4
4098 stability imagenet vgg13 ILSVRC2012_val_00029916 lime_budget_1024 seed=0
4099 stability imagenet vgg13 ILSVRC2012_val_00029916 lime_budget_1024 seed=1
4100 stability imagenet vgg13 ILSVRC2012_val_00029916 lime_budget_1024 seed=2
4101 stability imagenet vgg13 ILSVRC2012_val_00029916 lime_budget_1024 seed=3
4102 stability imagenet vgg13 ILSVRC2012_val_00029916 lime_budget_1024 seed=4
4103 stability imagenet vgg13 ILSVRC2012_val_00029916 lime_budget_2048 seed=0
4104 stability imagenet vgg13 ILSVRC2012_val_00029916 lime_budget_2048 seed=1
4105 stability imagenet vgg13 ILSVRC2012_val_00029916 lime_budget_2048 seed=2
4106 stability imagenet vgg13 ILSVRC2012_val_00029916 lime_budget_2048 seed=3
4107 stability imagenet vgg13 ILSVRC2012_val_00029916 lime_budget_2048 seed=4
4108 stability imagenet vgg13 ILSVRC2012_val_00029916 rise_budget_256 seed=0
4109 stability imagenet vgg13 ILSVRC2012_val_00029916 rise_budget_256 seed=1
4110 stability imagenet vgg13 ILSVRC2012_val_00029916 rise_budget_256 seed=2
4111 stability imagenet vgg13 ILSVRC2012_val_00029916 rise_budget_256 seed=3
4112 stability imagenet vgg13 ILSVRC2012_val_00029916 rise_budget_256 seed=4
4113 stability imagenet vgg13 ILSVRC2012_val_00029916 rise_budget_512 seed=0
4114 stability imagenet vgg13 ILSVRC2012_val_00029916 rise_budget_512 seed=1
4115 stability imagenet vgg13 ILSVRC2012_val_00029916 rise_budget_512 seed=2
4116 stability imagenet vgg13 ILSVRC2012_val_00029916 rise_budget_512 seed=3
4117 stability imagenet vgg13 ILSVRC2012_val_00029916 rise_budget_512 seed=4
4118 stability imagenet vgg13 ILSVRC2012_val_00029916 rise_budget_1024 seed=0
4119 stability imagenet vgg13 ILSVRC2012_val_00029916 rise_budget_1024 seed=1
4120 stability imagenet vgg13 ILSVRC2012_val_00029916 rise_budget_1024 seed=2
4121 stability imagenet vgg13 ILSVRC2012_val_00029916 rise_budget_1024 seed=3
4122 stability imagenet vgg13 ILSVRC2012_val_00029916 rise_budget_1024 seed=4
4123 stability imagenet vgg13 ILSVRC2012_val_00029916 rise_budget_2048 seed=0
4124 stability imagenet vgg13 ILSVRC2012_val_00029916 rise_budget_2048 seed=1
4125 stability imagenet vgg13 ILSVRC2012_val_00029916 rise_budget_2048 seed=2
4126 stability imagenet vgg13 ILSVRC2012_val_00029916 rise_budget_2048 seed=3
4127 stability imagenet vgg13 ILSVRC2012_val_00029916 rise_budget_2048 seed=4
4128 stability imagenet vgg13 ILSVRC2012_val_00029916 kernel_shap_budget_256 seed=0
4129 stability imagenet vgg13 ILSVRC2012_val_00029916 kernel_shap_budget_256 seed=1
4130 stability imagenet vgg13 ILSVRC2012_val_00029916 kernel_shap_budget_256 seed=2
4131 stability imagenet vgg13 ILSVRC2012_val_00029916 kernel_shap_budget_256 seed=3
4132 stability imagenet vgg13 ILSVRC2012_val_00029916 kernel_shap_budget_256 seed=4
4133 stability imagenet vgg13 ILSVRC2012_val_00029916 kernel_shap_budget_512 seed=0
4134 stability imagenet vgg13 ILSVRC2012_val_00029916 kernel_shap_budget_512 seed=1
4135 stability imagenet vgg13 ILSVRC2012_val_00029916 kernel_shap_budget_512 seed=2
4136 stability imagenet vgg13 ILSVRC2012_val_00029916 kernel_shap_budget_512 seed=3
4137 stability imagenet vgg13 ILSVRC2012_val_00029916 kernel_shap_budget_512 seed=4
4138 stability imagenet vgg13 ILSVRC2012_val_00029916 kernel_shap_budget_1024 seed=0
4139 stability imagenet vgg13 ILSVRC2012_val_00029916 kernel_shap_budget_1024 seed=1
4140 stability imagenet vgg13 ILSVRC2012_val_00029916 kernel_shap_budget_1024 seed=2
4141 stability imagenet vgg13 ILSVRC2012_val_00029916 kernel_shap_budget_1024 seed=3
4142 stability imagenet vgg13 ILSVRC2012_val_00029916 kernel_shap_budget_1024 seed=4
4143 stability imagenet vgg13 ILSVRC2012_val_00029916 kernel_shap_budget_2048 seed=0
4144 stability imagenet vgg13 ILSVRC2012_val_00029916 kernel_shap_budget_2048 seed=1
4145 stability imagenet vgg13 ILSVRC2012_val_00029916 kernel_shap_budget_2048 seed=2
4146 stability imagenet vgg13 ILSVRC2012_val_00029916 kernel_shap_budget_2048 seed=3
4147 stability imagenet vgg13 ILSVRC2012_val_00029916 kernel_shap_budget_2048 seed=4
4148 stability imagenet vgg13 ILSVRC2012_val_00029916 ablation_default seed=None
4149 stability imagenet vgg13 ILSVRC2012_val_00030571 lime_budget_256 seed=0
4150 stability imagenet vgg13 ILSVRC2012_val_00030571 lime_budget_256 seed=1
4151 stability imagenet vgg13 ILSVRC2012_val_00030571 lime_budget_256 seed=2
4152 stability imagenet vgg13 ILSVRC2012_val_00030571 lime_budget_256 seed=3
4153 stability imagenet vgg13 ILSVRC2012_val_00030571 lime_budget_256 seed=4
4154 stability imagenet vgg13 ILSVRC2012_val_00030571 lime_budget_512 seed=0
4155 stability imagenet vgg13 ILSVRC2012_val_00030571 lime_budget_512 seed=1
4156 stability imagenet vgg13 ILSVRC2012_val_00030571 lime_budget_512 seed=2
4157 stability imagenet vgg13 ILSVRC2012_val_00030571 lime_budget_512 seed=3
4158 stability imagenet vgg13 ILSVRC2012_val_00030571 lime_budget_512 seed=4
4159 stability imagenet vgg13 ILSVRC2012_val_00030571 lime_budget_1024 seed=0
4160 stability imagenet vgg13 ILSVRC2012_val_00030571 lime_budget_1024 seed=1
4161 stability imagenet vgg13 ILSVRC2012_val_00030571 lime_budget_1024 seed=2
4162 stability imagenet vgg13 ILSVRC2012_val_00030571 lime_budget_1024 seed=3
4163 stability imagenet vgg13 ILSVRC2012_val_00030571 lime_budget_1024 seed=4
4164 stability imagenet vgg13 ILSVRC2012_val_00030571 lime_budget_2048 seed=0
4165 stability imagenet vgg13 ILSVRC2012_val_00030571 lime_budget_2048 seed=1
4166 stability imagenet vgg13 ILSVRC2012_val_00030571 lime_budget_2048 seed=2
4167 stability imagenet vgg13 ILSVRC2012_val_00030571 lime_budget_2048 seed=3
4168 stability imagenet vgg13 ILSVRC2012_val_00030571 lime_budget_2048 seed=4
4169 stability imagenet vgg13 ILSVRC2012_val_00030571 rise_budget_256 seed=0
4170 stability imagenet vgg13 ILSVRC2012_val_00030571 rise_budget_256 seed=1
4171 stability imagenet vgg13 ILSVRC2012_val_00030571 rise_budget_256 seed=2
4172 stability imagenet vgg13 ILSVRC2012_val_00030571 rise_budget_256 seed=3
4173 stability imagenet vgg13 ILSVRC2012_val_00030571 rise_budget_256 seed=4
4174 stability imagenet vgg13 ILSVRC2012_val_00030571 rise_budget_512 seed=0
4175 stability imagenet vgg13 ILSVRC2012_val_00030571 rise_budget_512 seed=1
4176 stability imagenet vgg13 ILSVRC2012_val_00030571 rise_budget_512 seed=2
4177 stability imagenet vgg13 ILSVRC2012_val_00030571 rise_budget_512 seed=3
4178 stability imagenet vgg13 ILSVRC2012_val_00030571 rise_budget_512 seed=4
4179 stability imagenet vgg13 ILSVRC2012_val_00030571 rise_budget_1024 seed=0
4180 stability imagenet vgg13 ILSVRC2012_val_00030571 rise_budget_1024 seed=1
4181 stability imagenet vgg13 ILSVRC2012_val_00030571 rise_budget_1024 seed=2
4182 stability imagenet vgg13 ILSVRC2012_val_00030571 rise_budget_1024 seed=3
4183 stability imagenet vgg13 ILSVRC2012_val_00030571 rise_budget_1024 seed=4
4184 stability imagenet vgg13 ILSVRC2012_val_00030571 rise_budget_2048 seed=0
4185 stability imagenet vgg13 ILSVRC2012_val_00030571 rise_budget_2048 seed=1
4186 stability imagenet vgg13 ILSVRC2012_val_00030571 rise_budget_2048 seed=2
4187 stability imagenet vgg13 ILSVRC2012_val_00030571 rise_budget_2048 seed=3
4188 stability imagenet vgg13 ILSVRC2012_val_00030571 rise_budget_2048 seed=4
4189 stability imagenet vgg13 ILSVRC2012_val_00030571 kernel_shap_budget_256 seed=0
4190 stability imagenet vgg13 ILSVRC2012_val_00030571 kernel_shap_budget_256 seed=1
4191 stability imagenet vgg13 ILSVRC2012_val_00030571 kernel_shap_budget_256 seed=2
4192 stability imagenet vgg13 ILSVRC2012_val_00030571 kernel_shap_budget_256 seed=3
4193 stability imagenet vgg13 ILSVRC2012_val_00030571 kernel_shap_budget_256 seed=4
4194 stability imagenet vgg13 ILSVRC2012_val_00030571 kernel_shap_budget_512 seed=0
4195 stability imagenet vgg13 ILSVRC2012_val_00030571 kernel_shap_budget_512 seed=1
4196 stability imagenet vgg13 ILSVRC2012_val_00030571 kernel_shap_budget_512 seed=2
4197 stability imagenet vgg13 ILSVRC2012_val_00030571 kernel_shap_budget_512 seed=3
4198 stability imagenet vgg13 ILSVRC2012_val_00030571 kernel_shap_budget_512 seed=4
4199 stability imagenet vgg13 ILSVRC2012_val_00030571 kernel_shap_budget_1024 seed=0
4200 stability imagenet vgg13 ILSVRC2012_val_00030571 kernel_shap_budget_1024 seed=1
4201 stability imagenet vgg13 ILSVRC2012_val_00030571 kernel_shap_budget_1024 seed=2
4202 stability imagenet vgg13 ILSVRC2012_val_00030571 kernel_shap_budget_1024 seed=3
4203 stability imagenet vgg13 ILSVRC2012_val_00030571 kernel_shap_budget_1024 seed=4
4204 stability imagenet vgg13 ILSVRC2012_val_00030571 kernel_shap_budget_2048 seed=0
4205 stability imagenet vgg13 ILSVRC2012_val_00030571 kernel_shap_budget_2048 seed=1
4206 stability imagenet vgg13 ILSVRC2012_val_00030571 kernel_shap_budget_2048 seed=2
4207 stability imagenet vgg13 ILSVRC2012_val_00030571 kernel_shap_budget_2048 seed=3
4208 stability imagenet vgg13 ILSVRC2012_val_00030571 kernel_shap_budget_2048 seed=4
4209 stability imagenet vgg13 ILSVRC2012_val_00030571 ablation_default seed=None
4210 stability imagenet vgg13 ILSVRC2012_val_00031395 lime_budget_256 seed=0
4211 stability imagenet vgg13 ILSVRC2012_val_00031395 lime_budget_256 seed=1
4212 stability imagenet vgg13 ILSVRC2012_val_00031395 lime_budget_256 seed=2
4213 stability imagenet vgg13 ILSVRC2012_val_00031395 lime_budget_256 seed=3
4214 stability imagenet vgg13 ILSVRC2012_val_00031395 lime_budget_256 seed=4
4215 stability imagenet vgg13 ILSVRC2012_val_00031395 lime_budget_512 seed=0
4216 stability imagenet vgg13 ILSVRC2012_val_00031395 lime_budget_512 seed=1
4217 stability imagenet vgg13 ILSVRC2012_val_00031395 lime_budget_512 seed=2
4218 stability imagenet vgg13 ILSVRC2012_val_00031395 lime_budget_512 seed=3
4219 stability imagenet vgg13 ILSVRC2012_val_00031395 lime_budget_512 seed=4
4220 stability imagenet vgg13 ILSVRC2012_val_00031395 lime_budget_1024 seed=0
4221 stability imagenet vgg13 ILSVRC2012_val_00031395 lime_budget_1024 seed=1
4222 stability imagenet vgg13 ILSVRC2012_val_00031395 lime_budget_1024 seed=2
4223 stability imagenet vgg13 ILSVRC2012_val_00031395 lime_budget_1024 seed=3
4224 stability imagenet vgg13 ILSVRC2012_val_00031395 lime_budget_1024 seed=4
4225 stability imagenet vgg13 ILSVRC2012_val_00031395 lime_budget_2048 seed=0
4226 stability imagenet vgg13 ILSVRC2012_val_00031395 lime_budget_2048 seed=1
4227 stability imagenet vgg13 ILSVRC2012_val_00031395 lime_budget_2048 seed=2
4228 stability imagenet vgg13 ILSVRC2012_val_00031395 lime_budget_2048 seed=3
4229 stability imagenet vgg13 ILSVRC2012_val_00031395 lime_budget_2048 seed=4
4230 stability imagenet vgg13 ILSVRC2012_val_00031395 rise_budget_256 seed=0
4231 stability imagenet vgg13 ILSVRC2012_val_00031395 rise_budget_256 seed=1
4232 stability imagenet vgg13 ILSVRC2012_val_00031395 rise_budget_256 seed=2
4233 stability imagenet vgg13 ILSVRC2012_val_00031395 rise_budget_256 seed=3
4234 stability imagenet vgg13 ILSVRC2012_val_00031395 rise_budget_256 seed=4
4235 stability imagenet vgg13 ILSVRC2012_val_00031395 rise_budget_512 seed=0
4236 stability imagenet vgg13 ILSVRC2012_val_00031395 rise_budget_512 seed=1
4237 stability imagenet vgg13 ILSVRC2012_val_00031395 rise_budget_512 seed=2
4238 stability imagenet vgg13 ILSVRC2012_val_00031395 rise_budget_512 seed=3
4239 stability imagenet vgg13 ILSVRC2012_val_00031395 rise_budget_512 seed=4
4240 stability imagenet vgg13 ILSVRC2012_val_00031395 rise_budget_1024 seed=0
4241 stability imagenet vgg13 ILSVRC2012_val_00031395 rise_budget_1024 seed=1
4242 stability imagenet vgg13 ILSVRC2012_val_00031395 rise_budget_1024 seed=2
4243 stability imagenet vgg13 ILSVRC2012_val_00031395 rise_budget_1024 seed=3
4244 stability imagenet vgg13 ILSVRC2012_val_00031395 rise_budget_1024 seed=4
4245 stability imagenet vgg13 ILSVRC2012_val_00031395 rise_budget_2048 seed=0
4246 stability imagenet vgg13 ILSVRC2012_val_00031395 rise_budget_2048 seed=1
4247 stability imagenet vgg13 ILSVRC2012_val_00031395 rise_budget_2048 seed=2
4248 stability imagenet vgg13 ILSVRC2012_val_00031395 rise_budget_2048 seed=3
4249 stability imagenet vgg13 ILSVRC2012_val_00031395 rise_budget_2048 seed=4
4250 stability imagenet vgg13 ILSVRC2012_val_00031395 kernel_shap_budget_256 seed=0
4251 stability imagenet vgg13 ILSVRC2012_val_00031395 kernel_shap_budget_256 seed=1
4252 stability imagenet vgg13 ILSVRC2012_val_00031395 kernel_shap_budget_256 seed=2
4253 stability imagenet vgg13 ILSVRC2012_val_00031395 kernel_shap_budget_256 seed=3
4254 stability imagenet vgg13 ILSVRC2012_val_00031395 kernel_shap_budget_256 seed=4
4255 stability imagenet vgg13 ILSVRC2012_val_00031395 kernel_shap_budget_512 seed=0
4256 stability imagenet vgg13 ILSVRC2012_val_00031395 kernel_shap_budget_512 seed=1
4257 stability imagenet vgg13 ILSVRC2012_val_00031395 kernel_shap_budget_512 seed=2
4258 stability imagenet vgg13 ILSVRC2012_val_00031395 kernel_shap_budget_512 seed=3
4259 stability imagenet vgg13 ILSVRC2012_val_00031395 kernel_shap_budget_512 seed=4
4260 stability imagenet vgg13 ILSVRC2012_val_00031395 kernel_shap_budget_1024 seed=0
4261 stability imagenet vgg13 ILSVRC2012_val_00031395 kernel_shap_budget_1024 seed=1
4262 stability imagenet vgg13 ILSVRC2012_val_00031395 kernel_shap_budget_1024 seed=2
4263 stability imagenet vgg13 ILSVRC2012_val_00031395 kernel_shap_budget_1024 seed=3
4264 stability imagenet vgg13 ILSVRC2012_val_00031395 kernel_shap_budget_1024 seed=4
4265 stability imagenet vgg13 ILSVRC2012_val_00031395 kernel_shap_budget_2048 seed=0
4266 stability imagenet vgg13 ILSVRC2012_val_00031395 kernel_shap_budget_2048 seed=1
4267 stability imagenet vgg13 ILSVRC2012_val_00031395 kernel_shap_budget_2048 seed=2
4268 stability imagenet vgg13 ILSVRC2012_val_00031395 kernel_shap_budget_2048 seed=3
4269 stability imagenet vgg13 ILSVRC2012_val_00031395 kernel_shap_budget_2048 seed=4
4270 stability imagenet vgg13 ILSVRC2012_val_00031395 ablation_default seed=None
4271 stability imagenet vgg13 ILSVRC2012_val_00033911 lime_budget_256 seed=0
4272 stability imagenet vgg13 ILSVRC2012_val_00033911 lime_budget_256 seed=1
4273 stability imagenet vgg13 ILSVRC2012_val_00033911 lime_budget_256 seed=2
4274 stability imagenet vgg13 ILSVRC2012_val_00033911 lime_budget_256 seed=3
4275 stability imagenet vgg13 ILSVRC2012_val_00033911 lime_budget_256 seed=4
4276 stability imagenet vgg13 ILSVRC2012_val_00033911 lime_budget_512 seed=0
4277 stability imagenet vgg13 ILSVRC2012_val_00033911 lime_budget_512 seed=1
4278 stability imagenet vgg13 ILSVRC2012_val_00033911 lime_budget_512 seed=2
4279 stability imagenet vgg13 ILSVRC2012_val_00033911 lime_budget_512 seed=3
4280 stability imagenet vgg13 ILSVRC2012_val_00033911 lime_budget_512 seed=4
4281 stability imagenet vgg13 ILSVRC2012_val_00033911 lime_budget_1024 seed=0
4282 stability imagenet vgg13 ILSVRC2012_val_00033911 lime_budget_1024 seed=1
4283 stability imagenet vgg13 ILSVRC2012_val_00033911 lime_budget_1024 seed=2
4284 stability imagenet vgg13 ILSVRC2012_val_00033911 lime_budget_1024 seed=3
4285 stability imagenet vgg13 ILSVRC2012_val_00033911 lime_budget_1024 seed=4
4286 stability imagenet vgg13 ILSVRC2012_val_00033911 lime_budget_2048 seed=0
4287 stability imagenet vgg13 ILSVRC2012_val_00033911 lime_budget_2048 seed=1
4288 stability imagenet vgg13 ILSVRC2012_val_00033911 lime_budget_2048 seed=2
4289 stability imagenet vgg13 ILSVRC2012_val_00033911 lime_budget_2048 seed=3
4290 stability imagenet vgg13 ILSVRC2012_val_00033911 lime_budget_2048 seed=4
4291 stability imagenet vgg13 ILSVRC2012_val_00033911 rise_budget_256 seed=0
4292 stability imagenet vgg13 ILSVRC2012_val_00033911 rise_budget_256 seed=1
4293 stability imagenet vgg13 ILSVRC2012_val_00033911 rise_budget_256 seed=2
4294 stability imagenet vgg13 ILSVRC2012_val_00033911 rise_budget_256 seed=3
4295 stability imagenet vgg13 ILSVRC2012_val_00033911 rise_budget_256 seed=4
4296 stability imagenet vgg13 ILSVRC2012_val_00033911 rise_budget_512 seed=0
4297 stability imagenet vgg13 ILSVRC2012_val_00033911 rise_budget_512 seed=1
4298 stability imagenet vgg13 ILSVRC2012_val_00033911 rise_budget_512 seed=2
4299 stability imagenet vgg13 ILSVRC2012_val_00033911 rise_budget_512 seed=3
4300 stability imagenet vgg13 ILSVRC2012_val_00033911 rise_budget_512 seed=4
4301 stability imagenet vgg13 ILSVRC2012_val_00033911 rise_budget_1024 seed=0
4302 stability imagenet vgg13 ILSVRC2012_val_00033911 rise_budget_1024 seed=1
4303 stability imagenet vgg13 ILSVRC2012_val_00033911 rise_budget_1024 seed=2
4304 stability imagenet vgg13 ILSVRC2012_val_00033911 rise_budget_1024 seed=3
4305 stability imagenet vgg13 ILSVRC2012_val_00033911 rise_budget_1024 seed=4
4306 stability imagenet vgg13 ILSVRC2012_val_00033911 rise_budget_2048 seed=0
4307 stability imagenet vgg13 ILSVRC2012_val_00033911 rise_budget_2048 seed=1
4308 stability imagenet vgg13 ILSVRC2012_val_00033911 rise_budget_2048 seed=2
4309 stability imagenet vgg13 ILSVRC2012_val_00033911 rise_budget_2048 seed=3
4310 stability imagenet vgg13 ILSVRC2012_val_00033911 rise_budget_2048 seed=4
4311 stability imagenet vgg13 ILSVRC2012_val_00033911 kernel_shap_budget_256 seed=0
4312 stability imagenet vgg13 ILSVRC2012_val_00033911 kernel_shap_budget_256 seed=1
4313 stability imagenet vgg13 ILSVRC2012_val_00033911 kernel_shap_budget_256 seed=2
4314 stability imagenet vgg13 ILSVRC2012_val_00033911 kernel_shap_budget_256 seed=3
4315 stability imagenet vgg13 ILSVRC2012_val_00033911 kernel_shap_budget_256 seed=4
4316 stability imagenet vgg13 ILSVRC2012_val_00033911 kernel_shap_budget_512 seed=0
4317 stability imagenet vgg13 ILSVRC2012_val_00033911 kernel_shap_budget_512 seed=1
4318 stability imagenet vgg13 ILSVRC2012_val_00033911 kernel_shap_budget_512 seed=2
4319 stability imagenet vgg13 ILSVRC2012_val_00033911 kernel_shap_budget_512 seed=3
4320 stability imagenet vgg13 ILSVRC2012_val_00033911 kernel_shap_budget_512 seed=4
4321 stability imagenet vgg13 ILSVRC2012_val_00033911 kernel_shap_budget_1024 seed=0
4322 stability imagenet vgg13 ILSVRC2012_val_00033911 kernel_shap_budget_1024 seed=1
4323 stability imagenet vgg13 ILSVRC2012_val_00033911 kernel_shap_budget_1024 seed=2
4324 stability imagenet vgg13 ILSVRC2012_val_00033911 kernel_shap_budget_1024 seed=3
4325 stability imagenet vgg13 ILSVRC2012_val_00033911 kernel_shap_budget_1024 seed=4
4326 stability imagenet vgg13 ILSVRC2012_val_00033911 kernel_shap_budget_2048 seed=0
4327 stability imagenet vgg13 ILSVRC2012_val_00033911 kernel_shap_budget_2048 seed=1
4328 stability imagenet vgg13 ILSVRC2012_val_00033911 kernel_shap_budget_2048 seed=2
4329 stability imagenet vgg13 ILSVRC2012_val_00033911 kernel_shap_budget_2048 seed=3
4330 stability imagenet vgg13 ILSVRC2012_val_00033911 kernel_shap_budget_2048 seed=4
4331 stability imagenet vgg13 ILSVRC2012_val_00033911 ablation_default seed=None
4332 stability imagenet vgg13 ILSVRC2012_val_00038443 lime_budget_256 seed=0
4333 stability imagenet vgg13 ILSVRC2012_val_00038443 lime_budget_256 seed=1
4334 stability imagenet vgg13 ILSVRC2012_val_00038443 lime_budget_256 seed=2
4335 stability imagenet vgg13 ILSVRC2012_val_00038443 lime_budget_256 seed=3
4336 stability imagenet vgg13 ILSVRC2012_val_00038443 lime_budget_256 seed=4
4337 stability imagenet vgg13 ILSVRC2012_val_00038443 lime_budget_512 seed=0
4338 stability imagenet vgg13 ILSVRC2012_val_00038443 lime_budget_512 seed=1
4339 stability imagenet vgg13 ILSVRC2012_val_00038443 lime_budget_512 seed=2
4340 stability imagenet vgg13 ILSVRC2012_val_00038443 lime_budget_512 seed=3
4341 stability imagenet vgg13 ILSVRC2012_val_00038443 lime_budget_512 seed=4
4342 stability imagenet vgg13 ILSVRC2012_val_00038443 lime_budget_1024 seed=0
4343 stability imagenet vgg13 ILSVRC2012_val_00038443 lime_budget_1024 seed=1
4344 stability imagenet vgg13 ILSVRC2012_val_00038443 lime_budget_1024 seed=2
4345 stability imagenet vgg13 ILSVRC2012_val_00038443 lime_budget_1024 seed=3
4346 stability imagenet vgg13 ILSVRC2012_val_00038443 lime_budget_1024 seed=4
4347 stability imagenet vgg13 ILSVRC2012_val_00038443 lime_budget_2048 seed=0
4348 stability imagenet vgg13 ILSVRC2012_val_00038443 lime_budget_2048 seed=1
4349 stability imagenet vgg13 ILSVRC2012_val_00038443 lime_budget_2048 seed=2
4350 stability imagenet vgg13 ILSVRC2012_val_00038443 lime_budget_2048 seed=3
4351 stability imagenet vgg13 ILSVRC2012_val_00038443 lime_budget_2048 seed=4
4352 stability imagenet vgg13 ILSVRC2012_val_00038443 rise_budget_256 seed=0
4353 stability imagenet vgg13 ILSVRC2012_val_00038443 rise_budget_256 seed=1
4354 stability imagenet vgg13 ILSVRC2012_val_00038443 rise_budget_256 seed=2
4355 stability imagenet vgg13 ILSVRC2012_val_00038443 rise_budget_256 seed=3
4356 stability imagenet vgg13 ILSVRC2012_val_00038443 rise_budget_256 seed=4
4357 stability imagenet vgg13 ILSVRC2012_val_00038443 rise_budget_512 seed=0
4358 stability imagenet vgg13 ILSVRC2012_val_00038443 rise_budget_512 seed=1
4359 stability imagenet vgg13 ILSVRC2012_val_00038443 rise_budget_512 seed=2
4360 stability imagenet vgg13 ILSVRC2012_val_00038443 rise_budget_512 seed=3
4361 stability imagenet vgg13 ILSVRC2012_val_00038443 rise_budget_512 seed=4
4362 stability imagenet vgg13 ILSVRC2012_val_00038443 rise_budget_1024 seed=0
4363 stability imagenet vgg13 ILSVRC2012_val_00038443 rise_budget_1024 seed=1
4364 stability imagenet vgg13 ILSVRC2012_val_00038443 rise_budget_1024 seed=2
4365 stability imagenet vgg13 ILSVRC2012_val_00038443 rise_budget_1024 seed=3
4366 stability imagenet vgg13 ILSVRC2012_val_00038443 rise_budget_1024 seed=4
4367 stability imagenet vgg13 ILSVRC2012_val_00038443 rise_budget_2048 seed=0
4368 stability imagenet vgg13 ILSVRC2012_val_00038443 rise_budget_2048 seed=1
4369 stability imagenet vgg13 ILSVRC2012_val_00038443 rise_budget_2048 seed=2
4370 stability imagenet vgg13 ILSVRC2012_val_00038443 rise_budget_2048 seed=3
4371 stability imagenet vgg13 ILSVRC2012_val_00038443 rise_budget_2048 seed=4
4372 stability imagenet vgg13 ILSVRC2012_val_00038443 kernel_shap_budget_256 seed=0
4373 stability imagenet vgg13 ILSVRC2012_val_00038443 kernel_shap_budget_256 seed=1
4374 stability imagenet vgg13 ILSVRC2012_val_00038443 kernel_shap_budget_256 seed=2
4375 stability imagenet vgg13 ILSVRC2012_val_00038443 kernel_shap_budget_256 seed=3
4376 stability imagenet vgg13 ILSVRC2012_val_00038443 kernel_shap_budget_256 seed=4
4377 stability imagenet vgg13 ILSVRC2012_val_00038443 kernel_shap_budget_512 seed=0
4378 stability imagenet vgg13 ILSVRC2012_val_00038443 kernel_shap_budget_512 seed=1
4379 stability imagenet vgg13 ILSVRC2012_val_00038443 kernel_shap_budget_512 seed=2
4380 stability imagenet vgg13 ILSVRC2012_val_00038443 kernel_shap_budget_512 seed=3
4381 stability imagenet vgg13 ILSVRC2012_val_00038443 kernel_shap_budget_512 seed=4
4382 stability imagenet vgg13 ILSVRC2012_val_00038443 kernel_shap_budget_1024 seed=0
4383 stability imagenet vgg13 ILSVRC2012_val_00038443 kernel_shap_budget_1024 seed=1
4384 stability imagenet vgg13 ILSVRC2012_val_00038443 kernel_shap_budget_1024 seed=2
4385 stability imagenet vgg13 ILSVRC2012_val_00038443 kernel_shap_budget_1024 seed=3
4386 stability imagenet vgg13 ILSVRC2012_val_00038443 kernel_shap_budget_1024 seed=4
4387 stability imagenet vgg13 ILSVRC2012_val_00038443 kernel_shap_budget_2048 seed=0
4388 stability imagenet vgg13 ILSVRC2012_val_00038443 kernel_shap_budget_2048 seed=1
4389 stability imagenet vgg13 ILSVRC2012_val_00038443 kernel_shap_budget_2048 seed=2
4390 stability imagenet vgg13 ILSVRC2012_val_00038443 kernel_shap_budget_2048 seed=3
4391 stability imagenet vgg13 ILSVRC2012_val_00038443 kernel_shap_budget_2048 seed=4
4392 stability imagenet vgg13 ILSVRC2012_val_00038443 ablation_default seed=None
4393 stability imagenet vgg13 ILSVRC2012_val_00039743 lime_budget_256 seed=0
4394 stability imagenet vgg13 ILSVRC2012_val_00039743 lime_budget_256 seed=1
4395 stability imagenet vgg13 ILSVRC2012_val_00039743 lime_budget_256 seed=2
4396 stability imagenet vgg13 ILSVRC2012_val_00039743 lime_budget_256 seed=3
4397 stability imagenet vgg13 ILSVRC2012_val_00039743 lime_budget_256 seed=4
4398 stability imagenet vgg13 ILSVRC2012_val_00039743 lime_budget_512 seed=0
4399 stability imagenet vgg13 ILSVRC2012_val_00039743 lime_budget_512 seed=1
4400 stability imagenet vgg13 ILSVRC2012_val_00039743 lime_budget_512 seed=2
4401 stability imagenet vgg13 ILSVRC2012_val_00039743 lime_budget_512 seed=3
4402 stability imagenet vgg13 ILSVRC2012_val_00039743 lime_budget_512 seed=4
4403 stability imagenet vgg13 ILSVRC2012_val_00039743 lime_budget_1024 seed=0
4404 stability imagenet vgg13 ILSVRC2012_val_00039743 lime_budget_1024 seed=1
4405 stability imagenet vgg13 ILSVRC2012_val_00039743 lime_budget_1024 seed=2
4406 stability imagenet vgg13 ILSVRC2012_val_00039743 lime_budget_1024 seed=3
4407 stability imagenet vgg13 ILSVRC2012_val_00039743 lime_budget_1024 seed=4
4408 stability imagenet vgg13 ILSVRC2012_val_00039743 lime_budget_2048 seed=0
4409 stability imagenet vgg13 ILSVRC2012_val_00039743 lime_budget_2048 seed=1
4410 stability imagenet vgg13 ILSVRC2012_val_00039743 lime_budget_2048 seed=2
4411 stability imagenet vgg13 ILSVRC2012_val_00039743 lime_budget_2048 seed=3
4412 stability imagenet vgg13 ILSVRC2012_val_00039743 lime_budget_2048 seed=4
4413 stability imagenet vgg13 ILSVRC2012_val_00039743 rise_budget_256 seed=0
4414 stability imagenet vgg13 ILSVRC2012_val_00039743 rise_budget_256 seed=1
4415 stability imagenet vgg13 ILSVRC2012_val_00039743 rise_budget_256 seed=2
4416 stability imagenet vgg13 ILSVRC2012_val_00039743 rise_budget_256 seed=3
4417 stability imagenet vgg13 ILSVRC2012_val_00039743 rise_budget_256 seed=4
4418 stability imagenet vgg13 ILSVRC2012_val_00039743 rise_budget_512 seed=0
4419 stability imagenet vgg13 ILSVRC2012_val_00039743 rise_budget_512 seed=1
4420 stability imagenet vgg13 ILSVRC2012_val_00039743 rise_budget_512 seed=2
4421 stability imagenet vgg13 ILSVRC2012_val_00039743 rise_budget_512 seed=3
4422 stability imagenet vgg13 ILSVRC2012_val_00039743 rise_budget_512 seed=4
4423 stability imagenet vgg13 ILSVRC2012_val_00039743 rise_budget_1024 seed=0
4424 stability imagenet vgg13 ILSVRC2012_val_00039743 rise_budget_1024 seed=1
4425 stability imagenet vgg13 ILSVRC2012_val_00039743 rise_budget_1024 seed=2
4426 stability imagenet vgg13 ILSVRC2012_val_00039743 rise_budget_1024 seed=3
4427 stability imagenet vgg13 ILSVRC2012_val_00039743 rise_budget_1024 seed=4
4428 stability imagenet vgg13 ILSVRC2012_val_00039743 rise_budget_2048 seed=0
4429 stability imagenet vgg13 ILSVRC2012_val_00039743 rise_budget_2048 seed=1
4430 stability imagenet vgg13 ILSVRC2012_val_00039743 rise_budget_2048 seed=2
4431 stability imagenet vgg13 ILSVRC2012_val_00039743 rise_budget_2048 seed=3
4432 stability imagenet vgg13 ILSVRC2012_val_00039743 rise_budget_2048 seed=4
4433 stability imagenet vgg13 ILSVRC2012_val_00039743 kernel_shap_budget_256 seed=0
4434 stability imagenet vgg13 ILSVRC2012_val_00039743 kernel_shap_budget_256 seed=1
4435 stability imagenet vgg13 ILSVRC2012_val_00039743 kernel_shap_budget_256 seed=2
4436 stability imagenet vgg13 ILSVRC2012_val_00039743 kernel_shap_budget_256 seed=3
4437 stability imagenet vgg13 ILSVRC2012_val_00039743 kernel_shap_budget_256 seed=4
4438 stability imagenet vgg13 ILSVRC2012_val_00039743 kernel_shap_budget_512 seed=0
4439 stability imagenet vgg13 ILSVRC2012_val_00039743 kernel_shap_budget_512 seed=1
4440 stability imagenet vgg13 ILSVRC2012_val_00039743 kernel_shap_budget_512 seed=2
4441 stability imagenet vgg13 ILSVRC2012_val_00039743 kernel_shap_budget_512 seed=3
4442 stability imagenet vgg13 ILSVRC2012_val_00039743 kernel_shap_budget_512 seed=4
4443 stability imagenet vgg13 ILSVRC2012_val_00039743 kernel_shap_budget_1024 seed=0
4444 stability imagenet vgg13 ILSVRC2012_val_00039743 kernel_shap_budget_1024 seed=1
4445 stability imagenet vgg13 ILSVRC2012_val_00039743 kernel_shap_budget_1024 seed=2
4446 stability imagenet vgg13 ILSVRC2012_val_00039743 kernel_shap_budget_1024 seed=3
4447 stability imagenet vgg13 ILSVRC2012_val_00039743 kernel_shap_budget_1024 seed=4
4448 stability imagenet vgg13 ILSVRC2012_val_00039743 kernel_shap_budget_2048 seed=0
4449 stability imagenet vgg13 ILSVRC2012_val_00039743 kernel_shap_budget_2048 seed=1
4450 stability imagenet vgg13 ILSVRC2012_val_00039743 kernel_shap_budget_2048 seed=2
4451 stability imagenet vgg13 ILSVRC2012_val_00039743 kernel_shap_budget_2048 seed=3
4452 stability imagenet vgg13 ILSVRC2012_val_00039743 kernel_shap_budget_2048 seed=4
4453 stability imagenet vgg13 ILSVRC2012_val_00039743 ablation_default seed=None
4454 stability imagenet vgg13 ILSVRC2012_val_00043823 lime_budget_256 seed=0
4455 stability imagenet vgg13 ILSVRC2012_val_00043823 lime_budget_256 seed=1
4456 stability imagenet vgg13 ILSVRC2012_val_00043823 lime_budget_256 seed=2
4457 stability imagenet vgg13 ILSVRC2012_val_00043823 lime_budget_256 seed=3
4458 stability imagenet vgg13 ILSVRC2012_val_00043823 lime_budget_256 seed=4
4459 stability imagenet vgg13 ILSVRC2012_val_00043823 lime_budget_512 seed=0
4460 stability imagenet vgg13 ILSVRC2012_val_00043823 lime_budget_512 seed=1
4461 stability imagenet vgg13 ILSVRC2012_val_00043823 lime_budget_512 seed=2
4462 stability imagenet vgg13 ILSVRC2012_val_00043823 lime_budget_512 seed=3
4463 stability imagenet vgg13 ILSVRC2012_val_00043823 lime_budget_512 seed=4
4464 stability imagenet vgg13 ILSVRC2012_val_00043823 lime_budget_1024 seed=0
4465 stability imagenet vgg13 ILSVRC2012_val_00043823 lime_budget_1024 seed=1
4466 stability imagenet vgg13 ILSVRC2012_val_00043823 lime_budget_1024 seed=2
4467 stability imagenet vgg13 ILSVRC2012_val_00043823 lime_budget_1024 seed=3
4468 stability imagenet vgg13 ILSVRC2012_val_00043823 lime_budget_1024 seed=4
4469 stability imagenet vgg13 ILSVRC2012_val_00043823 lime_budget_2048 seed=0
4470 stability imagenet vgg13 ILSVRC2012_val_00043823 lime_budget_2048 seed=1
4471 stability imagenet vgg13 ILSVRC2012_val_00043823 lime_budget_2048 seed=2
4472 stability imagenet vgg13 ILSVRC2012_val_00043823 lime_budget_2048 seed=3
4473 stability imagenet vgg13 ILSVRC2012_val_00043823 lime_budget_2048 seed=4
4474 stability imagenet vgg13 ILSVRC2012_val_00043823 rise_budget_256 seed=0
4475 stability imagenet vgg13 ILSVRC2012_val_00043823 rise_budget_256 seed=1
4476 stability imagenet vgg13 ILSVRC2012_val_00043823 rise_budget_256 seed=2
4477 stability imagenet vgg13 ILSVRC2012_val_00043823 rise_budget_256 seed=3
4478 stability imagenet vgg13 ILSVRC2012_val_00043823 rise_budget_256 seed=4
4479 stability imagenet vgg13 ILSVRC2012_val_00043823 rise_budget_512 seed=0
4480 stability imagenet vgg13 ILSVRC2012_val_00043823 rise_budget_512 seed=1
4481 stability imagenet vgg13 ILSVRC2012_val_00043823 rise_budget_512 seed=2
4482 stability imagenet vgg13 ILSVRC2012_val_00043823 rise_budget_512 seed=3
4483 stability imagenet vgg13 ILSVRC2012_val_00043823 rise_budget_512 seed=4
4484 stability imagenet vgg13 ILSVRC2012_val_00043823 rise_budget_1024 seed=0
4485 stability imagenet vgg13 ILSVRC2012_val_00043823 rise_budget_1024 seed=1
4486 stability imagenet vgg13 ILSVRC2012_val_00043823 rise_budget_1024 seed=2
4487 stability imagenet vgg13 ILSVRC2012_val_00043823 rise_budget_1024 seed=3
4488 stability imagenet vgg13 ILSVRC2012_val_00043823 rise_budget_1024 seed=4
4489 stability imagenet vgg13 ILSVRC2012_val_00043823 rise_budget_2048 seed=0
4490 stability imagenet vgg13 ILSVRC2012_val_00043823 rise_budget_2048 seed=1
4491 stability imagenet vgg13 ILSVRC2012_val_00043823 rise_budget_2048 seed=2
4492 stability imagenet vgg13 ILSVRC2012_val_00043823 rise_budget_2048 seed=3
4493 stability imagenet vgg13 ILSVRC2012_val_00043823 rise_budget_2048 seed=4
4494 stability imagenet vgg13 ILSVRC2012_val_00043823 kernel_shap_budget_256 seed=0
4495 stability imagenet vgg13 ILSVRC2012_val_00043823 kernel_shap_budget_256 seed=1
4496 stability imagenet vgg13 ILSVRC2012_val_00043823 kernel_shap_budget_256 seed=2
4497 stability imagenet vgg13 ILSVRC2012_val_00043823 kernel_shap_budget_256 seed=3
4498 stability imagenet vgg13 ILSVRC2012_val_00043823 kernel_shap_budget_256 seed=4
4499 stability imagenet vgg13 ILSVRC2012_val_00043823 kernel_shap_budget_512 seed=0
4500 stability imagenet vgg13 ILSVRC2012_val_00043823 kernel_shap_budget_512 seed=1
4501 stability imagenet vgg13 ILSVRC2012_val_00043823 kernel_shap_budget_512 seed=2
4502 stability imagenet vgg13 ILSVRC2012_val_00043823 kernel_shap_budget_512 seed=3
4503 stability imagenet vgg13 ILSVRC2012_val_00043823 kernel_shap_budget_512 seed=4
4504 stability imagenet vgg13 ILSVRC2012_val_00043823 kernel_shap_budget_1024 seed=0
4505 stability imagenet vgg13 ILSVRC2012_val_00043823 kernel_shap_budget_1024 seed=1
4506 stability imagenet vgg13 ILSVRC2012_val_00043823 kernel_shap_budget_1024 seed=2
4507 stability imagenet vgg13 ILSVRC2012_val_00043823 kernel_shap_budget_1024 seed=3
4508 stability imagenet vgg13 ILSVRC2012_val_00043823 kernel_shap_budget_1024 seed=4
4509 stability imagenet vgg13 ILSVRC2012_val_00043823 kernel_shap_budget_2048 seed=0
4510 stability imagenet vgg13 ILSVRC2012_val_00043823 kernel_shap_budget_2048 seed=1
4511 stability imagenet vgg13 ILSVRC2012_val_00043823 kernel_shap_budget_2048 seed=2
4512 stability imagenet vgg13 ILSVRC2012_val_00043823 kernel_shap_budget_2048 seed=3
4513 stability imagenet vgg13 ILSVRC2012_val_00043823 kernel_shap_budget_2048 seed=4
4514 stability imagenet vgg13 ILSVRC2012_val_00043823 ablation_default seed=None
4515 stability imagenet vgg13 ILSVRC2012_val_00045743 lime_budget_256 seed=0
4516 stability imagenet vgg13 ILSVRC2012_val_00045743 lime_budget_256 seed=1
4517 stability imagenet vgg13 ILSVRC2012_val_00045743 lime_budget_256 seed=2
4518 stability imagenet vgg13 ILSVRC2012_val_00045743 lime_budget_256 seed=3
4519 stability imagenet vgg13 ILSVRC2012_val_00045743 lime_budget_256 seed=4
4520 stability imagenet vgg13 ILSVRC2012_val_00045743 lime_budget_512 seed=0
4521 stability imagenet vgg13 ILSVRC2012_val_00045743 lime_budget_512 seed=1
4522 stability imagenet vgg13 ILSVRC2012_val_00045743 lime_budget_512 seed=2
4523 stability imagenet vgg13 ILSVRC2012_val_00045743 lime_budget_512 seed=3
4524 stability imagenet vgg13 ILSVRC2012_val_00045743 lime_budget_512 seed=4
4525 stability imagenet vgg13 ILSVRC2012_val_00045743 lime_budget_1024 seed=0
4526 stability imagenet vgg13 ILSVRC2012_val_00045743 lime_budget_1024 seed=1
4527 stability imagenet vgg13 ILSVRC2012_val_00045743 lime_budget_1024 seed=2
4528 stability imagenet vgg13 ILSVRC2012_val_00045743 lime_budget_1024 seed=3
4529 stability imagenet vgg13 ILSVRC2012_val_00045743 lime_budget_1024 seed=4
4530 stability imagenet vgg13 ILSVRC2012_val_00045743 lime_budget_2048 seed=0
4531 stability imagenet vgg13 ILSVRC2012_val_00045743 lime_budget_2048 seed=1
4532 stability imagenet vgg13 ILSVRC2012_val_00045743 lime_budget_2048 seed=2
4533 stability imagenet vgg13 ILSVRC2012_val_00045743 lime_budget_2048 seed=3
4534 stability imagenet vgg13 ILSVRC2012_val_00045743 lime_budget_2048 seed=4
4535 stability imagenet vgg13 ILSVRC2012_val_00045743 rise_budget_256 seed=0
4536 stability imagenet vgg13 ILSVRC2012_val_00045743 rise_budget_256 seed=1
4537 stability imagenet vgg13 ILSVRC2012_val_00045743 rise_budget_256 seed=2
4538 stability imagenet vgg13 ILSVRC2012_val_00045743 rise_budget_256 seed=3
4539 stability imagenet vgg13 ILSVRC2012_val_00045743 rise_budget_256 seed=4
4540 stability imagenet vgg13 ILSVRC2012_val_00045743 rise_budget_512 seed=0
4541 stability imagenet vgg13 ILSVRC2012_val_00045743 rise_budget_512 seed=1
4542 stability imagenet vgg13 ILSVRC2012_val_00045743 rise_budget_512 seed=2
4543 stability imagenet vgg13 ILSVRC2012_val_00045743 rise_budget_512 seed=3
4544 stability imagenet vgg13 ILSVRC2012_val_00045743 rise_budget_512 seed=4
4545 stability imagenet vgg13 ILSVRC2012_val_00045743 rise_budget_1024 seed=0
4546 stability imagenet vgg13 ILSVRC2012_val_00045743 rise_budget_1024 seed=1
4547 stability imagenet vgg13 ILSVRC2012_val_00045743 rise_budget_1024 seed=2
4548 stability imagenet vgg13 ILSVRC2012_val_00045743 rise_budget_1024 seed=3
4549 stability imagenet vgg13 ILSVRC2012_val_00045743 rise_budget_1024 seed=4
4550 stability imagenet vgg13 ILSVRC2012_val_00045743 rise_budget_2048 seed=0
4551 stability imagenet vgg13 ILSVRC2012_val_00045743 rise_budget_2048 seed=1
4552 stability imagenet vgg13 ILSVRC2012_val_00045743 rise_budget_2048 seed=2
4553 stability imagenet vgg13 ILSVRC2012_val_00045743 rise_budget_2048 seed=3
4554 stability imagenet vgg13 ILSVRC2012_val_00045743 rise_budget_2048 seed=4
4555 stability imagenet vgg13 ILSVRC2012_val_00045743 kernel_shap_budget_256 seed=0
4556 stability imagenet vgg13 ILSVRC2012_val_00045743 kernel_shap_budget_256 seed=1
4557 stability imagenet vgg13 ILSVRC2012_val_00045743 kernel_shap_budget_256 seed=2
4558 stability imagenet vgg13 ILSVRC2012_val_00045743 kernel_shap_budget_256 seed=3
4559 stability imagenet vgg13 ILSVRC2012_val_00045743 kernel_shap_budget_256 seed=4
4560 stability imagenet vgg13 ILSVRC2012_val_00045743 kernel_shap_budget_512 seed=0
4561 stability imagenet vgg13 ILSVRC2012_val_00045743 kernel_shap_budget_512 seed=1
4562 stability imagenet vgg13 ILSVRC2012_val_00045743 kernel_shap_budget_512 seed=2
4563 stability imagenet vgg13 ILSVRC2012_val_00045743 kernel_shap_budget_512 seed=3
4564 stability imagenet vgg13 ILSVRC2012_val_00045743 kernel_shap_budget_512 seed=4
4565 stability imagenet vgg13 ILSVRC2012_val_00045743 kernel_shap_budget_1024 seed=0
4566 stability imagenet vgg13 ILSVRC2012_val_00045743 kernel_shap_budget_1024 seed=1
4567 stability imagenet vgg13 ILSVRC2012_val_00045743 kernel_shap_budget_1024 seed=2
4568 stability imagenet vgg13 ILSVRC2012_val_00045743 kernel_shap_budget_1024 seed=3
4569 stability imagenet vgg13 ILSVRC2012_val_00045743 kernel_shap_budget_1024 seed=4
4570 stability imagenet vgg13 ILSVRC2012_val_00045743 kernel_shap_budget_2048 seed=0
4571 stability imagenet vgg13 ILSVRC2012_val_00045743 kernel_shap_budget_2048 seed=1
4572 stability imagenet vgg13 ILSVRC2012_val_00045743 kernel_shap_budget_2048 seed=2
4573 stability imagenet vgg13 ILSVRC2012_val_00045743 kernel_shap_budget_2048 seed=3
4574 stability imagenet vgg13 ILSVRC2012_val_00045743 kernel_shap_budget_2048 seed=4
4575 stability imagenet vgg13 ILSVRC2012_val_00045743 ablation_default seed=None
4576 stability imagenet vgg13 ILSVRC2012_val_00046462 lime_budget_256 seed=0
4577 stability imagenet vgg13 ILSVRC2012_val_00046462 lime_budget_256 seed=1
4578 stability imagenet vgg13 ILSVRC2012_val_00046462 lime_budget_256 seed=2
4579 stability imagenet vgg13 ILSVRC2012_val_00046462 lime_budget_256 seed=3
4580 stability imagenet vgg13 ILSVRC2012_val_00046462 lime_budget_256 seed=4
4581 stability imagenet vgg13 ILSVRC2012_val_00046462 lime_budget_512 seed=0
4582 stability imagenet vgg13 ILSVRC2012_val_00046462 lime_budget_512 seed=1
4583 stability imagenet vgg13 ILSVRC2012_val_00046462 lime_budget_512 seed=2
4584 stability imagenet vgg13 ILSVRC2012_val_00046462 lime_budget_512 seed=3
4585 stability imagenet vgg13 ILSVRC2012_val_00046462 lime_budget_512 seed=4
4586 stability imagenet vgg13 ILSVRC2012_val_00046462 lime_budget_1024 seed=0
4587 stability imagenet vgg13 ILSVRC2012_val_00046462 lime_budget_1024 seed=1
4588 stability imagenet vgg13 ILSVRC2012_val_00046462 lime_budget_1024 seed=2
4589 stability imagenet vgg13 ILSVRC2012_val_00046462 lime_budget_1024 seed=3
4590 stability imagenet vgg13 ILSVRC2012_val_00046462 lime_budget_1024 seed=4
4591 stability imagenet vgg13 ILSVRC2012_val_00046462 lime_budget_2048 seed=0
4592 stability imagenet vgg13 ILSVRC2012_val_00046462 lime_budget_2048 seed=1
4593 stability imagenet vgg13 ILSVRC2012_val_00046462 lime_budget_2048 seed=2
4594 stability imagenet vgg13 ILSVRC2012_val_00046462 lime_budget_2048 seed=3
4595 stability imagenet vgg13 ILSVRC2012_val_00046462 lime_budget_2048 seed=4
4596 stability imagenet vgg13 ILSVRC2012_val_00046462 rise_budget_256 seed=0
4597 stability imagenet vgg13 ILSVRC2012_val_00046462 rise_budget_256 seed=1
4598 stability imagenet vgg13 ILSVRC2012_val_00046462 rise_budget_256 seed=2
4599 stability imagenet vgg13 ILSVRC2012_val_00046462 rise_budget_256 seed=3
4600 stability imagenet vgg13 ILSVRC2012_val_00046462 rise_budget_256 seed=4
4601 stability imagenet vgg13 ILSVRC2012_val_00046462 rise_budget_512 seed=0
4602 stability imagenet vgg13 ILSVRC2012_val_00046462 rise_budget_512 seed=1
4603 stability imagenet vgg13 ILSVRC2012_val_00046462 rise_budget_512 seed=2
4604 stability imagenet vgg13 ILSVRC2012_val_00046462 rise_budget_512 seed=3
4605 stability imagenet vgg13 ILSVRC2012_val_00046462 rise_budget_512 seed=4
4606 stability imagenet vgg13 ILSVRC2012_val_00046462 rise_budget_1024 seed=0
4607 stability imagenet vgg13 ILSVRC2012_val_00046462 rise_budget_1024 seed=1
4608 stability imagenet vgg13 ILSVRC2012_val_00046462 rise_budget_1024 seed=2
4609 stability imagenet vgg13 ILSVRC2012_val_00046462 rise_budget_1024 seed=3
4610 stability imagenet vgg13 ILSVRC2012_val_00046462 rise_budget_1024 seed=4
4611 stability imagenet vgg13 ILSVRC2012_val_00046462 rise_budget_2048 seed=0
4612 stability imagenet vgg13 ILSVRC2012_val_00046462 rise_budget_2048 seed=1
4613 stability imagenet vgg13 ILSVRC2012_val_00046462 rise_budget_2048 seed=2
4614 stability imagenet vgg13 ILSVRC2012_val_00046462 rise_budget_2048 seed=3
4615 stability imagenet vgg13 ILSVRC2012_val_00046462 rise_budget_2048 seed=4
4616 stability imagenet vgg13 ILSVRC2012_val_00046462 kernel_shap_budget_256 seed=0
4617 stability imagenet vgg13 ILSVRC2012_val_00046462 kernel_shap_budget_256 seed=1
4618 stability imagenet vgg13 ILSVRC2012_val_00046462 kernel_shap_budget_256 seed=2
4619 stability imagenet vgg13 ILSVRC2012_val_00046462 kernel_shap_budget_256 seed=3
4620 stability imagenet vgg13 ILSVRC2012_val_00046462 kernel_shap_budget_256 seed=4
4621 stability imagenet vgg13 ILSVRC2012_val_00046462 kernel_shap_budget_512 seed=0
4622 stability imagenet vgg13 ILSVRC2012_val_00046462 kernel_shap_budget_512 seed=1
4623 stability imagenet vgg13 ILSVRC2012_val_00046462 kernel_shap_budget_512 seed=2
4624 stability imagenet vgg13 ILSVRC2012_val_00046462 kernel_shap_budget_512 seed=3
4625 stability imagenet vgg13 ILSVRC2012_val_00046462 kernel_shap_budget_512 seed=4
4626 stability imagenet vgg13 ILSVRC2012_val_00046462 kernel_shap_budget_1024 seed=0
4627 stability imagenet vgg13 ILSVRC2012_val_00046462 kernel_shap_budget_1024 seed=1
4628 stability imagenet vgg13 ILSVRC2012_val_00046462 kernel_shap_budget_1024 seed=2
4629 stability imagenet vgg13 ILSVRC2012_val_00046462 kernel_shap_budget_1024 seed=3
4630 stability imagenet vgg13 ILSVRC2012_val_00046462 kernel_shap_budget_1024 seed=4
4631 stability imagenet vgg13 ILSVRC2012_val_00046462 kernel_shap_budget_2048 seed=0
4632 stability imagenet vgg13 ILSVRC2012_val_00046462 kernel_shap_budget_2048 seed=1
4633 stability imagenet vgg13 ILSVRC2012_val_00046462 kernel_shap_budget_2048 seed=2
4634 stability imagenet vgg13 ILSVRC2012_val_00046462 kernel_shap_budget_2048 seed=3
4635 stability imagenet vgg13 ILSVRC2012_val_00046462 kernel_shap_budget_2048 seed=4
4636 stability imagenet vgg13 ILSVRC2012_val_00046462 ablation_default seed=None
