1 done imagenet resnet50 ILSVRC2012_val_00000451 rise_budget_256 seed=0 0.84s
2 done imagenet resnet50 ILSVRC2012_val_00000451 kernel_shap_budget_512 seed=4 1.10s
3 done imagenet resnet50 ILSVRC2012_val_00000451 kernel_shap_budget_2048 seed=2 4.32s
4 done imagenet resnet50 ILSVRC2012_val_00000451 lime_budget_512 seed=3 1.16s
5 done imagenet resnet50 ILSVRC2012_val_00000451 lime_budget_256 seed=1 0.74s
6 done imagenet resnet50 ILSVRC2012_val_00000451 rise_budget_512 seed=4 1.97s
7 done imagenet resnet50 ILSVRC2012_val_00000451 lime_budget_1024 seed=2 2.27s
8 done imagenet resnet50 ILSVRC2012_val_00000451 lime_budget_1024 seed=0 2.23s
9 done imagenet resnet50 ILSVRC2012_val_00000451 lime_budget_1024 seed=3 2.69s
10 done imagenet resnet50 ILSVRC2012_val_00000451 kernel_shap_budget_2048 seed=0 5.19s
11 done imagenet resnet50 ILSVRC2012_val_00000451 lime_budget_512 seed=1 1.43s
12 done imagenet resnet50 ILSVRC2012_val_00000451 lime_budget_256 seed=2 0.78s
13 done imagenet resnet50 ILSVRC2012_val_00000451 rise_budget_512 seed=2 2.49s
14 done imagenet resnet50 ILSVRC2012_val_00000451 rise_budget_2048 seed=1 10.42s
15 done imagenet resnet50 ILSVRC2012_val_00000451 lime_budget_1024 seed=4 2.72s
16 done imagenet resnet50 ILSVRC2012_val_00000451 kernel_shap_budget_256 seed=4 0.57s
17 done imagenet resnet50 ILSVRC2012_val_00000451 lime_budget_2048 seed=3 4.56s
18 done imagenet resnet50 ILSVRC2012_val_00000451 kernel_shap_budget_512 seed=2 1.25s
19 done imagenet resnet50 ILSVRC2012_val_00000451 rise_budget_2048 seed=3 11.12s
20 done imagenet resnet50 ILSVRC2012_val_00000451 lime_budget_512 seed=4 1.39s
21 done imagenet resnet50 ILSVRC2012_val_00000451 rise_budget_256 seed=2 1.41s
22 done imagenet resnet50 ILSVRC2012_val_00000451 rise_budget_1024 seed=0 5.23s
23 done imagenet resnet50 ILSVRC2012_val_00000451 lime_budget_2048 seed=0 5.04s
24 done imagenet resnet50 ILSVRC2012_val_00000451 rise_budget_1024 seed=2 5.86s
25 done imagenet resnet50 ILSVRC2012_val_00000451 kernel_shap_budget_512 seed=0 1.10s
26 done imagenet resnet50 ILSVRC2012_val_00000451 kernel_shap_budget_256 seed=2 0.56s
27 done imagenet resnet50 ILSVRC2012_val_00000451 lime_budget_512 seed=2 1.10s
28 done imagenet resnet50 ILSVRC2012_val_00000451 kernel_shap_budget_2048 seed=4 4.62s
29 done imagenet resnet50 ILSVRC2012_val_00000451 kernel_shap_budget_2048 seed=3 4.54s
30 done imagenet resnet50 ILSVRC2012_val_00000451 kernel_shap_budget_1024 seed=1 2.29s
31 done imagenet resnet50 ILSVRC2012_val_00000451 rise_budget_512 seed=1 2.50s
32 done imagenet resnet50 ILSVRC2012_val_00000451 rise_budget_2048 seed=4 8.41s
33 done imagenet resnet50 ILSVRC2012_val_00000451 kernel_shap_budget_512 seed=1 1.22s
34 done imagenet resnet50 ILSVRC2012_val_00000451 rise_budget_1024 seed=4 5.44s
35 done imagenet resnet50 ILSVRC2012_val_00000451 rise_budget_512 seed=0 2.56s
36 done imagenet resnet50 ILSVRC2012_val_00000451 kernel_shap_budget_256 seed=3 0.66s
37 done imagenet resnet50 ILSVRC2012_val_00000451 kernel_shap_budget_256 seed=0 0.71s
38 done imagenet resnet50 ILSVRC2012_val_00000451 rise_budget_256 seed=3 1.41s
39 done imagenet resnet50 ILSVRC2012_val_00000451 rise_budget_256 seed=4 1.30s
40 done imagenet resnet50 ILSVRC2012_val_00000451 rise_budget_512 seed=3 2.41s
41 done imagenet resnet50 ILSVRC2012_val_00000451 lime_budget_2048 seed=1 4.71s
42 done imagenet resnet50 ILSVRC2012_val_00000451 rise_budget_2048 seed=2 10.34s
43 done imagenet resnet50 ILSVRC2012_val_00000451 lime_budget_2048 seed=4 5.18s
44 done imagenet resnet50 ILSVRC2012_val_00000451 kernel_shap_budget_1024 seed=2 2.47s
45 done imagenet resnet50 ILSVRC2012_val_00000451 kernel_shap_budget_1024 seed=3 2.33s
46 done imagenet resnet50 ILSVRC2012_val_00000451 lime_budget_256 seed=3 0.56s
47 done imagenet resnet50 ILSVRC2012_val_00000451 rise_budget_1024 seed=3 5.74s
48 done imagenet resnet50 ILSVRC2012_val_00000451 kernel_shap_budget_1024 seed=0 2.35s
49 done imagenet resnet50 ILSVRC2012_val_00000451 lime_budget_256 seed=0 0.79s
50 done imagenet resnet50 ILSVRC2012_val_00000451 kernel_shap_budget_256 seed=1 0.72s
51 done imagenet resnet50 ILSVRC2012_val_00000451 lime_budget_1024 seed=1 2.61s
52 done imagenet resnet50 ILSVRC2012_val_00000451 kernel_shap_budget_2048 seed=1 4.85s
53 done imagenet resnet50 ILSVRC2012_val_00000451 lime_budget_2048 seed=2 4.99s
54 done imagenet resnet50 ILSVRC2012_val_00000451 lime_budget_512 seed=0 1.30s
55 done imagenet resnet50 ILSVRC2012_val_00000451 kernel_shap_budget_1024 seed=4 2.62s
56 done imagenet resnet50 ILSVRC2012_val_00000451 lime_budget_256 seed=4 0.68s
57 done imagenet resnet50 ILSVRC2012_val_00000451 rise_budget_2048 seed=0 9.86s
58 done imagenet resnet50 ILSVRC2012_val_00000451 rise_budget_256 seed=1 1.29s
59 done imagenet resnet50 ILSVRC2012_val_00000451 rise_budget_1024 seed=1 5.62s
60 done imagenet resnet50 ILSVRC2012_val_00000451 kernel_shap_budget_512 seed=3 1.13s
61 done imagenet resnet50 ILSVRC2012_val_00000451 ablation_default seed=None 0.16s
62 done imagenet resnet50 ILSVRC2012_val_00001218 lime_budget_256 seed=3 0.61s
63 done imagenet resnet50 ILSVRC2012_val_00001218 rise_budget_1024 seed=0 4.76s
64 done imagenet resnet50 ILSVRC2012_val_00001218 kernel_shap_budget_2048 seed=2 4.77s
65 done imagenet resnet50 ILSVRC2012_val_00001218 rise_budget_256 seed=4 1.23s
66 done imagenet resnet50 ILSVRC2012_val_00001218 lime_budget_1024 seed=2 2.50s
67 done imagenet resnet50 ILSVRC2012_val_00001218 kernel_shap_budget_256 seed=0 0.54s
68 done imagenet resnet50 ILSVRC2012_val_00001218 lime_budget_512 seed=3 1.17s
69 done imagenet resnet50 ILSVRC2012_val_00001218 lime_budget_1024 seed=0 2.50s
70 done imagenet resnet50 ILSVRC2012_val_00001218 kernel_shap_budget_512 seed=4 1.14s
71 done imagenet resnet50 ILSVRC2012_val_00001218 rise_budget_1024 seed=4 5.16s
72 done imagenet resnet50 ILSVRC2012_val_00001218 rise_budget_2048 seed=1 10.02s
73 done imagenet resnet50 ILSVRC2012_val_00001218 rise_budget_256 seed=1 1.22s
74 done imagenet resnet50 ILSVRC2012_val_00001218 lime_budget_2048 seed=1 5.04s
75 done imagenet resnet50 ILSVRC2012_val_00001218 lime_budget_256 seed=1 0.69s
76 done imagenet resnet50 ILSVRC2012_val_00001218 lime_budget_2048 seed=3 4.93s
77 done imagenet resnet50 ILSVRC2012_val_00001218 lime_budget_2048 seed=0 5.14s
78 done imagenet resnet50 ILSVRC2012_val_00001218 kernel_shap_budget_1024 seed=1 2.60s
79 done imagenet resnet50 ILSVRC2012_val_00001218 lime_budget_1024 seed=1 2.59s
80 done imagenet resnet50 ILSVRC2012_val_00001218 rise_budget_2048 seed=0 10.60s
81 done imagenet resnet50 ILSVRC2012_val_00001218 kernel_shap_budget_1024 seed=2 2.43s
82 done imagenet resnet50 ILSVRC2012_val_00001218 rise_budget_256 seed=0 1.54s
83 done imagenet resnet50 ILSVRC2012_val_00001218 rise_budget_512 seed=4 2.44s
84 done imagenet resnet50 ILSVRC2012_val_00001218 lime_budget_2048 seed=4 4.63s
85 done imagenet resnet50 ILSVRC2012_val_00001218 lime_budget_256 seed=4 0.71s
86 done imagenet resnet50 ILSVRC2012_val_00001218 lime_budget_256 seed=2 0.63s
87 done imagenet resnet50 ILSVRC2012_val_00001218 kernel_shap_budget_256 seed=1 0.62s
88 done imagenet resnet50 ILSVRC2012_val_00001218 kernel_shap_budget_1024 seed=0 2.55s
89 done imagenet resnet50 ILSVRC2012_val_00001218 lime_budget_512 seed=2 1.27s
90 done imagenet resnet50 ILSVRC2012_val_00001218 rise_budget_1024 seed=2 5.41s
91 done imagenet resnet50 ILSVRC2012_val_00001218 rise_budget_512 seed=0 2.49s
92 done imagenet resnet50 ILSVRC2012_val_00001218 kernel_shap_budget_1024 seed=4 2.28s
93 done imagenet resnet50 ILSVRC2012_val_00001218 kernel_shap_budget_512 seed=1 1.18s
94 done imagenet resnet50 ILSVRC2012_val_00001218 lime_budget_512 seed=4 1.50s
95 done imagenet resnet50 ILSVRC2012_val_00001218 kernel_shap_budget_512 seed=3 1.33s
96 done imagenet resnet50 ILSVRC2012_val_00001218 rise_budget_256 seed=2 1.54s
97 done imagenet resnet50 ILSVRC2012_val_00001218 rise_budget_2048 seed=4 10.44s
98 done imagenet resnet50 ILSVRC2012_val_00001218 rise_budget_256 seed=3 1.24s
99 done imagenet resnet50 ILSVRC2012_val_00001218 kernel_shap_budget_512 seed=0 1.13s
100 done imagenet resnet50 ILSVRC2012_val_00001218 kernel_shap_budget_256 seed=3 0.57s
101 done imagenet resnet50 ILSVRC2012_val_00001218 kernel_shap_budget_512 seed=2 1.10s
102 done imagenet resnet50 ILSVRC2012_val_00001218 ablation_default seed=None 0.15s
103 done imagenet resnet50 ILSVRC2012_val_00001218 kernel_shap_budget_256 seed=2 0.54s
104 done imagenet resnet50 ILSVRC2012_val_00001218 kernel_shap_budget_2048 seed=0 4.81s
105 done imagenet resnet50 ILSVRC2012_val_00001218 lime_budget_512 seed=0 1.26s
106 done imagenet resnet50 ILSVRC2012_val_00001218 lime_budget_2048 seed=2 4.79s
107 done imagenet resnet50 ILSVRC2012_val_00001218 rise_budget_2048 seed=2 11.31s
108 done imagenet resnet50 ILSVRC2012_val_00001218 kernel_shap_budget_2048 seed=3 4.90s
109 done imagenet resnet50 ILSVRC2012_val_00001218 rise_budget_1024 seed=1 5.35s
110 done imagenet resnet50 ILSVRC2012_val_00001218 rise_budget_512 seed=1 2.46s
111 done imagenet resnet50 ILSVRC2012_val_00001218 lime_budget_256 seed=0 0.65s
112 done imagenet resnet50 ILSVRC2012_val_00001218 kernel_shap_budget_1024 seed=3 2.26s
113 done imagenet resnet50 ILSVRC2012_val_00001218 kernel_shap_budget_2048 seed=1 4.48s
114 done imagenet resnet50 ILSVRC2012_val_00001218 rise_budget_512 seed=2 2.24s
115 done imagenet resnet50 ILSVRC2012_val_00001218 lime_budget_1024 seed=4 2.58s
116 done imagenet resnet50 ILSVRC2012_val_00001218 kernel_shap_budget_2048 seed=4 4.87s
117 done imagenet resnet50 ILSVRC2012_val_00001218 kernel_shap_budget_256 seed=4 0.55s
118 done imagenet resnet50 ILSVRC2012_val_00001218 lime_budget_512 seed=1 1.21s
119 done imagenet resnet50 ILSVRC2012_val_00001218 lime_budget_1024 seed=3 2.44s
120 done imagenet resnet50 ILSVRC2012_val_00001218 rise_budget_1024 seed=3 5.28s
121 done imagenet resnet50 ILSVRC2012_val_00001218 rise_budget_512 seed=3 3.00s
122 done imagenet resnet50 ILSVRC2012_val_00001218 rise_budget_2048 seed=3 8.92s
123 done imagenet resnet50 ILSVRC2012_val_00002277 kernel_shap_budget_512 seed=2 1.20s
124 done imagenet resnet50 ILSVRC2012_val_00002277 rise_budget_2048 seed=2 9.97s
125 done imagenet resnet50 ILSVRC2012_val_00002277 lime_budget_512 seed=2 1.10s
126 done imagenet resnet50 ILSVRC2012_val_00002277 rise_budget_512 seed=0 1.73s
127 done imagenet resnet50 ILSVRC2012_val_00002277 rise_budget_256 seed=4 1.18s
128 done imagenet resnet50 ILSVRC2012_val_00002277 lime_budget_1024 seed=0 2.40s
129 done imagenet resnet50 ILSVRC2012_val_00002277 lime_budget_256 seed=2 0.85s
130 done imagenet resnet50 ILSVRC2012_val_00002277 lime_budget_2048 seed=0 4.66s
131 done imagenet resnet50 ILSVRC2012_val_00002277 rise_budget_2048 seed=4 10.57s
132 done imagenet resnet50 ILSVRC2012_val_00002277 kernel_shap_budget_2048 seed=4 5.11s
133 done imagenet resnet50 ILSVRC2012_val_00002277 kernel_shap_budget_256 seed=2 0.63s
134 done imagenet resnet50 ILSVRC2012_val_00002277 lime_budget_1024 seed=1 2.52s
135 done imagenet resnet50 ILSVRC2012_val_00002277 rise_budget_2048 seed=1 10.48s
136 done imagenet resnet50 ILSVRC2012_val_00002277 lime_budget_2048 seed=3 4.94s
137 done imagenet resnet50 ILSVRC2012_val_00002277 kernel_shap_budget_1024 seed=0 2.50s
138 done imagenet resnet50 ILSVRC2012_val_00002277 lime_budget_256 seed=0 0.83s
139 done imagenet resnet50 ILSVRC2012_val_00002277 lime_budget_1024 seed=4 2.75s
140 done imagenet resnet50 ILSVRC2012_val_00002277 kernel_shap_budget_1024 seed=1 2.36s
141 done imagenet resnet50 ILSVRC2012_val_00002277 rise_budget_1024 seed=0 4.95s
142 done imagenet resnet50 ILSVRC2012_val_00002277 kernel_shap_budget_512 seed=4 1.24s
143 done imagenet resnet50 ILSVRC2012_val_00002277 rise_budget_2048 seed=3 10.28s
144 done imagenet resnet50 ILSVRC2012_val_00002277 rise_budget_1024 seed=4 4.85s
145 done imagenet resnet50 ILSVRC2012_val_00002277 kernel_shap_budget_512 seed=3 1.20s
146 done imagenet resnet50 ILSVRC2012_val_00002277 lime_budget_512 seed=4 1.21s
147 done imagenet resnet50 ILSVRC2012_val_00002277 lime_budget_512 seed=1 1.13s
148 done imagenet resnet50 ILSVRC2012_val_00002277 lime_budget_2048 seed=4 4.90s
149 done imagenet resnet50 ILSVRC2012_val_00002277 rise_budget_1024 seed=1 4.45s
150 done imagenet resnet50 ILSVRC2012_val_00002277 kernel_shap_budget_2048 seed=0 4.92s
151 done imagenet resnet50 ILSVRC2012_val_00002277 kernel_shap_budget_512 seed=1 1.28s
152 done imagenet resnet50 ILSVRC2012_val_00002277 rise_budget_512 seed=4 2.57s
153 done imagenet resnet50 ILSVRC2012_val_00002277 kernel_shap_budget_256 seed=3 0.55s
154 done imagenet resnet50 ILSVRC2012_val_00002277 rise_budget_256 seed=1 1.13s
155 done imagenet resnet50 ILSVRC2012_val_00002277 kernel_shap_budget_1024 seed=2 2.26s
156 done imagenet resnet50 ILSVRC2012_val_00002277 kernel_shap_budget_256 seed=4 0.62s
157 done imagenet resnet50 ILSVRC2012_val_00002277 kernel_shap_budget_512 seed=0 1.38s
158 done imagenet resnet50 ILSVRC2012_val_00002277 rise_budget_512 seed=3 3.08s
159 done imagenet resnet50 ILSVRC2012_val_00002277 kernel_shap_budget_1024 seed=4 2.41s
160 done imagenet resnet50 ILSVRC2012_val_00002277 lime_budget_2048 seed=1 5.00s
161 done imagenet resnet50 ILSVRC2012_val_00002277 lime_budget_256 seed=4 0.75s
162 done imagenet resnet50 ILSVRC2012_val_00002277 ablation_default seed=None 0.14s
163 done imagenet resnet50 ILSVRC2012_val_00002277 rise_budget_256 seed=3 1.15s
164 done imagenet resnet50 ILSVRC2012_val_00002277 rise_budget_512 seed=2 2.47s
165 done imagenet resnet50 ILSVRC2012_val_00002277 rise_budget_512 seed=1 2.75s
166 done imagenet resnet50 ILSVRC2012_val_00002277 rise_budget_1024 seed=3 5.34s
167 done imagenet resnet50 ILSVRC2012_val_00002277 rise_budget_256 seed=2 1.44s
168 done imagenet resnet50 ILSVRC2012_val_00002277 rise_budget_1024 seed=2 5.94s
169 done imagenet resnet50 ILSVRC2012_val_00002277 kernel_shap_budget_2048 seed=3 4.66s
170 done imagenet resnet50 ILSVRC2012_val_00002277 kernel_shap_budget_2048 seed=1 4.36s
171 done imagenet resnet50 ILSVRC2012_val_00002277 kernel_shap_budget_2048 seed=2 4.49s
172 done imagenet resnet50 ILSVRC2012_val_00002277 kernel_shap_budget_256 seed=0 0.61s
173 done imagenet resnet50 ILSVRC2012_val_00002277 lime_budget_1024 seed=2 2.57s
174 done imagenet resnet50 ILSVRC2012_val_00002277 lime_budget_256 seed=3 0.72s
175 done imagenet resnet50 ILSVRC2012_val_00002277 lime_budget_256 seed=1 0.82s
176 done imagenet resnet50 ILSVRC2012_val_00002277 lime_budget_2048 seed=2 4.74s
177 done imagenet resnet50 ILSVRC2012_val_00002277 rise_budget_2048 seed=0 9.72s
178 done imagenet resnet50 ILSVRC2012_val_00002277 lime_budget_1024 seed=3 2.31s
179 done imagenet resnet50 ILSVRC2012_val_00002277 rise_budget_256 seed=0 1.22s
180 done imagenet resnet50 ILSVRC2012_val_00002277 kernel_shap_budget_1024 seed=3 2.46s
181 done imagenet resnet50 ILSVRC2012_val_00002277 kernel_shap_budget_256 seed=1 0.70s
182 done imagenet resnet50 ILSVRC2012_val_00002277 lime_budget_512 seed=3 1.37s
183 done imagenet resnet50 ILSVRC2012_val_00002277 lime_budget_512 seed=0 1.17s
184 done imagenet resnet50 ILSVRC2012_val_00002953 kernel_shap_budget_256 seed=0 0.70s
185 done imagenet resnet50 ILSVRC2012_val_00002953 rise_budget_256 seed=4 1.40s
186 done imagenet resnet50 ILSVRC2012_val_00002953 rise_budget_512 seed=4 2.27s
187 done imagenet resnet50 ILSVRC2012_val_00002953 kernel_shap_budget_512 seed=4 1.07s
188 done imagenet resnet50 ILSVRC2012_val_00002953 lime_budget_512 seed=3 1.16s
189 done imagenet resnet50 ILSVRC2012_val_00002953 lime_budget_2048 seed=3 4.40s
190 done imagenet resnet50 ILSVRC2012_val_00002953 kernel_shap_budget_256 seed=4 0.56s
191 done imagenet resnet50 ILSVRC2012_val_00002953 lime_budget_1024 seed=3 2.21s
192 done imagenet resnet50 ILSVRC2012_val_00002953 rise_budget_512 seed=2 2.27s
193 done imagenet resnet50 ILSVRC2012_val_00002953 kernel_shap_budget_512 seed=2 1.12s
194 done imagenet resnet50 ILSVRC2012_val_00002953 kernel_shap_budget_1024 seed=4 2.26s
195 done imagenet resnet50 ILSVRC2012_val_00002953 rise_budget_256 seed=0 1.07s
196 done imagenet resnet50 ILSVRC2012_val_00002953 kernel_shap_budget_2048 seed=4 4.40s
197 done imagenet resnet50 ILSVRC2012_val_00002953 kernel_shap_budget_2048 seed=2 4.66s
198 done imagenet resnet50 ILSVRC2012_val_00002953 kernel_shap_budget_512 seed=1 1.09s
199 done imagenet resnet50 ILSVRC2012_val_00002953 lime_budget_1024 seed=1 2.22s
200 done imagenet resnet50 ILSVRC2012_val_00002953 rise_budget_2048 seed=3 9.85s
201 done imagenet resnet50 ILSVRC2012_val_00002953 rise_budget_512 seed=0 1.65s
202 done imagenet resnet50 ILSVRC2012_val_00002953 ablation_default seed=None 0.15s
203 done imagenet resnet50 ILSVRC2012_val_00002953 rise_budget_2048 seed=4 10.43s
204 done imagenet resnet50 ILSVRC2012_val_00002953 rise_budget_1024 seed=3 4.56s
205 done imagenet resnet50 ILSVRC2012_val_00002953 kernel_shap_budget_2048 seed=0 4.93s
206 done imagenet resnet50 ILSVRC2012_val_00002953 kernel_shap_budget_2048 seed=3 4.62s
207 done imagenet resnet50 ILSVRC2012_val_00002953 kernel_shap_budget_1024 seed=2 2.17s
208 done imagenet resnet50 ILSVRC2012_val_00002953 lime_budget_512 seed=4 1.09s
209 done imagenet resnet50 ILSVRC2012_val_00002953 kernel_shap_budget_2048 seed=1 4.60s
210 done imagenet resnet50 ILSVRC2012_val_00002953 lime_budget_512 seed=1 1.26s
211 done imagenet resnet50 ILSVRC2012_val_00002953 rise_budget_1024 seed=4 5.39s
212 done imagenet resnet50 ILSVRC2012_val_00002953 kernel_shap_budget_1024 seed=1 2.38s
213 done imagenet resnet50 ILSVRC2012_val_00002953 lime_budget_256 seed=1 0.55s
214 done imagenet resnet50 ILSVRC2012_val_00002953 lime_budget_1024 seed=4 2.40s
215 done imagenet resnet50 ILSVRC2012_val_00002953 lime_budget_2048 seed=2 5.19s
216 done imagenet resnet50 ILSVRC2012_val_00002953 rise_budget_1024 seed=0 4.90s
217 done imagenet resnet50 ILSVRC2012_val_00002953 rise_budget_2048 seed=2 7.74s
218 done imagenet resnet50 ILSVRC2012_val_00002953 rise_budget_1024 seed=1 5.03s
219 done imagenet resnet50 ILSVRC2012_val_00002953 lime_budget_256 seed=0 0.62s
220 done imagenet resnet50 ILSVRC2012_val_00002953 lime_budget_2048 seed=4 4.55s
221 done imagenet resnet50 ILSVRC2012_val_00002953 kernel_shap_budget_256 seed=3 0.69s
222 done imagenet resnet50 ILSVRC2012_val_00002953 rise_budget_2048 seed=0 9.08s
223 done imagenet resnet50 ILSVRC2012_val_00002953 lime_budget_256 seed=4 0.55s
224 done imagenet resnet50 ILSVRC2012_val_00002953 lime_budget_2048 seed=1 4.49s
225 done imagenet resnet50 ILSVRC2012_val_00002953 kernel_shap_budget_512 seed=0 1.19s
226 done imagenet resnet50 ILSVRC2012_val_00002953 rise_budget_512 seed=1 2.68s
227 done imagenet resnet50 ILSVRC2012_val_00002953 lime_budget_1024 seed=0 2.39s
228 done imagenet resnet50 ILSVRC2012_val_00002953 lime_budget_2048 seed=0 4.53s
229 done imagenet resnet50 ILSVRC2012_val_00002953 kernel_shap_budget_256 seed=2 0.60s
230 done imagenet resnet50 ILSVRC2012_val_00002953 rise_budget_256 seed=3 1.34s
231 done imagenet resnet50 ILSVRC2012_val_00002953 kernel_shap_budget_1024 seed=3 2.45s
232 done imagenet resnet50 ILSVRC2012_val_00002953 kernel_shap_budget_256 seed=1 0.60s
233 done imagenet resnet50 ILSVRC2012_val_00002953 lime_budget_512 seed=0 1.26s
234 done imagenet resnet50 ILSVRC2012_val_00002953 lime_budget_1024 seed=2 2.43s
235 done imagenet resnet50 ILSVRC2012_val_00002953 rise_budget_512 seed=3 2.38s
236 done imagenet resnet50 ILSVRC2012_val_00002953 kernel_shap_budget_1024 seed=0 2.38s
237 done imagenet resnet50 ILSVRC2012_val_00002953 rise_budget_2048 seed=1 10.18s
238 done imagenet resnet50 ILSVRC2012_val_00002953 lime_budget_512 seed=2 1.28s
239 done imagenet resnet50 ILSVRC2012_val_00002953 rise_budget_256 seed=2 1.36s
240 done imagenet resnet50 ILSVRC2012_val_00002953 rise_budget_1024 seed=2 5.01s
241 done imagenet resnet50 ILSVRC2012_val_00002953 rise_budget_256 seed=1 1.34s
242 done imagenet resnet50 ILSVRC2012_val_00002953 kernel_shap_budget_512 seed=3 1.21s
243 done imagenet resnet50 ILSVRC2012_val_00002953 lime_budget_256 seed=3 0.68s
244 done imagenet resnet50 ILSVRC2012_val_00002953 lime_budget_256 seed=2 0.55s
245 done imagenet resnet50 ILSVRC2012_val_00004451 lime_budget_2048 seed=2 4.30s
246 done imagenet resnet50 ILSVRC2012_val_00004451 rise_budget_1024 seed=3 4.65s
247 done imagenet resnet50 ILSVRC2012_val_00004451 lime_budget_512 seed=1 1.17s
248 done imagenet resnet50 ILSVRC2012_val_00004451 kernel_shap_budget_1024 seed=0 2.20s
249 done imagenet resnet50 ILSVRC2012_val_00004451 rise_budget_1024 seed=0 5.14s
250 done imagenet resnet50 ILSVRC2012_val_00004451 kernel_shap_budget_1024 seed=2 2.17s
251 done imagenet resnet50 ILSVRC2012_val_00004451 kernel_shap_budget_512 seed=2 1.07s
252 done imagenet resnet50 ILSVRC2012_val_00004451 lime_budget_256 seed=0 0.55s
253 done imagenet resnet50 ILSVRC2012_val_00004451 rise_budget_512 seed=3 2.36s
254 done imagenet resnet50 ILSVRC2012_val_00004451 lime_budget_2048 seed=3 4.78s
255 done imagenet resnet50 ILSVRC2012_val_00004451 lime_budget_256 seed=3 0.70s
256 done imagenet resnet50 ILSVRC2012_val_00004451 rise_budget_2048 seed=2 10.56s
257 done imagenet resnet50 ILSVRC2012_val_00004451 lime_budget_1024 seed=1 2.45s
258 done imagenet resnet50 ILSVRC2012_val_00004451 ablation_default seed=None 0.18s
259 done imagenet resnet50 ILSVRC2012_val_00004451 kernel_shap_budget_2048 seed=4 5.11s
260 done imagenet resnet50 ILSVRC2012_val_00004451 kernel_shap_budget_512 seed=1 1.22s
261 done imagenet resnet50 ILSVRC2012_val_00004451 rise_budget_256 seed=1 1.35s
262 done imagenet resnet50 ILSVRC2012_val_00004451 lime_budget_1024 seed=4 2.49s
263 done imagenet resnet50 ILSVRC2012_val_00004451 kernel_shap_budget_2048 seed=0 4.49s
264 done imagenet resnet50 ILSVRC2012_val_00004451 kernel_shap_budget_2048 seed=2 4.33s
265 done imagenet resnet50 ILSVRC2012_val_00004451 kernel_shap_budget_1024 seed=1 2.23s
266 done imagenet resnet50 ILSVRC2012_val_00004451 rise_budget_256 seed=2 1.40s
267 done imagenet resnet50 ILSVRC2012_val_00004451 kernel_shap_budget_256 seed=4 0.59s
268 done imagenet resnet50 ILSVRC2012_val_00004451 rise_budget_1024 seed=2 5.31s
269 done imagenet resnet50 ILSVRC2012_val_00004451 lime_budget_1024 seed=2 2.62s
270 done imagenet resnet50 ILSVRC2012_val_00004451 lime_budget_512 seed=2 1.28s
271 done imagenet resnet50 ILSVRC2012_val_00004451 kernel_shap_budget_2048 seed=3 4.76s
272 done imagenet resnet50 ILSVRC2012_val_00004451 rise_budget_512 seed=2 2.34s
273 done imagenet resnet50 ILSVRC2012_val_00004451 rise_budget_256 seed=4 1.15s
274 done imagenet resnet50 ILSVRC2012_val_00004451 kernel_shap_budget_512 seed=4 1.12s
275 done imagenet resnet50 ILSVRC2012_val_00004451 lime_budget_512 seed=0 1.23s
276 done imagenet resnet50 ILSVRC2012_val_00004451 lime_budget_1024 seed=0 2.36s
277 done imagenet resnet50 ILSVRC2012_val_00004451 lime_budget_2048 seed=0 4.88s
278 done imagenet resnet50 ILSVRC2012_val_00004451 rise_budget_2048 seed=4 11.17s
279 done imagenet resnet50 ILSVRC2012_val_00004451 lime_budget_2048 seed=4 4.39s
280 done imagenet resnet50 ILSVRC2012_val_00004451 rise_budget_512 seed=0 2.18s
281 done imagenet resnet50 ILSVRC2012_val_00004451 rise_budget_2048 seed=0 9.55s
282 done imagenet resnet50 ILSVRC2012_val_00004451 rise_budget_1024 seed=4 4.77s
283 done imagenet resnet50 ILSVRC2012_val_00004451 kernel_shap_budget_256 seed=3 0.57s
284 done imagenet resnet50 ILSVRC2012_val_00004451 kernel_shap_budget_256 seed=1 0.56s
285 done imagenet resnet50 ILSVRC2012_val_00004451 kernel_shap_budget_512 seed=3 1.19s
286 done imagenet resnet50 ILSVRC2012_val_00004451 kernel_shap_budget_256 seed=0 0.63s
287 done imagenet resnet50 ILSVRC2012_val_00004451 rise_budget_1024 seed=1 5.32s
288 done imagenet resnet50 ILSVRC2012_val_00004451 kernel_shap_budget_256 seed=2 0.61s
289 done imagenet resnet50 ILSVRC2012_val_00004451 rise_budget_256 seed=0 1.39s
290 done imagenet resnet50 ILSVRC2012_val_00004451 rise_budget_2048 seed=3 10.52s
291 done imagenet resnet50 ILSVRC2012_val_00004451 lime_budget_2048 seed=1 4.64s
292 done imagenet resnet50 ILSVRC2012_val_00004451 lime_budget_256 seed=4 0.64s
293 done imagenet resnet50 ILSVRC2012_val_00004451 kernel_shap_budget_1024 seed=3 2.60s
294 done imagenet resnet50 ILSVRC2012_val_00004451 kernel_shap_budget_2048 seed=1 4.89s
295 done imagenet resnet50 ILSVRC2012_val_00004451 kernel_shap_budget_1024 seed=4 2.48s
296 done imagenet resnet50 ILSVRC2012_val_00004451 rise_budget_512 seed=1 2.84s
297 done imagenet resnet50 ILSVRC2012_val_00004451 rise_budget_512 seed=4 2.33s
298 done imagenet resnet50 ILSVRC2012_val_00004451 kernel_shap_budget_512 seed=0 1.16s
299 done imagenet resnet50 ILSVRC2012_val_00004451 lime_budget_1024 seed=3 2.36s
300 done imagenet resnet50 ILSVRC2012_val_00004451 rise_budget_256 seed=3 1.38s
301 done imagenet resnet50 ILSVRC2012_val_00004451 lime_budget_256 seed=2 0.74s
302 done imagenet resnet50 ILSVRC2012_val_00004451 rise_budget_2048 seed=1 10.12s
303 done imagenet resnet50 ILSVRC2012_val_00004451 lime_budget_256 seed=1 0.61s
304 done imagenet resnet50 ILSVRC2012_val_00004451 lime_budget_512 seed=4 1.15s
305 done imagenet resnet50 ILSVRC2012_val_00004451 lime_budget_512 seed=3 1.16s
306 done imagenet resnet50 ILSVRC2012_val_00005873 ablation_default seed=None 0.18s
307 done imagenet resnet50 ILSVRC2012_val_00005873 rise_budget_512 seed=3 2.34s
308 done imagenet resnet50 ILSVRC2012_val_00005873 rise_budget_512 seed=1 2.50s
309 done imagenet resnet50 ILSVRC2012_val_00005873 rise_budget_256 seed=2 1.32s
310 done imagenet resnet50 ILSVRC2012_val_00005873 rise_budget_2048 seed=3 9.56s
311 done imagenet resnet50 ILSVRC2012_val_00005873 rise_budget_1024 seed=2 5.00s
312 done imagenet resnet50 ILSVRC2012_val_00005873 kernel_shap_budget_256 seed=1 0.70s
313 done imagenet resnet50 ILSVRC2012_val_00005873 kernel_shap_budget_2048 seed=2 4.68s
314 done imagenet resnet50 ILSVRC2012_val_00005873 kernel_shap_budget_512 seed=3 1.09s
315 done imagenet resnet50 ILSVRC2012_val_00005873 rise_budget_256 seed=3 1.09s
316 done imagenet resnet50 ILSVRC2012_val_00005873 rise_budget_1024 seed=0 4.85s
317 done imagenet resnet50 ILSVRC2012_val_00005873 lime_budget_1024 seed=0 2.30s
318 done imagenet resnet50 ILSVRC2012_val_00005873 rise_budget_2048 seed=1 9.53s
319 done imagenet resnet50 ILSVRC2012_val_00005873 lime_budget_512 seed=1 1.44s
320 done imagenet resnet50 ILSVRC2012_val_00005873 kernel_shap_budget_512 seed=0 1.32s
321 done imagenet resnet50 ILSVRC2012_val_00005873 lime_budget_256 seed=3 0.63s
322 done imagenet resnet50 ILSVRC2012_val_00005873 rise_budget_512 seed=2 2.32s
323 done imagenet resnet50 ILSVRC2012_val_00005873 rise_budget_256 seed=4 1.09s
324 done imagenet resnet50 ILSVRC2012_val_00005873 rise_budget_1024 seed=4 4.48s
325 done imagenet resnet50 ILSVRC2012_val_00005873 kernel_shap_budget_512 seed=1 1.22s
326 done imagenet resnet50 ILSVRC2012_val_00005873 lime_budget_256 seed=1 0.72s
327 done imagenet resnet50 ILSVRC2012_val_00005873 kernel_shap_budget_2048 seed=1 4.47s
328 done imagenet resnet50 ILSVRC2012_val_00005873 kernel_shap_budget_2048 seed=3 4.37s
329 done imagenet resnet50 ILSVRC2012_val_00005873 rise_budget_512 seed=0 2.43s
330 done imagenet resnet50 ILSVRC2012_val_00005873 lime_budget_256 seed=2 0.91s
331 done imagenet resnet50 ILSVRC2012_val_00005873 rise_budget_2048 seed=0 10.48s
332 done imagenet resnet50 ILSVRC2012_val_00005873 kernel_shap_budget_256 seed=3 0.55s
333 done imagenet resnet50 ILSVRC2012_val_00005873 lime_budget_2048 seed=3 4.36s
334 done imagenet resnet50 ILSVRC2012_val_00005873 kernel_shap_budget_2048 seed=4 4.45s
335 done imagenet resnet50 ILSVRC2012_val_00005873 kernel_shap_budget_1024 seed=2 2.14s
336 done imagenet resnet50 ILSVRC2012_val_00005873 lime_budget_1024 seed=4 2.35s
337 done imagenet resnet50 ILSVRC2012_val_00005873 rise_budget_2048 seed=4 9.17s
338 done imagenet resnet50 ILSVRC2012_val_00005873 lime_budget_1024 seed=3 2.26s
339 done imagenet resnet50 ILSVRC2012_val_00005873 rise_budget_2048 seed=2 10.31s
340 done imagenet resnet50 ILSVRC2012_val_00005873 kernel_shap_budget_512 seed=4 1.11s
341 done imagenet resnet50 ILSVRC2012_val_00005873 rise_budget_512 seed=4 2.54s
342 done imagenet resnet50 ILSVRC2012_val_00005873 kernel_shap_budget_1024 seed=1 2.43s
343 done imagenet resnet50 ILSVRC2012_val_00005873 kernel_shap_budget_1024 seed=3 2.58s
344 done imagenet resnet50 ILSVRC2012_val_00005873 kernel_shap_budget_1024 seed=0 2.52s
345 done imagenet resnet50 ILSVRC2012_val_00005873 lime_budget_256 seed=4 0.72s
346 done imagenet resnet50 ILSVRC2012_val_00005873 kernel_shap_budget_256 seed=4 0.70s
347 done imagenet resnet50 ILSVRC2012_val_00005873 rise_budget_1024 seed=1 4.54s
348 done imagenet resnet50 ILSVRC2012_val_00005873 kernel_shap_budget_2048 seed=0 4.53s
349 done imagenet resnet50 ILSVRC2012_val_00005873 kernel_shap_budget_512 seed=2 1.28s
350 done imagenet resnet50 ILSVRC2012_val_00005873 lime_budget_1024 seed=1 2.63s
351 done imagenet resnet50 ILSVRC2012_val_00005873 lime_budget_256 seed=0 0.55s
352 done imagenet resnet50 ILSVRC2012_val_00005873 lime_budget_512 seed=4 1.09s
353 done imagenet resnet50 ILSVRC2012_val_00005873 rise_budget_1024 seed=3 4.55s
354 done imagenet resnet50 ILSVRC2012_val_00005873 lime_budget_512 seed=0 1.18s
355 done imagenet resnet50 ILSVRC2012_val_00005873 rise_budget_256 seed=0 1.11s
356 done imagenet resnet50 ILSVRC2012_val_00005873 lime_budget_512 seed=3 1.18s
357 done imagenet resnet50 ILSVRC2012_val_00005873 kernel_shap_budget_256 seed=0 0.57s
358 done imagenet resnet50 ILSVRC2012_val_00005873 kernel_shap_budget_1024 seed=4 2.46s
359 done imagenet resnet50 ILSVRC2012_val_00005873 lime_budget_2048 seed=2 4.72s
360 done imagenet resnet50 ILSVRC2012_val_00005873 lime_budget_1024 seed=2 2.46s
361 done imagenet resnet50 ILSVRC2012_val_00005873 lime_budget_2048 seed=4 4.93s
362 done imagenet resnet50 ILSVRC2012_val_00005873 rise_budget_256 seed=1 1.28s
363 done imagenet resnet50 ILSVRC2012_val_00005873 lime_budget_2048 seed=1 4.94s
364 done imagenet resnet50 ILSVRC2012_val_00005873 lime_budget_2048 seed=0 4.74s
365 done imagenet resnet50 ILSVRC2012_val_00005873 kernel_shap_budget_256 seed=2 0.55s
366 done imagenet resnet50 ILSVRC2012_val_00005873 lime_budget_512 seed=2 1.17s
367 done imagenet resnet50 ILSVRC2012_val_00006049 rise_budget_256 seed=1 1.25s
368 done imagenet resnet50 ILSVRC2012_val_00006049 lime_budget_2048 seed=4 4.69s
369 done imagenet resnet50 ILSVRC2012_val_00006049 rise_budget_1024 seed=1 4.60s
370 done imagenet resnet50 ILSVRC2012_val_00006049 kernel_shap_budget_2048 seed=3 4.37s
371 done imagenet resnet50 ILSVRC2012_val_00006049 rise_budget_512 seed=1 2.37s
372 done imagenet resnet50 ILSVRC2012_val_00006049 lime_budget_256 seed=2 0.66s
373 done imagenet resnet50 ILSVRC2012_val_00006049 kernel_shap_budget_256 seed=3 0.63s
374 done imagenet resnet50 ILSVRC2012_val_00006049 rise_budget_512 seed=4 2.46s
375 done imagenet resnet50 ILSVRC2012_val_00006049 kernel_shap_budget_256 seed=0 0.54s
376 done imagenet resnet50 ILSVRC2012_val_00006049 rise_budget_1024 seed=2 4.62s
377 done imagenet resnet50 ILSVRC2012_val_00006049 kernel_shap_budget_2048 seed=1 4.68s
378 done imagenet resnet50 ILSVRC2012_val_00006049 lime_budget_512 seed=4 1.19s
379 done imagenet resnet50 ILSVRC2012_val_00006049 kernel_shap_budget_2048 seed=4 4.40s
380 done imagenet resnet50 ILSVRC2012_val_00006049 lime_budget_2048 seed=1 4.71s
381 done imagenet resnet50 ILSVRC2012_val_00006049 kernel_shap_budget_1024 seed=3 2.47s
382 done imagenet resnet50 ILSVRC2012_val_00006049 kernel_shap_budget_1024 seed=2 2.41s
383 done imagenet resnet50 ILSVRC2012_val_00006049 lime_budget_256 seed=0 0.60s
384 done imagenet resnet50 ILSVRC2012_val_00006049 lime_budget_512 seed=3 1.10s
385 done imagenet resnet50 ILSVRC2012_val_00006049 kernel_shap_budget_1024 seed=0 2.34s
386 done imagenet resnet50 ILSVRC2012_val_00006049 kernel_shap_budget_512 seed=2 1.28s
387 done imagenet resnet50 ILSVRC2012_val_00006049 lime_budget_1024 seed=1 2.66s
388 done imagenet resnet50 ILSVRC2012_val_00006049 kernel_shap_budget_512 seed=1 1.32s
389 done imagenet resnet50 ILSVRC2012_val_00006049 rise_budget_2048 seed=4 10.01s
390 done imagenet resnet50 ILSVRC2012_val_00006049 kernel_shap_budget_2048 seed=2 4.69s
391 done imagenet resnet50 ILSVRC2012_val_00006049 rise_budget_512 seed=3 2.77s
392 done imagenet resnet50 ILSVRC2012_val_00006049 lime_budget_256 seed=1 0.68s
393 done imagenet resnet50 ILSVRC2012_val_00006049 lime_budget_256 seed=3 0.60s
394 done imagenet resnet50 ILSVRC2012_val_00006049 lime_budget_512 seed=2 1.30s
395 done imagenet resnet50 ILSVRC2012_val_00006049 rise_budget_2048 seed=2 9.94s
396 done imagenet resnet50 ILSVRC2012_val_00006049 lime_budget_2048 seed=2 4.57s
397 done imagenet resnet50 ILSVRC2012_val_00006049 kernel_shap_budget_256 seed=1 0.56s
398 done imagenet resnet50 ILSVRC2012_val_00006049 rise_budget_1024 seed=4 5.15s
399 done imagenet resnet50 ILSVRC2012_val_00006049 rise_budget_2048 seed=0 9.43s
400 done imagenet resnet50 ILSVRC2012_val_00006049 lime_budget_512 seed=1 1.14s
401 done imagenet resnet50 ILSVRC2012_val_00006049 lime_budget_1024 seed=4 2.37s
402 done imagenet resnet50 ILSVRC2012_val_00006049 kernel_shap_budget_256 seed=4 0.63s
403 done imagenet resnet50 ILSVRC2012_val_00006049 rise_budget_1024 seed=3 5.00s
404 done imagenet resnet50 ILSVRC2012_val_00006049 kernel_shap_budget_512 seed=0 1.09s
405 done imagenet resnet50 ILSVRC2012_val_00006049 lime_budget_2048 seed=0 4.40s
406 done imagenet resnet50 ILSVRC2012_val_00006049 lime_budget_1024 seed=0 2.84s
407 done imagenet resnet50 ILSVRC2012_val_00006049 rise_budget_1024 seed=0 4.90s
408 done imagenet resnet50 ILSVRC2012_val_00006049 kernel_shap_budget_1024 seed=1 2.14s
409 done imagenet resnet50 ILSVRC2012_val_00006049 rise_budget_256 seed=0 1.18s
410 done imagenet resnet50 ILSVRC2012_val_00006049 kernel_shap_budget_2048 seed=0 4.62s
411 done imagenet resnet50 ILSVRC2012_val_00006049 lime_budget_1024 seed=2 2.28s
412 done imagenet resnet50 ILSVRC2012_val_00006049 lime_budget_2048 seed=3 4.65s
413 done imagenet resnet50 ILSVRC2012_val_00006049 rise_budget_256 seed=2 1.22s
414 done imagenet resnet50 ILSVRC2012_val_00006049 kernel_shap_budget_512 seed=4 1.23s
415 done imagenet resnet50 ILSVRC2012_val_00006049 rise_budget_2048 seed=1 9.69s
416 done imagenet resnet50 ILSVRC2012_val_00006049 rise_budget_256 seed=3 1.08s
417 done imagenet resnet50 ILSVRC2012_val_00006049 kernel_shap_budget_256 seed=2 0.54s
418 done imagenet resnet50 ILSVRC2012_val_00006049 lime_budget_512 seed=0 1.06s
419 done imagenet resnet50 ILSVRC2012_val_00006049 rise_budget_2048 seed=3 8.96s
420 done imagenet resnet50 ILSVRC2012_val_00006049 kernel_shap_budget_512 seed=3 1.11s
421 done imagenet resnet50 ILSVRC2012_val_00006049 lime_budget_1024 seed=3 2.25s
422 done imagenet resnet50 ILSVRC2012_val_00006049 lime_budget_256 seed=4 0.66s
423 done imagenet resnet50 ILSVRC2012_val_00006049 ablation_default seed=None 0.15s
424 done imagenet resnet50 ILSVRC2012_val_00006049 rise_budget_512 seed=2 2.50s
425 done imagenet resnet50 ILSVRC2012_val_00006049 rise_budget_512 seed=0 2.63s
426 done imagenet resnet50 ILSVRC2012_val_00006049 kernel_shap_budget_1024 seed=4 2.54s
427 done imagenet resnet50 ILSVRC2012_val_00006049 rise_budget_256 seed=4 1.55s
428 done imagenet resnet50 ILSVRC2012_val_00006321 kernel_shap_budget_1024 seed=0 2.39s
429 done imagenet resnet50 ILSVRC2012_val_00006321 ablation_default seed=None 0.16s
430 done imagenet resnet50 ILSVRC2012_val_00006321 rise_budget_2048 seed=4 10.55s
431 done imagenet resnet50 ILSVRC2012_val_00006321 rise_budget_512 seed=3 2.71s
432 done imagenet resnet50 ILSVRC2012_val_00006321 lime_budget_256 seed=0 0.61s
433 done imagenet resnet50 ILSVRC2012_val_00006321 kernel_shap_budget_256 seed=2 0.53s
434 done imagenet resnet50 ILSVRC2012_val_00006321 kernel_shap_budget_2048 seed=3 4.79s
435 done imagenet resnet50 ILSVRC2012_val_00006321 lime_budget_1024 seed=3 2.39s
436 done imagenet resnet50 ILSVRC2012_val_00006321 rise_budget_256 seed=4 1.39s
437 done imagenet resnet50 ILSVRC2012_val_00006321 rise_budget_512 seed=4 2.69s
438 done imagenet resnet50 ILSVRC2012_val_00006321 lime_budget_1024 seed=0 2.64s
439 done imagenet resnet50 ILSVRC2012_val_00006321 kernel_shap_budget_512 seed=4 1.18s
440 done imagenet resnet50 ILSVRC2012_val_00006321 kernel_shap_budget_256 seed=0 0.59s
441 done imagenet resnet50 ILSVRC2012_val_00006321 rise_budget_1024 seed=0 4.93s
442 done imagenet resnet50 ILSVRC2012_val_00006321 kernel_shap_budget_2048 seed=1 4.53s
443 done imagenet resnet50 ILSVRC2012_val_00006321 rise_budget_256 seed=0 1.15s
444 done imagenet resnet50 ILSVRC2012_val_00006321 lime_budget_512 seed=3 1.39s
445 done imagenet resnet50 ILSVRC2012_val_00006321 lime_budget_1024 seed=1 2.34s
446 done imagenet resnet50 ILSVRC2012_val_00006321 rise_budget_2048 seed=2 9.11s
447 done imagenet resnet50 ILSVRC2012_val_00006321 kernel_shap_budget_1024 seed=3 2.45s
448 done imagenet resnet50 ILSVRC2012_val_00006321 lime_budget_2048 seed=3 4.38s
449 done imagenet resnet50 ILSVRC2012_val_00006321 kernel_shap_budget_2048 seed=4 4.79s
450 done imagenet resnet50 ILSVRC2012_val_00006321 lime_budget_256 seed=1 0.70s
451 done imagenet resnet50 ILSVRC2012_val_00006321 lime_budget_512 seed=4 1.32s
452 done imagenet resnet50 ILSVRC2012_val_00006321 rise_budget_2048 seed=3 9.82s
453 done imagenet resnet50 ILSVRC2012_val_00006321 rise_budget_1024 seed=1 4.91s
454 done imagenet resnet50 ILSVRC2012_val_00006321 rise_budget_2048 seed=0 9.56s
455 done imagenet resnet50 ILSVRC2012_val_00006321 rise_budget_256 seed=3 1.17s
456 done imagenet resnet50 ILSVRC2012_val_00006321 rise_budget_1024 seed=2 4.55s
457 done imagenet resnet50 ILSVRC2012_val_00006321 lime_budget_1024 seed=4 2.54s
458 done imagenet resnet50 ILSVRC2012_val_00006321 rise_budget_256 seed=1 1.26s
459 done imagenet resnet50 ILSVRC2012_val_00006321 kernel_shap_budget_512 seed=3 1.28s
460 done imagenet resnet50 ILSVRC2012_val_00006321 lime_budget_2048 seed=1 5.02s
461 done imagenet resnet50 ILSVRC2012_val_00006321 kernel_shap_budget_512 seed=1 1.09s
462 done imagenet resnet50 ILSVRC2012_val_00006321 kernel_shap_budget_256 seed=3 0.54s
463 done imagenet resnet50 ILSVRC2012_val_00006321 lime_budget_256 seed=2 0.62s
464 done imagenet resnet50 ILSVRC2012_val_00006321 rise_budget_256 seed=2 1.11s
465 done imagenet resnet50 ILSVRC2012_val_00006321 kernel_shap_budget_256 seed=4 0.55s
466 done imagenet resnet50 ILSVRC2012_val_00006321 kernel_shap_budget_1024 seed=1 2.26s
467 done imagenet resnet50 ILSVRC2012_val_00006321 kernel_shap_budget_1024 seed=4 2.18s
468 done imagenet resnet50 ILSVRC2012_val_00006321 kernel_shap_budget_1024 seed=2 2.22s
469 done imagenet resnet50 ILSVRC2012_val_00006321 kernel_shap_budget_512 seed=2 1.09s
470 done imagenet resnet50 ILSVRC2012_val_00006321 kernel_shap_budget_2048 seed=2 4.32s
471 done imagenet resnet50 ILSVRC2012_val_00006321 rise_budget_1024 seed=3 4.93s
472 done imagenet resnet50 ILSVRC2012_val_00006321 lime_budget_2048 seed=2 4.92s
473 done imagenet resnet50 ILSVRC2012_val_00006321 kernel_shap_budget_512 seed=0 1.06s
474 done imagenet resnet50 ILSVRC2012_val_00006321 lime_budget_256 seed=4 0.61s
475 done imagenet resnet50 ILSVRC2012_val_00006321 lime_budget_512 seed=1 1.47s
476 done imagenet resnet50 ILSVRC2012_val_00006321 rise_budget_512 seed=1 2.62s
477 done imagenet resnet50 ILSVRC2012_val_00006321 lime_budget_2048 seed=4 4.70s
478 done imagenet resnet50 ILSVRC2012_val_00006321 kernel_shap_budget_2048 seed=0 4.19s
479 done imagenet resnet50 ILSVRC2012_val_00006321 lime_budget_256 seed=3 0.66s
480 done imagenet resnet50 ILSVRC2012_val_00006321 rise_budget_512 seed=2 2.39s
481 done imagenet resnet50 ILSVRC2012_val_00006321 rise_budget_2048 seed=1 7.14s
482 done imagenet resnet50 ILSVRC2012_val_00006321 kernel_shap_budget_256 seed=1 0.61s
483 done imagenet resnet50 ILSVRC2012_val_00006321 lime_budget_1024 seed=2 2.44s
484 done imagenet resnet50 ILSVRC2012_val_00006321 lime_budget_512 seed=2 1.11s
485 done imagenet resnet50 ILSVRC2012_val_00006321 lime_budget_2048 seed=0 4.11s
486 done imagenet resnet50 ILSVRC2012_val_00006321 rise_budget_512 seed=0 2.13s
487 done imagenet resnet50 ILSVRC2012_val_00006321 lime_budget_512 seed=0 1.21s
488 done imagenet resnet50 ILSVRC2012_val_00006321 rise_budget_1024 seed=4 5.07s
489 done imagenet resnet50 ILSVRC2012_val_00006565 kernel_shap_budget_512 seed=2 1.27s
490 done imagenet resnet50 ILSVRC2012_val_00006565 kernel_shap_budget_2048 seed=3 4.75s
491 done imagenet resnet50 ILSVRC2012_val_00006565 lime_budget_512 seed=3 1.28s
492 done imagenet resnet50 ILSVRC2012_val_00006565 rise_budget_256 seed=1 1.22s
493 done imagenet resnet50 ILSVRC2012_val_00006565 kernel_shap_budget_2048 seed=0 4.55s
494 done imagenet resnet50 ILSVRC2012_val_00006565 lime_budget_2048 seed=1 4.71s
495 done imagenet resnet50 ILSVRC2012_val_00006565 lime_budget_256 seed=3 0.66s
496 done imagenet resnet50 ILSVRC2012_val_00006565 kernel_shap_budget_1024 seed=4 2.47s
497 done imagenet resnet50 ILSVRC2012_val_00006565 rise_budget_2048 seed=3 9.72s
498 done imagenet resnet50 ILSVRC2012_val_00006565 kernel_shap_budget_512 seed=1 1.05s
499 done imagenet resnet50 ILSVRC2012_val_00006565 rise_budget_1024 seed=2 4.52s
500 done imagenet resnet50 ILSVRC2012_val_00006565 lime_budget_1024 seed=4 2.08s
501 done imagenet resnet50 ILSVRC2012_val_00006565 kernel_shap_budget_512 seed=4 1.06s
502 done imagenet resnet50 ILSVRC2012_val_00006565 lime_budget_512 seed=1 1.04s
503 done imagenet resnet50 ILSVRC2012_val_00006565 kernel_shap_budget_256 seed=1 0.56s
504 done imagenet resnet50 ILSVRC2012_val_00006565 rise_budget_2048 seed=0 9.66s
505 done imagenet resnet50 ILSVRC2012_val_00006565 kernel_shap_budget_256 seed=2 0.59s
506 done imagenet resnet50 ILSVRC2012_val_00006565 lime_budget_256 seed=1 0.73s
507 done imagenet resnet50 ILSVRC2012_val_00006565 lime_budget_256 seed=2 0.70s
508 done imagenet resnet50 ILSVRC2012_val_00006565 lime_budget_512 seed=4 1.29s
509 done imagenet resnet50 ILSVRC2012_val_00006565 rise_budget_512 seed=0 2.21s
510 done imagenet resnet50 ILSVRC2012_val_00006565 lime_budget_1024 seed=1 2.31s
511 done imagenet resnet50 ILSVRC2012_val_00006565 kernel_shap_budget_256 seed=0 0.53s
512 done imagenet resnet50 ILSVRC2012_val_00006565 kernel_shap_budget_1024 seed=0 2.13s
513 done imagenet resnet50 ILSVRC2012_val_00006565 ablation_default seed=None 0.18s
514 done imagenet resnet50 ILSVRC2012_val_00006565 rise_budget_2048 seed=1 9.53s
515 done imagenet resnet50 ILSVRC2012_val_00006565 rise_budget_512 seed=4 2.30s
516 done imagenet resnet50 ILSVRC2012_val_00006565 rise_budget_512 seed=2 2.45s
517 done imagenet resnet50 ILSVRC2012_val_00006565 lime_budget_2048 seed=3 4.67s
518 done imagenet resnet50 ILSVRC2012_val_00006565 lime_budget_256 seed=0 0.61s
519 done imagenet resnet50 ILSVRC2012_val_00006565 kernel_shap_budget_256 seed=4 0.52s
520 done imagenet resnet50 ILSVRC2012_val_00006565 kernel_shap_budget_2048 seed=2 4.15s
521 done imagenet resnet50 ILSVRC2012_val_00006565 rise_budget_256 seed=0 1.09s
522 done imagenet resnet50 ILSVRC2012_val_00006565 lime_budget_1024 seed=2 2.12s
523 done imagenet resnet50 ILSVRC2012_val_00006565 kernel_shap_budget_2048 seed=4 4.65s
524 done imagenet resnet50 ILSVRC2012_val_00006565 kernel_shap_budget_512 seed=3 1.18s
525 done imagenet resnet50 ILSVRC2012_val_00006565 rise_budget_2048 seed=2 10.03s
526 done imagenet resnet50 ILSVRC2012_val_00006565 lime_budget_2048 seed=4 4.55s
527 done imagenet resnet50 ILSVRC2012_val_00006565 rise_budget_1024 seed=1 4.81s
528 done imagenet resnet50 ILSVRC2012_val_00006565 kernel_shap_budget_1024 seed=3 2.46s
529 done imagenet resnet50 ILSVRC2012_val_00006565 rise_budget_256 seed=3 1.16s
530 done imagenet resnet50 ILSVRC2012_val_00006565 lime_budget_256 seed=4 0.71s
531 done imagenet resnet50 ILSVRC2012_val_00006565 lime_budget_2048 seed=2 4.64s
532 done imagenet resnet50 ILSVRC2012_val_00006565 rise_budget_256 seed=4 1.24s
533 done imagenet resnet50 ILSVRC2012_val_00006565 kernel_shap_budget_1024 seed=1 2.31s
534 done imagenet resnet50 ILSVRC2012_val_00006565 kernel_shap_budget_2048 seed=1 4.73s
535 done imagenet resnet50 ILSVRC2012_val_00006565 rise_budget_1024 seed=3 5.42s
536 done imagenet resnet50 ILSVRC2012_val_00006565 rise_budget_512 seed=1 2.43s
537 done imagenet resnet50 ILSVRC2012_val_00006565 lime_budget_2048 seed=0 4.75s
538 done imagenet resnet50 ILSVRC2012_val_00006565 lime_budget_1024 seed=0 2.07s
539 done imagenet resnet50 ILSVRC2012_val_00006565 rise_budget_1024 seed=0 4.93s
540 done imagenet resnet50 ILSVRC2012_val_00006565 kernel_shap_budget_512 seed=0 1.23s
541 done imagenet resnet50 ILSVRC2012_val_00006565 rise_budget_1024 seed=4 4.60s
542 done imagenet resnet50 ILSVRC2012_val_00006565 kernel_shap_budget_256 seed=3 0.53s
543 done imagenet resnet50 ILSVRC2012_val_00006565 rise_budget_512 seed=3 2.43s
544 done imagenet resnet50 ILSVRC2012_val_00006565 rise_budget_2048 seed=4 9.69s
545 done imagenet resnet50 ILSVRC2012_val_00006565 lime_budget_1024 seed=3 2.20s
546 done imagenet resnet50 ILSVRC2012_val_00006565 lime_budget_512 seed=0 1.15s
547 done imagenet resnet50 ILSVRC2012_val_00006565 rise_budget_256 seed=2 1.11s
548 done imagenet resnet50 ILSVRC2012_val_00006565 lime_budget_512 seed=2 1.11s
549 done imagenet resnet50 ILSVRC2012_val_00006565 kernel_shap_budget_1024 seed=2 2.52s
550 done imagenet resnet50 ILSVRC2012_val_00006981 kernel_shap_budget_1024 seed=2 2.33s
551 done imagenet resnet50 ILSVRC2012_val_00006981 kernel_shap_budget_256 seed=0 0.64s
552 done imagenet resnet50 ILSVRC2012_val_00006981 lime_budget_1024 seed=3 2.63s
553 done imagenet resnet50 ILSVRC2012_val_00006981 lime_budget_1024 seed=4 2.46s
554 done imagenet resnet50 ILSVRC2012_val_00006981 kernel_shap_budget_2048 seed=3 4.64s
555 done imagenet resnet50 ILSVRC2012_val_00006981 lime_budget_2048 seed=3 4.24s
556 done imagenet resnet50 ILSVRC2012_val_00006981 rise_budget_2048 seed=4 9.66s
557 done imagenet resnet50 ILSVRC2012_val_00006981 rise_budget_1024 seed=3 4.56s
558 done imagenet resnet50 ILSVRC2012_val_00006981 rise_budget_256 seed=1 1.13s
559 done imagenet resnet50 ILSVRC2012_val_00006981 kernel_shap_budget_2048 seed=2 4.23s
560 done imagenet resnet50 ILSVRC2012_val_00006981 lime_budget_512 seed=4 1.10s
561 done imagenet resnet50 ILSVRC2012_val_00006981 kernel_shap_budget_256 seed=2 0.54s
562 done imagenet resnet50 ILSVRC2012_val_00006981 lime_budget_256 seed=2 0.56s
563 done imagenet resnet50 ILSVRC2012_val_00006981 lime_budget_512 seed=2 1.21s
564 done imagenet resnet50 ILSVRC2012_val_00006981 kernel_shap_budget_2048 seed=4 4.81s
565 done imagenet resnet50 ILSVRC2012_val_00006981 rise_budget_512 seed=3 2.60s
566 done imagenet resnet50 ILSVRC2012_val_00006981 lime_budget_256 seed=3 0.81s
567 done imagenet resnet50 ILSVRC2012_val_00006981 lime_budget_2048 seed=0 4.92s
568 done imagenet resnet50 ILSVRC2012_val_00006981 rise_budget_2048 seed=0 10.87s
569 done imagenet resnet50 ILSVRC2012_val_00006981 rise_budget_256 seed=0 1.18s
570 done imagenet resnet50 ILSVRC2012_val_00006981 rise_budget_1024 seed=1 5.57s
571 done imagenet resnet50 ILSVRC2012_val_00006981 rise_budget_256 seed=4 1.31s
572 done imagenet resnet50 ILSVRC2012_val_00006981 kernel_shap_budget_512 seed=3 1.22s
573 done imagenet resnet50 ILSVRC2012_val_00006981 kernel_shap_budget_512 seed=1 1.08s
574 done imagenet resnet50 ILSVRC2012_val_00006981 ablation_default seed=None 0.14s
575 done imagenet resnet50 ILSVRC2012_val_00006981 kernel_shap_budget_256 seed=1 0.53s
576 done imagenet resnet50 ILSVRC2012_val_00006981 rise_budget_2048 seed=3 9.06s
577 done imagenet resnet50 ILSVRC2012_val_00006981 kernel_shap_budget_512 seed=4 1.05s
578 done imagenet resnet50 ILSVRC2012_val_00006981 rise_budget_512 seed=1 1.91s
579 done imagenet resnet50 ILSVRC2012_val_00006981 lime_budget_1024 seed=2 2.41s
580 done imagenet resnet50 ILSVRC2012_val_00006981 lime_budget_512 seed=3 1.34s
581 done imagenet resnet50 ILSVRC2012_val_00006981 kernel_shap_budget_256 seed=4 0.65s
582 done imagenet resnet50 ILSVRC2012_val_00006981 lime_budget_512 seed=0 1.26s
583 done imagenet resnet50 ILSVRC2012_val_00006981 kernel_shap_budget_1024 seed=1 2.53s
584 done imagenet resnet50 ILSVRC2012_val_00006981 kernel_shap_budget_1024 seed=0 2.19s
585 done imagenet resnet50 ILSVRC2012_val_00006981 kernel_shap_budget_2048 seed=0 4.46s
586 done imagenet resnet50 ILSVRC2012_val_00006981 rise_budget_2048 seed=1 9.72s
587 done imagenet resnet50 ILSVRC2012_val_00006981 rise_budget_256 seed=2 1.20s
588 done imagenet resnet50 ILSVRC2012_val_00006981 kernel_shap_budget_512 seed=2 1.08s
589 done imagenet resnet50 ILSVRC2012_val_00006981 kernel_shap_budget_256 seed=3 0.54s
590 done imagenet resnet50 ILSVRC2012_val_00006981 lime_budget_256 seed=1 0.63s
591 done imagenet resnet50 ILSVRC2012_val_00006981 rise_budget_256 seed=3 1.10s
592 done imagenet resnet50 ILSVRC2012_val_00006981 lime_budget_2048 seed=4 4.67s
593 done imagenet resnet50 ILSVRC2012_val_00006981 lime_budget_1024 seed=1 2.33s
594 done imagenet resnet50 ILSVRC2012_val_00006981 lime_budget_2048 seed=1 4.66s
595 done imagenet resnet50 ILSVRC2012_val_00006981 rise_budget_1024 seed=4 4.64s
596 done imagenet resnet50 ILSVRC2012_val_00006981 rise_budget_512 seed=4 2.26s
597 done imagenet resnet50 ILSVRC2012_val_00006981 kernel_shap_budget_2048 seed=1 4.29s
598 done imagenet resnet50 ILSVRC2012_val_00006981 rise_budget_512 seed=0 2.42s
599 done imagenet resnet50 ILSVRC2012_val_00006981 kernel_shap_budget_512 seed=0 1.23s
600 done imagenet resnet50 ILSVRC2012_val_00006981 kernel_shap_budget_1024 seed=3 2.30s
601 done imagenet resnet50 ILSVRC2012_val_00006981 lime_budget_512 seed=1 1.37s
602 done imagenet resnet50 ILSVRC2012_val_00006981 rise_budget_2048 seed=2 9.39s
603 done imagenet resnet50 ILSVRC2012_val_00006981 rise_budget_1024 seed=2 4.58s
604 done imagenet resnet50 ILSVRC2012_val_00006981 rise_budget_512 seed=2 2.17s
605 done imagenet resnet50 ILSVRC2012_val_00006981 kernel_shap_budget_1024 seed=4 2.37s
606 done imagenet resnet50 ILSVRC2012_val_00006981 lime_budget_1024 seed=0 2.20s
607 done imagenet resnet50 ILSVRC2012_val_00006981 lime_budget_256 seed=4 0.51s
608 done imagenet resnet50 ILSVRC2012_val_00006981 lime_budget_256 seed=0 0.52s
609 done imagenet resnet50 ILSVRC2012_val_00006981 lime_budget_2048 seed=2 4.63s
610 done imagenet resnet50 ILSVRC2012_val_00006981 rise_budget_1024 seed=0 4.66s
611 done imagenet resnet50 ILSVRC2012_val_00007064 kernel_shap_budget_256 seed=4 0.55s
612 done imagenet resnet50 ILSVRC2012_val_00007064 lime_budget_2048 seed=4 4.18s
613 done imagenet resnet50 ILSVRC2012_val_00007064 rise_budget_256 seed=2 1.19s
614 done imagenet resnet50 ILSVRC2012_val_00007064 rise_budget_256 seed=3 1.09s
615 done imagenet resnet50 ILSVRC2012_val_00007064 lime_budget_1024 seed=1 2.12s
616 done imagenet resnet50 ILSVRC2012_val_00007064 rise_budget_1024 seed=2 4.45s
617 done imagenet resnet50 ILSVRC2012_val_00007064 lime_budget_2048 seed=3 4.05s
618 done imagenet resnet50 ILSVRC2012_val_00007064 kernel_shap_budget_2048 seed=0 4.30s
619 done imagenet resnet50 ILSVRC2012_val_00007064 rise_budget_512 seed=0 2.09s
620 done imagenet resnet50 ILSVRC2012_val_00007064 rise_budget_2048 seed=3 9.55s
621 done imagenet resnet50 ILSVRC2012_val_00007064 rise_budget_1024 seed=0 4.72s
622 done imagenet resnet50 ILSVRC2012_val_00007064 kernel_shap_budget_1024 seed=0 2.42s
623 done imagenet resnet50 ILSVRC2012_val_00007064 kernel_shap_budget_1024 seed=4 2.39s
624 done imagenet resnet50 ILSVRC2012_val_00007064 rise_budget_256 seed=0 1.26s
625 done imagenet resnet50 ILSVRC2012_val_00007064 rise_budget_1024 seed=4 4.56s
626 done imagenet resnet50 ILSVRC2012_val_00007064 lime_budget_512 seed=3 1.28s
627 done imagenet resnet50 ILSVRC2012_val_00007064 rise_budget_2048 seed=0 11.16s
628 done imagenet resnet50 ILSVRC2012_val_00007064 kernel_shap_budget_512 seed=0 1.24s
629 done imagenet resnet50 ILSVRC2012_val_00007064 lime_budget_1024 seed=0 2.62s
630 done imagenet resnet50 ILSVRC2012_val_00007064 lime_budget_256 seed=2 0.72s
631 done imagenet resnet50 ILSVRC2012_val_00007064 kernel_shap_budget_256 seed=3 0.61s
632 done imagenet resnet50 ILSVRC2012_val_00007064 kernel_shap_budget_2048 seed=1 4.71s
633 done imagenet resnet50 ILSVRC2012_val_00007064 kernel_shap_budget_2048 seed=3 4.73s
634 done imagenet resnet50 ILSVRC2012_val_00007064 rise_budget_256 seed=4 1.42s
635 done imagenet resnet50 ILSVRC2012_val_00007064 lime_budget_1024 seed=2 2.45s
636 done imagenet resnet50 ILSVRC2012_val_00007064 lime_budget_512 seed=4 1.45s
637 done imagenet resnet50 ILSVRC2012_val_00007064 lime_budget_256 seed=1 0.66s
638 done imagenet resnet50 ILSVRC2012_val_00007064 lime_budget_256 seed=0 0.63s
639 done imagenet resnet50 ILSVRC2012_val_00007064 lime_budget_256 seed=3 0.65s
640 done imagenet resnet50 ILSVRC2012_val_00007064 rise_budget_1024 seed=1 4.70s
641 done imagenet resnet50 ILSVRC2012_val_00007064 lime_budget_1024 seed=4 2.08s
642 done imagenet resnet50 ILSVRC2012_val_00007064 kernel_shap_budget_1024 seed=1 2.06s
643 done imagenet resnet50 ILSVRC2012_val_00007064 kernel_shap_budget_256 seed=0 0.54s
644 done imagenet resnet50 ILSVRC2012_val_00007064 lime_budget_2048 seed=1 4.73s
645 done imagenet resnet50 ILSVRC2012_val_00007064 kernel_shap_budget_1024 seed=2 2.45s
646 done imagenet resnet50 ILSVRC2012_val_00007064 rise_budget_256 seed=1 1.31s
647 done imagenet resnet50 ILSVRC2012_val_00007064 kernel_shap_budget_1024 seed=3 2.48s
648 done imagenet resnet50 ILSVRC2012_val_00007064 lime_budget_512 seed=1 1.19s
649 done imagenet resnet50 ILSVRC2012_val_00007064 kernel_shap_budget_256 seed=2 0.54s
650 done imagenet resnet50 ILSVRC2012_val_00007064 lime_budget_2048 seed=0 4.30s
651 done imagenet resnet50 ILSVRC2012_val_00007064 kernel_shap_budget_2048 seed=2 3.90s
652 done imagenet resnet50 ILSVRC2012_val_00007064 lime_budget_512 seed=2 0.96s
653 done imagenet resnet50 ILSVRC2012_val_00007064 rise_budget_512 seed=2 2.52s
654 done imagenet resnet50 ILSVRC2012_val_00007064 rise_budget_2048 seed=2 9.61s
655 done imagenet resnet50 ILSVRC2012_val_00007064 lime_budget_256 seed=4 0.60s
656 done imagenet resnet50 ILSVRC2012_val_00007064 kernel_shap_budget_2048 seed=4 4.58s
657 done imagenet resnet50 ILSVRC2012_val_00007064 lime_budget_2048 seed=2 4.85s
658 done imagenet resnet50 ILSVRC2012_val_00007064 rise_budget_1024 seed=3 4.53s
659 done imagenet resnet50 ILSVRC2012_val_00007064 lime_budget_1024 seed=3 2.30s
660 done imagenet resnet50 ILSVRC2012_val_00007064 rise_budget_512 seed=4 2.28s
661 done imagenet resnet50 ILSVRC2012_val_00007064 kernel_shap_budget_512 seed=1 1.04s
662 done imagenet resnet50 ILSVRC2012_val_00007064 kernel_shap_budget_256 seed=1 0.52s
663 done imagenet resnet50 ILSVRC2012_val_00007064 rise_budget_512 seed=1 1.69s
664 done imagenet resnet50 ILSVRC2012_val_00007064 kernel_shap_budget_512 seed=3 1.18s
665 done imagenet resnet50 ILSVRC2012_val_00007064 lime_budget_512 seed=0 1.15s
666 done imagenet resnet50 ILSVRC2012_val_00007064 ablation_default seed=None 0.15s
667 done imagenet resnet50 ILSVRC2012_val_00007064 rise_budget_2048 seed=1 7.95s
668 done imagenet resnet50 ILSVRC2012_val_00007064 kernel_shap_budget_512 seed=4 1.25s
669 done imagenet resnet50 ILSVRC2012_val_00007064 kernel_shap_budget_512 seed=2 1.18s
670 done imagenet resnet50 ILSVRC2012_val_00007064 rise_budget_512 seed=3 2.32s
671 done imagenet resnet50 ILSVRC2012_val_00007064 rise_budget_2048 seed=4 9.67s
672 done imagenet resnet50 ILSVRC2012_val_00007283 lime_budget_256 seed=0 0.60s
673 done imagenet resnet50 ILSVRC2012_val_00007283 rise_budget_2048 seed=2 8.39s
674 done imagenet resnet50 ILSVRC2012_val_00007283 kernel_shap_budget_256 seed=3 0.52s
675 done imagenet resnet50 ILSVRC2012_val_00007283 lime_budget_512 seed=0 1.10s
676 done imagenet resnet50 ILSVRC2012_val_00007283 rise_budget_1024 seed=2 4.50s
677 done imagenet resnet50 ILSVRC2012_val_00007283 kernel_shap_budget_512 seed=0 1.02s
678 done imagenet resnet50 ILSVRC2012_val_00007283 lime_budget_2048 seed=0 4.58s
679 done imagenet resnet50 ILSVRC2012_val_00007283 rise_budget_256 seed=3 1.14s
680 done imagenet resnet50 ILSVRC2012_val_00007283 lime_budget_2048 seed=3 4.55s
681 done imagenet resnet50 ILSVRC2012_val_00007283 lime_budget_1024 seed=3 2.78s
682 done imagenet resnet50 ILSVRC2012_val_00007283 rise_budget_2048 seed=3 9.55s
683 done imagenet resnet50 ILSVRC2012_val_00007283 kernel_shap_budget_2048 seed=0 4.31s
684 done imagenet resnet50 ILSVRC2012_val_00007283 lime_budget_2048 seed=2 4.26s
685 done imagenet resnet50 ILSVRC2012_val_00007283 kernel_shap_budget_2048 seed=2 4.42s
686 done imagenet resnet50 ILSVRC2012_val_00007283 kernel_shap_budget_1024 seed=2 2.11s
687 done imagenet resnet50 ILSVRC2012_val_00007283 lime_budget_256 seed=2 0.53s
688 done imagenet resnet50 ILSVRC2012_val_00007283 rise_budget_256 seed=1 1.08s
689 done imagenet resnet50 ILSVRC2012_val_00007283 rise_budget_512 seed=3 2.23s
690 done imagenet resnet50 ILSVRC2012_val_00007283 kernel_shap_budget_1024 seed=1 2.23s
691 done imagenet resnet50 ILSVRC2012_val_00007283 kernel_shap_budget_2048 seed=1 4.35s
692 done imagenet resnet50 ILSVRC2012_val_00007283 rise_budget_512 seed=0 2.21s
693 done imagenet resnet50 ILSVRC2012_val_00007283 kernel_shap_budget_256 seed=0 0.54s
694 done imagenet resnet50 ILSVRC2012_val_00007283 lime_budget_256 seed=3 0.65s
695 done imagenet resnet50 ILSVRC2012_val_00007283 kernel_shap_budget_2048 seed=4 4.39s
696 done imagenet resnet50 ILSVRC2012_val_00007283 lime_budget_512 seed=4 1.25s
697 done imagenet resnet50 ILSVRC2012_val_00007283 rise_budget_1024 seed=4 4.74s
698 done imagenet resnet50 ILSVRC2012_val_00007283 kernel_shap_budget_512 seed=1 1.07s
699 done imagenet resnet50 ILSVRC2012_val_00007283 rise_budget_2048 seed=0 9.73s
700 done imagenet resnet50 ILSVRC2012_val_00007283 rise_budget_512 seed=2 2.44s
701 done imagenet resnet50 ILSVRC2012_val_00007283 ablation_default seed=None 0.15s
702 done imagenet resnet50 ILSVRC2012_val_00007283 lime_budget_256 seed=1 0.52s
703 done imagenet resnet50 ILSVRC2012_val_00007283 rise_budget_2048 seed=1 9.46s
704 done imagenet resnet50 ILSVRC2012_val_00007283 lime_budget_1024 seed=1 2.26s
705 done imagenet resnet50 ILSVRC2012_val_00007283 lime_budget_2048 seed=1 4.70s
706 done imagenet resnet50 ILSVRC2012_val_00007283 rise_budget_512 seed=4 2.62s
707 done imagenet resnet50 ILSVRC2012_val_00007283 lime_budget_512 seed=2 1.21s
708 done imagenet resnet50 ILSVRC2012_val_00007283 lime_budget_256 seed=4 0.68s
709 done imagenet resnet50 ILSVRC2012_val_00007283 lime_budget_1024 seed=2 2.49s
710 done imagenet resnet50 ILSVRC2012_val_00007283 lime_budget_512 seed=1 1.27s
711 done imagenet resnet50 ILSVRC2012_val_00007283 kernel_shap_budget_256 seed=4 0.61s
712 done imagenet resnet50 ILSVRC2012_val_00007283 kernel_shap_budget_1024 seed=4 2.52s
713 done imagenet resnet50 ILSVRC2012_val_00007283 rise_budget_256 seed=2 1.36s
714 done imagenet resnet50 ILSVRC2012_val_00007283 kernel_shap_budget_512 seed=3 1.15s
715 done imagenet resnet50 ILSVRC2012_val_00007283 rise_budget_512 seed=1 2.57s
716 done imagenet resnet50 ILSVRC2012_val_00007283 rise_budget_256 seed=0 1.29s
717 done imagenet resnet50 ILSVRC2012_val_00007283 kernel_shap_budget_256 seed=1 0.74s
718 done imagenet resnet50 ILSVRC2012_val_00007283 rise_budget_2048 seed=4 9.65s
719 done imagenet resnet50 ILSVRC2012_val_00007283 rise_budget_256 seed=4 1.16s
720 done imagenet resnet50 ILSVRC2012_val_00007283 kernel_shap_budget_512 seed=4 1.08s
721 done imagenet resnet50 ILSVRC2012_val_00007283 lime_budget_512 seed=3 1.15s
722 done imagenet resnet50 ILSVRC2012_val_00007283 kernel_shap_budget_2048 seed=3 4.79s
723 done imagenet resnet50 ILSVRC2012_val_00007283 rise_budget_1024 seed=1 5.47s
724 done imagenet resnet50 ILSVRC2012_val_00007283 lime_budget_2048 seed=4 4.73s
725 done imagenet resnet50 ILSVRC2012_val_00007283 lime_budget_1024 seed=0 2.27s
726 done imagenet resnet50 ILSVRC2012_val_00007283 kernel_shap_budget_512 seed=2 1.10s
727 done imagenet resnet50 ILSVRC2012_val_00007283 rise_budget_1024 seed=3 4.55s
728 done imagenet resnet50 ILSVRC2012_val_00007283 kernel_shap_budget_1024 seed=3 2.42s
729 done imagenet resnet50 ILSVRC2012_val_00007283 rise_budget_1024 seed=0 4.63s
730 done imagenet resnet50 ILSVRC2012_val_00007283 lime_budget_1024 seed=4 2.40s
731 done imagenet resnet50 ILSVRC2012_val_00007283 kernel_shap_budget_256 seed=2 0.63s
732 done imagenet resnet50 ILSVRC2012_val_00007283 kernel_shap_budget_1024 seed=0 2.30s
733 done imagenet resnet50 ILSVRC2012_val_00007535 lime_budget_1024 seed=4 2.45s
734 done imagenet resnet50 ILSVRC2012_val_00007535 rise_budget_256 seed=1 1.28s
735 done imagenet resnet50 ILSVRC2012_val_00007535 lime_budget_256 seed=2 0.61s
736 done imagenet resnet50 ILSVRC2012_val_00007535 lime_budget_256 seed=1 0.60s
737 done imagenet resnet50 ILSVRC2012_val_00007535 kernel_shap_budget_2048 seed=4 4.68s
738 done imagenet resnet50 ILSVRC2012_val_00007535 rise_budget_256 seed=4 1.21s
739 done imagenet resnet50 ILSVRC2012_val_00007535 rise_budget_2048 seed=2 8.66s
740 done imagenet resnet50 ILSVRC2012_val_00007535 kernel_shap_budget_256 seed=0 0.56s
741 done imagenet resnet50 ILSVRC2012_val_00007535 rise_budget_256 seed=3 0.83s
742 done imagenet resnet50 ILSVRC2012_val_00007535 lime_budget_256 seed=3 0.54s
743 done imagenet resnet50 ILSVRC2012_val_00007535 rise_budget_512 seed=2 2.54s
744 done imagenet resnet50 ILSVRC2012_val_00007535 lime_budget_2048 seed=1 4.76s
745 done imagenet resnet50 ILSVRC2012_val_00007535 kernel_shap_budget_512 seed=2 1.19s
746 done imagenet resnet50 ILSVRC2012_val_00007535 lime_budget_2048 seed=0 5.01s
747 done imagenet resnet50 ILSVRC2012_val_00007535 rise_budget_1024 seed=3 4.84s
748 done imagenet resnet50 ILSVRC2012_val_00007535 kernel_shap_budget_512 seed=0 1.06s
749 done imagenet resnet50 ILSVRC2012_val_00007535 lime_budget_1024 seed=0 2.17s
750 done imagenet resnet50 ILSVRC2012_val_00007535 kernel_shap_budget_2048 seed=3 4.29s
751 done imagenet resnet50 ILSVRC2012_val_00007535 kernel_shap_budget_512 seed=4 1.11s
752 done imagenet resnet50 ILSVRC2012_val_00007535 rise_budget_2048 seed=4 9.93s
753 done imagenet resnet50 ILSVRC2012_val_00007535 rise_budget_1024 seed=2 5.13s
754 done imagenet resnet50 ILSVRC2012_val_00007535 rise_budget_2048 seed=3 9.72s
755 done imagenet resnet50 ILSVRC2012_val_00007535 kernel_shap_budget_1024 seed=4 2.35s
756 done imagenet resnet50 ILSVRC2012_val_00007535 lime_budget_1024 seed=3 2.06s
757 done imagenet resnet50 ILSVRC2012_val_00007535 lime_budget_512 seed=1 1.12s
758 done imagenet resnet50 ILSVRC2012_val_00007535 rise_budget_2048 seed=0 9.24s
759 done imagenet resnet50 ILSVRC2012_val_00007535 kernel_shap_budget_1024 seed=2 2.29s
760 done imagenet resnet50 ILSVRC2012_val_00007535 kernel_shap_budget_256 seed=1 0.62s
761 done imagenet resnet50 ILSVRC2012_val_00007535 kernel_shap_budget_512 seed=3 1.25s
762 done imagenet resnet50 ILSVRC2012_val_00007535 rise_budget_512 seed=4 2.21s
763 done imagenet resnet50 ILSVRC2012_val_00007535 lime_budget_512 seed=2 1.16s
764 done imagenet resnet50 ILSVRC2012_val_00007535 lime_budget_1024 seed=2 2.44s
765 done imagenet resnet50 ILSVRC2012_val_00007535 kernel_shap_budget_256 seed=4 0.62s
766 done imagenet resnet50 ILSVRC2012_val_00007535 kernel_shap_budget_256 seed=2 0.61s
767 done imagenet resnet50 ILSVRC2012_val_00007535 kernel_shap_budget_1024 seed=0 2.43s
768 done imagenet resnet50 ILSVRC2012_val_00007535 kernel_shap_budget_1024 seed=3 2.42s
769 done imagenet resnet50 ILSVRC2012_val_00007535 rise_budget_1024 seed=1 4.46s
770 done imagenet resnet50 ILSVRC2012_val_00007535 lime_budget_2048 seed=4 4.33s
771 done imagenet resnet50 ILSVRC2012_val_00007535 rise_budget_512 seed=0 2.00s
772 done imagenet resnet50 ILSVRC2012_val_00007535 kernel_shap_budget_2048 seed=2 4.57s
773 done imagenet resnet50 ILSVRC2012_val_00007535 rise_budget_256 seed=0 1.12s
774 done imagenet resnet50 ILSVRC2012_val_00007535 lime_budget_2048 seed=2 4.55s
775 done imagenet resnet50 ILSVRC2012_val_00007535 kernel_shap_budget_256 seed=3 0.60s
776 done imagenet resnet50 ILSVRC2012_val_00007535 lime_budget_1024 seed=1 2.19s
777 done imagenet resnet50 ILSVRC2012_val_00007535 lime_budget_512 seed=0 1.22s
778 done imagenet resnet50 ILSVRC2012_val_00007535 rise_budget_512 seed=3 2.12s
779 done imagenet resnet50 ILSVRC2012_val_00007535 lime_budget_256 seed=0 0.61s
780 done imagenet resnet50 ILSVRC2012_val_00007535 rise_budget_2048 seed=1 9.06s
781 done imagenet resnet50 ILSVRC2012_val_00007535 ablation_default seed=None 0.21s
782 done imagenet resnet50 ILSVRC2012_val_00007535 rise_budget_1024 seed=0 5.48s
783 done imagenet resnet50 ILSVRC2012_val_00007535 lime_budget_256 seed=4 0.73s
784 done imagenet resnet50 ILSVRC2012_val_00007535 kernel_shap_budget_512 seed=1 1.07s
785 done imagenet resnet50 ILSVRC2012_val_00007535 rise_budget_512 seed=1 2.45s
786 done imagenet resnet50 ILSVRC2012_val_00007535 lime_budget_512 seed=3 1.21s
787 done imagenet resnet50 ILSVRC2012_val_00007535 kernel_shap_budget_2048 seed=0 4.48s
788 done imagenet resnet50 ILSVRC2012_val_00007535 rise_budget_256 seed=2 1.17s
789 done imagenet resnet50 ILSVRC2012_val_00007535 lime_budget_2048 seed=3 4.64s
790 done imagenet resnet50 ILSVRC2012_val_00007535 kernel_shap_budget_1024 seed=1 2.04s
791 done imagenet resnet50 ILSVRC2012_val_00007535 lime_budget_512 seed=4 0.98s
792 done imagenet resnet50 ILSVRC2012_val_00007535 kernel_shap_budget_2048 seed=1 4.55s
793 done imagenet resnet50 ILSVRC2012_val_00007535 rise_budget_1024 seed=4 4.69s
794 done imagenet resnet50 ILSVRC2012_val_00008209 kernel_shap_budget_256 seed=1 0.59s
795 done imagenet resnet50 ILSVRC2012_val_00008209 kernel_shap_budget_512 seed=1 1.18s
796 done imagenet resnet50 ILSVRC2012_val_00008209 rise_budget_512 seed=0 2.00s
797 done imagenet resnet50 ILSVRC2012_val_00008209 kernel_shap_budget_2048 seed=0 4.23s
798 done imagenet resnet50 ILSVRC2012_val_00008209 rise_budget_1024 seed=0 4.25s
799 done imagenet resnet50 ILSVRC2012_val_00008209 kernel_shap_budget_1024 seed=2 2.26s
800 done imagenet resnet50 ILSVRC2012_val_00008209 kernel_shap_budget_512 seed=0 1.33s
801 done imagenet resnet50 ILSVRC2012_val_00008209 kernel_shap_budget_256 seed=0 0.61s
802 done imagenet resnet50 ILSVRC2012_val_00008209 lime_budget_2048 seed=3 4.97s
803 done imagenet resnet50 ILSVRC2012_val_00008209 kernel_shap_budget_1024 seed=0 2.37s
804 done imagenet resnet50 ILSVRC2012_val_00008209 kernel_shap_budget_256 seed=4 0.82s
805 done imagenet resnet50 ILSVRC2012_val_00008209 lime_budget_512 seed=4 1.44s
806 done imagenet resnet50 ILSVRC2012_val_00008209 lime_budget_1024 seed=4 2.49s
807 done imagenet resnet50 ILSVRC2012_val_00008209 rise_budget_512 seed=4 2.16s
808 done imagenet resnet50 ILSVRC2012_val_00008209 ablation_default seed=None 0.14s
809 done imagenet resnet50 ILSVRC2012_val_00008209 lime_budget_256 seed=2 0.52s
810 done imagenet resnet50 ILSVRC2012_val_00008209 kernel_shap_budget_2048 seed=1 4.23s
811 done imagenet resnet50 ILSVRC2012_val_00008209 lime_budget_512 seed=1 1.06s
812 done imagenet resnet50 ILSVRC2012_val_00008209 kernel_shap_budget_512 seed=2 1.14s
813 done imagenet resnet50 ILSVRC2012_val_00008209 kernel_shap_budget_256 seed=2 0.53s
814 done imagenet resnet50 ILSVRC2012_val_00008209 lime_budget_512 seed=3 1.17s
815 done imagenet resnet50 ILSVRC2012_val_00008209 lime_budget_2048 seed=2 4.52s
816 done imagenet resnet50 ILSVRC2012_val_00008209 kernel_shap_budget_2048 seed=4 4.80s
817 done imagenet resnet50 ILSVRC2012_val_00008209 kernel_shap_budget_1024 seed=1 2.20s
818 done imagenet resnet50 ILSVRC2012_val_00008209 kernel_shap_budget_2048 seed=3 4.45s
819 done imagenet resnet50 ILSVRC2012_val_00008209 rise_budget_2048 seed=3 9.85s
820 done imagenet resnet50 ILSVRC2012_val_00008209 lime_budget_2048 seed=4 4.24s
821 done imagenet resnet50 ILSVRC2012_val_00008209 lime_budget_1024 seed=3 2.14s
822 done imagenet resnet50 ILSVRC2012_val_00008209 kernel_shap_budget_2048 seed=2 4.31s
823 done imagenet resnet50 ILSVRC2012_val_00008209 lime_budget_512 seed=0 1.21s
824 done imagenet resnet50 ILSVRC2012_val_00008209 rise_budget_256 seed=2 1.14s
825 done imagenet resnet50 ILSVRC2012_val_00008209 rise_budget_1024 seed=2 4.76s
826 done imagenet resnet50 ILSVRC2012_val_00008209 rise_budget_512 seed=3 2.42s
827 done imagenet resnet50 ILSVRC2012_val_00008209 kernel_shap_budget_512 seed=4 1.03s
828 done imagenet resnet50 ILSVRC2012_val_00008209 lime_budget_2048 seed=1 4.18s
829 done imagenet resnet50 ILSVRC2012_val_00008209 kernel_shap_budget_256 seed=3 0.54s
830 done imagenet resnet50 ILSVRC2012_val_00008209 lime_budget_256 seed=1 0.62s
831 done imagenet resnet50 ILSVRC2012_val_00008209 lime_budget_1024 seed=0 2.20s
832 done imagenet resnet50 ILSVRC2012_val_00008209 rise_budget_512 seed=2 2.22s
833 done imagenet resnet50 ILSVRC2012_val_00008209 lime_budget_1024 seed=2 2.26s
834 done imagenet resnet50 ILSVRC2012_val_00008209 rise_budget_256 seed=1 1.14s
835 done imagenet resnet50 ILSVRC2012_val_00008209 rise_budget_256 seed=4 1.09s
836 done imagenet resnet50 ILSVRC2012_val_00008209 rise_budget_256 seed=0 1.30s
837 done imagenet resnet50 ILSVRC2012_val_00008209 kernel_shap_budget_1024 seed=4 2.42s
838 done imagenet resnet50 ILSVRC2012_val_00008209 rise_budget_1024 seed=3 5.02s
839 done imagenet resnet50 ILSVRC2012_val_00008209 rise_budget_2048 seed=1 10.20s
840 done imagenet resnet50 ILSVRC2012_val_00008209 lime_budget_2048 seed=0 4.71s
841 done imagenet resnet50 ILSVRC2012_val_00008209 rise_budget_256 seed=3 1.24s
842 done imagenet resnet50 ILSVRC2012_val_00008209 lime_budget_256 seed=3 0.64s
843 done imagenet resnet50 ILSVRC2012_val_00008209 kernel_shap_budget_512 seed=3 1.26s
844 done imagenet resnet50 ILSVRC2012_val_00008209 rise_budget_2048 seed=2 9.64s
845 done imagenet resnet50 ILSVRC2012_val_00008209 lime_budget_256 seed=0 0.80s
846 done imagenet resnet50 ILSVRC2012_val_00008209 rise_budget_512 seed=1 2.61s
847 done imagenet resnet50 ILSVRC2012_val_00008209 rise_budget_2048 seed=4 10.38s
848 done imagenet resnet50 ILSVRC2012_val_00008209 kernel_shap_budget_1024 seed=3 2.17s
849 done imagenet resnet50 ILSVRC2012_val_00008209 rise_budget_1024 seed=4 4.80s
850 done imagenet resnet50 ILSVRC2012_val_00008209 rise_budget_1024 seed=1 4.61s
851 done imagenet resnet50 ILSVRC2012_val_00008209 lime_budget_1024 seed=1 2.57s
852 done imagenet resnet50 ILSVRC2012_val_00008209 lime_budget_512 seed=2 1.24s
853 done imagenet resnet50 ILSVRC2012_val_00008209 lime_budget_256 seed=4 0.55s
854 done imagenet resnet50 ILSVRC2012_val_00008209 rise_budget_2048 seed=0 9.38s
855 done imagenet resnet50 ILSVRC2012_val_00008588 kernel_shap_budget_256 seed=0 0.62s
856 done imagenet resnet50 ILSVRC2012_val_00008588 lime_budget_256 seed=2 0.69s
857 done imagenet resnet50 ILSVRC2012_val_00008588 lime_budget_512 seed=4 1.24s
858 done imagenet resnet50 ILSVRC2012_val_00008588 rise_budget_512 seed=1 2.39s
859 done imagenet resnet50 ILSVRC2012_val_00008588 lime_budget_512 seed=2 1.37s
860 done imagenet resnet50 ILSVRC2012_val_00008588 rise_budget_2048 seed=2 10.39s
861 done imagenet resnet50 ILSVRC2012_val_00008588 ablation_default seed=None 0.16s
862 done imagenet resnet50 ILSVRC2012_val_00008588 lime_budget_1024 seed=3 2.05s
863 done imagenet resnet50 ILSVRC2012_val_00008588 kernel_shap_budget_1024 seed=0 2.04s
864 done imagenet resnet50 ILSVRC2012_val_00008588 kernel_shap_budget_256 seed=4 0.52s
865 done imagenet resnet50 ILSVRC2012_val_00008588 rise_budget_2048 seed=0 10.06s
866 done imagenet resnet50 ILSVRC2012_val_00008588 kernel_shap_budget_512 seed=4 1.19s
867 done imagenet resnet50 ILSVRC2012_val_00008588 lime_budget_2048 seed=2 5.05s
868 done imagenet resnet50 ILSVRC2012_val_00008588 kernel_shap_budget_2048 seed=2 4.66s
869 done imagenet resnet50 ILSVRC2012_val_00008588 kernel_shap_budget_256 seed=1 0.55s
870 done imagenet resnet50 ILSVRC2012_val_00008588 kernel_shap_budget_512 seed=0 1.08s
871 done imagenet resnet50 ILSVRC2012_val_00008588 lime_budget_256 seed=1 0.82s
872 done imagenet resnet50 ILSVRC2012_val_00008588 rise_budget_1024 seed=2 4.65s
873 done imagenet resnet50 ILSVRC2012_val_00008588 lime_budget_256 seed=4 0.57s
874 done imagenet resnet50 ILSVRC2012_val_00008588 lime_budget_1024 seed=4 2.18s
875 done imagenet resnet50 ILSVRC2012_val_00008588 rise_budget_1024 seed=0 4.72s
876 done imagenet resnet50 ILSVRC2012_val_00008588 kernel_shap_budget_512 seed=3 1.28s
877 done imagenet resnet50 ILSVRC2012_val_00008588 rise_budget_256 seed=2 1.22s
878 done imagenet resnet50 ILSVRC2012_val_00008588 rise_budget_512 seed=4 2.23s
879 done imagenet resnet50 ILSVRC2012_val_00008588 kernel_shap_budget_2048 seed=1 4.40s
880 done imagenet resnet50 ILSVRC2012_val_00008588 kernel_shap_budget_256 seed=3 0.57s
881 done imagenet resnet50 ILSVRC2012_val_00008588 rise_budget_256 seed=3 1.23s
882 done imagenet resnet50 ILSVRC2012_val_00008588 kernel_shap_budget_512 seed=1 1.01s
883 done imagenet resnet50 ILSVRC2012_val_00008588 lime_budget_1024 seed=2 2.09s
884 done imagenet resnet50 ILSVRC2012_val_00008588 lime_budget_256 seed=3 0.54s
885 done imagenet resnet50 ILSVRC2012_val_00008588 lime_budget_256 seed=0 0.57s
886 done imagenet resnet50 ILSVRC2012_val_00008588 rise_budget_512 seed=0 2.22s
887 done imagenet resnet50 ILSVRC2012_val_00008588 rise_budget_1024 seed=4 4.60s
888 done imagenet resnet50 ILSVRC2012_val_00008588 kernel_shap_budget_1024 seed=4 2.16s
889 done imagenet resnet50 ILSVRC2012_val_00008588 lime_budget_2048 seed=4 4.52s
890 done imagenet resnet50 ILSVRC2012_val_00008588 kernel_shap_budget_2048 seed=0 4.68s
891 done imagenet resnet50 ILSVRC2012_val_00008588 kernel_shap_budget_1024 seed=1 2.29s
892 done imagenet resnet50 ILSVRC2012_val_00008588 rise_budget_256 seed=0 1.10s
893 done imagenet resnet50 ILSVRC2012_val_00008588 rise_budget_256 seed=1 1.08s
894 done imagenet resnet50 ILSVRC2012_val_00008588 rise_budget_512 seed=2 2.19s
895 done imagenet resnet50 ILSVRC2012_val_00008588 kernel_shap_budget_1024 seed=3 2.27s
896 done imagenet resnet50 ILSVRC2012_val_00008588 kernel_shap_budget_256 seed=2 0.61s
897 done imagenet resnet50 ILSVRC2012_val_00008588 rise_budget_2048 seed=3 9.18s
898 done imagenet resnet50 ILSVRC2012_val_00008588 lime_budget_2048 seed=0 4.85s
899 done imagenet resnet50 ILSVRC2012_val_00008588 lime_budget_512 seed=1 1.32s
900 done imagenet resnet50 ILSVRC2012_val_00008588 kernel_shap_budget_1024 seed=2 2.43s
901 done imagenet resnet50 ILSVRC2012_val_00008588 rise_budget_512 seed=3 2.61s
902 done imagenet resnet50 ILSVRC2012_val_00008588 lime_budget_1024 seed=1 2.20s
903 done imagenet resnet50 ILSVRC2012_val_00008588 kernel_shap_budget_512 seed=2 1.08s
904 done imagenet resnet50 ILSVRC2012_val_00008588 kernel_shap_budget_2048 seed=4 4.88s
905 done imagenet resnet50 ILSVRC2012_val_00008588 lime_budget_2048 seed=1 4.92s
906 done imagenet resnet50 ILSVRC2012_val_00008588 rise_budget_1024 seed=1 4.54s
907 done imagenet resnet50 ILSVRC2012_val_00008588 rise_budget_2048 seed=4 9.60s
908 done imagenet resnet50 ILSVRC2012_val_00008588 lime_budget_512 seed=0 1.42s
909 done imagenet resnet50 ILSVRC2012_val_00008588 lime_budget_512 seed=3 1.30s
910 done imagenet resnet50 ILSVRC2012_val_00008588 lime_budget_1024 seed=0 2.39s
911 done imagenet resnet50 ILSVRC2012_val_00008588 lime_budget_2048 seed=3 4.42s
912 done imagenet resnet50 ILSVRC2012_val_00008588 rise_budget_2048 seed=1 9.56s
913 done imagenet resnet50 ILSVRC2012_val_00008588 rise_budget_256 seed=4 1.15s
914 done imagenet resnet50 ILSVRC2012_val_00008588 rise_budget_1024 seed=3 4.97s
915 done imagenet resnet50 ILSVRC2012_val_00008588 kernel_shap_budget_2048 seed=3 4.39s
916 done imagenet resnet50 ILSVRC2012_val_00009485 kernel_shap_budget_512 seed=0 1.09s
917 done imagenet resnet50 ILSVRC2012_val_00009485 kernel_shap_budget_2048 seed=2 4.37s
918 done imagenet resnet50 ILSVRC2012_val_00009485 rise_budget_256 seed=3 0.86s
919 done imagenet resnet50 ILSVRC2012_val_00009485 rise_budget_2048 seed=0 9.34s
920 done imagenet resnet50 ILSVRC2012_val_00009485 lime_budget_1024 seed=2 2.52s
921 done imagenet resnet50 ILSVRC2012_val_00009485 kernel_shap_budget_256 seed=0 0.53s
922 done imagenet resnet50 ILSVRC2012_val_00009485 rise_budget_512 seed=4 2.17s
923 done imagenet resnet50 ILSVRC2012_val_00009485 rise_budget_1024 seed=1 4.26s
924 done imagenet resnet50 ILSVRC2012_val_00009485 kernel_shap_budget_1024 seed=4 2.23s
925 done imagenet resnet50 ILSVRC2012_val_00009485 lime_budget_512 seed=3 1.35s
926 done imagenet resnet50 ILSVRC2012_val_00009485 kernel_shap_budget_256 seed=1 0.61s
927 done imagenet resnet50 ILSVRC2012_val_00009485 lime_budget_256 seed=1 0.77s
928 done imagenet resnet50 ILSVRC2012_val_00009485 lime_budget_256 seed=0 0.66s
929 done imagenet resnet50 ILSVRC2012_val_00009485 kernel_shap_budget_512 seed=3 1.20s
930 done imagenet resnet50 ILSVRC2012_val_00009485 lime_budget_1024 seed=4 2.57s
931 done imagenet resnet50 ILSVRC2012_val_00009485 kernel_shap_budget_512 seed=2 1.16s
932 done imagenet resnet50 ILSVRC2012_val_00009485 kernel_shap_budget_1024 seed=1 2.21s
933 done imagenet resnet50 ILSVRC2012_val_00009485 rise_budget_1024 seed=0 4.43s
934 done imagenet resnet50 ILSVRC2012_val_00009485 kernel_shap_budget_2048 seed=1 4.30s
935 done imagenet resnet50 ILSVRC2012_val_00009485 kernel_shap_budget_1024 seed=0 2.10s
936 done imagenet resnet50 ILSVRC2012_val_00009485 ablation_default seed=None 0.14s
937 done imagenet resnet50 ILSVRC2012_val_00009485 rise_budget_512 seed=0 2.38s
938 done imagenet resnet50 ILSVRC2012_val_00009485 rise_budget_2048 seed=2 9.83s
939 done imagenet resnet50 ILSVRC2012_val_00009485 kernel_shap_budget_512 seed=4 1.14s
940 done imagenet resnet50 ILSVRC2012_val_00009485 lime_budget_256 seed=4 0.63s
941 done imagenet resnet50 ILSVRC2012_val_00009485 kernel_shap_budget_256 seed=3 0.57s
942 done imagenet resnet50 ILSVRC2012_val_00009485 kernel_shap_budget_512 seed=1 1.16s
943 done imagenet resnet50 ILSVRC2012_val_00009485 rise_budget_512 seed=1 2.31s
944 done imagenet resnet50 ILSVRC2012_val_00009485 rise_budget_256 seed=2 1.10s
945 done imagenet resnet50 ILSVRC2012_val_00009485 lime_budget_2048 seed=1 4.55s
946 done imagenet resnet50 ILSVRC2012_val_00009485 kernel_shap_budget_256 seed=2 0.56s
947 done imagenet resnet50 ILSVRC2012_val_00009485 rise_budget_1024 seed=2 4.57s
948 done imagenet resnet50 ILSVRC2012_val_00009485 rise_budget_2048 seed=1 9.73s
949 done imagenet resnet50 ILSVRC2012_val_00009485 rise_budget_512 seed=2 2.28s
950 done imagenet resnet50 ILSVRC2012_val_00009485 rise_budget_1024 seed=3 5.06s
951 done imagenet resnet50 ILSVRC2012_val_00009485 kernel_shap_budget_2048 seed=4 5.09s
952 done imagenet resnet50 ILSVRC2012_val_00009485 lime_budget_2048 seed=4 4.84s
953 done imagenet resnet50 ILSVRC2012_val_00009485 lime_budget_512 seed=1 1.10s
954 done imagenet resnet50 ILSVRC2012_val_00009485 lime_budget_2048 seed=0 4.57s
955 done imagenet resnet50 ILSVRC2012_val_00009485 kernel_shap_budget_2048 seed=0 4.40s
956 done imagenet resnet50 ILSVRC2012_val_00009485 lime_budget_512 seed=0 1.22s
957 done imagenet resnet50 ILSVRC2012_val_00009485 lime_budget_1024 seed=0 2.64s
958 done imagenet resnet50 ILSVRC2012_val_00009485 lime_budget_256 seed=3 0.60s
959 done imagenet resnet50 ILSVRC2012_val_00009485 lime_budget_512 seed=2 1.19s
960 done imagenet resnet50 ILSVRC2012_val_00009485 kernel_shap_budget_2048 seed=3 4.41s
961 done imagenet resnet50 ILSVRC2012_val_00009485 kernel_shap_budget_1024 seed=2 2.21s
962 done imagenet resnet50 ILSVRC2012_val_00009485 lime_budget_2048 seed=2 4.44s
963 done imagenet resnet50 ILSVRC2012_val_00009485 lime_budget_2048 seed=3 4.66s
964 done imagenet resnet50 ILSVRC2012_val_00009485 kernel_shap_budget_1024 seed=3 2.53s
965 done imagenet resnet50 ILSVRC2012_val_00009485 rise_budget_256 seed=4 1.18s
966 done imagenet resnet50 ILSVRC2012_val_00009485 kernel_shap_budget_256 seed=4 0.61s
967 done imagenet resnet50 ILSVRC2012_val_00009485 rise_budget_2048 seed=4 10.02s
968 done imagenet resnet50 ILSVRC2012_val_00009485 rise_budget_256 seed=1 1.33s
969 done imagenet resnet50 ILSVRC2012_val_00009485 lime_budget_256 seed=2 0.89s
970 done imagenet resnet50 ILSVRC2012_val_00009485 rise_budget_2048 seed=3 10.23s
971 done imagenet resnet50 ILSVRC2012_val_00009485 lime_budget_1024 seed=1 2.39s
972 done imagenet resnet50 ILSVRC2012_val_00009485 rise_budget_1024 seed=4 5.00s
973 done imagenet resnet50 ILSVRC2012_val_00009485 rise_budget_256 seed=0 1.27s
974 done imagenet resnet50 ILSVRC2012_val_00009485 rise_budget_512 seed=3 2.63s
975 done imagenet resnet50 ILSVRC2012_val_00009485 lime_budget_1024 seed=3 2.30s
976 done imagenet resnet50 ILSVRC2012_val_00009485 lime_budget_512 seed=4 1.15s
977 done imagenet resnet50 ILSVRC2012_val_00010183 lime_budget_1024 seed=4 2.44s
978 done imagenet resnet50 ILSVRC2012_val_00010183 lime_budget_256 seed=1 0.64s
979 done imagenet resnet50 ILSVRC2012_val_00010183 kernel_shap_budget_256 seed=3 0.58s
980 done imagenet resnet50 ILSVRC2012_val_00010183 lime_budget_2048 seed=3 4.75s
981 done imagenet resnet50 ILSVRC2012_val_00010183 lime_budget_1024 seed=2 2.16s
982 done imagenet resnet50 ILSVRC2012_val_00010183 lime_budget_1024 seed=3 2.18s
983 done imagenet resnet50 ILSVRC2012_val_00010183 kernel_shap_budget_256 seed=4 0.55s
984 done imagenet resnet50 ILSVRC2012_val_00010183 rise_budget_2048 seed=3 9.11s
985 done imagenet resnet50 ILSVRC2012_val_00010183 kernel_shap_budget_1024 seed=0 2.37s
986 done imagenet resnet50 ILSVRC2012_val_00010183 lime_budget_512 seed=0 1.29s
987 done imagenet resnet50 ILSVRC2012_val_00010183 rise_budget_256 seed=3 1.25s
988 done imagenet resnet50 ILSVRC2012_val_00010183 lime_budget_2048 seed=0 4.80s
989 done imagenet resnet50 ILSVRC2012_val_00010183 kernel_shap_budget_2048 seed=1 4.79s
990 done imagenet resnet50 ILSVRC2012_val_00010183 kernel_shap_budget_256 seed=0 0.69s
991 done imagenet resnet50 ILSVRC2012_val_00010183 kernel_shap_budget_1024 seed=3 2.55s
992 done imagenet resnet50 ILSVRC2012_val_00010183 kernel_shap_budget_256 seed=1 0.60s
993 done imagenet resnet50 ILSVRC2012_val_00010183 rise_budget_1024 seed=0 5.05s
994 done imagenet resnet50 ILSVRC2012_val_00010183 kernel_shap_budget_2048 seed=4 4.73s
995 done imagenet resnet50 ILSVRC2012_val_00010183 lime_budget_256 seed=0 0.95s
996 done imagenet resnet50 ILSVRC2012_val_00010183 rise_budget_2048 seed=1 10.56s
997 done imagenet resnet50 ILSVRC2012_val_00010183 rise_budget_2048 seed=0 9.91s
998 done imagenet resnet50 ILSVRC2012_val_00010183 kernel_shap_budget_512 seed=3 1.22s
999 done imagenet resnet50 ILSVRC2012_val_00010183 rise_budget_1024 seed=2 5.00s
1000 done imagenet resnet50 ILSVRC2012_val_00010183 lime_budget_1024 seed=0 2.26s
1001 done imagenet resnet50 ILSVRC2012_val_00010183 kernel_shap_budget_512 seed=4 1.22s
1002 done imagenet resnet50 ILSVRC2012_val_00010183 rise_budget_1024 seed=4 4.06s
1003 done imagenet resnet50 ILSVRC2012_val_00010183 rise_budget_512 seed=0 2.26s
1004 done imagenet resnet50 ILSVRC2012_val_00010183 lime_budget_2048 seed=4 4.73s
1005 done imagenet resnet50 ILSVRC2012_val_00010183 kernel_shap_budget_256 seed=2 0.56s
1006 done imagenet resnet50 ILSVRC2012_val_00010183 lime_budget_512 seed=3 1.10s
1007 done imagenet resnet50 ILSVRC2012_val_00010183 rise_budget_256 seed=4 1.09s
1008 done imagenet resnet50 ILSVRC2012_val_00010183 rise_budget_512 seed=1 2.46s
1009 done imagenet resnet50 ILSVRC2012_val_00010183 kernel_shap_budget_1024 seed=4 2.47s
1010 done imagenet resnet50 ILSVRC2012_val_00010183 lime_budget_512 seed=1 1.31s
1011 done imagenet resnet50 ILSVRC2012_val_00010183 lime_budget_512 seed=4 1.29s
1012 done imagenet resnet50 ILSVRC2012_val_00010183 rise_budget_2048 seed=2 9.48s
1013 done imagenet resnet50 ILSVRC2012_val_00010183 lime_budget_512 seed=2 1.18s
1014 done imagenet resnet50 ILSVRC2012_val_00010183 lime_budget_1024 seed=1 2.19s
1015 done imagenet resnet50 ILSVRC2012_val_00010183 lime_budget_256 seed=2 0.60s
1016 done imagenet resnet50 ILSVRC2012_val_00010183 lime_budget_2048 seed=1 4.63s
1017 done imagenet resnet50 ILSVRC2012_val_00010183 kernel_shap_budget_2048 seed=3 4.27s
1018 done imagenet resnet50 ILSVRC2012_val_00010183 rise_budget_512 seed=4 2.33s
1019 done imagenet resnet50 ILSVRC2012_val_00010183 kernel_shap_budget_1024 seed=1 2.52s
1020 done imagenet resnet50 ILSVRC2012_val_00010183 rise_budget_512 seed=2 2.60s
1021 done imagenet resnet50 ILSVRC2012_val_00010183 lime_budget_256 seed=3 0.76s
1022 done imagenet resnet50 ILSVRC2012_val_00010183 rise_budget_256 seed=1 1.50s
1023 done imagenet resnet50 ILSVRC2012_val_00010183 rise_budget_256 seed=2 1.25s
1024 done imagenet resnet50 ILSVRC2012_val_00010183 kernel_shap_budget_512 seed=0 1.20s
1025 done imagenet resnet50 ILSVRC2012_val_00010183 kernel_shap_budget_2048 seed=0 4.37s
1026 done imagenet resnet50 ILSVRC2012_val_00010183 lime_budget_2048 seed=2 5.04s
1027 done imagenet resnet50 ILSVRC2012_val_00010183 rise_budget_256 seed=0 1.35s
1028 done imagenet resnet50 ILSVRC2012_val_00010183 ablation_default seed=None 0.16s
1029 done imagenet resnet50 ILSVRC2012_val_00010183 rise_budget_2048 seed=4 9.24s
1030 done imagenet resnet50 ILSVRC2012_val_00010183 lime_budget_256 seed=4 0.54s
1031 done imagenet resnet50 ILSVRC2012_val_00010183 kernel_shap_budget_512 seed=1 1.08s
1032 done imagenet resnet50 ILSVRC2012_val_00010183 kernel_shap_budget_1024 seed=2 2.25s
1033 done imagenet resnet50 ILSVRC2012_val_00010183 rise_budget_512 seed=3 2.86s
1034 done imagenet resnet50 ILSVRC2012_val_00010183 kernel_shap_budget_512 seed=2 1.23s
1035 done imagenet resnet50 ILSVRC2012_val_00010183 rise_budget_1024 seed=1 5.46s
1036 done imagenet resnet50 ILSVRC2012_val_00010183 kernel_shap_budget_2048 seed=2 4.81s
1037 done imagenet resnet50 ILSVRC2012_val_00010183 rise_budget_1024 seed=3 5.34s
1038 done imagenet resnet50 ILSVRC2012_val_00011510 lime_budget_2048 seed=1 4.43s
1039 done imagenet resnet50 ILSVRC2012_val_00011510 rise_budget_2048 seed=1 8.89s
1040 done imagenet resnet50 ILSVRC2012_val_00011510 ablation_default seed=None 0.18s
1041 done imagenet resnet50 ILSVRC2012_val_00011510 rise_budget_256 seed=1 1.09s
1042 done imagenet resnet50 ILSVRC2012_val_00011510 lime_budget_256 seed=4 0.54s
1043 done imagenet resnet50 ILSVRC2012_val_00011510 rise_budget_2048 seed=0 9.64s
1044 done imagenet resnet50 ILSVRC2012_val_00011510 rise_budget_256 seed=2 1.10s
1045 done imagenet resnet50 ILSVRC2012_val_00011510 kernel_shap_budget_2048 seed=4 4.31s
1046 done imagenet resnet50 ILSVRC2012_val_00011510 rise_budget_2048 seed=2 8.76s
1047 done imagenet resnet50 ILSVRC2012_val_00011510 rise_budget_256 seed=3 1.09s
1048 done imagenet resnet50 ILSVRC2012_val_00011510 kernel_shap_budget_256 seed=1 0.54s
1049 done imagenet resnet50 ILSVRC2012_val_00011510 kernel_shap_budget_512 seed=0 1.16s
1050 done imagenet resnet50 ILSVRC2012_val_00011510 lime_budget_1024 seed=3 2.43s
1051 done imagenet resnet50 ILSVRC2012_val_00011510 rise_budget_512 seed=3 2.26s
1052 done imagenet resnet50 ILSVRC2012_val_00011510 kernel_shap_budget_1024 seed=2 2.23s
1053 done imagenet resnet50 ILSVRC2012_val_00011510 kernel_shap_budget_512 seed=4 1.15s
1054 done imagenet resnet50 ILSVRC2012_val_00011510 rise_budget_1024 seed=1 4.89s
1055 done imagenet resnet50 ILSVRC2012_val_00011510 lime_budget_2048 seed=3 4.97s
1056 done imagenet resnet50 ILSVRC2012_val_00011510 lime_budget_2048 seed=4 4.94s
1057 done imagenet resnet50 ILSVRC2012_val_00011510 kernel_shap_budget_1024 seed=1 2.26s
1058 done imagenet resnet50 ILSVRC2012_val_00011510 rise_budget_1024 seed=4 4.46s
1059 done imagenet resnet50 ILSVRC2012_val_00011510 lime_budget_256 seed=3 0.75s
1060 done imagenet resnet50 ILSVRC2012_val_00011510 lime_budget_512 seed=0 1.15s
1061 done imagenet resnet50 ILSVRC2012_val_00011510 rise_budget_256 seed=4 1.18s
1062 done imagenet resnet50 ILSVRC2012_val_00011510 lime_budget_1024 seed=2 2.51s
1063 done imagenet resnet50 ILSVRC2012_val_00011510 rise_budget_512 seed=0 2.63s
1064 done imagenet resnet50 ILSVRC2012_val_00011510 rise_budget_2048 seed=4 9.91s
1065 done imagenet resnet50 ILSVRC2012_val_00011510 lime_budget_512 seed=3 1.15s
1066 done imagenet resnet50 ILSVRC2012_val_00011510 rise_budget_256 seed=0 1.26s
1067 done imagenet resnet50 ILSVRC2012_val_00011510 kernel_shap_budget_1024 seed=0 2.65s
1068 done imagenet resnet50 ILSVRC2012_val_00011510 kernel_shap_budget_512 seed=3 1.31s
1069 done imagenet resnet50 ILSVRC2012_val_00011510 rise_budget_1024 seed=0 4.64s
1070 done imagenet resnet50 ILSVRC2012_val_00011510 kernel_shap_budget_512 seed=2 1.09s
1071 done imagenet resnet50 ILSVRC2012_val_00011510 rise_budget_1024 seed=2 4.54s
1072 done imagenet resnet50 ILSVRC2012_val_00011510 rise_budget_2048 seed=3 9.97s
1073 done imagenet resnet50 ILSVRC2012_val_00011510 lime_budget_1024 seed=4 2.99s
1074 done imagenet resnet50 ILSVRC2012_val_00011510 lime_budget_1024 seed=0 2.59s
1075 done imagenet resnet50 ILSVRC2012_val_00011510 rise_budget_1024 seed=3 5.26s
1076 done imagenet resnet50 ILSVRC2012_val_00011510 lime_budget_512 seed=2 1.34s
1077 done imagenet resnet50 ILSVRC2012_val_00011510 lime_budget_256 seed=1 0.70s
1078 done imagenet resnet50 ILSVRC2012_val_00011510 lime_budget_512 seed=1 1.33s
1079 done imagenet resnet50 ILSVRC2012_val_00011510 lime_budget_2048 seed=0 4.85s
1080 done imagenet resnet50 ILSVRC2012_val_00011510 kernel_shap_budget_1024 seed=3 2.34s
1081 done imagenet resnet50 ILSVRC2012_val_00011510 lime_budget_2048 seed=2 4.46s
1082 done imagenet resnet50 ILSVRC2012_val_00011510 kernel_shap_budget_2048 seed=0 4.41s
1083 done imagenet resnet50 ILSVRC2012_val_00011510 kernel_shap_budget_256 seed=2 0.55s
1084 done imagenet resnet50 ILSVRC2012_val_00011510 rise_budget_512 seed=1 2.27s
1085 done imagenet resnet50 ILSVRC2012_val_00011510 rise_budget_512 seed=4 1.98s
1086 done imagenet resnet50 ILSVRC2012_val_00011510 lime_budget_256 seed=0 0.56s
1087 done imagenet resnet50 ILSVRC2012_val_00011510 lime_budget_1024 seed=1 2.51s
1088 done imagenet resnet50 ILSVRC2012_val_00011510 kernel_shap_budget_2048 seed=2 4.33s
1089 done imagenet resnet50 ILSVRC2012_val_00011510 kernel_shap_budget_1024 seed=4 2.32s
1090 done imagenet resnet50 ILSVRC2012_val_00011510 lime_budget_512 seed=4 1.22s
1091 done imagenet resnet50 ILSVRC2012_val_00011510 rise_budget_512 seed=2 2.41s
1092 done imagenet resnet50 ILSVRC2012_val_00011510 kernel_shap_budget_256 seed=4 0.56s
1093 done imagenet resnet50 ILSVRC2012_val_00011510 kernel_shap_budget_256 seed=3 0.55s
1094 done imagenet resnet50 ILSVRC2012_val_00011510 kernel_shap_budget_2048 seed=1 4.58s
1095 done imagenet resnet50 ILSVRC2012_val_00011510 lime_budget_256 seed=2 0.66s
1096 done imagenet resnet50 ILSVRC2012_val_00011510 kernel_shap_budget_512 seed=1 1.14s
1097 done imagenet resnet50 ILSVRC2012_val_00011510 kernel_shap_budget_256 seed=0 0.54s
1098 done imagenet resnet50 ILSVRC2012_val_00011510 kernel_shap_budget_2048 seed=3 4.66s
1099 done imagenet resnet50 ILSVRC2012_val_00012267 kernel_shap_budget_256 seed=0 0.74s
1100 done imagenet resnet50 ILSVRC2012_val_00012267 rise_budget_1024 seed=2 5.01s
1101 done imagenet resnet50 ILSVRC2012_val_00012267 rise_budget_512 seed=2 2.47s
1102 done imagenet resnet50 ILSVRC2012_val_00012267 kernel_shap_budget_2048 seed=3 4.71s
1103 done imagenet resnet50 ILSVRC2012_val_00012267 lime_budget_1024 seed=2 2.26s
1104 done imagenet resnet50 ILSVRC2012_val_00012267 kernel_shap_budget_512 seed=2 1.19s
1105 done imagenet resnet50 ILSVRC2012_val_00012267 kernel_shap_budget_2048 seed=1 4.81s
1106 done imagenet resnet50 ILSVRC2012_val_00012267 lime_budget_1024 seed=3 2.43s
1107 done imagenet resnet50 ILSVRC2012_val_00012267 lime_budget_2048 seed=2 4.80s
1108 done imagenet resnet50 ILSVRC2012_val_00012267 kernel_shap_budget_2048 seed=0 4.69s
1109 done imagenet resnet50 ILSVRC2012_val_00012267 lime_budget_2048 seed=3 5.01s
1110 done imagenet resnet50 ILSVRC2012_val_00012267 lime_budget_512 seed=3 1.41s
1111 done imagenet resnet50 ILSVRC2012_val_00012267 rise_budget_2048 seed=3 9.34s
1112 done imagenet resnet50 ILSVRC2012_val_00012267 rise_budget_1024 seed=4 4.75s
1113 done imagenet resnet50 ILSVRC2012_val_00012267 lime_budget_256 seed=2 0.58s
1114 done imagenet resnet50 ILSVRC2012_val_00012267 rise_budget_1024 seed=0 4.85s
1115 done imagenet resnet50 ILSVRC2012_val_00012267 kernel_shap_budget_256 seed=1 0.54s
1116 done imagenet resnet50 ILSVRC2012_val_00012267 lime_budget_2048 seed=1 4.42s
1117 done imagenet resnet50 ILSVRC2012_val_00012267 kernel_shap_budget_512 seed=0 1.07s
1118 done imagenet resnet50 ILSVRC2012_val_00012267 kernel_shap_budget_2048 seed=2 4.34s
1119 done imagenet resnet50 ILSVRC2012_val_00012267 lime_budget_1024 seed=1 2.63s
1120 done imagenet resnet50 ILSVRC2012_val_00012267 lime_budget_256 seed=0 0.68s
1121 done imagenet resnet50 ILSVRC2012_val_00012267 lime_budget_512 seed=4 1.28s
1122 done imagenet resnet50 ILSVRC2012_val_00012267 kernel_shap_budget_1024 seed=2 2.31s
1123 done imagenet resnet50 ILSVRC2012_val_00012267 lime_budget_1024 seed=4 2.77s
1124 done imagenet resnet50 ILSVRC2012_val_00012267 lime_budget_512 seed=2 1.27s
1125 done imagenet resnet50 ILSVRC2012_val_00012267 lime_budget_1024 seed=0 2.56s
1126 done imagenet resnet50 ILSVRC2012_val_00012267 rise_budget_2048 seed=1 10.10s
1127 done imagenet resnet50 ILSVRC2012_val_00012267 kernel_shap_budget_512 seed=4 1.24s
1128 done imagenet resnet50 ILSVRC2012_val_00012267 rise_budget_512 seed=1 2.41s
1129 done imagenet resnet50 ILSVRC2012_val_00012267 rise_budget_1024 seed=1 4.72s
1130 done imagenet resnet50 ILSVRC2012_val_00012267 rise_budget_2048 seed=0 10.37s
1131 done imagenet resnet50 ILSVRC2012_val_00012267 ablation_default seed=None 0.21s
1132 done imagenet resnet50 ILSVRC2012_val_00012267 kernel_shap_budget_1024 seed=3 2.71s
1133 done imagenet resnet50 ILSVRC2012_val_00012267 rise_budget_512 seed=3 2.66s
1134 done imagenet resnet50 ILSVRC2012_val_00012267 rise_budget_256 seed=2 1.24s
1135 done imagenet resnet50 ILSVRC2012_val_00012267 lime_budget_512 seed=0 1.33s
1136 done imagenet resnet50 ILSVRC2012_val_00012267 rise_budget_256 seed=1 1.17s
1137 done imagenet resnet50 ILSVRC2012_val_00012267 rise_budget_512 seed=0 2.35s
1138 done imagenet resnet50 ILSVRC2012_val_00012267 lime_budget_2048 seed=0 4.60s
1139 done imagenet resnet50 ILSVRC2012_val_00012267 lime_budget_512 seed=1 1.32s
1140 done imagenet resnet50 ILSVRC2012_val_00012267 rise_budget_256 seed=3 1.14s
1141 done imagenet resnet50 ILSVRC2012_val_00012267 lime_budget_256 seed=1 0.66s
1142 done imagenet resnet50 ILSVRC2012_val_00012267 kernel_shap_budget_1024 seed=1 2.32s
1143 done imagenet resnet50 ILSVRC2012_val_00012267 kernel_shap_budget_512 seed=3 1.26s
1144 done imagenet resnet50 ILSVRC2012_val_00012267 rise_budget_512 seed=4 2.69s
1145 done imagenet resnet50 ILSVRC2012_val_00012267 kernel_shap_budget_256 seed=4 0.54s
1146 done imagenet resnet50 ILSVRC2012_val_00012267 rise_budget_2048 seed=2 7.86s
1147 done imagenet resnet50 ILSVRC2012_val_00012267 lime_budget_256 seed=4 0.62s
1148 done imagenet resnet50 ILSVRC2012_val_00012267 rise_budget_1024 seed=3 4.92s
1149 done imagenet resnet50 ILSVRC2012_val_00012267 kernel_shap_budget_1024 seed=0 2.36s
1150 done imagenet resnet50 ILSVRC2012_val_00012267 kernel_shap_budget_1024 seed=4 2.30s
1151 done imagenet resnet50 ILSVRC2012_val_00012267 rise_budget_256 seed=0 1.18s
1152 done imagenet resnet50 ILSVRC2012_val_00012267 kernel_shap_budget_2048 seed=4 4.42s
1153 done imagenet resnet50 ILSVRC2012_val_00012267 kernel_shap_budget_512 seed=1 1.22s
1154 done imagenet resnet50 ILSVRC2012_val_00012267 rise_budget_2048 seed=4 9.57s
1155 done imagenet resnet50 ILSVRC2012_val_00012267 rise_budget_256 seed=4 1.20s
1156 done imagenet resnet50 ILSVRC2012_val_00012267 lime_budget_2048 seed=4 4.91s
1157 done imagenet resnet50 ILSVRC2012_val_00012267 lime_budget_256 seed=3 0.61s
1158 done imagenet resnet50 ILSVRC2012_val_00012267 kernel_shap_budget_256 seed=2 0.60s
1159 done imagenet resnet50 ILSVRC2012_val_00012267 kernel_shap_budget_256 seed=3 0.63s
1160 done imagenet resnet50 ILSVRC2012_val_00013432 rise_budget_1024 seed=2 5.02s
1161 done imagenet resnet50 ILSVRC2012_val_00013432 lime_budget_512 seed=0 1.20s
1162 done imagenet resnet50 ILSVRC2012_val_00013432 lime_budget_2048 seed=3 4.55s
1163 done imagenet resnet50 ILSVRC2012_val_00013432 rise_budget_2048 seed=0 8.57s
1164 done imagenet resnet50 ILSVRC2012_val_00013432 kernel_shap_budget_256 seed=4 0.66s
1165 done imagenet resnet50 ILSVRC2012_val_00013432 kernel_shap_budget_2048 seed=2 4.66s
1166 done imagenet resnet50 ILSVRC2012_val_00013432 rise_budget_2048 seed=4 10.56s
1167 done imagenet resnet50 ILSVRC2012_val_00013432 rise_budget_256 seed=4 1.35s
1168 done imagenet resnet50 ILSVRC2012_val_00013432 kernel_shap_budget_1024 seed=0 2.48s
1169 done imagenet resnet50 ILSVRC2012_val_00013432 lime_budget_1024 seed=2 2.57s
1170 done imagenet resnet50 ILSVRC2012_val_00013432 kernel_shap_budget_256 seed=1 0.62s
1171 done imagenet resnet50 ILSVRC2012_val_00013432 kernel_shap_budget_1024 seed=1 2.61s
1172 done imagenet resnet50 ILSVRC2012_val_00013432 rise_budget_256 seed=1 1.35s
1173 done imagenet resnet50 ILSVRC2012_val_00013432 kernel_shap_budget_1024 seed=2 2.46s
1174 done imagenet resnet50 ILSVRC2012_val_00013432 kernel_shap_budget_256 seed=3 0.72s
1175 done imagenet resnet50 ILSVRC2012_val_00013432 kernel_shap_budget_2048 seed=0 4.66s
1176 done imagenet resnet50 ILSVRC2012_val_00013432 lime_budget_512 seed=2 1.10s
1177 done imagenet resnet50 ILSVRC2012_val_00013432 kernel_shap_budget_2048 seed=4 4.87s
1178 done imagenet resnet50 ILSVRC2012_val_00013432 kernel_shap_budget_512 seed=3 1.19s
1179 done imagenet resnet50 ILSVRC2012_val_00013432 rise_budget_1024 seed=3 4.87s
1180 done imagenet resnet50 ILSVRC2012_val_00013432 rise_budget_1024 seed=1 4.60s
1181 done imagenet resnet50 ILSVRC2012_val_00013432 rise_budget_2048 seed=1 10.00s
1182 done imagenet resnet50 ILSVRC2012_val_00013432 lime_budget_2048 seed=4 4.47s
1183 done imagenet resnet50 ILSVRC2012_val_00013432 kernel_shap_budget_256 seed=2 0.64s
1184 done imagenet resnet50 ILSVRC2012_val_00013432 kernel_shap_budget_512 seed=1 1.08s
1185 done imagenet resnet50 ILSVRC2012_val_00013432 ablation_default seed=None 0.18s
1186 done imagenet resnet50 ILSVRC2012_val_00013432 rise_budget_2048 seed=3 9.18s
1187 done imagenet resnet50 ILSVRC2012_val_00013432 kernel_shap_budget_512 seed=4 1.08s
1188 done imagenet resnet50 ILSVRC2012_val_00013432 lime_budget_2048 seed=0 4.93s
1189 done imagenet resnet50 ILSVRC2012_val_00013432 lime_budget_512 seed=1 1.17s
1190 done imagenet resnet50 ILSVRC2012_val_00013432 lime_budget_256 seed=4 0.61s
1191 done imagenet resnet50 ILSVRC2012_val_00013432 rise_budget_512 seed=3 2.43s
1192 done imagenet resnet50 ILSVRC2012_val_00013432 rise_budget_256 seed=0 1.32s
1193 done imagenet resnet50 ILSVRC2012_val_00013432 rise_budget_512 seed=4 2.38s
1194 done imagenet resnet50 ILSVRC2012_val_00013432 lime_budget_1024 seed=3 2.54s
1195 done imagenet resnet50 ILSVRC2012_val_00013432 rise_budget_512 seed=2 2.39s
1196 done imagenet resnet50 ILSVRC2012_val_00013432 lime_budget_1024 seed=4 2.18s
1197 done imagenet resnet50 ILSVRC2012_val_00013432 lime_budget_256 seed=0 0.60s
1198 done imagenet resnet50 ILSVRC2012_val_00013432 lime_budget_256 seed=3 0.61s
1199 done imagenet resnet50 ILSVRC2012_val_00013432 lime_budget_1024 seed=1 2.34s
1200 done imagenet resnet50 ILSVRC2012_val_00013432 kernel_shap_budget_512 seed=2 1.32s
1201 done imagenet resnet50 ILSVRC2012_val_00013432 rise_budget_256 seed=3 1.36s
1202 done imagenet resnet50 ILSVRC2012_val_00013432 rise_budget_256 seed=2 1.30s
1203 done imagenet resnet50 ILSVRC2012_val_00013432 rise_budget_1024 seed=0 5.62s
1204 done imagenet resnet50 ILSVRC2012_val_00013432 lime_budget_512 seed=3 1.39s
1205 done imagenet resnet50 ILSVRC2012_val_00013432 lime_budget_256 seed=2 0.70s
1206 done imagenet resnet50 ILSVRC2012_val_00013432 rise_budget_1024 seed=4 4.74s
1207 done imagenet resnet50 ILSVRC2012_val_00013432 rise_budget_512 seed=1 2.35s
1208 done imagenet resnet50 ILSVRC2012_val_00013432 rise_budget_2048 seed=2 9.49s
1209 done imagenet resnet50 ILSVRC2012_val_00013432 lime_budget_1024 seed=0 2.40s
1210 done imagenet resnet50 ILSVRC2012_val_00013432 kernel_shap_budget_1024 seed=3 2.16s
1211 done imagenet resnet50 ILSVRC2012_val_00013432 lime_budget_2048 seed=2 4.92s
1212 done imagenet resnet50 ILSVRC2012_val_00013432 kernel_shap_budget_2048 seed=3 4.98s
1213 done imagenet resnet50 ILSVRC2012_val_00013432 kernel_shap_budget_512 seed=0 1.21s
1214 done imagenet resnet50 ILSVRC2012_val_00013432 kernel_shap_budget_1024 seed=4 2.51s
1215 done imagenet resnet50 ILSVRC2012_val_00013432 lime_budget_2048 seed=1 4.72s
1216 done imagenet resnet50 ILSVRC2012_val_00013432 kernel_shap_budget_256 seed=0 0.61s
1217 done imagenet resnet50 ILSVRC2012_val_00013432 lime_budget_512 seed=4 1.12s
1218 done imagenet resnet50 ILSVRC2012_val_00013432 rise_budget_512 seed=0 2.25s
1219 done imagenet resnet50 ILSVRC2012_val_00013432 lime_budget_256 seed=1 0.61s
1220 done imagenet resnet50 ILSVRC2012_val_00013432 kernel_shap_budget_2048 seed=1 4.94s
1221 done imagenet resnet50 ILSVRC2012_val_00013800 rise_budget_2048 seed=4 9.89s
1222 done imagenet resnet50 ILSVRC2012_val_00013800 kernel_shap_budget_512 seed=3 1.31s
1223 done imagenet resnet50 ILSVRC2012_val_00013800 lime_budget_512 seed=4 1.26s
1224 done imagenet resnet50 ILSVRC2012_val_00013800 ablation_default seed=None 0.17s
1225 done imagenet resnet50 ILSVRC2012_val_00013800 lime_budget_256 seed=1 0.65s
1226 done imagenet resnet50 ILSVRC2012_val_00013800 kernel_shap_budget_256 seed=3 0.56s
1227 done imagenet resnet50 ILSVRC2012_val_00013800 rise_budget_512 seed=4 2.39s
1228 done imagenet resnet50 ILSVRC2012_val_00013800 kernel_shap_budget_256 seed=2 0.55s
1229 done imagenet resnet50 ILSVRC2012_val_00013800 rise_budget_2048 seed=2 8.92s
1230 done imagenet resnet50 ILSVRC2012_val_00013800 rise_budget_1024 seed=2 5.23s
1231 done imagenet resnet50 ILSVRC2012_val_00013800 lime_budget_1024 seed=4 2.45s
1232 done imagenet resnet50 ILSVRC2012_val_00013800 lime_budget_1024 seed=2 2.37s
1233 done imagenet resnet50 ILSVRC2012_val_00013800 lime_budget_1024 seed=0 2.21s
1234 done imagenet resnet50 ILSVRC2012_val_00013800 kernel_shap_budget_1024 seed=1 2.48s
1235 done imagenet resnet50 ILSVRC2012_val_00013800 lime_budget_512 seed=0 1.34s
1236 done imagenet resnet50 ILSVRC2012_val_00013800 rise_budget_512 seed=2 2.31s
1237 done imagenet resnet50 ILSVRC2012_val_00013800 rise_budget_256 seed=4 1.10s
1238 done imagenet resnet50 ILSVRC2012_val_00013800 lime_budget_512 seed=2 1.21s
1239 done imagenet resnet50 ILSVRC2012_val_00013800 kernel_shap_budget_2048 seed=4 4.58s
1240 done imagenet resnet50 ILSVRC2012_val_00013800 lime_budget_256 seed=4 0.71s
1241 done imagenet resnet50 ILSVRC2012_val_00013800 rise_budget_512 seed=3 2.52s
1242 done imagenet resnet50 ILSVRC2012_val_00013800 lime_budget_2048 seed=4 4.86s
1243 done imagenet resnet50 ILSVRC2012_val_00013800 kernel_shap_budget_256 seed=4 0.56s
1244 done imagenet resnet50 ILSVRC2012_val_00013800 kernel_shap_budget_1024 seed=0 2.25s
1245 done imagenet resnet50 ILSVRC2012_val_00013800 kernel_shap_budget_512 seed=0 1.08s
1246 done imagenet resnet50 ILSVRC2012_val_00013800 lime_budget_256 seed=3 0.74s
1247 done imagenet resnet50 ILSVRC2012_val_00013800 lime_budget_2048 seed=0 4.57s
1248 done imagenet resnet50 ILSVRC2012_val_00013800 kernel_shap_budget_512 seed=2 1.24s
1249 done imagenet resnet50 ILSVRC2012_val_00013800 lime_budget_1024 seed=3 2.38s
1250 done imagenet resnet50 ILSVRC2012_val_00013800 lime_budget_512 seed=1 1.07s
1251 done imagenet resnet50 ILSVRC2012_val_00013800 kernel_shap_budget_512 seed=4 1.11s
1252 done imagenet resnet50 ILSVRC2012_val_00013800 rise_budget_256 seed=3 1.12s
1253 done imagenet resnet50 ILSVRC2012_val_00013800 kernel_shap_budget_512 seed=1 1.09s
1254 done imagenet resnet50 ILSVRC2012_val_00013800 rise_budget_2048 seed=3 9.59s
1255 done imagenet resnet50 ILSVRC2012_val_00013800 rise_budget_2048 seed=0 9.53s
1256 done imagenet resnet50 ILSVRC2012_val_00013800 rise_budget_256 seed=2 1.18s
1257 done imagenet resnet50 ILSVRC2012_val_00013800 kernel_shap_budget_2048 seed=3 4.47s
1258 done imagenet resnet50 ILSVRC2012_val_00013800 rise_budget_1024 seed=4 4.92s
1259 done imagenet resnet50 ILSVRC2012_val_00013800 kernel_shap_budget_256 seed=0 0.56s
1260 done imagenet resnet50 ILSVRC2012_val_00013800 rise_budget_256 seed=0 1.33s
1261 done imagenet resnet50 ILSVRC2012_val_00013800 kernel_shap_budget_256 seed=1 0.62s
1262 done imagenet resnet50 ILSVRC2012_val_00013800 rise_budget_2048 seed=1 9.84s
1263 done imagenet resnet50 ILSVRC2012_val_00013800 rise_budget_512 seed=0 2.23s
1264 done imagenet resnet50 ILSVRC2012_val_00013800 lime_budget_512 seed=3 1.09s
1265 done imagenet resnet50 ILSVRC2012_val_00013800 kernel_shap_budget_1024 seed=2 2.17s
1266 done imagenet resnet50 ILSVRC2012_val_00013800 kernel_shap_budget_2048 seed=0 4.89s
1267 done imagenet resnet50 ILSVRC2012_val_00013800 kernel_shap_budget_1024 seed=4 2.42s
1268 done imagenet resnet50 ILSVRC2012_val_00013800 rise_budget_1024 seed=1 4.83s
1269 done imagenet resnet50 ILSVRC2012_val_00013800 rise_budget_256 seed=1 1.21s
1270 done imagenet resnet50 ILSVRC2012_val_00013800 rise_budget_1024 seed=0 5.07s
1271 done imagenet resnet50 ILSVRC2012_val_00013800 rise_budget_512 seed=1 2.60s
1272 done imagenet resnet50 ILSVRC2012_val_00013800 lime_budget_2048 seed=1 4.80s
1273 done imagenet resnet50 ILSVRC2012_val_00013800 kernel_shap_budget_2048 seed=1 5.04s
1274 done imagenet resnet50 ILSVRC2012_val_00013800 rise_budget_1024 seed=3 5.17s
1275 done imagenet resnet50 ILSVRC2012_val_00013800 kernel_shap_budget_1024 seed=3 2.45s
1276 done imagenet resnet50 ILSVRC2012_val_00013800 lime_budget_2048 seed=3 4.36s
1277 done imagenet resnet50 ILSVRC2012_val_00013800 lime_budget_1024 seed=1 2.20s
1278 done imagenet resnet50 ILSVRC2012_val_00013800 lime_budget_256 seed=0 0.61s
1279 done imagenet resnet50 ILSVRC2012_val_00013800 kernel_shap_budget_2048 seed=2 4.90s
1280 done imagenet resnet50 ILSVRC2012_val_00013800 lime_budget_2048 seed=2 4.84s
1281 done imagenet resnet50 ILSVRC2012_val_00013800 lime_budget_256 seed=2 0.81s
1282 done imagenet resnet50 ILSVRC2012_val_00014403 rise_budget_2048 seed=0 9.49s
1283 done imagenet resnet50 ILSVRC2012_val_00014403 rise_budget_2048 seed=1 9.87s
1284 done imagenet resnet50 ILSVRC2012_val_00014403 lime_budget_512 seed=4 1.33s
1285 done imagenet resnet50 ILSVRC2012_val_00014403 rise_budget_512 seed=1 2.39s
1286 done imagenet resnet50 ILSVRC2012_val_00014403 rise_budget_512 seed=4 2.25s
1287 done imagenet resnet50 ILSVRC2012_val_00014403 kernel_shap_budget_512 seed=2 1.07s
1288 done imagenet resnet50 ILSVRC2012_val_00014403 kernel_shap_budget_512 seed=3 1.15s
1289 done imagenet resnet50 ILSVRC2012_val_00014403 lime_budget_1024 seed=1 2.69s
1290 done imagenet resnet50 ILSVRC2012_val_00014403 lime_budget_2048 seed=1 4.60s
1291 done imagenet resnet50 ILSVRC2012_val_00014403 rise_budget_1024 seed=3 3.50s
1292 done imagenet resnet50 ILSVRC2012_val_00014403 kernel_shap_budget_2048 seed=3 4.70s
1293 done imagenet resnet50 ILSVRC2012_val_00014403 kernel_shap_budget_2048 seed=4 4.36s
1294 done imagenet resnet50 ILSVRC2012_val_00014403 kernel_shap_budget_2048 seed=0 4.72s
1295 done imagenet resnet50 ILSVRC2012_val_00014403 lime_budget_2048 seed=3 4.69s
1296 done imagenet resnet50 ILSVRC2012_val_00014403 rise_budget_1024 seed=2 5.29s
1297 done imagenet resnet50 ILSVRC2012_val_00014403 lime_budget_256 seed=2 0.60s
1298 done imagenet resnet50 ILSVRC2012_val_00014403 rise_budget_1024 seed=0 5.33s
1299 done imagenet resnet50 ILSVRC2012_val_00014403 lime_budget_1024 seed=3 2.67s
1300 done imagenet resnet50 ILSVRC2012_val_00014403 kernel_shap_budget_512 seed=0 1.37s
1301 done imagenet resnet50 ILSVRC2012_val_00014403 lime_budget_1024 seed=0 2.43s
1302 done imagenet resnet50 ILSVRC2012_val_00014403 lime_budget_512 seed=1 1.40s
1303 done imagenet resnet50 ILSVRC2012_val_00014403 rise_budget_256 seed=0 1.15s
1304 done imagenet resnet50 ILSVRC2012_val_00014403 lime_budget_256 seed=3 0.59s
1305 done imagenet resnet50 ILSVRC2012_val_00014403 lime_budget_1024 seed=4 2.18s
1306 done imagenet resnet50 ILSVRC2012_val_00014403 lime_budget_256 seed=0 0.56s
1307 done imagenet resnet50 ILSVRC2012_val_00014403 kernel_shap_budget_256 seed=2 0.55s
1308 done imagenet resnet50 ILSVRC2012_val_00014403 kernel_shap_budget_1024 seed=2 2.17s
1309 done imagenet resnet50 ILSVRC2012_val_00014403 kernel_shap_budget_256 seed=3 0.54s
1310 done imagenet resnet50 ILSVRC2012_val_00014403 kernel_shap_budget_256 seed=1 0.60s
1311 done imagenet resnet50 ILSVRC2012_val_00014403 kernel_shap_budget_1024 seed=4 2.19s
1312 done imagenet resnet50 ILSVRC2012_val_00014403 rise_budget_2048 seed=3 10.19s
1313 done imagenet resnet50 ILSVRC2012_val_00014403 lime_budget_2048 seed=2 4.74s
1314 done imagenet resnet50 ILSVRC2012_val_00014403 rise_budget_1024 seed=1 5.75s
1315 done imagenet resnet50 ILSVRC2012_val_00014403 kernel_shap_budget_512 seed=4 1.44s
1316 done imagenet resnet50 ILSVRC2012_val_00014403 lime_budget_2048 seed=0 4.72s
1317 done imagenet resnet50 ILSVRC2012_val_00014403 rise_budget_512 seed=3 2.22s
1318 done imagenet resnet50 ILSVRC2012_val_00014403 kernel_shap_budget_1024 seed=3 2.17s
1319 done imagenet resnet50 ILSVRC2012_val_00014403 lime_budget_256 seed=1 0.60s
1320 done imagenet resnet50 ILSVRC2012_val_00014403 lime_budget_1024 seed=2 2.51s
1321 done imagenet resnet50 ILSVRC2012_val_00014403 rise_budget_1024 seed=4 4.50s
1322 done imagenet resnet50 ILSVRC2012_val_00014403 kernel_shap_budget_2048 seed=2 4.44s
1323 done imagenet resnet50 ILSVRC2012_val_00014403 rise_budget_256 seed=2 1.29s
1324 done imagenet resnet50 ILSVRC2012_val_00014403 kernel_shap_budget_256 seed=0 0.71s
1325 done imagenet resnet50 ILSVRC2012_val_00014403 rise_budget_512 seed=2 2.37s
1326 done imagenet resnet50 ILSVRC2012_val_00014403 kernel_shap_budget_1024 seed=0 2.24s
1327 done imagenet resnet50 ILSVRC2012_val_00014403 lime_budget_512 seed=0 1.21s
1328 done imagenet resnet50 ILSVRC2012_val_00014403 rise_budget_256 seed=4 1.12s
1329 done imagenet resnet50 ILSVRC2012_val_00014403 rise_budget_2048 seed=2 9.25s
1330 done imagenet resnet50 ILSVRC2012_val_00014403 lime_budget_512 seed=3 1.11s
1331 done imagenet resnet50 ILSVRC2012_val_00014403 lime_budget_2048 seed=4 4.54s
1332 done imagenet resnet50 ILSVRC2012_val_00014403 lime_budget_256 seed=4 0.60s
1333 done imagenet resnet50 ILSVRC2012_val_00014403 kernel_shap_budget_512 seed=1 1.23s
1334 done imagenet resnet50 ILSVRC2012_val_00014403 rise_budget_256 seed=3 1.29s
1335 done imagenet resnet50 ILSVRC2012_val_00014403 rise_budget_256 seed=1 1.50s
1336 done imagenet resnet50 ILSVRC2012_val_00014403 ablation_default seed=None 0.17s
1337 done imagenet resnet50 ILSVRC2012_val_00014403 rise_budget_2048 seed=4 9.40s
1338 done imagenet resnet50 ILSVRC2012_val_00014403 kernel_shap_budget_256 seed=4 0.57s
1339 done imagenet resnet50 ILSVRC2012_val_00014403 rise_budget_512 seed=0 2.28s
1340 done imagenet resnet50 ILSVRC2012_val_00014403 kernel_shap_budget_1024 seed=1 2.44s
1341 done imagenet resnet50 ILSVRC2012_val_00014403 kernel_shap_budget_2048 seed=1 5.17s
1342 done imagenet resnet50 ILSVRC2012_val_00014403 lime_budget_512 seed=2 1.23s
1343 done imagenet resnet50 ILSVRC2012_val_00014909 rise_budget_256 seed=2 1.51s
1344 done imagenet resnet50 ILSVRC2012_val_00014909 rise_budget_512 seed=1 2.72s
1345 done imagenet resnet50 ILSVRC2012_val_00014909 kernel_shap_budget_1024 seed=1 2.38s
1346 done imagenet resnet50 ILSVRC2012_val_00014909 kernel_shap_budget_2048 seed=2 4.60s
1347 done imagenet resnet50 ILSVRC2012_val_00014909 kernel_shap_budget_512 seed=1 1.19s
1348 done imagenet resnet50 ILSVRC2012_val_00014909 rise_budget_512 seed=0 2.79s
1349 done imagenet resnet50 ILSVRC2012_val_00014909 lime_budget_2048 seed=1 4.92s
1350 done imagenet resnet50 ILSVRC2012_val_00014909 rise_budget_256 seed=0 1.35s
1351 done imagenet resnet50 ILSVRC2012_val_00014909 lime_budget_512 seed=4 1.39s
1352 done imagenet resnet50 ILSVRC2012_val_00014909 rise_budget_2048 seed=4 10.38s
1353 done imagenet resnet50 ILSVRC2012_val_00014909 rise_budget_1024 seed=4 4.65s
1354 done imagenet resnet50 ILSVRC2012_val_00014909 lime_budget_512 seed=3 1.21s
1355 done imagenet resnet50 ILSVRC2012_val_00014909 rise_budget_2048 seed=3 10.06s
1356 done imagenet resnet50 ILSVRC2012_val_00014909 lime_budget_512 seed=0 1.23s
1357 done imagenet resnet50 ILSVRC2012_val_00014909 kernel_shap_budget_256 seed=3 0.68s
1358 done imagenet resnet50 ILSVRC2012_val_00014909 lime_budget_256 seed=0 0.75s
1359 done imagenet resnet50 ILSVRC2012_val_00014909 kernel_shap_budget_2048 seed=1 4.71s
1360 done imagenet resnet50 ILSVRC2012_val_00014909 kernel_shap_budget_2048 seed=4 4.98s
1361 done imagenet resnet50 ILSVRC2012_val_00014909 lime_budget_1024 seed=3 2.70s
1362 done imagenet resnet50 ILSVRC2012_val_00014909 lime_budget_256 seed=4 0.81s
1363 done imagenet resnet50 ILSVRC2012_val_00014909 kernel_shap_budget_256 seed=2 0.62s
1364 done imagenet resnet50 ILSVRC2012_val_00014909 rise_budget_256 seed=1 1.16s
1365 done imagenet resnet50 ILSVRC2012_val_00014909 rise_budget_1024 seed=2 4.51s
1366 done imagenet resnet50 ILSVRC2012_val_00014909 kernel_shap_budget_512 seed=2 1.08s
1367 done imagenet resnet50 ILSVRC2012_val_00014909 rise_budget_1024 seed=0 5.03s
1368 done imagenet resnet50 ILSVRC2012_val_00014909 kernel_shap_budget_256 seed=0 0.67s
1369 done imagenet resnet50 ILSVRC2012_val_00014909 kernel_shap_budget_1024 seed=2 2.45s
1370 done imagenet resnet50 ILSVRC2012_val_00014909 kernel_shap_budget_1024 seed=0 2.57s
1371 done imagenet resnet50 ILSVRC2012_val_00014909 lime_budget_512 seed=1 1.20s
1372 done imagenet resnet50 ILSVRC2012_val_00014909 lime_budget_512 seed=2 1.27s
1373 done imagenet resnet50 ILSVRC2012_val_00014909 lime_budget_1024 seed=1 2.27s
1374 done imagenet resnet50 ILSVRC2012_val_00014909 kernel_shap_budget_512 seed=3 1.10s
1375 done imagenet resnet50 ILSVRC2012_val_00014909 kernel_shap_budget_1024 seed=3 2.32s
1376 done imagenet resnet50 ILSVRC2012_val_00014909 rise_budget_512 seed=4 2.22s
1377 done imagenet resnet50 ILSVRC2012_val_00014909 lime_budget_2048 seed=0 4.38s
1378 done imagenet resnet50 ILSVRC2012_val_00014909 rise_budget_256 seed=4 1.09s
1379 done imagenet resnet50 ILSVRC2012_val_00014909 rise_budget_2048 seed=1 10.03s
1380 done imagenet resnet50 ILSVRC2012_val_00014909 lime_budget_256 seed=1 0.85s
1381 done imagenet resnet50 ILSVRC2012_val_00014909 rise_budget_512 seed=3 2.58s
1382 done imagenet resnet50 ILSVRC2012_val_00014909 lime_budget_256 seed=3 0.70s
1383 done imagenet resnet50 ILSVRC2012_val_00014909 kernel_shap_budget_1024 seed=4 2.45s
1384 done imagenet resnet50 ILSVRC2012_val_00014909 lime_budget_1024 seed=2 2.50s
1385 done imagenet resnet50 ILSVRC2012_val_00014909 rise_budget_2048 seed=0 8.82s
1386 done imagenet resnet50 ILSVRC2012_val_00014909 rise_budget_1024 seed=3 4.88s
1387 done imagenet resnet50 ILSVRC2012_val_00014909 rise_budget_1024 seed=1 4.94s
1388 done imagenet resnet50 ILSVRC2012_val_00014909 lime_budget_2048 seed=4 5.14s
1389 done imagenet resnet50 ILSVRC2012_val_00014909 lime_budget_1024 seed=0 2.53s
1390 done imagenet resnet50 ILSVRC2012_val_00014909 kernel_shap_budget_2048 seed=0 4.88s
1391 done imagenet resnet50 ILSVRC2012_val_00014909 lime_budget_1024 seed=4 2.61s
1392 done imagenet resnet50 ILSVRC2012_val_00014909 rise_budget_2048 seed=2 9.62s
1393 done imagenet resnet50 ILSVRC2012_val_00014909 kernel_shap_budget_256 seed=4 0.54s
1394 done imagenet resnet50 ILSVRC2012_val_00014909 lime_budget_2048 seed=2 4.66s
1395 done imagenet resnet50 ILSVRC2012_val_00014909 lime_budget_256 seed=2 0.76s
1396 done imagenet resnet50 ILSVRC2012_val_00014909 rise_budget_256 seed=3 1.16s
1397 done imagenet resnet50 ILSVRC2012_val_00014909 kernel_shap_budget_2048 seed=3 4.96s
1398 done imagenet resnet50 ILSVRC2012_val_00014909 ablation_default seed=None 0.15s
1399 done imagenet resnet50 ILSVRC2012_val_00014909 kernel_shap_budget_512 seed=0 1.19s
1400 done imagenet resnet50 ILSVRC2012_val_00014909 lime_budget_2048 seed=3 4.75s
1401 done imagenet resnet50 ILSVRC2012_val_00014909 rise_budget_512 seed=2 2.22s
1402 done imagenet resnet50 ILSVRC2012_val_00014909 kernel_shap_budget_256 seed=1 0.55s
1403 done imagenet resnet50 ILSVRC2012_val_00014909 kernel_shap_budget_512 seed=4 1.10s
1404 done imagenet resnet50 ILSVRC2012_val_00015160 rise_budget_1024 seed=1 4.31s
1405 done imagenet resnet50 ILSVRC2012_val_00015160 rise_budget_2048 seed=4 9.90s
1406 done imagenet resnet50 ILSVRC2012_val_00015160 lime_budget_512 seed=1 1.06s
1407 done imagenet resnet50 ILSVRC2012_val_00015160 lime_budget_256 seed=2 0.55s
1408 done imagenet resnet50 ILSVRC2012_val_00015160 lime_budget_2048 seed=1 4.29s
1409 done imagenet resnet50 ILSVRC2012_val_00015160 rise_budget_512 seed=0 2.10s
1410 done imagenet resnet50 ILSVRC2012_val_00015160 kernel_shap_budget_1024 seed=2 2.16s
1411 done imagenet resnet50 ILSVRC2012_val_00015160 kernel_shap_budget_512 seed=2 1.11s
1412 done imagenet resnet50 ILSVRC2012_val_00015160 rise_budget_1024 seed=3 4.52s
1413 done imagenet resnet50 ILSVRC2012_val_00015160 ablation_default seed=None 0.14s
1414 done imagenet resnet50 ILSVRC2012_val_00015160 kernel_shap_budget_1024 seed=4 2.08s
1415 done imagenet resnet50 ILSVRC2012_val_00015160 kernel_shap_budget_256 seed=2 0.54s
1416 done imagenet resnet50 ILSVRC2012_val_00015160 lime_budget_2048 seed=3 4.54s
1417 done imagenet resnet50 ILSVRC2012_val_00015160 rise_budget_512 seed=3 2.35s
1418 done imagenet resnet50 ILSVRC2012_val_00015160 lime_budget_2048 seed=0 5.01s
1419 done imagenet resnet50 ILSVRC2012_val_00015160 rise_budget_256 seed=0 1.35s
1420 done imagenet resnet50 ILSVRC2012_val_00015160 lime_budget_2048 seed=2 4.60s
1421 done imagenet resnet50 ILSVRC2012_val_00015160 rise_budget_1024 seed=0 5.49s
1422 done imagenet resnet50 ILSVRC2012_val_00015160 kernel_shap_budget_2048 seed=4 4.91s
1423 done imagenet resnet50 ILSVRC2012_val_00015160 rise_budget_2048 seed=3 10.77s
1424 done imagenet resnet50 ILSVRC2012_val_00015160 rise_budget_2048 seed=1 10.75s
1425 done imagenet resnet50 ILSVRC2012_val_00015160 lime_budget_256 seed=0 0.75s
1426 done imagenet resnet50 ILSVRC2012_val_00015160 lime_budget_256 seed=1 0.63s
1427 done imagenet resnet50 ILSVRC2012_val_00015160 kernel_shap_budget_512 seed=0 1.32s
1428 done imagenet resnet50 ILSVRC2012_val_00015160 rise_budget_1024 seed=2 5.27s
1429 done imagenet resnet50 ILSVRC2012_val_00015160 kernel_shap_budget_256 seed=3 0.65s
1430 done imagenet resnet50 ILSVRC2012_val_00015160 lime_budget_512 seed=3 1.14s
1431 done imagenet resnet50 ILSVRC2012_val_00015160 lime_budget_2048 seed=4 4.53s
1432 done imagenet resnet50 ILSVRC2012_val_00015160 rise_budget_512 seed=2 2.38s
1433 done imagenet resnet50 ILSVRC2012_val_00015160 lime_budget_1024 seed=1 2.36s
1434 done imagenet resnet50 ILSVRC2012_val_00015160 lime_budget_1024 seed=0 2.34s
1435 done imagenet resnet50 ILSVRC2012_val_00015160 kernel_shap_budget_256 seed=0 0.54s
1436 done imagenet resnet50 ILSVRC2012_val_00015160 rise_budget_256 seed=3 1.15s
1437 done imagenet resnet50 ILSVRC2012_val_00015160 lime_budget_512 seed=4 1.09s
1438 done imagenet resnet50 ILSVRC2012_val_00015160 lime_budget_1024 seed=2 2.40s
1439 done imagenet resnet50 ILSVRC2012_val_00015160 kernel_shap_budget_2048 seed=3 4.58s
1440 done imagenet resnet50 ILSVRC2012_val_00015160 rise_budget_256 seed=4 1.18s
1441 done imagenet resnet50 ILSVRC2012_val_00015160 rise_budget_2048 seed=2 9.75s
1442 done imagenet resnet50 ILSVRC2012_val_00015160 kernel_shap_budget_256 seed=4 0.54s
1443 done imagenet resnet50 ILSVRC2012_val_00015160 rise_budget_512 seed=4 2.31s
1444 done imagenet resnet50 ILSVRC2012_val_00015160 kernel_shap_budget_2048 seed=1 4.38s
1445 done imagenet resnet50 ILSVRC2012_val_00015160 lime_budget_1024 seed=3 2.25s
1446 done imagenet resnet50 ILSVRC2012_val_00015160 kernel_shap_budget_1024 seed=0 2.14s
1447 done imagenet resnet50 ILSVRC2012_val_00015160 kernel_shap_budget_1024 seed=3 2.26s
1448 done imagenet resnet50 ILSVRC2012_val_00015160 kernel_shap_budget_512 seed=3 1.07s
1449 done imagenet resnet50 ILSVRC2012_val_00015160 kernel_shap_budget_512 seed=1 1.06s
1450 done imagenet resnet50 ILSVRC2012_val_00015160 lime_budget_512 seed=2 1.21s
1451 done imagenet resnet50 ILSVRC2012_val_00015160 kernel_shap_budget_1024 seed=1 2.23s
1452 done imagenet resnet50 ILSVRC2012_val_00015160 kernel_shap_budget_2048 seed=2 4.60s
1453 done imagenet resnet50 ILSVRC2012_val_00015160 rise_budget_512 seed=1 2.66s
1454 done imagenet resnet50 ILSVRC2012_val_00015160 lime_budget_512 seed=0 1.21s
1455 done imagenet resnet50 ILSVRC2012_val_00015160 rise_budget_1024 seed=4 4.67s
1456 done imagenet resnet50 ILSVRC2012_val_00015160 lime_budget_1024 seed=4 2.21s
1457 done imagenet resnet50 ILSVRC2012_val_00015160 lime_budget_256 seed=3 0.57s
1458 done imagenet resnet50 ILSVRC2012_val_00015160 kernel_shap_budget_256 seed=1 0.64s
1459 done imagenet resnet50 ILSVRC2012_val_00015160 kernel_shap_budget_512 seed=4 1.30s
1460 done imagenet resnet50 ILSVRC2012_val_00015160 rise_budget_256 seed=2 1.23s
1461 done imagenet resnet50 ILSVRC2012_val_00015160 kernel_shap_budget_2048 seed=0 4.46s
1462 done imagenet resnet50 ILSVRC2012_val_00015160 rise_budget_256 seed=1 1.10s
1463 done imagenet resnet50 ILSVRC2012_val_00015160 rise_budget_2048 seed=0 9.45s
1464 done imagenet resnet50 ILSVRC2012_val_00015160 lime_budget_256 seed=4 0.54s
1465 done imagenet resnet50 ILSVRC2012_val_00016157 lime_budget_256 seed=2 0.53s
1466 done imagenet resnet50 ILSVRC2012_val_00016157 rise_budget_512 seed=0 2.42s
1467 done imagenet resnet50 ILSVRC2012_val_00016157 rise_budget_2048 seed=3 9.94s
1468 done imagenet resnet50 ILSVRC2012_val_00016157 rise_budget_1024 seed=4 4.92s
1469 done imagenet resnet50 ILSVRC2012_val_00016157 kernel_shap_budget_1024 seed=0 2.45s
1470 done imagenet resnet50 ILSVRC2012_val_00016157 rise_budget_512 seed=4 2.56s
1471 done imagenet resnet50 ILSVRC2012_val_00016157 kernel_shap_budget_1024 seed=4 2.42s
1472 done imagenet resnet50 ILSVRC2012_val_00016157 kernel_shap_budget_1024 seed=1 2.36s
1473 done imagenet resnet50 ILSVRC2012_val_00016157 lime_budget_2048 seed=3 4.75s
1474 done imagenet resnet50 ILSVRC2012_val_00016157 rise_budget_1024 seed=2 5.25s
1475 done imagenet resnet50 ILSVRC2012_val_00016157 kernel_shap_budget_256 seed=1 0.64s
1476 done imagenet resnet50 ILSVRC2012_val_00016157 lime_budget_512 seed=4 1.44s
1477 done imagenet resnet50 ILSVRC2012_val_00016157 rise_budget_256 seed=4 1.45s
1478 done imagenet resnet50 ILSVRC2012_val_00016157 lime_budget_512 seed=1 1.30s
1479 done imagenet resnet50 ILSVRC2012_val_00016157 kernel_shap_budget_256 seed=3 0.60s
1480 done imagenet resnet50 ILSVRC2012_val_00016157 lime_budget_512 seed=3 1.10s
1481 done imagenet resnet50 ILSVRC2012_val_00016157 rise_budget_1024 seed=3 4.92s
1482 done imagenet resnet50 ILSVRC2012_val_00016157 kernel_shap_budget_2048 seed=3 4.68s
1483 done imagenet resnet50 ILSVRC2012_val_00016157 rise_budget_256 seed=0 1.32s
1484 done imagenet resnet50 ILSVRC2012_val_00016157 rise_budget_256 seed=3 1.14s
1485 done imagenet resnet50 ILSVRC2012_val_00016157 lime_budget_1024 seed=3 2.36s
1486 done imagenet resnet50 ILSVRC2012_val_00016157 kernel_shap_budget_2048 seed=1 4.55s
1487 done imagenet resnet50 ILSVRC2012_val_00016157 kernel_shap_budget_512 seed=4 1.09s
1488 done imagenet resnet50 ILSVRC2012_val_00016157 lime_budget_2048 seed=2 4.79s
1489 done imagenet resnet50 ILSVRC2012_val_00016157 rise_budget_512 seed=3 2.32s
1490 done imagenet resnet50 ILSVRC2012_val_00016157 lime_budget_512 seed=0 1.19s
1491 done imagenet resnet50 ILSVRC2012_val_00016157 kernel_shap_budget_256 seed=0 0.54s
1492 done imagenet resnet50 ILSVRC2012_val_00016157 kernel_shap_budget_2048 seed=2 4.65s
1493 done imagenet resnet50 ILSVRC2012_val_00016157 kernel_shap_budget_2048 seed=0 4.34s
1494 done imagenet resnet50 ILSVRC2012_val_00016157 rise_budget_256 seed=2 1.26s
1495 done imagenet resnet50 ILSVRC2012_val_00016157 rise_budget_2048 seed=4 9.55s
1496 done imagenet resnet50 ILSVRC2012_val_00016157 lime_budget_256 seed=4 0.77s
1497 done imagenet resnet50 ILSVRC2012_val_00016157 rise_budget_1024 seed=1 4.99s
1498 done imagenet resnet50 ILSVRC2012_val_00016157 rise_budget_1024 seed=0 3.70s
1499 done imagenet resnet50 ILSVRC2012_val_00016157 lime_budget_2048 seed=0 4.71s
1500 done imagenet resnet50 ILSVRC2012_val_00016157 kernel_shap_budget_1024 seed=3 2.27s
1501 done imagenet resnet50 ILSVRC2012_val_00016157 ablation_default seed=None 0.14s
1502 done imagenet resnet50 ILSVRC2012_val_00016157 lime_budget_1024 seed=0 2.13s
1503 done imagenet resnet50 ILSVRC2012_val_00016157 kernel_shap_budget_512 seed=0 1.09s
1504 done imagenet resnet50 ILSVRC2012_val_00016157 lime_budget_256 seed=0 0.56s
1505 done imagenet resnet50 ILSVRC2012_val_00016157 rise_budget_2048 seed=0 9.25s
1506 done imagenet resnet50 ILSVRC2012_val_00016157 lime_budget_256 seed=3 0.68s
1507 done imagenet resnet50 ILSVRC2012_val_00016157 rise_budget_2048 seed=2 10.91s
1508 done imagenet resnet50 ILSVRC2012_val_00016157 kernel_shap_budget_256 seed=2 0.63s
1509 done imagenet resnet50 ILSVRC2012_val_00016157 lime_budget_2048 seed=1 4.90s
1510 done imagenet resnet50 ILSVRC2012_val_00016157 rise_budget_512 seed=2 2.26s
1511 done imagenet resnet50 ILSVRC2012_val_00016157 lime_budget_512 seed=2 1.10s
1512 done imagenet resnet50 ILSVRC2012_val_00016157 rise_budget_256 seed=1 1.17s
1513 done imagenet resnet50 ILSVRC2012_val_00016157 rise_budget_512 seed=1 2.22s
1514 done imagenet resnet50 ILSVRC2012_val_00016157 kernel_shap_budget_512 seed=1 1.06s
1515 done imagenet resnet50 ILSVRC2012_val_00016157 kernel_shap_budget_512 seed=2 1.17s
1516 done imagenet resnet50 ILSVRC2012_val_00016157 lime_budget_2048 seed=4 4.63s
1517 done imagenet resnet50 ILSVRC2012_val_00016157 kernel_shap_budget_1024 seed=2 2.22s
1518 done imagenet resnet50 ILSVRC2012_val_00016157 lime_budget_1024 seed=1 2.27s
1519 done imagenet resnet50 ILSVRC2012_val_00016157 lime_budget_1024 seed=4 2.28s
1520 done imagenet resnet50 ILSVRC2012_val_00016157 kernel_shap_budget_512 seed=3 1.12s
1521 done imagenet resnet50 ILSVRC2012_val_00016157 lime_budget_256 seed=1 0.60s
1522 done imagenet resnet50 ILSVRC2012_val_00016157 rise_budget_2048 seed=1 11.55s
1523 done imagenet resnet50 ILSVRC2012_val_00016157 kernel_shap_budget_2048 seed=4 4.75s
1524 done imagenet resnet50 ILSVRC2012_val_00016157 lime_budget_1024 seed=2 2.16s
1525 done imagenet resnet50 ILSVRC2012_val_00016157 kernel_shap_budget_256 seed=4 0.55s
1526 done imagenet resnet50 ILSVRC2012_val_00018890 rise_budget_2048 seed=0 8.63s
1527 done imagenet resnet50 ILSVRC2012_val_00018890 kernel_shap_budget_1024 seed=3 2.20s
1528 done imagenet resnet50 ILSVRC2012_val_00018890 lime_budget_512 seed=0 1.13s
1529 done imagenet resnet50 ILSVRC2012_val_00018890 rise_budget_512 seed=0 2.44s
1530 done imagenet resnet50 ILSVRC2012_val_00018890 lime_budget_2048 seed=3 4.74s
1531 done imagenet resnet50 ILSVRC2012_val_00018890 kernel_shap_budget_2048 seed=4 4.41s
1532 done imagenet resnet50 ILSVRC2012_val_00018890 rise_budget_1024 seed=4 4.76s
1533 done imagenet resnet50 ILSVRC2012_val_00018890 lime_budget_512 seed=1 1.08s
1534 done imagenet resnet50 ILSVRC2012_val_00018890 lime_budget_2048 seed=0 4.90s
1535 done imagenet resnet50 ILSVRC2012_val_00018890 rise_budget_256 seed=2 1.34s
1536 done imagenet resnet50 ILSVRC2012_val_00018890 kernel_shap_budget_1024 seed=0 2.42s
1537 done imagenet resnet50 ILSVRC2012_val_00018890 kernel_shap_budget_512 seed=3 1.17s
1538 done imagenet resnet50 ILSVRC2012_val_00018890 lime_budget_1024 seed=1 2.30s
1539 done imagenet resnet50 ILSVRC2012_val_00018890 kernel_shap_budget_2048 seed=1 4.50s
1540 done imagenet resnet50 ILSVRC2012_val_00018890 lime_budget_1024 seed=4 2.48s
1541 done imagenet resnet50 ILSVRC2012_val_00018890 lime_budget_256 seed=0 0.78s
1542 done imagenet resnet50 ILSVRC2012_val_00018890 kernel_shap_budget_256 seed=2 0.65s
1543 done imagenet resnet50 ILSVRC2012_val_00018890 lime_budget_256 seed=4 0.72s
1544 done imagenet resnet50 ILSVRC2012_val_00018890 rise_budget_2048 seed=4 9.79s
1545 done imagenet resnet50 ILSVRC2012_val_00018890 kernel_shap_budget_1024 seed=1 2.45s
1546 done imagenet resnet50 ILSVRC2012_val_00018890 lime_budget_2048 seed=1 4.45s
1547 done imagenet resnet50 ILSVRC2012_val_00018890 lime_budget_1024 seed=0 2.30s
1548 done imagenet resnet50 ILSVRC2012_val_00018890 lime_budget_512 seed=4 1.27s
1549 done imagenet resnet50 ILSVRC2012_val_00018890 rise_budget_512 seed=4 2.68s
1550 done imagenet resnet50 ILSVRC2012_val_00018890 lime_budget_512 seed=2 1.43s
1551 done imagenet resnet50 ILSVRC2012_val_00018890 rise_budget_2048 seed=3 10.55s
1552 done imagenet resnet50 ILSVRC2012_val_00018890 kernel_shap_budget_256 seed=4 0.55s
1553 done imagenet resnet50 ILSVRC2012_val_00018890 rise_budget_512 seed=2 2.33s
1554 done imagenet resnet50 ILSVRC2012_val_00018890 rise_budget_1024 seed=3 4.77s
1555 done imagenet resnet50 ILSVRC2012_val_00018890 lime_budget_2048 seed=2 4.67s
1556 done imagenet resnet50 ILSVRC2012_val_00018890 kernel_shap_budget_256 seed=0 0.68s
1557 done imagenet resnet50 ILSVRC2012_val_00018890 rise_budget_256 seed=1 1.36s
1558 done imagenet resnet50 ILSVRC2012_val_00018890 rise_budget_512 seed=1 2.54s
1559 done imagenet resnet50 ILSVRC2012_val_00018890 kernel_shap_budget_1024 seed=2 2.25s
1560 done imagenet resnet50 ILSVRC2012_val_00018890 kernel_shap_budget_512 seed=4 1.21s
1561 done imagenet resnet50 ILSVRC2012_val_00018890 rise_budget_1024 seed=0 4.27s
1562 done imagenet resnet50 ILSVRC2012_val_00018890 kernel_shap_budget_1024 seed=4 2.20s
1563 done imagenet resnet50 ILSVRC2012_val_00018890 kernel_shap_budget_2048 seed=2 4.82s
1564 done imagenet resnet50 ILSVRC2012_val_00018890 kernel_shap_budget_512 seed=0 1.28s
1565 done imagenet resnet50 ILSVRC2012_val_00018890 lime_budget_512 seed=3 1.18s
1566 done imagenet resnet50 ILSVRC2012_val_00018890 rise_budget_1024 seed=2 5.03s
1567 done imagenet resnet50 ILSVRC2012_val_00018890 lime_budget_256 seed=1 0.75s
1568 done imagenet resnet50 ILSVRC2012_val_00018890 lime_budget_256 seed=2 0.72s
1569 done imagenet resnet50 ILSVRC2012_val_00018890 lime_budget_1024 seed=2 2.48s
1570 done imagenet resnet50 ILSVRC2012_val_00018890 kernel_shap_budget_2048 seed=0 4.64s
1571 done imagenet resnet50 ILSVRC2012_val_00018890 rise_budget_256 seed=3 1.18s
1572 done imagenet resnet50 ILSVRC2012_val_00018890 kernel_shap_budget_256 seed=1 0.55s
1573 done imagenet resnet50 ILSVRC2012_val_00018890 rise_budget_1024 seed=1 5.26s
1574 done imagenet resnet50 ILSVRC2012_val_00018890 lime_budget_2048 seed=4 4.96s
1575 done imagenet resnet50 ILSVRC2012_val_00018890 rise_budget_2048 seed=2 9.96s
1576 done imagenet resnet50 ILSVRC2012_val_00018890 rise_budget_256 seed=4 1.35s
1577 done imagenet resnet50 ILSVRC2012_val_00018890 rise_budget_512 seed=3 2.71s
1578 done imagenet resnet50 ILSVRC2012_val_00018890 rise_budget_2048 seed=1 9.59s
1579 done imagenet resnet50 ILSVRC2012_val_00018890 lime_budget_1024 seed=3 2.44s
1580 done imagenet resnet50 ILSVRC2012_val_00018890 kernel_shap_budget_2048 seed=3 4.56s
1581 done imagenet resnet50 ILSVRC2012_val_00018890 kernel_shap_budget_512 seed=2 1.11s
1582 done imagenet resnet50 ILSVRC2012_val_00018890 lime_budget_256 seed=3 0.54s
1583 done imagenet resnet50 ILSVRC2012_val_00018890 ablation_default seed=None 0.16s
1584 done imagenet resnet50 ILSVRC2012_val_00018890 kernel_shap_budget_512 seed=1 1.23s
1585 done imagenet resnet50 ILSVRC2012_val_00018890 rise_budget_256 seed=0 1.39s
1586 done imagenet resnet50 ILSVRC2012_val_00018890 kernel_shap_budget_256 seed=3 0.64s
1587 done imagenet resnet50 ILSVRC2012_val_00024040 lime_budget_256 seed=3 0.70s
1588 done imagenet resnet50 ILSVRC2012_val_00024040 kernel_shap_budget_2048 seed=2 4.48s
1589 done imagenet resnet50 ILSVRC2012_val_00024040 rise_budget_1024 seed=1 5.73s
1590 done imagenet resnet50 ILSVRC2012_val_00024040 ablation_default seed=None 0.14s
1591 done imagenet resnet50 ILSVRC2012_val_00024040 kernel_shap_budget_2048 seed=1 4.50s
1592 done imagenet resnet50 ILSVRC2012_val_00024040 rise_budget_256 seed=4 1.03s
1593 done imagenet resnet50 ILSVRC2012_val_00024040 lime_budget_1024 seed=2 2.17s
1594 done imagenet resnet50 ILSVRC2012_val_00024040 kernel_shap_budget_512 seed=0 1.13s
1595 done imagenet resnet50 ILSVRC2012_val_00024040 kernel_shap_budget_512 seed=1 1.11s
1596 done imagenet resnet50 ILSVRC2012_val_00024040 rise_budget_256 seed=1 1.02s
1597 done imagenet resnet50 ILSVRC2012_val_00024040 kernel_shap_budget_1024 seed=2 2.33s
1598 done imagenet resnet50 ILSVRC2012_val_00024040 rise_budget_256 seed=0 1.27s
1599 done imagenet resnet50 ILSVRC2012_val_00024040 kernel_shap_budget_512 seed=2 1.20s
1600 done imagenet resnet50 ILSVRC2012_val_00024040 lime_budget_256 seed=0 0.75s
1601 done imagenet resnet50 ILSVRC2012_val_00024040 lime_budget_512 seed=1 1.27s
1602 done imagenet resnet50 ILSVRC2012_val_00024040 lime_budget_2048 seed=3 5.01s
1603 done imagenet resnet50 ILSVRC2012_val_00024040 lime_budget_1024 seed=4 2.40s
1604 done imagenet resnet50 ILSVRC2012_val_00024040 rise_budget_512 seed=4 1.70s
1605 done imagenet resnet50 ILSVRC2012_val_00024040 rise_budget_1024 seed=3 3.86s
1606 done imagenet resnet50 ILSVRC2012_val_00024040 lime_budget_1024 seed=0 2.18s
1607 done imagenet resnet50 ILSVRC2012_val_00024040 kernel_shap_budget_256 seed=2 0.55s
1608 done imagenet resnet50 ILSVRC2012_val_00024040 kernel_shap_budget_2048 seed=0 4.31s
1609 done imagenet resnet50 ILSVRC2012_val_00024040 kernel_shap_budget_256 seed=0 0.54s
1610 done imagenet resnet50 ILSVRC2012_val_00024040 rise_budget_512 seed=1 2.42s
1611 done imagenet resnet50 ILSVRC2012_val_00024040 rise_budget_2048 seed=1 9.99s
1612 done imagenet resnet50 ILSVRC2012_val_00024040 rise_budget_2048 seed=0 10.41s
1613 done imagenet resnet50 ILSVRC2012_val_00024040 kernel_shap_budget_1024 seed=1 2.43s
1614 done imagenet resnet50 ILSVRC2012_val_00024040 rise_budget_512 seed=3 2.59s
1615 done imagenet resnet50 ILSVRC2012_val_00024040 lime_budget_256 seed=2 0.75s
1616 done imagenet resnet50 ILSVRC2012_val_00024040 kernel_shap_budget_512 seed=3 1.25s
1617 done imagenet resnet50 ILSVRC2012_val_00024040 rise_budget_1024 seed=0 5.87s
1618 done imagenet resnet50 ILSVRC2012_val_00024040 lime_budget_2048 seed=0 4.46s
1619 done imagenet resnet50 ILSVRC2012_val_00024040 lime_budget_256 seed=1 0.65s
1620 done imagenet resnet50 ILSVRC2012_val_00024040 lime_budget_256 seed=4 0.60s
1621 done imagenet resnet50 ILSVRC2012_val_00024040 kernel_shap_budget_1024 seed=0 2.20s
1622 done imagenet resnet50 ILSVRC2012_val_00024040 rise_budget_256 seed=3 1.12s
1623 done imagenet resnet50 ILSVRC2012_val_00024040 kernel_shap_budget_256 seed=3 0.61s
1624 done imagenet resnet50 ILSVRC2012_val_00024040 rise_budget_512 seed=0 2.58s
1625 done imagenet resnet50 ILSVRC2012_val_00024040 rise_budget_512 seed=2 2.76s
1626 done imagenet resnet50 ILSVRC2012_val_00024040 kernel_shap_budget_1024 seed=4 2.48s
1627 done imagenet resnet50 ILSVRC2012_val_00024040 lime_budget_512 seed=3 1.34s
1628 done imagenet resnet50 ILSVRC2012_val_00024040 lime_budget_512 seed=2 1.24s
1629 done imagenet resnet50 ILSVRC2012_val_00024040 rise_budget_2048 seed=2 9.85s
1630 done imagenet resnet50 ILSVRC2012_val_00024040 rise_budget_1024 seed=2 4.74s
1631 done imagenet resnet50 ILSVRC2012_val_00024040 kernel_shap_budget_256 seed=1 0.65s
1632 done imagenet resnet50 ILSVRC2012_val_00024040 kernel_shap_budget_2048 seed=4 5.05s
1633 done imagenet resnet50 ILSVRC2012_val_00024040 lime_budget_512 seed=0 1.37s
1634 done imagenet resnet50 ILSVRC2012_val_00024040 lime_budget_2048 seed=4 4.67s
1635 done imagenet resnet50 ILSVRC2012_val_00024040 rise_budget_2048 seed=4 10.99s
1636 done imagenet resnet50 ILSVRC2012_val_00024040 kernel_shap_budget_2048 seed=3 4.52s
1637 done imagenet resnet50 ILSVRC2012_val_00024040 lime_budget_1024 seed=1 2.32s
1638 done imagenet resnet50 ILSVRC2012_val_00024040 rise_budget_2048 seed=3 10.21s
1639 done imagenet resnet50 ILSVRC2012_val_00024040 rise_budget_1024 seed=4 5.07s
1640 done imagenet resnet50 ILSVRC2012_val_00024040 lime_budget_1024 seed=3 2.59s
1641 done imagenet resnet50 ILSVRC2012_val_00024040 kernel_shap_budget_256 seed=4 0.67s
1642 done imagenet resnet50 ILSVRC2012_val_00024040 lime_budget_2048 seed=2 4.65s
1643 done imagenet resnet50 ILSVRC2012_val_00024040 lime_budget_2048 seed=1 4.43s
1644 done imagenet resnet50 ILSVRC2012_val_00024040 lime_budget_512 seed=4 1.11s
1645 done imagenet resnet50 ILSVRC2012_val_00024040 kernel_shap_budget_1024 seed=3 2.25s
1646 done imagenet resnet50 ILSVRC2012_val_00024040 rise_budget_256 seed=2 1.11s
1647 done imagenet resnet50 ILSVRC2012_val_00024040 kernel_shap_budget_512 seed=4 1.12s
1648 done imagenet resnet50 ILSVRC2012_val_00025660 kernel_shap_budget_1024 seed=3 2.39s
1649 done imagenet resnet50 ILSVRC2012_val_00025660 lime_budget_512 seed=3 1.48s
1650 done imagenet resnet50 ILSVRC2012_val_00025660 kernel_shap_budget_512 seed=4 1.28s
1651 done imagenet resnet50 ILSVRC2012_val_00025660 kernel_shap_budget_2048 seed=4 4.82s
1652 done imagenet resnet50 ILSVRC2012_val_00025660 lime_budget_256 seed=0 0.62s
1653 done imagenet resnet50 ILSVRC2012_val_00025660 rise_budget_2048 seed=2 11.52s
1654 done imagenet resnet50 ILSVRC2012_val_00025660 rise_budget_1024 seed=2 5.84s
1655 done imagenet resnet50 ILSVRC2012_val_00025660 lime_budget_256 seed=4 0.58s
1656 done imagenet resnet50 ILSVRC2012_val_00025660 lime_budget_2048 seed=2 4.67s
1657 done imagenet resnet50 ILSVRC2012_val_00025660 lime_budget_1024 seed=3 2.62s
1658 done imagenet resnet50 ILSVRC2012_val_00025660 lime_budget_1024 seed=1 2.62s
1659 done imagenet resnet50 ILSVRC2012_val_00025660 kernel_shap_budget_1024 seed=4 2.53s
1660 done imagenet resnet50 ILSVRC2012_val_00025660 kernel_shap_budget_2048 seed=0 4.49s
1661 done imagenet resnet50 ILSVRC2012_val_00025660 lime_budget_512 seed=0 1.24s
1662 done imagenet resnet50 ILSVRC2012_val_00025660 kernel_shap_budget_256 seed=0 0.59s
1663 done imagenet resnet50 ILSVRC2012_val_00025660 kernel_shap_budget_512 seed=3 1.10s
1664 done imagenet resnet50 ILSVRC2012_val_00025660 kernel_shap_budget_512 seed=0 1.11s
1665 done imagenet resnet50 ILSVRC2012_val_00025660 kernel_shap_budget_512 seed=2 1.10s
1666 done imagenet resnet50 ILSVRC2012_val_00025660 lime_budget_256 seed=2 0.70s
1667 done imagenet resnet50 ILSVRC2012_val_00025660 kernel_shap_budget_256 seed=3 0.57s
1668 done imagenet resnet50 ILSVRC2012_val_00025660 rise_budget_512 seed=1 2.51s
1669 done imagenet resnet50 ILSVRC2012_val_00025660 lime_budget_2048 seed=4 4.32s
1670 done imagenet resnet50 ILSVRC2012_val_00025660 lime_budget_2048 seed=1 4.41s
1671 done imagenet resnet50 ILSVRC2012_val_00025660 lime_budget_512 seed=1 1.46s
1672 done imagenet resnet50 ILSVRC2012_val_00025660 kernel_shap_budget_2048 seed=3 4.74s
1673 done imagenet resnet50 ILSVRC2012_val_00025660 rise_budget_512 seed=4 2.70s
1674 done imagenet resnet50 ILSVRC2012_val_00025660 lime_budget_2048 seed=0 4.58s
1675 done imagenet resnet50 ILSVRC2012_val_00025660 rise_budget_1024 seed=1 4.53s
1676 done imagenet resnet50 ILSVRC2012_val_00025660 rise_budget_1024 seed=3 5.04s
1677 done imagenet resnet50 ILSVRC2012_val_00025660 kernel_shap_budget_256 seed=2 0.55s
1678 done imagenet resnet50 ILSVRC2012_val_00025660 lime_budget_1024 seed=2 2.23s
1679 done imagenet resnet50 ILSVRC2012_val_00025660 rise_budget_2048 seed=0 10.47s
1680 done imagenet resnet50 ILSVRC2012_val_00025660 rise_budget_1024 seed=0 5.26s
1681 done imagenet resnet50 ILSVRC2012_val_00025660 kernel_shap_budget_2048 seed=1 4.55s
1682 done imagenet resnet50 ILSVRC2012_val_00025660 kernel_shap_budget_1024 seed=2 2.53s
1683 done imagenet resnet50 ILSVRC2012_val_00025660 rise_budget_256 seed=3 1.31s
1684 done imagenet resnet50 ILSVRC2012_val_00025660 rise_budget_256 seed=2 1.34s
1685 done imagenet resnet50 ILSVRC2012_val_00025660 kernel_shap_budget_1024 seed=0 2.54s
1686 done imagenet resnet50 ILSVRC2012_val_00025660 rise_budget_2048 seed=1 11.10s
1687 done imagenet resnet50 ILSVRC2012_val_00025660 kernel_shap_budget_256 seed=4 0.75s
1688 done imagenet resnet50 ILSVRC2012_val_00025660 rise_budget_512 seed=0 2.58s
1689 done imagenet resnet50 ILSVRC2012_val_00025660 kernel_shap_budget_512 seed=1 1.11s
1690 done imagenet resnet50 ILSVRC2012_val_00025660 rise_budget_2048 seed=3 8.75s
1691 done imagenet resnet50 ILSVRC2012_val_00025660 kernel_shap_budget_2048 seed=2 4.48s
1692 done imagenet resnet50 ILSVRC2012_val_00025660 lime_budget_1024 seed=4 2.41s
1693 done imagenet resnet50 ILSVRC2012_val_00025660 rise_budget_256 seed=4 1.19s
1694 done imagenet resnet50 ILSVRC2012_val_00025660 rise_budget_256 seed=1 1.43s
1695 done imagenet resnet50 ILSVRC2012_val_00025660 rise_budget_2048 seed=4 9.91s
1696 done imagenet resnet50 ILSVRC2012_val_00025660 rise_budget_1024 seed=4 5.32s
1697 done imagenet resnet50 ILSVRC2012_val_00025660 ablation_default seed=None 0.20s
1698 done imagenet resnet50 ILSVRC2012_val_00025660 kernel_shap_budget_256 seed=1 0.66s
1699 done imagenet resnet50 ILSVRC2012_val_00025660 lime_budget_256 seed=3 0.87s
1700 done imagenet resnet50 ILSVRC2012_val_00025660 rise_budget_256 seed=0 1.56s
1701 done imagenet resnet50 ILSVRC2012_val_00025660 rise_budget_512 seed=3 3.09s
1702 done imagenet resnet50 ILSVRC2012_val_00025660 lime_budget_512 seed=2 1.42s
1703 done imagenet resnet50 ILSVRC2012_val_00025660 lime_budget_1024 seed=0 2.27s
1704 done imagenet resnet50 ILSVRC2012_val_00025660 rise_budget_512 seed=2 2.54s
1705 done imagenet resnet50 ILSVRC2012_val_00025660 kernel_shap_budget_1024 seed=1 2.47s
1706 done imagenet resnet50 ILSVRC2012_val_00025660 lime_budget_256 seed=1 0.78s
1707 done imagenet resnet50 ILSVRC2012_val_00025660 lime_budget_2048 seed=3 4.82s
1708 done imagenet resnet50 ILSVRC2012_val_00025660 lime_budget_512 seed=4 1.28s
1709 done imagenet resnet50 ILSVRC2012_val_00028429 lime_budget_256 seed=2 0.54s
1710 done imagenet resnet50 ILSVRC2012_val_00028429 kernel_shap_budget_2048 seed=3 4.59s
1711 done imagenet resnet50 ILSVRC2012_val_00028429 lime_budget_1024 seed=3 2.30s
1712 done imagenet resnet50 ILSVRC2012_val_00028429 rise_budget_256 seed=3 1.38s
1713 done imagenet resnet50 ILSVRC2012_val_00028429 lime_budget_256 seed=0 0.84s
1714 done imagenet resnet50 ILSVRC2012_val_00028429 kernel_shap_budget_1024 seed=2 2.49s
1715 done imagenet resnet50 ILSVRC2012_val_00028429 lime_budget_512 seed=0 1.23s
1716 done imagenet resnet50 ILSVRC2012_val_00028429 kernel_shap_budget_256 seed=1 0.66s
1717 done imagenet resnet50 ILSVRC2012_val_00028429 rise_budget_256 seed=0 1.26s
1718 done imagenet resnet50 ILSVRC2012_val_00028429 lime_budget_1024 seed=4 2.52s
1719 done imagenet resnet50 ILSVRC2012_val_00028429 kernel_shap_budget_512 seed=1 1.21s
1720 done imagenet resnet50 ILSVRC2012_val_00028429 lime_budget_2048 seed=4 4.68s
1721 done imagenet resnet50 ILSVRC2012_val_00028429 lime_budget_512 seed=1 1.12s
1722 done imagenet resnet50 ILSVRC2012_val_00028429 rise_budget_512 seed=2 1.97s
1723 done imagenet resnet50 ILSVRC2012_val_00028429 kernel_shap_budget_2048 seed=4 4.43s
1724 done imagenet resnet50 ILSVRC2012_val_00028429 kernel_shap_budget_256 seed=2 0.56s
1725 done imagenet resnet50 ILSVRC2012_val_00028429 rise_budget_512 seed=1 2.38s
1726 done imagenet resnet50 ILSVRC2012_val_00028429 rise_budget_512 seed=3 2.32s
1727 done imagenet resnet50 ILSVRC2012_val_00028429 rise_budget_2048 seed=2 10.42s
1728 done imagenet resnet50 ILSVRC2012_val_00028429 lime_budget_1024 seed=1 2.82s
1729 done imagenet resnet50 ILSVRC2012_val_00028429 lime_budget_2048 seed=0 5.14s
1730 done imagenet resnet50 ILSVRC2012_val_00028429 kernel_shap_budget_512 seed=4 1.37s
1731 done imagenet resnet50 ILSVRC2012_val_00028429 rise_budget_1024 seed=0 5.05s
1732 done imagenet resnet50 ILSVRC2012_val_00028429 rise_budget_1024 seed=2 5.20s
1733 done imagenet resnet50 ILSVRC2012_val_00028429 kernel_shap_budget_256 seed=4 0.54s
1734 done imagenet resnet50 ILSVRC2012_val_00028429 lime_budget_256 seed=4 0.57s
1735 done imagenet resnet50 ILSVRC2012_val_00028429 rise_budget_1024 seed=3 3.98s
1736 done imagenet resnet50 ILSVRC2012_val_00028429 lime_budget_256 seed=3 0.55s
1737 done imagenet resnet50 ILSVRC2012_val_00028429 rise_budget_256 seed=2 0.86s
1738 done imagenet resnet50 ILSVRC2012_val_00028429 rise_budget_1024 seed=1 4.75s
1739 done imagenet resnet50 ILSVRC2012_val_00028429 ablation_default seed=None 0.16s
1740 done imagenet resnet50 ILSVRC2012_val_00028429 rise_budget_512 seed=4 2.54s
1741 done imagenet resnet50 ILSVRC2012_val_00028429 rise_budget_256 seed=1 1.51s
1742 done imagenet resnet50 ILSVRC2012_val_00028429 kernel_shap_budget_512 seed=0 1.42s
1743 done imagenet resnet50 ILSVRC2012_val_00028429 lime_budget_1024 seed=2 2.77s
1744 done imagenet resnet50 ILSVRC2012_val_00028429 kernel_shap_budget_2048 seed=0 4.90s
1745 done imagenet resnet50 ILSVRC2012_val_00028429 lime_budget_256 seed=1 0.72s
1746 done imagenet resnet50 ILSVRC2012_val_00028429 lime_budget_512 seed=3 1.43s
1747 done imagenet resnet50 ILSVRC2012_val_00028429 kernel_shap_budget_1024 seed=4 2.53s
1748 done imagenet resnet50 ILSVRC2012_val_00028429 rise_budget_2048 seed=4 10.39s
1749 done imagenet resnet50 ILSVRC2012_val_00028429 kernel_shap_budget_2048 seed=2 4.97s
1750 done imagenet resnet50 ILSVRC2012_val_00028429 kernel_shap_budget_1024 seed=1 2.57s
1751 done imagenet resnet50 ILSVRC2012_val_00028429 kernel_shap_budget_512 seed=3 1.15s
1752 done imagenet resnet50 ILSVRC2012_val_00028429 rise_budget_1024 seed=4 4.68s
1753 done imagenet resnet50 ILSVRC2012_val_00028429 rise_budget_512 seed=0 2.18s
1754 done imagenet resnet50 ILSVRC2012_val_00028429 kernel_shap_budget_512 seed=2 1.15s
1755 done imagenet resnet50 ILSVRC2012_val_00028429 lime_budget_2048 seed=3 4.49s
1756 done imagenet resnet50 ILSVRC2012_val_00028429 lime_budget_512 seed=4 1.14s
1757 done imagenet resnet50 ILSVRC2012_val_00028429 rise_budget_2048 seed=1 9.13s
1758 done imagenet resnet50 ILSVRC2012_val_00028429 kernel_shap_budget_1024 seed=3 2.27s
1759 done imagenet resnet50 ILSVRC2012_val_00028429 lime_budget_2048 seed=2 4.49s
1760 done imagenet resnet50 ILSVRC2012_val_00028429 rise_budget_256 seed=4 1.14s
1761 done imagenet resnet50 ILSVRC2012_val_00028429 rise_budget_2048 seed=3 9.44s
1762 done imagenet resnet50 ILSVRC2012_val_00028429 lime_budget_1024 seed=0 2.62s
1763 done imagenet resnet50 ILSVRC2012_val_00028429 rise_budget_2048 seed=0 10.82s
1764 done imagenet resnet50 ILSVRC2012_val_00028429 kernel_shap_budget_1024 seed=0 2.42s
1765 done imagenet resnet50 ILSVRC2012_val_00028429 lime_budget_512 seed=2 1.41s
1766 done imagenet resnet50 ILSVRC2012_val_00028429 kernel_shap_budget_256 seed=0 0.65s
1767 done imagenet resnet50 ILSVRC2012_val_00028429 kernel_shap_budget_256 seed=3 0.61s
1768 done imagenet resnet50 ILSVRC2012_val_00028429 lime_budget_2048 seed=1 4.71s
1769 done imagenet resnet50 ILSVRC2012_val_00028429 kernel_shap_budget_2048 seed=1 4.84s
1770 done imagenet resnet50 ILSVRC2012_val_00030213 lime_budget_1024 seed=1 2.53s
1771 done imagenet resnet50 ILSVRC2012_val_00030213 rise_budget_512 seed=2 2.66s
1772 done imagenet resnet50 ILSVRC2012_val_00030213 lime_budget_256 seed=4 0.62s
1773 done imagenet resnet50 ILSVRC2012_val_00030213 rise_budget_2048 seed=4 10.65s
1774 done imagenet resnet50 ILSVRC2012_val_00030213 lime_budget_512 seed=1 1.39s
1775 done imagenet resnet50 ILSVRC2012_val_00030213 kernel_shap_budget_256 seed=3 0.62s
1776 done imagenet resnet50 ILSVRC2012_val_00030213 rise_budget_256 seed=4 1.19s
1777 done imagenet resnet50 ILSVRC2012_val_00030213 kernel_shap_budget_256 seed=2 0.58s
1778 done imagenet resnet50 ILSVRC2012_val_00030213 rise_budget_512 seed=3 2.45s
1779 done imagenet resnet50 ILSVRC2012_val_00030213 kernel_shap_budget_256 seed=1 0.62s
1780 done imagenet resnet50 ILSVRC2012_val_00030213 kernel_shap_budget_1024 seed=3 2.43s
1781 done imagenet resnet50 ILSVRC2012_val_00030213 rise_budget_1024 seed=0 4.93s
1782 done imagenet resnet50 ILSVRC2012_val_00030213 lime_budget_512 seed=0 1.16s
1783 done imagenet resnet50 ILSVRC2012_val_00030213 rise_budget_256 seed=1 1.19s
1784 done imagenet resnet50 ILSVRC2012_val_00030213 lime_budget_1024 seed=3 2.49s
1785 done imagenet resnet50 ILSVRC2012_val_00030213 lime_budget_2048 seed=0 4.82s
1786 done imagenet resnet50 ILSVRC2012_val_00030213 kernel_shap_budget_512 seed=1 1.22s
1787 done imagenet resnet50 ILSVRC2012_val_00030213 kernel_shap_budget_1024 seed=4 2.28s
1788 done imagenet resnet50 ILSVRC2012_val_00030213 lime_budget_512 seed=3 1.16s
1789 done imagenet resnet50 ILSVRC2012_val_00030213 lime_budget_2048 seed=1 4.40s
1790 done imagenet resnet50 ILSVRC2012_val_00030213 lime_budget_256 seed=2 0.61s
1791 done imagenet resnet50 ILSVRC2012_val_00030213 lime_budget_1024 seed=0 2.40s
1792 done imagenet resnet50 ILSVRC2012_val_00030213 kernel_shap_budget_256 seed=4 0.60s
1793 done imagenet resnet50 ILSVRC2012_val_00030213 kernel_shap_budget_512 seed=3 1.14s
1794 done imagenet resnet50 ILSVRC2012_val_00030213 kernel_shap_budget_512 seed=2 1.15s
1795 done imagenet resnet50 ILSVRC2012_val_00030213 rise_budget_512 seed=4 2.36s
1796 done imagenet resnet50 ILSVRC2012_val_00030213 rise_budget_512 seed=1 2.58s
1797 done imagenet resnet50 ILSVRC2012_val_00030213 kernel_shap_budget_2048 seed=0 4.40s
1798 done imagenet resnet50 ILSVRC2012_val_00030213 rise_budget_256 seed=2 1.19s
1799 done imagenet resnet50 ILSVRC2012_val_00030213 ablation_default seed=None 0.14s
1800 done imagenet resnet50 ILSVRC2012_val_00030213 lime_budget_512 seed=2 1.14s
1801 done imagenet resnet50 ILSVRC2012_val_00030213 kernel_shap_budget_2048 seed=1 4.49s
1802 done imagenet resnet50 ILSVRC2012_val_00030213 rise_budget_512 seed=0 2.35s
1803 done imagenet resnet50 ILSVRC2012_val_00030213 lime_budget_1024 seed=4 2.23s
1804 done imagenet resnet50 ILSVRC2012_val_00030213 rise_budget_1024 seed=4 4.80s
1805 done imagenet resnet50 ILSVRC2012_val_00030213 kernel_shap_budget_512 seed=4 1.11s
1806 done imagenet resnet50 ILSVRC2012_val_00030213 kernel_shap_budget_2048 seed=2 4.40s
1807 done imagenet resnet50 ILSVRC2012_val_00030213 lime_budget_256 seed=1 0.60s
1808 done imagenet resnet50 ILSVRC2012_val_00030213 lime_budget_256 seed=3 0.55s
1809 done imagenet resnet50 ILSVRC2012_val_00030213 rise_budget_2048 seed=3 9.37s
1810 done imagenet resnet50 ILSVRC2012_val_00030213 lime_budget_256 seed=0 0.81s
1811 done imagenet resnet50 ILSVRC2012_val_00030213 kernel_shap_budget_2048 seed=3 5.07s
1812 done imagenet resnet50 ILSVRC2012_val_00030213 lime_budget_512 seed=4 1.39s
1813 done imagenet resnet50 ILSVRC2012_val_00030213 kernel_shap_budget_512 seed=0 1.24s
1814 done imagenet resnet50 ILSVRC2012_val_00030213 kernel_shap_budget_1024 seed=0 2.38s
1815 done imagenet resnet50 ILSVRC2012_val_00030213 rise_budget_1024 seed=3 5.50s
1816 done imagenet resnet50 ILSVRC2012_val_00030213 lime_budget_1024 seed=2 2.47s
1817 done imagenet resnet50 ILSVRC2012_val_00030213 kernel_shap_budget_1024 seed=2 2.13s
1818 done imagenet resnet50 ILSVRC2012_val_00030213 rise_budget_2048 seed=0 9.91s
1819 done imagenet resnet50 ILSVRC2012_val_00030213 rise_budget_2048 seed=2 8.68s
1820 done imagenet resnet50 ILSVRC2012_val_00030213 lime_budget_2048 seed=2 4.68s
1821 done imagenet resnet50 ILSVRC2012_val_00030213 rise_budget_1024 seed=2 5.27s
1822 done imagenet resnet50 ILSVRC2012_val_00030213 kernel_shap_budget_1024 seed=1 2.19s
1823 done imagenet resnet50 ILSVRC2012_val_00030213 kernel_shap_budget_2048 seed=4 4.60s
1824 done imagenet resnet50 ILSVRC2012_val_00030213 lime_budget_2048 seed=3 4.87s
1825 done imagenet resnet50 ILSVRC2012_val_00030213 rise_budget_2048 seed=1 10.92s
1826 done imagenet resnet50 ILSVRC2012_val_00030213 lime_budget_2048 seed=4 5.03s
1827 done imagenet resnet50 ILSVRC2012_val_00030213 rise_budget_256 seed=3 1.22s
1828 done imagenet resnet50 ILSVRC2012_val_00030213 kernel_shap_budget_256 seed=0 0.60s
1829 done imagenet resnet50 ILSVRC2012_val_00030213 rise_budget_256 seed=0 1.16s
1830 done imagenet resnet50 ILSVRC2012_val_00030213 rise_budget_1024 seed=1 4.71s
1831 done imagenet resnet50 ILSVRC2012_val_00030734 lime_budget_256 seed=4 0.72s
1832 done imagenet resnet50 ILSVRC2012_val_00030734 rise_budget_1024 seed=3 5.88s
1833 done imagenet resnet50 ILSVRC2012_val_00030734 lime_budget_256 seed=3 0.72s
1834 done imagenet resnet50 ILSVRC2012_val_00030734 kernel_shap_budget_256 seed=4 0.65s
1835 done imagenet resnet50 ILSVRC2012_val_00030734 lime_budget_1024 seed=2 2.61s
1836 done imagenet resnet50 ILSVRC2012_val_00030734 rise_budget_256 seed=2 1.31s
1837 done imagenet resnet50 ILSVRC2012_val_00030734 lime_budget_2048 seed=1 4.43s
1838 done imagenet resnet50 ILSVRC2012_val_00030734 kernel_shap_budget_256 seed=3 0.56s
1839 done imagenet resnet50 ILSVRC2012_val_00030734 lime_budget_512 seed=3 1.30s
1840 done imagenet resnet50 ILSVRC2012_val_00030734 kernel_shap_budget_256 seed=0 0.56s
1841 done imagenet resnet50 ILSVRC2012_val_00030734 rise_budget_2048 seed=3 10.28s
1842 done imagenet resnet50 ILSVRC2012_val_00030734 kernel_shap_budget_2048 seed=2 4.43s
1843 done imagenet resnet50 ILSVRC2012_val_00030734 lime_budget_512 seed=2 1.14s
1844 done imagenet resnet50 ILSVRC2012_val_00030734 lime_budget_256 seed=2 0.62s
1845 done imagenet resnet50 ILSVRC2012_val_00030734 lime_budget_2048 seed=4 4.67s
1846 done imagenet resnet50 ILSVRC2012_val_00030734 rise_budget_1024 seed=0 4.90s
1847 done imagenet resnet50 ILSVRC2012_val_00030734 lime_budget_1024 seed=4 2.30s
1848 done imagenet resnet50 ILSVRC2012_val_00030734 lime_budget_512 seed=4 1.14s
1849 done imagenet resnet50 ILSVRC2012_val_00030734 kernel_shap_budget_2048 seed=1 4.61s
1850 done imagenet resnet50 ILSVRC2012_val_00030734 kernel_shap_budget_512 seed=0 1.23s
1851 done imagenet resnet50 ILSVRC2012_val_00030734 rise_budget_512 seed=1 2.99s
1852 done imagenet resnet50 ILSVRC2012_val_00030734 kernel_shap_budget_512 seed=3 1.16s
1853 done imagenet resnet50 ILSVRC2012_val_00030734 rise_budget_512 seed=2 2.56s
1854 done imagenet resnet50 ILSVRC2012_val_00030734 lime_budget_256 seed=1 0.75s
1855 done imagenet resnet50 ILSVRC2012_val_00030734 rise_budget_256 seed=1 1.60s
1856 done imagenet resnet50 ILSVRC2012_val_00030734 lime_budget_1024 seed=1 2.41s
1857 done imagenet resnet50 ILSVRC2012_val_00030734 lime_budget_512 seed=0 1.24s
1858 done imagenet resnet50 ILSVRC2012_val_00030734 rise_budget_512 seed=0 2.33s
1859 done imagenet resnet50 ILSVRC2012_val_00030734 kernel_shap_budget_2048 seed=0 4.36s
1860 done imagenet resnet50 ILSVRC2012_val_00030734 kernel_shap_budget_1024 seed=1 2.20s
1861 done imagenet resnet50 ILSVRC2012_val_00030734 rise_budget_1024 seed=1 4.43s
1862 done imagenet resnet50 ILSVRC2012_val_00030734 kernel_shap_budget_1024 seed=0 2.47s
1863 done imagenet resnet50 ILSVRC2012_val_00030734 kernel_shap_budget_256 seed=1 0.69s
1864 done imagenet resnet50 ILSVRC2012_val_00030734 lime_budget_2048 seed=2 4.98s
1865 done imagenet resnet50 ILSVRC2012_val_00030734 kernel_shap_budget_512 seed=4 1.25s
1866 done imagenet resnet50 ILSVRC2012_val_00030734 rise_budget_1024 seed=2 4.69s
1867 done imagenet resnet50 ILSVRC2012_val_00030734 lime_budget_512 seed=1 1.43s
1868 done imagenet resnet50 ILSVRC2012_val_00030734 rise_budget_256 seed=4 1.51s
1869 done imagenet resnet50 ILSVRC2012_val_00030734 kernel_shap_budget_512 seed=1 1.35s
1870 done imagenet resnet50 ILSVRC2012_val_00030734 lime_budget_2048 seed=3 5.10s
1871 done imagenet resnet50 ILSVRC2012_val_00030734 kernel_shap_budget_256 seed=2 0.59s
1872 done imagenet resnet50 ILSVRC2012_val_00030734 kernel_shap_budget_512 seed=2 1.17s
1873 done imagenet resnet50 ILSVRC2012_val_00030734 rise_budget_256 seed=0 1.16s
1874 done imagenet resnet50 ILSVRC2012_val_00030734 lime_budget_1024 seed=3 2.43s
1875 done imagenet resnet50 ILSVRC2012_val_00030734 rise_budget_512 seed=3 2.46s
1876 done imagenet resnet50 ILSVRC2012_val_00030734 rise_budget_2048 seed=2 10.41s
1877 done imagenet resnet50 ILSVRC2012_val_00030734 kernel_shap_budget_2048 seed=3 4.93s
1878 done imagenet resnet50 ILSVRC2012_val_00030734 lime_budget_1024 seed=0 2.29s
1879 done imagenet resnet50 ILSVRC2012_val_00030734 kernel_shap_budget_1024 seed=2 2.29s
1880 done imagenet resnet50 ILSVRC2012_val_00030734 rise_budget_2048 seed=0 10.26s
1881 done imagenet resnet50 ILSVRC2012_val_00030734 rise_budget_2048 seed=1 8.70s
1882 done imagenet resnet50 ILSVRC2012_val_00030734 kernel_shap_budget_1024 seed=4 2.20s
1883 done imagenet resnet50 ILSVRC2012_val_00030734 rise_budget_2048 seed=4 8.37s
1884 done imagenet resnet50 ILSVRC2012_val_00030734 kernel_shap_budget_1024 seed=3 2.29s
1885 done imagenet resnet50 ILSVRC2012_val_00030734 rise_budget_256 seed=3 1.17s
1886 done imagenet resnet50 ILSVRC2012_val_00030734 lime_budget_2048 seed=0 4.54s
1887 done imagenet resnet50 ILSVRC2012_val_00030734 kernel_shap_budget_2048 seed=4 4.92s
1888 done imagenet resnet50 ILSVRC2012_val_00030734 rise_budget_1024 seed=4 5.65s
1889 done imagenet resnet50 ILSVRC2012_val_00030734 lime_budget_256 seed=0 0.81s
1890 done imagenet resnet50 ILSVRC2012_val_00030734 ablation_default seed=None 0.19s
1891 done imagenet resnet50 ILSVRC2012_val_00030734 rise_budget_512 seed=4 2.80s
1892 done imagenet resnet50 ILSVRC2012_val_00032995 rise_budget_1024 seed=2 5.69s
1893 done imagenet resnet50 ILSVRC2012_val_00032995 rise_budget_256 seed=2 1.21s
1894 done imagenet resnet50 ILSVRC2012_val_00032995 rise_budget_1024 seed=1 5.70s
1895 done imagenet resnet50 ILSVRC2012_val_00032995 rise_budget_1024 seed=4 5.40s
1896 done imagenet resnet50 ILSVRC2012_val_00032995 kernel_shap_budget_1024 seed=0 2.58s
1897 done imagenet resnet50 ILSVRC2012_val_00032995 lime_budget_512 seed=4 1.57s
1898 done imagenet resnet50 ILSVRC2012_val_00032995 lime_budget_512 seed=2 1.60s
1899 done imagenet resnet50 ILSVRC2012_val_00032995 lime_budget_512 seed=1 1.44s
1900 done imagenet resnet50 ILSVRC2012_val_00032995 kernel_shap_budget_512 seed=0 1.33s
1901 done imagenet resnet50 ILSVRC2012_val_00032995 kernel_shap_budget_256 seed=4 0.64s
1902 done imagenet resnet50 ILSVRC2012_val_00032995 kernel_shap_budget_1024 seed=1 2.31s
1903 done imagenet resnet50 ILSVRC2012_val_00032995 lime_budget_256 seed=4 0.77s
1904 done imagenet resnet50 ILSVRC2012_val_00032995 kernel_shap_budget_1024 seed=3 2.40s
1905 done imagenet resnet50 ILSVRC2012_val_00032995 kernel_shap_budget_256 seed=0 0.58s
1906 done imagenet resnet50 ILSVRC2012_val_00032995 lime_budget_2048 seed=3 5.19s
1907 done imagenet resnet50 ILSVRC2012_val_00032995 rise_budget_256 seed=3 1.29s
1908 done imagenet resnet50 ILSVRC2012_val_00032995 kernel_shap_budget_2048 seed=2 5.05s
1909 done imagenet resnet50 ILSVRC2012_val_00032995 lime_budget_256 seed=2 0.82s
1910 done imagenet resnet50 ILSVRC2012_val_00032995 rise_budget_256 seed=0 1.44s
1911 done imagenet resnet50 ILSVRC2012_val_00032995 lime_budget_256 seed=1 0.66s
1912 done imagenet resnet50 ILSVRC2012_val_00032995 kernel_shap_budget_1024 seed=2 2.45s
1913 done imagenet resnet50 ILSVRC2012_val_00032995 lime_budget_2048 seed=2 5.14s
1914 done imagenet resnet50 ILSVRC2012_val_00032995 rise_budget_512 seed=0 2.55s
1915 done imagenet resnet50 ILSVRC2012_val_00032995 lime_budget_1024 seed=4 2.71s
1916 done imagenet resnet50 ILSVRC2012_val_00032995 rise_budget_256 seed=1 1.16s
1917 done imagenet resnet50 ILSVRC2012_val_00032995 lime_budget_1024 seed=3 2.43s
1918 done imagenet resnet50 ILSVRC2012_val_00032995 rise_budget_1024 seed=3 4.94s
1919 done imagenet resnet50 ILSVRC2012_val_00032995 rise_budget_2048 seed=0 10.37s
1920 done imagenet resnet50 ILSVRC2012_val_00032995 rise_budget_1024 seed=0 5.10s
1921 done imagenet resnet50 ILSVRC2012_val_00032995 rise_budget_512 seed=2 2.83s
1922 done imagenet resnet50 ILSVRC2012_val_00032995 kernel_shap_budget_2048 seed=4 5.03s
1923 done imagenet resnet50 ILSVRC2012_val_00032995 kernel_shap_budget_2048 seed=1 5.01s
1924 done imagenet resnet50 ILSVRC2012_val_00032995 rise_budget_256 seed=4 1.37s
1925 done imagenet resnet50 ILSVRC2012_val_00032995 lime_budget_1024 seed=1 2.25s
1926 done imagenet resnet50 ILSVRC2012_val_00032995 lime_budget_512 seed=0 1.10s
1927 done imagenet resnet50 ILSVRC2012_val_00032995 kernel_shap_budget_256 seed=2 0.56s
1928 done imagenet resnet50 ILSVRC2012_val_00032995 rise_budget_512 seed=4 2.29s
1929 done imagenet resnet50 ILSVRC2012_val_00032995 kernel_shap_budget_512 seed=4 1.11s
1930 done imagenet resnet50 ILSVRC2012_val_00032995 ablation_default seed=None 0.15s
1931 done imagenet resnet50 ILSVRC2012_val_00032995 lime_budget_2048 seed=1 4.47s
1932 done imagenet resnet50 ILSVRC2012_val_00032995 kernel_shap_budget_256 seed=3 0.68s
1933 done imagenet resnet50 ILSVRC2012_val_00032995 lime_budget_256 seed=3 0.79s
1934 done imagenet resnet50 ILSVRC2012_val_00032995 kernel_shap_budget_512 seed=2 1.26s
1935 done imagenet resnet50 ILSVRC2012_val_00032995 rise_budget_2048 seed=4 10.83s
1936 done imagenet resnet50 ILSVRC2012_val_00032995 kernel_shap_budget_1024 seed=4 2.18s
1937 done imagenet resnet50 ILSVRC2012_val_00032995 kernel_shap_budget_512 seed=1 1.21s
1938 done imagenet resnet50 ILSVRC2012_val_00032995 rise_budget_2048 seed=1 9.98s
1939 done imagenet resnet50 ILSVRC2012_val_00032995 kernel_shap_budget_256 seed=1 0.69s
1940 done imagenet resnet50 ILSVRC2012_val_00032995 kernel_shap_budget_2048 seed=3 4.88s
1941 done imagenet resnet50 ILSVRC2012_val_00032995 lime_budget_512 seed=3 1.25s
1942 done imagenet resnet50 ILSVRC2012_val_00032995 rise_budget_512 seed=1 2.40s
1943 done imagenet resnet50 ILSVRC2012_val_00032995 rise_budget_2048 seed=3 9.40s
1944 done imagenet resnet50 ILSVRC2012_val_00032995 lime_budget_1024 seed=0 2.71s
1945 done imagenet resnet50 ILSVRC2012_val_00032995 kernel_shap_budget_2048 seed=0 4.96s
1946 done imagenet resnet50 ILSVRC2012_val_00032995 lime_budget_2048 seed=4 4.83s
1947 done imagenet resnet50 ILSVRC2012_val_00032995 rise_budget_2048 seed=2 9.49s
1948 done imagenet resnet50 ILSVRC2012_val_00032995 kernel_shap_budget_512 seed=3 1.25s
1949 done imagenet resnet50 ILSVRC2012_val_00032995 lime_budget_1024 seed=2 2.71s
1950 done imagenet resnet50 ILSVRC2012_val_00032995 lime_budget_2048 seed=0 4.92s
1951 done imagenet resnet50 ILSVRC2012_val_00032995 lime_budget_256 seed=0 0.57s
1952 done imagenet resnet50 ILSVRC2012_val_00032995 rise_budget_512 seed=3 2.24s
1953 done imagenet resnet50 ILSVRC2012_val_00035844 lime_budget_512 seed=1 1.16s
1954 done imagenet resnet50 ILSVRC2012_val_00035844 lime_budget_2048 seed=2 5.03s
1955 done imagenet resnet50 ILSVRC2012_val_00035844 kernel_shap_budget_256 seed=0 0.67s
1956 done imagenet resnet50 ILSVRC2012_val_00035844 lime_budget_1024 seed=3 2.52s
1957 done imagenet resnet50 ILSVRC2012_val_00035844 lime_budget_256 seed=4 0.59s
1958 done imagenet resnet50 ILSVRC2012_val_00035844 rise_budget_1024 seed=0 4.79s
1959 done imagenet resnet50 ILSVRC2012_val_00035844 kernel_shap_budget_2048 seed=3 4.64s
1960 done imagenet resnet50 ILSVRC2012_val_00035844 lime_budget_2048 seed=0 4.54s
1961 done imagenet resnet50 ILSVRC2012_val_00035844 rise_budget_2048 seed=0 8.33s
1962 done imagenet resnet50 ILSVRC2012_val_00035844 lime_budget_1024 seed=2 2.33s
1963 done imagenet resnet50 ILSVRC2012_val_00035844 kernel_shap_budget_1024 seed=3 2.46s
1964 done imagenet resnet50 ILSVRC2012_val_00035844 kernel_shap_budget_2048 seed=0 4.95s
1965 done imagenet resnet50 ILSVRC2012_val_00035844 rise_budget_512 seed=1 2.12s
1966 done imagenet resnet50 ILSVRC2012_val_00035844 kernel_shap_budget_1024 seed=2 2.23s
1967 done imagenet resnet50 ILSVRC2012_val_00035844 rise_budget_256 seed=4 0.85s
1968 done imagenet resnet50 ILSVRC2012_val_00035844 lime_budget_512 seed=0 1.23s
1969 done imagenet resnet50 ILSVRC2012_val_00035844 kernel_shap_budget_256 seed=2 0.57s
1970 done imagenet resnet50 ILSVRC2012_val_00035844 rise_budget_256 seed=0 1.22s
1971 done imagenet resnet50 ILSVRC2012_val_00035844 rise_budget_512 seed=3 2.51s
1972 done imagenet resnet50 ILSVRC2012_val_00035844 rise_budget_1024 seed=4 5.41s
1973 done imagenet resnet50 ILSVRC2012_val_00035844 rise_budget_512 seed=4 2.74s
1974 done imagenet resnet50 ILSVRC2012_val_00035844 rise_budget_256 seed=1 1.54s
1975 done imagenet resnet50 ILSVRC2012_val_00035844 ablation_default seed=None 0.20s
1976 done imagenet resnet50 ILSVRC2012_val_00035844 rise_budget_1024 seed=1 5.70s
1977 done imagenet resnet50 ILSVRC2012_val_00035844 rise_budget_1024 seed=2 5.15s
1978 done imagenet resnet50 ILSVRC2012_val_00035844 rise_budget_256 seed=3 1.26s
1979 done imagenet resnet50 ILSVRC2012_val_00035844 lime_budget_256 seed=2 0.74s
1980 done imagenet resnet50 ILSVRC2012_val_00035844 rise_budget_1024 seed=3 5.20s
1981 done imagenet resnet50 ILSVRC2012_val_00035844 lime_budget_512 seed=3 1.29s
1982 done imagenet resnet50 ILSVRC2012_val_00035844 lime_budget_512 seed=2 1.37s
1983 done imagenet resnet50 ILSVRC2012_val_00035844 kernel_shap_budget_1024 seed=4 2.44s
1984 done imagenet resnet50 ILSVRC2012_val_00035844 lime_budget_256 seed=0 0.77s
1985 done imagenet resnet50 ILSVRC2012_val_00035844 lime_budget_512 seed=4 1.21s
1986 done imagenet resnet50 ILSVRC2012_val_00035844 lime_budget_2048 seed=1 5.02s
1987 done imagenet resnet50 ILSVRC2012_val_00035844 kernel_shap_budget_512 seed=3 1.34s
1988 done imagenet resnet50 ILSVRC2012_val_00035844 rise_budget_2048 seed=1 10.89s
1989 done imagenet resnet50 ILSVRC2012_val_00035844 lime_budget_256 seed=3 0.57s
1990 done imagenet resnet50 ILSVRC2012_val_00035844 lime_budget_1024 seed=0 2.24s
1991 done imagenet resnet50 ILSVRC2012_val_00035844 kernel_shap_budget_512 seed=0 1.14s
1992 done imagenet resnet50 ILSVRC2012_val_00035844 kernel_shap_budget_512 seed=2 1.13s
1993 done imagenet resnet50 ILSVRC2012_val_00035844 kernel_shap_budget_256 seed=1 0.57s
1994 done imagenet resnet50 ILSVRC2012_val_00035844 rise_budget_2048 seed=2 7.25s
1995 done imagenet resnet50 ILSVRC2012_val_00035844 kernel_shap_budget_512 seed=1 1.15s
1996 done imagenet resnet50 ILSVRC2012_val_00035844 rise_budget_512 seed=0 2.33s
1997 done imagenet resnet50 ILSVRC2012_val_00035844 kernel_shap_budget_512 seed=4 1.27s
1998 done imagenet resnet50 ILSVRC2012_val_00035844 kernel_shap_budget_256 seed=4 0.72s
1999 done imagenet resnet50 ILSVRC2012_val_00035844 rise_budget_512 seed=2 2.48s
2000 done imagenet resnet50 ILSVRC2012_val_00035844 kernel_shap_budget_2048 seed=4 4.49s
2001 done imagenet resnet50 ILSVRC2012_val_00035844 lime_budget_2048 seed=4 4.45s
2002 done imagenet resnet50 ILSVRC2012_val_00035844 kernel_shap_budget_1024 seed=1 2.38s
2003 done imagenet resnet50 ILSVRC2012_val_00035844 kernel_shap_budget_256 seed=3 0.62s
2004 done imagenet resnet50 ILSVRC2012_val_00035844 kernel_shap_budget_2048 seed=2 4.89s
2005 done imagenet resnet50 ILSVRC2012_val_00035844 kernel_shap_budget_1024 seed=0 2.38s
2006 done imagenet resnet50 ILSVRC2012_val_00035844 lime_budget_1024 seed=1 2.52s
2007 done imagenet resnet50 ILSVRC2012_val_00035844 kernel_shap_budget_2048 seed=1 4.95s
2008 done imagenet resnet50 ILSVRC2012_val_00035844 lime_budget_2048 seed=3 4.88s
2009 done imagenet resnet50 ILSVRC2012_val_00035844 lime_budget_256 seed=1 0.62s
2010 done imagenet resnet50 ILSVRC2012_val_00035844 lime_budget_1024 seed=4 2.68s
2011 done imagenet resnet50 ILSVRC2012_val_00035844 rise_budget_2048 seed=4 11.25s
2012 done imagenet resnet50 ILSVRC2012_val_00035844 rise_budget_2048 seed=3 9.78s
2013 done imagenet resnet50 ILSVRC2012_val_00035844 rise_budget_256 seed=2 1.18s
2014 done imagenet resnet50 ILSVRC2012_val_00038981 rise_budget_1024 seed=0 5.57s
2015 done imagenet resnet50 ILSVRC2012_val_00038981 kernel_shap_budget_1024 seed=0 2.25s
2016 done imagenet resnet50 ILSVRC2012_val_00038981 rise_budget_256 seed=2 1.06s
2017 done imagenet resnet50 ILSVRC2012_val_00038981 kernel_shap_budget_2048 seed=4 4.62s
2018 done imagenet resnet50 ILSVRC2012_val_00038981 rise_budget_2048 seed=1 10.13s
2019 done imagenet resnet50 ILSVRC2012_val_00038981 rise_budget_512 seed=0 2.18s
2020 done imagenet resnet50 ILSVRC2012_val_00038981 kernel_shap_budget_2048 seed=3 4.75s
2021 done imagenet resnet50 ILSVRC2012_val_00038981 rise_budget_512 seed=3 2.64s
2022 done imagenet resnet50 ILSVRC2012_val_00038981 lime_budget_1024 seed=2 2.48s
2023 done imagenet resnet50 ILSVRC2012_val_00038981 rise_budget_512 seed=2 2.07s
2024 done imagenet resnet50 ILSVRC2012_val_00038981 kernel_shap_budget_1024 seed=3 2.38s
2025 done imagenet resnet50 ILSVRC2012_val_00038981 lime_budget_256 seed=2 0.63s
2026 done imagenet resnet50 ILSVRC2012_val_00038981 rise_budget_2048 seed=2 9.74s
2027 done imagenet resnet50 ILSVRC2012_val_00038981 rise_budget_256 seed=4 1.10s
2028 done imagenet resnet50 ILSVRC2012_val_00038981 rise_budget_1024 seed=1 5.38s
2029 done imagenet resnet50 ILSVRC2012_val_00038981 kernel_shap_budget_1024 seed=2 2.39s
2030 done imagenet resnet50 ILSVRC2012_val_00038981 lime_budget_1024 seed=4 2.27s
2031 done imagenet resnet50 ILSVRC2012_val_00038981 kernel_shap_budget_256 seed=3 0.55s
2032 done imagenet resnet50 ILSVRC2012_val_00038981 lime_budget_1024 seed=1 2.38s
2033 done imagenet resnet50 ILSVRC2012_val_00038981 kernel_shap_budget_1024 seed=1 2.54s
2034 done imagenet resnet50 ILSVRC2012_val_00038981 rise_budget_1024 seed=3 5.73s
2035 done imagenet resnet50 ILSVRC2012_val_00038981 lime_budget_1024 seed=3 2.50s
2036 done imagenet resnet50 ILSVRC2012_val_00038981 kernel_shap_budget_256 seed=1 0.63s
2037 done imagenet resnet50 ILSVRC2012_val_00038981 lime_budget_256 seed=1 0.84s
2038 done imagenet resnet50 ILSVRC2012_val_00038981 lime_budget_2048 seed=1 5.29s
2039 done imagenet resnet50 ILSVRC2012_val_00038981 lime_budget_2048 seed=3 4.73s
2040 done imagenet resnet50 ILSVRC2012_val_00038981 ablation_default seed=None 0.22s
2041 done imagenet resnet50 ILSVRC2012_val_00038981 rise_budget_512 seed=1 2.65s
2042 done imagenet resnet50 ILSVRC2012_val_00038981 lime_budget_512 seed=0 1.28s
2043 done imagenet resnet50 ILSVRC2012_val_00038981 rise_budget_1024 seed=4 4.70s
2044 done imagenet resnet50 ILSVRC2012_val_00038981 kernel_shap_budget_512 seed=1 1.23s
2045 done imagenet resnet50 ILSVRC2012_val_00038981 kernel_shap_budget_2048 seed=2 4.82s
2046 done imagenet resnet50 ILSVRC2012_val_00038981 kernel_shap_budget_512 seed=4 1.18s
2047 done imagenet resnet50 ILSVRC2012_val_00038981 lime_budget_512 seed=3 1.19s
2048 done imagenet resnet50 ILSVRC2012_val_00038981 lime_budget_512 seed=1 1.12s
2049 done imagenet resnet50 ILSVRC2012_val_00038981 rise_budget_1024 seed=2 4.62s
2050 done imagenet resnet50 ILSVRC2012_val_00038981 kernel_shap_budget_2048 seed=0 4.83s
2051 done imagenet resnet50 ILSVRC2012_val_00038981 lime_budget_1024 seed=0 2.25s
2052 done imagenet resnet50 ILSVRC2012_val_00038981 lime_budget_512 seed=4 1.17s
2053 done imagenet resnet50 ILSVRC2012_val_00038981 kernel_shap_budget_512 seed=0 1.14s
2054 done imagenet resnet50 ILSVRC2012_val_00038981 kernel_shap_budget_256 seed=4 0.59s
2055 done imagenet resnet50 ILSVRC2012_val_00038981 rise_budget_2048 seed=0 9.32s
2056 done imagenet resnet50 ILSVRC2012_val_00038981 rise_budget_256 seed=0 1.13s
2057 done imagenet resnet50 ILSVRC2012_val_00038981 lime_budget_2048 seed=2 4.54s
2058 done imagenet resnet50 ILSVRC2012_val_00038981 lime_budget_256 seed=4 0.75s
2059 done imagenet resnet50 ILSVRC2012_val_00038981 lime_budget_512 seed=2 1.37s
2060 done imagenet resnet50 ILSVRC2012_val_00038981 kernel_shap_budget_256 seed=2 0.66s
2061 done imagenet resnet50 ILSVRC2012_val_00038981 kernel_shap_budget_512 seed=2 1.31s
2062 done imagenet resnet50 ILSVRC2012_val_00038981 lime_budget_256 seed=3 0.63s
2063 done imagenet resnet50 ILSVRC2012_val_00038981 lime_budget_256 seed=0 0.65s
2064 done imagenet resnet50 ILSVRC2012_val_00038981 rise_budget_2048 seed=3 10.82s
2065 done imagenet resnet50 ILSVRC2012_val_00038981 rise_budget_256 seed=1 1.19s
2066 done imagenet resnet50 ILSVRC2012_val_00038981 kernel_shap_budget_256 seed=0 0.57s
2067 done imagenet resnet50 ILSVRC2012_val_00038981 kernel_shap_budget_2048 seed=1 4.71s
2068 done imagenet resnet50 ILSVRC2012_val_00038981 lime_budget_2048 seed=4 5.13s
2069 done imagenet resnet50 ILSVRC2012_val_00038981 kernel_shap_budget_1024 seed=4 2.45s
2070 done imagenet resnet50 ILSVRC2012_val_00038981 kernel_shap_budget_512 seed=3 1.12s
2071 done imagenet resnet50 ILSVRC2012_val_00038981 rise_budget_2048 seed=4 9.96s
2072 done imagenet resnet50 ILSVRC2012_val_00038981 rise_budget_256 seed=3 1.25s
2073 done imagenet resnet50 ILSVRC2012_val_00038981 rise_budget_512 seed=4 3.11s
2074 done imagenet resnet50 ILSVRC2012_val_00038981 lime_budget_2048 seed=0 4.88s
2075 done imagenet resnet50 ILSVRC2012_val_00043538 kernel_shap_budget_256 seed=1 0.56s
2076 done imagenet resnet50 ILSVRC2012_val_00043538 rise_budget_2048 seed=0 10.55s
2077 done imagenet resnet50 ILSVRC2012_val_00043538 kernel_shap_budget_512 seed=2 1.07s
2078 done imagenet resnet50 ILSVRC2012_val_00043538 lime_budget_256 seed=1 0.54s
2079 done imagenet resnet50 ILSVRC2012_val_00043538 rise_budget_1024 seed=4 4.80s
2080 done imagenet resnet50 ILSVRC2012_val_00043538 kernel_shap_budget_1024 seed=4 2.21s
2081 done imagenet resnet50 ILSVRC2012_val_00043538 rise_budget_256 seed=0 1.30s
2082 done imagenet resnet50 ILSVRC2012_val_00043538 lime_budget_256 seed=0 0.79s
2083 done imagenet resnet50 ILSVRC2012_val_00043538 lime_budget_2048 seed=0 4.96s
2084 done imagenet resnet50 ILSVRC2012_val_00043538 kernel_shap_budget_512 seed=0 1.23s
2085 done imagenet resnet50 ILSVRC2012_val_00043538 ablation_default seed=None 0.18s
2086 done imagenet resnet50 ILSVRC2012_val_00043538 rise_budget_1024 seed=2 5.56s
2087 done imagenet resnet50 ILSVRC2012_val_00043538 lime_budget_1024 seed=0 2.68s
2088 done imagenet resnet50 ILSVRC2012_val_00043538 kernel_shap_budget_256 seed=4 0.62s
2089 done imagenet resnet50 ILSVRC2012_val_00043538 lime_budget_2048 seed=4 4.73s
2090 done imagenet resnet50 ILSVRC2012_val_00043538 lime_budget_256 seed=4 0.78s
2091 done imagenet resnet50 ILSVRC2012_val_00043538 kernel_shap_budget_2048 seed=3 4.65s
2092 done imagenet resnet50 ILSVRC2012_val_00043538 kernel_shap_budget_256 seed=3 0.65s
2093 done imagenet resnet50 ILSVRC2012_val_00043538 rise_budget_512 seed=3 2.87s
2094 done imagenet resnet50 ILSVRC2012_val_00043538 rise_budget_256 seed=2 1.52s
2095 done imagenet resnet50 ILSVRC2012_val_00043538 rise_budget_512 seed=2 2.83s
2096 done imagenet resnet50 ILSVRC2012_val_00043538 lime_budget_2048 seed=3 4.85s
2097 done imagenet resnet50 ILSVRC2012_val_00043538 kernel_shap_budget_1024 seed=0 2.34s
2098 done imagenet resnet50 ILSVRC2012_val_00043538 kernel_shap_budget_256 seed=0 0.56s
2099 done imagenet resnet50 ILSVRC2012_val_00043538 lime_budget_512 seed=4 1.20s
2100 done imagenet resnet50 ILSVRC2012_val_00043538 kernel_shap_budget_512 seed=3 1.08s
2101 done imagenet resnet50 ILSVRC2012_val_00043538 rise_budget_256 seed=3 1.13s
2102 done imagenet resnet50 ILSVRC2012_val_00043538 rise_budget_512 seed=1 2.36s
2103 done imagenet resnet50 ILSVRC2012_val_00043538 kernel_shap_budget_1024 seed=2 2.54s
2104 done imagenet resnet50 ILSVRC2012_val_00043538 kernel_shap_budget_512 seed=1 1.23s
2105 done imagenet resnet50 ILSVRC2012_val_00043538 rise_budget_2048 seed=3 11.04s
2106 done imagenet resnet50 ILSVRC2012_val_00043538 lime_budget_512 seed=2 1.41s
2107 done imagenet resnet50 ILSVRC2012_val_00043538 rise_budget_256 seed=1 1.29s
2108 done imagenet resnet50 ILSVRC2012_val_00043538 lime_budget_1024 seed=2 2.58s
2109 done imagenet resnet50 ILSVRC2012_val_00043538 kernel_shap_budget_2048 seed=4 4.36s
2110 done imagenet resnet50 ILSVRC2012_val_00043538 lime_budget_2048 seed=2 4.57s
2111 done imagenet resnet50 ILSVRC2012_val_00043538 lime_budget_2048 seed=1 4.36s
2112 done imagenet resnet50 ILSVRC2012_val_00043538 rise_budget_2048 seed=4 9.19s
2113 done imagenet resnet50 ILSVRC2012_val_00043538 rise_budget_256 seed=4 1.09s
2114 done imagenet resnet50 ILSVRC2012_val_00043538 kernel_shap_budget_2048 seed=0 4.89s
2115 done imagenet resnet50 ILSVRC2012_val_00043538 lime_budget_512 seed=3 1.11s
2116 done imagenet resnet50 ILSVRC2012_val_00043538 lime_budget_512 seed=1 1.11s
2117 done imagenet resnet50 ILSVRC2012_val_00043538 rise_budget_512 seed=4 1.68s
2118 done imagenet resnet50 ILSVRC2012_val_00043538 rise_budget_512 seed=0 2.08s
2119 done imagenet resnet50 ILSVRC2012_val_00043538 kernel_shap_budget_256 seed=2 0.57s
2120 done imagenet resnet50 ILSVRC2012_val_00043538 rise_budget_2048 seed=1 8.26s
2121 done imagenet resnet50 ILSVRC2012_val_00043538 lime_budget_1024 seed=3 2.52s
2122 done imagenet resnet50 ILSVRC2012_val_00043538 kernel_shap_budget_2048 seed=1 4.84s
2123 done imagenet resnet50 ILSVRC2012_val_00043538 lime_budget_1024 seed=1 2.62s
2124 done imagenet resnet50 ILSVRC2012_val_00043538 rise_budget_2048 seed=2 10.27s
2125 done imagenet resnet50 ILSVRC2012_val_00043538 rise_budget_1024 seed=0 5.17s
2126 done imagenet resnet50 ILSVRC2012_val_00043538 kernel_shap_budget_1024 seed=1 2.18s
2127 done imagenet resnet50 ILSVRC2012_val_00043538 kernel_shap_budget_1024 seed=3 2.72s
2128 done imagenet resnet50 ILSVRC2012_val_00043538 lime_budget_1024 seed=4 2.38s
2129 done imagenet resnet50 ILSVRC2012_val_00043538 kernel_shap_budget_512 seed=4 1.17s
2130 done imagenet resnet50 ILSVRC2012_val_00043538 rise_budget_1024 seed=3 5.41s
2131 done imagenet resnet50 ILSVRC2012_val_00043538 lime_budget_256 seed=2 0.68s
2132 done imagenet resnet50 ILSVRC2012_val_00043538 lime_budget_512 seed=0 1.36s
2133 done imagenet resnet50 ILSVRC2012_val_00043538 kernel_shap_budget_2048 seed=2 5.17s
2134 done imagenet resnet50 ILSVRC2012_val_00043538 lime_budget_256 seed=3 0.72s
2135 done imagenet resnet50 ILSVRC2012_val_00043538 rise_budget_1024 seed=1 4.68s
2136 done imagenet resnet50 ILSVRC2012_val_00044238 rise_budget_2048 seed=2 9.46s
2137 done imagenet resnet50 ILSVRC2012_val_00044238 rise_budget_512 seed=2 1.71s
2138 done imagenet resnet50 ILSVRC2012_val_00044238 lime_budget_1024 seed=4 2.70s
2139 done imagenet resnet50 ILSVRC2012_val_00044238 rise_budget_1024 seed=4 5.42s
2140 done imagenet resnet50 ILSVRC2012_val_00044238 kernel_shap_budget_512 seed=0 1.23s
2141 done imagenet resnet50 ILSVRC2012_val_00044238 lime_budget_2048 seed=0 5.09s
2142 done imagenet resnet50 ILSVRC2012_val_00044238 lime_budget_2048 seed=4 4.66s
2143 done imagenet resnet50 ILSVRC2012_val_00044238 kernel_shap_budget_256 seed=3 0.56s
2144 done imagenet resnet50 ILSVRC2012_val_00044238 kernel_shap_budget_256 seed=0 0.57s
2145 done imagenet resnet50 ILSVRC2012_val_00044238 kernel_shap_budget_2048 seed=0 4.46s
2146 done imagenet resnet50 ILSVRC2012_val_00044238 kernel_shap_budget_256 seed=4 0.56s
2147 done imagenet resnet50 ILSVRC2012_val_00044238 rise_budget_512 seed=1 2.06s
2148 done imagenet resnet50 ILSVRC2012_val_00044238 rise_budget_512 seed=4 2.03s
2149 done imagenet resnet50 ILSVRC2012_val_00044238 lime_budget_256 seed=2 0.65s
2150 done imagenet resnet50 ILSVRC2012_val_00044238 rise_budget_256 seed=1 1.11s
2151 done imagenet resnet50 ILSVRC2012_val_00044238 rise_budget_1024 seed=0 4.90s
2152 done imagenet resnet50 ILSVRC2012_val_00044238 kernel_shap_budget_1024 seed=2 2.36s
2153 done imagenet resnet50 ILSVRC2012_val_00044238 lime_budget_256 seed=4 0.71s
2154 done imagenet resnet50 ILSVRC2012_val_00044238 lime_budget_1024 seed=2 2.63s
2155 done imagenet resnet50 ILSVRC2012_val_00044238 rise_budget_256 seed=2 1.47s
2156 done imagenet resnet50 ILSVRC2012_val_00044238 lime_budget_256 seed=0 0.77s
2157 done imagenet resnet50 ILSVRC2012_val_00044238 rise_budget_1024 seed=2 5.09s
2158 done imagenet resnet50 ILSVRC2012_val_00044238 lime_budget_512 seed=4 1.12s
2159 done imagenet resnet50 ILSVRC2012_val_00044238 lime_budget_256 seed=3 0.57s
2160 done imagenet resnet50 ILSVRC2012_val_00044238 kernel_shap_budget_2048 seed=4 4.89s
2161 done imagenet resnet50 ILSVRC2012_val_00044238 rise_budget_512 seed=0 2.92s
2162 done imagenet resnet50 ILSVRC2012_val_00044238 lime_budget_512 seed=3 1.57s
2163 done imagenet resnet50 ILSVRC2012_val_00044238 lime_budget_512 seed=2 1.50s
2164 done imagenet resnet50 ILSVRC2012_val_00044238 lime_budget_512 seed=1 1.42s
2165 done imagenet resnet50 ILSVRC2012_val_00044238 rise_budget_2048 seed=3 9.47s
2166 done imagenet resnet50 ILSVRC2012_val_00044238 rise_budget_2048 seed=0 10.72s
2167 done imagenet resnet50 ILSVRC2012_val_00044238 rise_budget_256 seed=0 1.35s
2168 done imagenet resnet50 ILSVRC2012_val_00044238 kernel_shap_budget_256 seed=2 0.55s
2169 done imagenet resnet50 ILSVRC2012_val_00044238 lime_budget_2048 seed=2 4.50s
2170 done imagenet resnet50 ILSVRC2012_val_00044238 kernel_shap_budget_2048 seed=1 4.44s
2171 done imagenet resnet50 ILSVRC2012_val_00044238 lime_budget_1024 seed=3 2.45s
2172 done imagenet resnet50 ILSVRC2012_val_00044238 kernel_shap_budget_2048 seed=2 4.92s
2173 done imagenet resnet50 ILSVRC2012_val_00044238 kernel_shap_budget_512 seed=2 1.26s
2174 done imagenet resnet50 ILSVRC2012_val_00044238 kernel_shap_budget_2048 seed=3 4.72s
2175 done imagenet resnet50 ILSVRC2012_val_00044238 rise_budget_2048 seed=4 10.58s
2176 done imagenet resnet50 ILSVRC2012_val_00044238 kernel_shap_budget_1024 seed=1 2.53s
2177 done imagenet resnet50 ILSVRC2012_val_00044238 rise_budget_1024 seed=3 4.65s
2178 done imagenet resnet50 ILSVRC2012_val_00044238 lime_budget_2048 seed=1 4.59s
2179 done imagenet resnet50 ILSVRC2012_val_00044238 kernel_shap_budget_1024 seed=3 2.17s
2180 done imagenet resnet50 ILSVRC2012_val_00044238 kernel_shap_budget_1024 seed=0 2.52s
2181 done imagenet resnet50 ILSVRC2012_val_00044238 lime_budget_1024 seed=0 2.68s
2182 done imagenet resnet50 ILSVRC2012_val_00044238 lime_budget_512 seed=0 1.38s
2183 done imagenet resnet50 ILSVRC2012_val_00044238 rise_budget_256 seed=4 1.32s
2184 done imagenet resnet50 ILSVRC2012_val_00044238 lime_budget_256 seed=1 0.68s
2185 done imagenet resnet50 ILSVRC2012_val_00044238 lime_budget_1024 seed=1 2.25s
2186 done imagenet resnet50 ILSVRC2012_val_00044238 rise_budget_2048 seed=1 9.30s
2187 done imagenet resnet50 ILSVRC2012_val_00044238 rise_budget_256 seed=3 1.02s
2188 done imagenet resnet50 ILSVRC2012_val_00044238 kernel_shap_budget_512 seed=1 1.11s
2189 done imagenet resnet50 ILSVRC2012_val_00044238 lime_budget_2048 seed=3 4.65s
2190 done imagenet resnet50 ILSVRC2012_val_00044238 rise_budget_512 seed=3 2.64s
2191 done imagenet resnet50 ILSVRC2012_val_00044238 kernel_shap_budget_256 seed=1 0.55s
2192 done imagenet resnet50 ILSVRC2012_val_00044238 kernel_shap_budget_512 seed=3 1.08s
2193 done imagenet resnet50 ILSVRC2012_val_00044238 kernel_shap_budget_512 seed=4 1.10s
2194 done imagenet resnet50 ILSVRC2012_val_00044238 kernel_shap_budget_1024 seed=4 2.48s
2195 done imagenet resnet50 ILSVRC2012_val_00044238 ablation_default seed=None 0.18s
2196 done imagenet resnet50 ILSVRC2012_val_00044238 rise_budget_1024 seed=1 5.96s
2197 done imagenet resnet50 ILSVRC2012_val_00045961 kernel_shap_budget_1024 seed=0 2.64s
2198 done imagenet resnet50 ILSVRC2012_val_00045961 lime_budget_256 seed=4 0.64s
2199 done imagenet resnet50 ILSVRC2012_val_00045961 rise_budget_256 seed=2 1.46s
2200 done imagenet resnet50 ILSVRC2012_val_00045961 rise_budget_1024 seed=3 4.85s
2201 done imagenet resnet50 ILSVRC2012_val_00045961 lime_budget_1024 seed=2 2.46s
2202 done imagenet resnet50 ILSVRC2012_val_00045961 lime_budget_1024 seed=3 2.29s
2203 done imagenet resnet50 ILSVRC2012_val_00045961 lime_budget_1024 seed=4 2.29s
2204 done imagenet resnet50 ILSVRC2012_val_00045961 kernel_shap_budget_2048 seed=0 4.56s
2205 done imagenet resnet50 ILSVRC2012_val_00045961 lime_budget_1024 seed=0 2.27s
2206 done imagenet resnet50 ILSVRC2012_val_00045961 lime_budget_256 seed=3 0.60s
2207 done imagenet resnet50 ILSVRC2012_val_00045961 kernel_shap_budget_256 seed=1 0.55s
2208 done imagenet resnet50 ILSVRC2012_val_00045961 lime_budget_1024 seed=1 2.27s
2209 done imagenet resnet50 ILSVRC2012_val_00045961 lime_budget_2048 seed=0 5.05s
2210 done imagenet resnet50 ILSVRC2012_val_00045961 kernel_shap_budget_2048 seed=3 4.55s
2211 done imagenet resnet50 ILSVRC2012_val_00045961 kernel_shap_budget_512 seed=2 1.30s
2212 done imagenet resnet50 ILSVRC2012_val_00045961 rise_budget_2048 seed=2 10.09s
2213 done imagenet resnet50 ILSVRC2012_val_00045961 lime_budget_512 seed=3 1.19s
2214 done imagenet resnet50 ILSVRC2012_val_00045961 lime_budget_256 seed=0 0.64s
2215 done imagenet resnet50 ILSVRC2012_val_00045961 lime_budget_512 seed=0 1.27s
2216 done imagenet resnet50 ILSVRC2012_val_00045961 kernel_shap_budget_256 seed=3 0.63s
2217 done imagenet resnet50 ILSVRC2012_val_00045961 kernel_shap_budget_512 seed=1 1.25s
2218 done imagenet resnet50 ILSVRC2012_val_00045961 lime_budget_2048 seed=3 5.05s
2219 done imagenet resnet50 ILSVRC2012_val_00045961 rise_budget_512 seed=0 2.33s
2220 done imagenet resnet50 ILSVRC2012_val_00045961 rise_budget_512 seed=4 2.36s
2221 done imagenet resnet50 ILSVRC2012_val_00045961 kernel_shap_budget_1024 seed=2 2.44s
2222 done imagenet resnet50 ILSVRC2012_val_00045961 lime_budget_512 seed=1 1.20s
2223 done imagenet resnet50 ILSVRC2012_val_00045961 rise_budget_256 seed=3 1.18s
2224 done imagenet resnet50 ILSVRC2012_val_00045961 lime_budget_2048 seed=1 4.80s
2225 done imagenet resnet50 ILSVRC2012_val_00045961 kernel_shap_budget_1024 seed=3 2.49s
2226 done imagenet resnet50 ILSVRC2012_val_00045961 rise_budget_256 seed=0 1.32s
2227 done imagenet resnet50 ILSVRC2012_val_00045961 kernel_shap_budget_1024 seed=4 2.47s
2228 done imagenet resnet50 ILSVRC2012_val_00045961 kernel_shap_budget_512 seed=0 1.25s
2229 done imagenet resnet50 ILSVRC2012_val_00045961 rise_budget_2048 seed=1 9.51s
2230 done imagenet resnet50 ILSVRC2012_val_00045961 rise_budget_1024 seed=4 3.75s
2231 done imagenet resnet50 ILSVRC2012_val_00045961 rise_budget_256 seed=4 0.83s
2232 done imagenet resnet50 ILSVRC2012_val_00045961 lime_budget_256 seed=2 0.55s
2233 done imagenet resnet50 ILSVRC2012_val_00045961 rise_budget_512 seed=2 1.66s
2234 done imagenet resnet50 ILSVRC2012_val_00045961 rise_budget_1024 seed=1 4.70s
2235 done imagenet resnet50 ILSVRC2012_val_00045961 lime_budget_2048 seed=4 4.84s
2236 done imagenet resnet50 ILSVRC2012_val_00045961 rise_budget_256 seed=1 1.14s
2237 done imagenet resnet50 ILSVRC2012_val_00045961 rise_budget_1024 seed=0 4.79s
2238 done imagenet resnet50 ILSVRC2012_val_00045961 kernel_shap_budget_2048 seed=2 5.17s
2239 done imagenet resnet50 ILSVRC2012_val_00045961 rise_budget_2048 seed=3 10.26s
2240 done imagenet resnet50 ILSVRC2012_val_00045961 lime_budget_2048 seed=2 4.86s
2241 done imagenet resnet50 ILSVRC2012_val_00045961 rise_budget_512 seed=1 2.84s
2242 done imagenet resnet50 ILSVRC2012_val_00045961 ablation_default seed=None 0.17s
2243 done imagenet resnet50 ILSVRC2012_val_00045961 lime_budget_256 seed=1 0.78s
2244 done imagenet resnet50 ILSVRC2012_val_00045961 kernel_shap_budget_2048 seed=4 4.79s
2245 done imagenet resnet50 ILSVRC2012_val_00045961 kernel_shap_budget_2048 seed=1 4.95s
2246 done imagenet resnet50 ILSVRC2012_val_00045961 rise_budget_512 seed=3 2.60s
2247 done imagenet resnet50 ILSVRC2012_val_00045961 lime_budget_512 seed=4 1.37s
2248 done imagenet resnet50 ILSVRC2012_val_00045961 lime_budget_512 seed=2 1.30s
2249 done imagenet resnet50 ILSVRC2012_val_00045961 kernel_shap_budget_256 seed=0 0.55s
2250 done imagenet resnet50 ILSVRC2012_val_00045961 rise_budget_2048 seed=4 10.24s
2251 done imagenet resnet50 ILSVRC2012_val_00045961 rise_budget_2048 seed=0 11.24s
2252 done imagenet resnet50 ILSVRC2012_val_00045961 kernel_shap_budget_256 seed=4 0.62s
2253 done imagenet resnet50 ILSVRC2012_val_00045961 rise_budget_1024 seed=2 5.71s
2254 done imagenet resnet50 ILSVRC2012_val_00045961 kernel_shap_budget_512 seed=3 1.30s
2255 done imagenet resnet50 ILSVRC2012_val_00045961 kernel_shap_budget_1024 seed=1 2.40s
2256 done imagenet resnet50 ILSVRC2012_val_00045961 kernel_shap_budget_256 seed=2 0.57s
2257 done imagenet resnet50 ILSVRC2012_val_00045961 kernel_shap_budget_512 seed=4 1.22s
2258 done imagenet vgg13 ILSVRC2012_val_00000451 rise_budget_256 seed=0 0.90s
2259 done imagenet vgg13 ILSVRC2012_val_00000451 kernel_shap_budget_512 seed=4 1.16s
2260 done imagenet vgg13 ILSVRC2012_val_00000451 kernel_shap_budget_2048 seed=2 4.86s
2261 done imagenet vgg13 ILSVRC2012_val_00000451 lime_budget_512 seed=3 1.34s
2262 done imagenet vgg13 ILSVRC2012_val_00000451 lime_budget_256 seed=1 0.70s
2263 done imagenet vgg13 ILSVRC2012_val_00000451 rise_budget_512 seed=4 2.73s
2264 done imagenet vgg13 ILSVRC2012_val_00000451 lime_budget_1024 seed=2 2.94s
2265 done imagenet vgg13 ILSVRC2012_val_00000451 lime_budget_1024 seed=0 2.50s
2266 done imagenet vgg13 ILSVRC2012_val_00000451 lime_budget_1024 seed=3 2.38s
2267 done imagenet vgg13 ILSVRC2012_val_00000451 kernel_shap_budget_2048 seed=0 4.65s
2268 done imagenet vgg13 ILSVRC2012_val_00000451 lime_budget_512 seed=1 1.13s
2269 done imagenet vgg13 ILSVRC2012_val_00000451 lime_budget_256 seed=2 0.57s
2270 done imagenet vgg13 ILSVRC2012_val_00000451 rise_budget_512 seed=2 2.25s
2271 done imagenet vgg13 ILSVRC2012_val_00000451 rise_budget_2048 seed=1 9.16s
2272 done imagenet vgg13 ILSVRC2012_val_00000451 lime_budget_1024 seed=4 2.72s
2273 done imagenet vgg13 ILSVRC2012_val_00000451 kernel_shap_budget_256 seed=4 0.62s
2274 done imagenet vgg13 ILSVRC2012_val_00000451 lime_budget_2048 seed=3 4.88s
2275 done imagenet vgg13 ILSVRC2012_val_00000451 kernel_shap_budget_512 seed=2 1.13s
2276 done imagenet vgg13 ILSVRC2012_val_00000451 rise_budget_2048 seed=3 10.61s
2277 done imagenet vgg13 ILSVRC2012_val_00000451 lime_budget_512 seed=4 1.10s
2278 done imagenet vgg13 ILSVRC2012_val_00000451 rise_budget_256 seed=2 1.12s
2279 done imagenet vgg13 ILSVRC2012_val_00000451 rise_budget_1024 seed=0 4.23s
2280 done imagenet vgg13 ILSVRC2012_val_00000451 lime_budget_2048 seed=0 4.69s
2281 done imagenet vgg13 ILSVRC2012_val_00000451 rise_budget_1024 seed=2 4.68s
2282 done imagenet vgg13 ILSVRC2012_val_00000451 kernel_shap_budget_512 seed=0 1.20s
2283 done imagenet vgg13 ILSVRC2012_val_00000451 kernel_shap_budget_256 seed=2 0.55s
2284 done imagenet vgg13 ILSVRC2012_val_00000451 lime_budget_512 seed=2 1.25s
2285 done imagenet vgg13 ILSVRC2012_val_00000451 kernel_shap_budget_2048 seed=4 4.91s
2286 done imagenet vgg13 ILSVRC2012_val_00000451 kernel_shap_budget_2048 seed=3 4.93s
2287 done imagenet vgg13 ILSVRC2012_val_00000451 kernel_shap_budget_1024 seed=1 2.34s
2288 done imagenet vgg13 ILSVRC2012_val_00000451 rise_budget_512 seed=1 2.31s
2289 done imagenet vgg13 ILSVRC2012_val_00000451 rise_budget_2048 seed=4 11.03s
2290 done imagenet vgg13 ILSVRC2012_val_00000451 kernel_shap_budget_512 seed=1 1.16s
2291 done imagenet vgg13 ILSVRC2012_val_00000451 rise_budget_1024 seed=4 4.76s
2292 done imagenet vgg13 ILSVRC2012_val_00000451 rise_budget_512 seed=0 2.77s
2293 done imagenet vgg13 ILSVRC2012_val_00000451 kernel_shap_budget_256 seed=3 0.63s
2294 done imagenet vgg13 ILSVRC2012_val_00000451 kernel_shap_budget_256 seed=0 0.62s
2295 done imagenet vgg13 ILSVRC2012_val_00000451 rise_budget_256 seed=3 1.36s
2296 done imagenet vgg13 ILSVRC2012_val_00000451 rise_budget_256 seed=4 1.29s
2297 done imagenet vgg13 ILSVRC2012_val_00000451 rise_budget_512 seed=3 2.91s
2298 done imagenet vgg13 ILSVRC2012_val_00000451 lime_budget_2048 seed=1 4.75s
2299 done imagenet vgg13 ILSVRC2012_val_00000451 rise_budget_2048 seed=2 10.37s
2300 done imagenet vgg13 ILSVRC2012_val_00000451 lime_budget_2048 seed=4 4.55s
2301 done imagenet vgg13 ILSVRC2012_val_00000451 kernel_shap_budget_1024 seed=2 2.21s
2302 done imagenet vgg13 ILSVRC2012_val_00000451 kernel_shap_budget_1024 seed=3 2.40s
2303 done imagenet vgg13 ILSVRC2012_val_00000451 lime_budget_256 seed=3 0.85s
2304 done imagenet vgg13 ILSVRC2012_val_00000451 rise_budget_1024 seed=3 5.11s
2305 done imagenet vgg13 ILSVRC2012_val_00000451 kernel_shap_budget_1024 seed=0 2.57s
2306 done imagenet vgg13 ILSVRC2012_val_00000451 lime_budget_256 seed=0 0.79s
2307 done imagenet vgg13 ILSVRC2012_val_00000451 kernel_shap_budget_256 seed=1 0.61s
2308 done imagenet vgg13 ILSVRC2012_val_00000451 lime_budget_1024 seed=1 2.70s
2309 done imagenet vgg13 ILSVRC2012_val_00000451 kernel_shap_budget_2048 seed=1 5.04s
2310 done imagenet vgg13 ILSVRC2012_val_00000451 lime_budget_2048 seed=2 5.06s
2311 done imagenet vgg13 ILSVRC2012_val_00000451 lime_budget_512 seed=0 1.35s
2312 done imagenet vgg13 ILSVRC2012_val_00000451 kernel_shap_budget_1024 seed=4 2.52s
2313 done imagenet vgg13 ILSVRC2012_val_00000451 lime_budget_256 seed=4 0.81s
2314 done imagenet vgg13 ILSVRC2012_val_00000451 rise_budget_2048 seed=0 9.35s
2315 done imagenet vgg13 ILSVRC2012_val_00000451 rise_budget_256 seed=1 1.33s
2316 done imagenet vgg13 ILSVRC2012_val_00000451 rise_budget_1024 seed=1 4.23s
2317 done imagenet vgg13 ILSVRC2012_val_00000451 kernel_shap_budget_512 seed=3 1.18s
2318 done imagenet vgg13 ILSVRC2012_val_00000451 ablation_default seed=None 0.15s
2319 done imagenet vgg13 ILSVRC2012_val_00001218 lime_budget_256 seed=3 0.57s
2320 done imagenet vgg13 ILSVRC2012_val_00001218 rise_budget_1024 seed=0 5.01s
2321 done imagenet vgg13 ILSVRC2012_val_00001218 kernel_shap_budget_2048 seed=2 4.67s
2322 done imagenet vgg13 ILSVRC2012_val_00001218 rise_budget_256 seed=4 1.20s
2323 done imagenet vgg13 ILSVRC2012_val_00001218 lime_budget_1024 seed=2 2.23s
2324 done imagenet vgg13 ILSVRC2012_val_00001218 kernel_shap_budget_256 seed=0 0.56s
2325 done imagenet vgg13 ILSVRC2012_val_00001218 lime_budget_512 seed=3 1.13s
2326 done imagenet vgg13 ILSVRC2012_val_00001218 lime_budget_1024 seed=0 2.28s
2327 done imagenet vgg13 ILSVRC2012_val_00001218 kernel_shap_budget_512 seed=4 1.25s
2328 done imagenet vgg13 ILSVRC2012_val_00001218 rise_budget_1024 seed=4 5.02s
2329 done imagenet vgg13 ILSVRC2012_val_00001218 rise_budget_2048 seed=1 10.55s
2330 done imagenet vgg13 ILSVRC2012_val_00001218 rise_budget_256 seed=1 1.36s
2331 done imagenet vgg13 ILSVRC2012_val_00001218 lime_budget_2048 seed=1 5.06s
2332 done imagenet vgg13 ILSVRC2012_val_00001218 lime_budget_256 seed=1 0.86s
2333 done imagenet vgg13 ILSVRC2012_val_00001218 lime_budget_2048 seed=3 5.38s
2334 done imagenet vgg13 ILSVRC2012_val_00001218 lime_budget_2048 seed=0 4.92s
2335 done imagenet vgg13 ILSVRC2012_val_00001218 kernel_shap_budget_1024 seed=1 2.47s
2336 done imagenet vgg13 ILSVRC2012_val_00001218 lime_budget_1024 seed=1 2.47s
2337 done imagenet vgg13 ILSVRC2012_val_00001218 rise_budget_2048 seed=0 9.58s
2338 done imagenet vgg13 ILSVRC2012_val_00001218 kernel_shap_budget_1024 seed=2 2.28s
2339 done imagenet vgg13 ILSVRC2012_val_00001218 rise_budget_256 seed=0 1.00s
2340 done imagenet vgg13 ILSVRC2012_val_00001218 rise_budget_512 seed=4 2.26s
2341 done imagenet vgg13 ILSVRC2012_val_00001218 lime_budget_2048 seed=4 4.54s
2342 done imagenet vgg13 ILSVRC2012_val_00001218 lime_budget_256 seed=4 0.57s
2343 done imagenet vgg13 ILSVRC2012_val_00001218 lime_budget_256 seed=2 0.59s
2344 done imagenet vgg13 ILSVRC2012_val_00001218 kernel_shap_budget_256 seed=1 0.61s
2345 done imagenet vgg13 ILSVRC2012_val_00001218 kernel_shap_budget_1024 seed=0 2.45s
2346 done imagenet vgg13 ILSVRC2012_val_00001218 lime_budget_512 seed=2 1.39s
2347 done imagenet vgg13 ILSVRC2012_val_00001218 rise_budget_1024 seed=2 5.30s
2348 done imagenet vgg13 ILSVRC2012_val_00001218 rise_budget_512 seed=0 2.75s
2349 done imagenet vgg13 ILSVRC2012_val_00001218 kernel_shap_budget_1024 seed=4 2.61s
2350 done imagenet vgg13 ILSVRC2012_val_00001218 kernel_shap_budget_512 seed=1 1.44s
2351 done imagenet vgg13 ILSVRC2012_val_00001218 lime_budget_512 seed=4 1.39s
2352 done imagenet vgg13 ILSVRC2012_val_00001218 kernel_shap_budget_512 seed=3 1.35s
2353 done imagenet vgg13 ILSVRC2012_val_00001218 rise_budget_256 seed=2 1.27s
2354 done imagenet vgg13 ILSVRC2012_val_00001218 rise_budget_2048 seed=4 11.22s
2355 done imagenet vgg13 ILSVRC2012_val_00001218 rise_budget_256 seed=3 1.47s
2356 done imagenet vgg13 ILSVRC2012_val_00001218 kernel_shap_budget_512 seed=0 1.25s
2357 done imagenet vgg13 ILSVRC2012_val_00001218 kernel_shap_budget_256 seed=3 0.65s
2358 done imagenet vgg13 ILSVRC2012_val_00001218 kernel_shap_budget_512 seed=2 1.27s
2359 done imagenet vgg13 ILSVRC2012_val_00001218 ablation_default seed=None 0.18s
2360 done imagenet vgg13 ILSVRC2012_val_00001218 kernel_shap_budget_256 seed=2 0.63s
2361 done imagenet vgg13 ILSVRC2012_val_00001218 kernel_shap_budget_2048 seed=0 4.48s
2362 done imagenet vgg13 ILSVRC2012_val_00001218 lime_budget_512 seed=0 1.33s
2363 done imagenet vgg13 ILSVRC2012_val_00001218 lime_budget_2048 seed=2 4.74s
2364 done imagenet vgg13 ILSVRC2012_val_00001218 rise_budget_2048 seed=2 9.94s
2365 done imagenet vgg13 ILSVRC2012_val_00001218 kernel_shap_budget_2048 seed=3 4.64s
2366 done imagenet vgg13 ILSVRC2012_val_00001218 rise_budget_1024 seed=1 5.14s
2367 done imagenet vgg13 ILSVRC2012_val_00001218 rise_budget_512 seed=1 2.33s
2368 done imagenet vgg13 ILSVRC2012_val_00001218 lime_budget_256 seed=0 0.64s
2369 done imagenet vgg13 ILSVRC2012_val_00001218 kernel_shap_budget_1024 seed=3 2.39s
2370 done imagenet vgg13 ILSVRC2012_val_00001218 kernel_shap_budget_2048 seed=1 4.96s
2371 done imagenet vgg13 ILSVRC2012_val_00001218 rise_budget_512 seed=2 2.87s
2372 done imagenet vgg13 ILSVRC2012_val_00001218 lime_budget_1024 seed=4 2.69s
2373 done imagenet vgg13 ILSVRC2012_val_00001218 kernel_shap_budget_2048 seed=4 5.08s
2374 done imagenet vgg13 ILSVRC2012_val_00001218 kernel_shap_budget_256 seed=4 0.65s
2375 done imagenet vgg13 ILSVRC2012_val_00001218 lime_budget_512 seed=1 1.32s
2376 done imagenet vgg13 ILSVRC2012_val_00001218 lime_budget_1024 seed=3 2.82s
2377 done imagenet vgg13 ILSVRC2012_val_00001218 rise_budget_1024 seed=3 5.39s
2378 done imagenet vgg13 ILSVRC2012_val_00001218 rise_budget_512 seed=3 2.39s
2379 done imagenet vgg13 ILSVRC2012_val_00001218 rise_budget_2048 seed=3 8.72s
2380 done imagenet vgg13 ILSVRC2012_val_00002277 kernel_shap_budget_512 seed=2 1.13s
2381 done imagenet vgg13 ILSVRC2012_val_00002277 rise_budget_2048 seed=2 10.65s
2382 done imagenet vgg13 ILSVRC2012_val_00002277 lime_budget_512 seed=2 1.16s
2383 done imagenet vgg13 ILSVRC2012_val_00002277 rise_budget_512 seed=0 2.32s
2384 done imagenet vgg13 ILSVRC2012_val_00002277 rise_budget_256 seed=4 1.14s
2385 done imagenet vgg13 ILSVRC2012_val_00002277 lime_budget_1024 seed=0 2.46s
2386 done imagenet vgg13 ILSVRC2012_val_00002277 lime_budget_256 seed=2 0.58s
2387 done imagenet vgg13 ILSVRC2012_val_00002277 lime_budget_2048 seed=0 4.95s
2388 done imagenet vgg13 ILSVRC2012_val_00002277 rise_budget_2048 seed=4 10.33s
2389 done imagenet vgg13 ILSVRC2012_val_00002277 kernel_shap_budget_2048 seed=4 4.58s
2390 done imagenet vgg13 ILSVRC2012_val_00002277 kernel_shap_budget_256 seed=2 0.59s
2391 done imagenet vgg13 ILSVRC2012_val_00002277 lime_budget_1024 seed=1 2.34s
2392 done imagenet vgg13 ILSVRC2012_val_00002277 rise_budget_2048 seed=1 9.82s
2393 done imagenet vgg13 ILSVRC2012_val_00002277 lime_budget_2048 seed=3 4.45s
2394 done imagenet vgg13 ILSVRC2012_val_00002277 kernel_shap_budget_1024 seed=0 2.36s
2395 done imagenet vgg13 ILSVRC2012_val_00002277 lime_budget_256 seed=0 0.65s
2396 done imagenet vgg13 ILSVRC2012_val_00002277 lime_budget_1024 seed=4 2.32s
2397 done imagenet vgg13 ILSVRC2012_val_00002277 kernel_shap_budget_1024 seed=1 2.37s
2398 done imagenet vgg13 ILSVRC2012_val_00002277 rise_budget_1024 seed=0 4.06s
2399 done imagenet vgg13 ILSVRC2012_val_00002277 kernel_shap_budget_512 seed=4 1.15s
2400 done imagenet vgg13 ILSVRC2012_val_00002277 rise_budget_2048 seed=3 10.85s
2401 done imagenet vgg13 ILSVRC2012_val_00002277 rise_budget_1024 seed=4 5.41s
2402 done imagenet vgg13 ILSVRC2012_val_00002277 kernel_shap_budget_512 seed=3 1.35s
2403 done imagenet vgg13 ILSVRC2012_val_00002277 lime_budget_512 seed=4 1.40s
2404 done imagenet vgg13 ILSVRC2012_val_00002277 lime_budget_512 seed=1 1.26s
2405 done imagenet vgg13 ILSVRC2012_val_00002277 lime_budget_2048 seed=4 4.61s
2406 done imagenet vgg13 ILSVRC2012_val_00002277 rise_budget_1024 seed=1 4.74s
2407 done imagenet vgg13 ILSVRC2012_val_00002277 kernel_shap_budget_2048 seed=0 4.45s
2408 done imagenet vgg13 ILSVRC2012_val_00002277 kernel_shap_budget_512 seed=1 1.11s
2409 done imagenet vgg13 ILSVRC2012_val_00002277 rise_budget_512 seed=4 2.49s
2410 done imagenet vgg13 ILSVRC2012_val_00002277 kernel_shap_budget_256 seed=3 0.73s
2411 done imagenet vgg13 ILSVRC2012_val_00002277 rise_budget_256 seed=1 1.40s
2412 done imagenet vgg13 ILSVRC2012_val_00002277 kernel_shap_budget_1024 seed=2 2.46s
2413 done imagenet vgg13 ILSVRC2012_val_00002277 kernel_shap_budget_256 seed=4 0.60s
2414 done imagenet vgg13 ILSVRC2012_val_00002277 kernel_shap_budget_512 seed=0 1.14s
2415 done imagenet vgg13 ILSVRC2012_val_00002277 rise_budget_512 seed=3 2.37s
2416 done imagenet vgg13 ILSVRC2012_val_00002277 kernel_shap_budget_1024 seed=4 2.49s
2417 done imagenet vgg13 ILSVRC2012_val_00002277 lime_budget_2048 seed=1 5.12s
2418 done imagenet vgg13 ILSVRC2012_val_00002277 lime_budget_256 seed=4 0.78s
2419 done imagenet vgg13 ILSVRC2012_val_00002277 ablation_default seed=None 0.21s
2420 done imagenet vgg13 ILSVRC2012_val_00002277 rise_budget_256 seed=3 1.64s
2421 done imagenet vgg13 ILSVRC2012_val_00002277 rise_budget_512 seed=2 2.67s
2422 done imagenet vgg13 ILSVRC2012_val_00002277 rise_budget_512 seed=1 2.82s
2423 done imagenet vgg13 ILSVRC2012_val_00002277 rise_budget_1024 seed=3 4.84s
2424 done imagenet vgg13 ILSVRC2012_val_00002277 rise_budget_256 seed=2 1.23s
2425 done imagenet vgg13 ILSVRC2012_val_00002277 rise_budget_1024 seed=2 5.19s
2426 done imagenet vgg13 ILSVRC2012_val_00002277 kernel_shap_budget_2048 seed=3 4.44s
2427 done imagenet vgg13 ILSVRC2012_val_00002277 kernel_shap_budget_2048 seed=1 4.97s
2428 done imagenet vgg13 ILSVRC2012_val_00002277 kernel_shap_budget_2048 seed=2 5.11s
2429 done imagenet vgg13 ILSVRC2012_val_00002277 kernel_shap_budget_256 seed=0 0.67s
2430 done imagenet vgg13 ILSVRC2012_val_00002277 lime_budget_1024 seed=2 2.76s
2431 done imagenet vgg13 ILSVRC2012_val_00002277 lime_budget_256 seed=3 0.74s
2432 done imagenet vgg13 ILSVRC2012_val_00002277 lime_budget_256 seed=1 0.69s
2433 done imagenet vgg13 ILSVRC2012_val_00002277 lime_budget_2048 seed=2 4.86s
2434 done imagenet vgg13 ILSVRC2012_val_00002277 rise_budget_2048 seed=0 10.28s
2435 done imagenet vgg13 ILSVRC2012_val_00002277 lime_budget_1024 seed=3 2.28s
2436 done imagenet vgg13 ILSVRC2012_val_00002277 rise_budget_256 seed=0 1.20s
2437 done imagenet vgg13 ILSVRC2012_val_00002277 kernel_shap_budget_1024 seed=3 2.37s
2438 done imagenet vgg13 ILSVRC2012_val_00002277 kernel_shap_budget_256 seed=1 0.66s
2439 done imagenet vgg13 ILSVRC2012_val_00002277 lime_budget_512 seed=3 1.18s
2440 done imagenet vgg13 ILSVRC2012_val_00002277 lime_budget_512 seed=0 1.13s
2441 done imagenet vgg13 ILSVRC2012_val_00002953 kernel_shap_budget_256 seed=0 0.58s
2442 done imagenet vgg13 ILSVRC2012_val_00002953 rise_budget_256 seed=4 1.14s
2443 done imagenet vgg13 ILSVRC2012_val_00002953 rise_budget_512 seed=4 2.92s
2444 done imagenet vgg13 ILSVRC2012_val_00002953 kernel_shap_budget_512 seed=4 1.33s
2445 done imagenet vgg13 ILSVRC2012_val_00002953 lime_budget_512 seed=3 1.32s
2446 done imagenet vgg13 ILSVRC2012_val_00002953 lime_budget_2048 seed=3 5.14s
2447 done imagenet vgg13 ILSVRC2012_val_00002953 kernel_shap_budget_256 seed=4 0.58s
2448 done imagenet vgg13 ILSVRC2012_val_00002953 lime_budget_1024 seed=3 2.44s
2449 done imagenet vgg13 ILSVRC2012_val_00002953 rise_budget_512 seed=2 2.63s
2450 done imagenet vgg13 ILSVRC2012_val_00002953 kernel_shap_budget_512 seed=2 1.20s
2451 done imagenet vgg13 ILSVRC2012_val_00002953 kernel_shap_budget_1024 seed=4 2.54s
2452 done imagenet vgg13 ILSVRC2012_val_00002953 rise_budget_256 seed=0 1.34s
2453 done imagenet vgg13 ILSVRC2012_val_00002953 kernel_shap_budget_2048 seed=4 4.67s
2454 done imagenet vgg13 ILSVRC2012_val_00002953 kernel_shap_budget_2048 seed=2 4.87s
2455 done imagenet vgg13 ILSVRC2012_val_00002953 kernel_shap_budget_512 seed=1 1.27s
2456 done imagenet vgg13 ILSVRC2012_val_00002953 lime_budget_1024 seed=1 2.76s
2457 done imagenet vgg13 ILSVRC2012_val_00002953 rise_budget_2048 seed=3 10.23s
2458 done imagenet vgg13 ILSVRC2012_val_00002953 rise_budget_512 seed=0 2.58s
2459 done imagenet vgg13 ILSVRC2012_val_00002953 ablation_default seed=None 0.16s
2460 done imagenet vgg13 ILSVRC2012_val_00002953 rise_budget_2048 seed=4 9.67s
2461 done imagenet vgg13 ILSVRC2012_val_00002953 rise_budget_1024 seed=3 4.75s
2462 done imagenet vgg13 ILSVRC2012_val_00002953 kernel_shap_budget_2048 seed=0 4.67s
2463 done imagenet vgg13 ILSVRC2012_val_00002953 kernel_shap_budget_2048 seed=3 4.81s
2464 done imagenet vgg13 ILSVRC2012_val_00002953 kernel_shap_budget_1024 seed=2 2.64s
2465 done imagenet vgg13 ILSVRC2012_val_00002953 lime_budget_512 seed=4 1.40s
2466 done imagenet vgg13 ILSVRC2012_val_00002953 kernel_shap_budget_2048 seed=1 4.79s
2467 done imagenet vgg13 ILSVRC2012_val_00002953 lime_budget_512 seed=1 1.22s
2468 done imagenet vgg13 ILSVRC2012_val_00002953 rise_budget_1024 seed=4 5.55s
2469 done imagenet vgg13 ILSVRC2012_val_00002953 kernel_shap_budget_1024 seed=1 2.57s
2470 done imagenet vgg13 ILSVRC2012_val_00002953 lime_budget_256 seed=1 0.66s
2471 done imagenet vgg13 ILSVRC2012_val_00002953 lime_budget_1024 seed=4 2.52s
2472 done imagenet vgg13 ILSVRC2012_val_00002953 lime_budget_2048 seed=2 5.01s
2473 done imagenet vgg13 ILSVRC2012_val_00002953 rise_budget_1024 seed=0 5.00s
2474 done imagenet vgg13 ILSVRC2012_val_00002953 rise_budget_2048 seed=2 10.29s
2475 done imagenet vgg13 ILSVRC2012_val_00002953 rise_budget_1024 seed=1 5.66s
2476 done imagenet vgg13 ILSVRC2012_val_00002953 lime_budget_256 seed=0 0.96s
2477 done imagenet vgg13 ILSVRC2012_val_00002953 lime_budget_2048 seed=4 4.83s
2478 done imagenet vgg13 ILSVRC2012_val_00002953 kernel_shap_budget_256 seed=3 0.58s
2479 done imagenet vgg13 ILSVRC2012_val_00002953 rise_budget_2048 seed=0 8.06s
2480 done imagenet vgg13 ILSVRC2012_val_00002953 lime_budget_256 seed=4 0.55s
2481 done imagenet vgg13 ILSVRC2012_val_00002953 lime_budget_2048 seed=1 4.74s
2482 done imagenet vgg13 ILSVRC2012_val_00002953 kernel_shap_budget_512 seed=0 1.20s
2483 done imagenet vgg13 ILSVRC2012_val_00002953 rise_budget_512 seed=1 2.56s
2484 done imagenet vgg13 ILSVRC2012_val_00002953 lime_budget_1024 seed=0 2.48s
2485 done imagenet vgg13 ILSVRC2012_val_00002953 lime_budget_2048 seed=0 4.54s
2486 done imagenet vgg13 ILSVRC2012_val_00002953 kernel_shap_budget_256 seed=2 0.53s
2487 done imagenet vgg13 ILSVRC2012_val_00002953 rise_budget_256 seed=3 1.18s
2488 done imagenet vgg13 ILSVRC2012_val_00002953 kernel_shap_budget_1024 seed=3 2.14s
2489 done imagenet vgg13 ILSVRC2012_val_00002953 kernel_shap_budget_256 seed=1 0.65s
2490 done imagenet vgg13 ILSVRC2012_val_00002953 lime_budget_512 seed=0 1.14s
2491 done imagenet vgg13 ILSVRC2012_val_00002953 lime_budget_1024 seed=2 2.29s
2492 done imagenet vgg13 ILSVRC2012_val_00002953 rise_budget_512 seed=3 1.78s
2493 done imagenet vgg13 ILSVRC2012_val_00002953 kernel_shap_budget_1024 seed=0 2.14s
2494 done imagenet vgg13 ILSVRC2012_val_00002953 rise_budget_2048 seed=1 8.47s
2495 done imagenet vgg13 ILSVRC2012_val_00002953 lime_budget_512 seed=2 1.26s
2496 done imagenet vgg13 ILSVRC2012_val_00002953 rise_budget_256 seed=2 1.38s
2497 done imagenet vgg13 ILSVRC2012_val_00002953 rise_budget_1024 seed=2 4.87s
2498 done imagenet vgg13 ILSVRC2012_val_00002953 rise_budget_256 seed=1 1.21s
2499 done imagenet vgg13 ILSVRC2012_val_00002953 kernel_shap_budget_512 seed=3 1.32s
2500 done imagenet vgg13 ILSVRC2012_val_00002953 lime_budget_256 seed=3 0.76s
2501 done imagenet vgg13 ILSVRC2012_val_00002953 lime_budget_256 seed=2 0.67s
2502 done imagenet vgg13 ILSVRC2012_val_00004451 lime_budget_2048 seed=2 4.90s
2503 done imagenet vgg13 ILSVRC2012_val_00004451 rise_budget_1024 seed=3 5.32s
2504 done imagenet vgg13 ILSVRC2012_val_00004451 lime_budget_512 seed=1 1.17s
2505 done imagenet vgg13 ILSVRC2012_val_00004451 kernel_shap_budget_1024 seed=0 2.44s
2506 done imagenet vgg13 ILSVRC2012_val_00004451 rise_budget_1024 seed=0 5.12s
2507 done imagenet vgg13 ILSVRC2012_val_00004451 kernel_shap_budget_1024 seed=2 2.52s
2508 done imagenet vgg13 ILSVRC2012_val_00004451 kernel_shap_budget_512 seed=2 1.22s
2509 done imagenet vgg13 ILSVRC2012_val_00004451 lime_budget_256 seed=0 0.58s
2510 done imagenet vgg13 ILSVRC2012_val_00004451 rise_budget_512 seed=3 2.67s
2511 done imagenet vgg13 ILSVRC2012_val_00004451 lime_budget_2048 seed=3 4.73s
2512 done imagenet vgg13 ILSVRC2012_val_00004451 lime_budget_256 seed=3 0.70s
2513 done imagenet vgg13 ILSVRC2012_val_00004451 rise_budget_2048 seed=2 11.14s
2514 done imagenet vgg13 ILSVRC2012_val_00004451 lime_budget_1024 seed=1 2.46s
2515 done imagenet vgg13 ILSVRC2012_val_00004451 ablation_default seed=None 0.19s
2516 done imagenet vgg13 ILSVRC2012_val_00004451 kernel_shap_budget_2048 seed=4 4.69s
2517 done imagenet vgg13 ILSVRC2012_val_00004451 kernel_shap_budget_512 seed=1 1.11s
2518 done imagenet vgg13 ILSVRC2012_val_00004451 rise_budget_256 seed=1 0.88s
2519 done imagenet vgg13 ILSVRC2012_val_00004451 lime_budget_1024 seed=4 2.38s
2520 done imagenet vgg13 ILSVRC2012_val_00004451 kernel_shap_budget_2048 seed=0 4.80s
2521 done imagenet vgg13 ILSVRC2012_val_00004451 kernel_shap_budget_2048 seed=2 4.75s
2522 done imagenet vgg13 ILSVRC2012_val_00004451 kernel_shap_budget_1024 seed=1 2.20s
2523 done imagenet vgg13 ILSVRC2012_val_00004451 rise_budget_256 seed=2 0.84s
2524 done imagenet vgg13 ILSVRC2012_val_00004451 kernel_shap_budget_256 seed=4 0.55s
2525 done imagenet vgg13 ILSVRC2012_val_00004451 rise_budget_1024 seed=2 4.28s
2526 done imagenet vgg13 ILSVRC2012_val_00004451 lime_budget_1024 seed=2 2.31s
2527 done imagenet vgg13 ILSVRC2012_val_00004451 lime_budget_512 seed=2 1.17s
2528 done imagenet vgg13 ILSVRC2012_val_00004451 kernel_shap_budget_2048 seed=3 4.61s
2529 done imagenet vgg13 ILSVRC2012_val_00004451 rise_budget_512 seed=2 2.23s
2530 done imagenet vgg13 ILSVRC2012_val_00004451 rise_budget_256 seed=4 1.10s
2531 done imagenet vgg13 ILSVRC2012_val_00004451 kernel_shap_budget_512 seed=4 1.09s
2532 done imagenet vgg13 ILSVRC2012_val_00004451 lime_budget_512 seed=0 1.13s
2533 done imagenet vgg13 ILSVRC2012_val_00004451 lime_budget_1024 seed=0 2.30s
2534 done imagenet vgg13 ILSVRC2012_val_00004451 lime_budget_2048 seed=0 4.93s
2535 done imagenet vgg13 ILSVRC2012_val_00004451 rise_budget_2048 seed=4 7.76s
2536 done imagenet vgg13 ILSVRC2012_val_00004451 lime_budget_2048 seed=4 4.58s
2537 done imagenet vgg13 ILSVRC2012_val_00004451 rise_budget_512 seed=0 2.48s
2538 done imagenet vgg13 ILSVRC2012_val_00004451 rise_budget_2048 seed=0 7.55s
2539 done imagenet vgg13 ILSVRC2012_val_00004451 rise_budget_1024 seed=4 3.36s
2540 done imagenet vgg13 ILSVRC2012_val_00004451 kernel_shap_budget_256 seed=3 0.57s
2541 done imagenet vgg13 ILSVRC2012_val_00004451 kernel_shap_budget_256 seed=1 0.56s
2542 done imagenet vgg13 ILSVRC2012_val_00004451 kernel_shap_budget_512 seed=3 1.22s
2543 done imagenet vgg13 ILSVRC2012_val_00004451 kernel_shap_budget_256 seed=0 0.65s
2544 done imagenet vgg13 ILSVRC2012_val_00004451 rise_budget_1024 seed=1 4.64s
2545 done imagenet vgg13 ILSVRC2012_val_00004451 kernel_shap_budget_256 seed=2 0.76s
2546 done imagenet vgg13 ILSVRC2012_val_00004451 rise_budget_256 seed=0 1.45s
2547 done imagenet vgg13 ILSVRC2012_val_00004451 rise_budget_2048 seed=3 9.77s
2548 done imagenet vgg13 ILSVRC2012_val_00004451 lime_budget_2048 seed=1 4.72s
2549 done imagenet vgg13 ILSVRC2012_val_00004451 lime_budget_256 seed=4 0.58s
2550 done imagenet vgg13 ILSVRC2012_val_00004451 kernel_shap_budget_1024 seed=3 2.56s
2551 done imagenet vgg13 ILSVRC2012_val_00004451 kernel_shap_budget_2048 seed=1 5.00s
2552 done imagenet vgg13 ILSVRC2012_val_00004451 kernel_shap_budget_1024 seed=4 2.64s
2553 done imagenet vgg13 ILSVRC2012_val_00004451 rise_budget_512 seed=1 2.59s
2554 done imagenet vgg13 ILSVRC2012_val_00004451 rise_budget_512 seed=4 2.50s
2555 done imagenet vgg13 ILSVRC2012_val_00004451 kernel_shap_budget_512 seed=0 1.28s
2556 done imagenet vgg13 ILSVRC2012_val_00004451 lime_budget_1024 seed=3 2.71s
2557 done imagenet vgg13 ILSVRC2012_val_00004451 rise_budget_256 seed=3 1.18s
2558 done imagenet vgg13 ILSVRC2012_val_00004451 lime_budget_256 seed=2 0.62s
2559 done imagenet vgg13 ILSVRC2012_val_00004451 rise_budget_2048 seed=1 8.50s
2560 done imagenet vgg13 ILSVRC2012_val_00004451 lime_budget_256 seed=1 0.60s
2561 done imagenet vgg13 ILSVRC2012_val_00004451 lime_budget_512 seed=4 1.11s
2562 done imagenet vgg13 ILSVRC2012_val_00004451 lime_budget_512 seed=3 1.14s
2563 done imagenet vgg13 ILSVRC2012_val_00005873 ablation_default seed=None 0.20s
2564 done imagenet vgg13 ILSVRC2012_val_00005873 rise_budget_512 seed=3 2.54s
2565 done imagenet vgg13 ILSVRC2012_val_00005873 rise_budget_512 seed=1 2.93s
2566 done imagenet vgg13 ILSVRC2012_val_00005873 rise_budget_256 seed=2 1.29s
2567 done imagenet vgg13 ILSVRC2012_val_00005873 rise_budget_2048 seed=3 10.16s
2568 done imagenet vgg13 ILSVRC2012_val_00005873 rise_budget_1024 seed=2 5.44s
2569 done imagenet vgg13 ILSVRC2012_val_00005873 kernel_shap_budget_256 seed=1 0.85s
2570 done imagenet vgg13 ILSVRC2012_val_00005873 kernel_shap_budget_2048 seed=2 5.32s
2571 done imagenet vgg13 ILSVRC2012_val_00005873 kernel_shap_budget_512 seed=3 1.23s
2572 done imagenet vgg13 ILSVRC2012_val_00005873 rise_budget_256 seed=3 1.23s
2573 done imagenet vgg13 ILSVRC2012_val_00005873 rise_budget_1024 seed=0 4.72s
2574 done imagenet vgg13 ILSVRC2012_val_00005873 lime_budget_1024 seed=0 2.57s
2575 done imagenet vgg13 ILSVRC2012_val_00005873 rise_budget_2048 seed=1 9.77s
2576 done imagenet vgg13 ILSVRC2012_val_00005873 lime_budget_512 seed=1 1.23s
2577 done imagenet vgg13 ILSVRC2012_val_00005873 kernel_shap_budget_512 seed=0 1.28s
2578 done imagenet vgg13 ILSVRC2012_val_00005873 lime_budget_256 seed=3 0.68s
2579 done imagenet vgg13 ILSVRC2012_val_00005873 rise_budget_512 seed=2 2.48s
2580 done imagenet vgg13 ILSVRC2012_val_00005873 rise_budget_256 seed=4 1.34s
2581 done imagenet vgg13 ILSVRC2012_val_00005873 rise_budget_1024 seed=4 4.92s
2582 done imagenet vgg13 ILSVRC2012_val_00005873 kernel_shap_budget_512 seed=1 1.32s
2583 done imagenet vgg13 ILSVRC2012_val_00005873 lime_budget_256 seed=1 0.91s
2584 done imagenet vgg13 ILSVRC2012_val_00005873 kernel_shap_budget_2048 seed=1 5.05s
2585 done imagenet vgg13 ILSVRC2012_val_00005873 kernel_shap_budget_2048 seed=3 4.66s
2586 done imagenet vgg13 ILSVRC2012_val_00005873 rise_budget_512 seed=0 2.74s
2587 done imagenet vgg13 ILSVRC2012_val_00005873 lime_budget_256 seed=2 0.57s
2588 done imagenet vgg13 ILSVRC2012_val_00005873 rise_budget_2048 seed=0 9.49s
2589 done imagenet vgg13 ILSVRC2012_val_00005873 kernel_shap_budget_256 seed=3 0.56s
2590 done imagenet vgg13 ILSVRC2012_val_00005873 lime_budget_2048 seed=3 4.93s
2591 done imagenet vgg13 ILSVRC2012_val_00005873 kernel_shap_budget_2048 seed=4 4.47s
2592 done imagenet vgg13 ILSVRC2012_val_00005873 kernel_shap_budget_1024 seed=2 2.26s
2593 done imagenet vgg13 ILSVRC2012_val_00005873 lime_budget_1024 seed=4 2.40s
2594 done imagenet vgg13 ILSVRC2012_val_00005873 rise_budget_2048 seed=4 7.99s
2595 done imagenet vgg13 ILSVRC2012_val_00005873 lime_budget_1024 seed=3 2.57s
2596 done imagenet vgg13 ILSVRC2012_val_00005873 rise_budget_2048 seed=2 10.28s
2597 done imagenet vgg13 ILSVRC2012_val_00005873 kernel_shap_budget_512 seed=4 1.28s
2598 done imagenet vgg13 ILSVRC2012_val_00005873 rise_budget_512 seed=4 2.66s
2599 done imagenet vgg13 ILSVRC2012_val_00005873 kernel_shap_budget_1024 seed=1 2.52s
2600 done imagenet vgg13 ILSVRC2012_val_00005873 kernel_shap_budget_1024 seed=3 2.46s
2601 done imagenet vgg13 ILSVRC2012_val_00005873 kernel_shap_budget_1024 seed=0 2.56s
2602 done imagenet vgg13 ILSVRC2012_val_00005873 lime_budget_256 seed=4 0.63s
2603 done imagenet vgg13 ILSVRC2012_val_00005873 kernel_shap_budget_256 seed=4 0.69s
2604 done imagenet vgg13 ILSVRC2012_val_00005873 rise_budget_1024 seed=1 5.61s
2605 done imagenet vgg13 ILSVRC2012_val_00005873 kernel_shap_budget_2048 seed=0 5.00s
2606 done imagenet vgg13 ILSVRC2012_val_00005873 kernel_shap_budget_512 seed=2 1.28s
2607 done imagenet vgg13 ILSVRC2012_val_00005873 lime_budget_1024 seed=1 2.32s
2608 done imagenet vgg13 ILSVRC2012_val_00005873 lime_budget_256 seed=0 0.59s
2609 done imagenet vgg13 ILSVRC2012_val_00005873 lime_budget_512 seed=4 1.38s
2610 done imagenet vgg13 ILSVRC2012_val_00005873 rise_budget_1024 seed=3 5.70s
2611 done imagenet vgg13 ILSVRC2012_val_00005873 lime_budget_512 seed=0 1.52s
2612 done imagenet vgg13 ILSVRC2012_val_00005873 rise_budget_256 seed=0 1.32s
2613 done imagenet vgg13 ILSVRC2012_val_00005873 lime_budget_512 seed=3 1.24s
2614 done imagenet vgg13 ILSVRC2012_val_00005873 kernel_shap_budget_256 seed=0 0.57s
2615 done imagenet vgg13 ILSVRC2012_val_00005873 kernel_shap_budget_1024 seed=4 2.18s
2616 done imagenet vgg13 ILSVRC2012_val_00005873 lime_budget_2048 seed=2 4.92s
2617 done imagenet vgg13 ILSVRC2012_val_00005873 lime_budget_1024 seed=2 2.60s
2618 done imagenet vgg13 ILSVRC2012_val_00005873 lime_budget_2048 seed=4 5.13s
2619 done imagenet vgg13 ILSVRC2012_val_00005873 rise_budget_256 seed=1 1.48s
2620 done imagenet vgg13 ILSVRC2012_val_00005873 lime_budget_2048 seed=1 5.54s
2621 done imagenet vgg13 ILSVRC2012_val_00005873 lime_budget_2048 seed=0 5.16s
2622 done imagenet vgg13 ILSVRC2012_val_00005873 kernel_shap_budget_256 seed=2 0.61s
2623 done imagenet vgg13 ILSVRC2012_val_00005873 lime_budget_512 seed=2 1.16s
2624 done imagenet vgg13 ILSVRC2012_val_00006049 rise_budget_256 seed=1 1.23s
2625 done imagenet vgg13 ILSVRC2012_val_00006049 lime_budget_2048 seed=4 4.92s
2626 done imagenet vgg13 ILSVRC2012_val_00006049 rise_budget_1024 seed=1 4.98s
2627 done imagenet vgg13 ILSVRC2012_val_00006049 kernel_shap_budget_2048 seed=3 4.67s
2628 done imagenet vgg13 ILSVRC2012_val_00006049 rise_budget_512 seed=1 2.45s
2629 done imagenet vgg13 ILSVRC2012_val_00006049 lime_budget_256 seed=2 0.68s
2630 done imagenet vgg13 ILSVRC2012_val_00006049 kernel_shap_budget_256 seed=3 0.56s
2631 done imagenet vgg13 ILSVRC2012_val_00006049 rise_budget_512 seed=4 2.31s
2632 done imagenet vgg13 ILSVRC2012_val_00006049 kernel_shap_budget_256 seed=0 0.68s
2633 done imagenet vgg13 ILSVRC2012_val_00006049 rise_budget_1024 seed=2 5.79s
2634 done imagenet vgg13 ILSVRC2012_val_00006049 kernel_shap_budget_2048 seed=1 5.22s
2635 done imagenet vgg13 ILSVRC2012_val_00006049 lime_budget_512 seed=4 1.52s
2636 done imagenet vgg13 ILSVRC2012_val_00006049 kernel_shap_budget_2048 seed=4 5.16s
2637 done imagenet vgg13 ILSVRC2012_val_00006049 lime_budget_2048 seed=1 4.71s
2638 done imagenet vgg13 ILSVRC2012_val_00006049 kernel_shap_budget_1024 seed=3 2.47s
2639 done imagenet vgg13 ILSVRC2012_val_00006049 kernel_shap_budget_1024 seed=2 2.51s
2640 done imagenet vgg13 ILSVRC2012_val_00006049 lime_budget_256 seed=0 0.61s
2641 done imagenet vgg13 ILSVRC2012_val_00006049 lime_budget_512 seed=3 1.32s
2642 done imagenet vgg13 ILSVRC2012_val_00006049 kernel_shap_budget_1024 seed=0 2.47s
2643 done imagenet vgg13 ILSVRC2012_val_00006049 kernel_shap_budget_512 seed=2 1.23s
2644 done imagenet vgg13 ILSVRC2012_val_00006049 lime_budget_1024 seed=1 2.20s
2645 done imagenet vgg13 ILSVRC2012_val_00006049 kernel_shap_budget_512 seed=1 1.13s
2646 done imagenet vgg13 ILSVRC2012_val_00006049 rise_budget_2048 seed=4 7.30s
2647 done imagenet vgg13 ILSVRC2012_val_00006049 kernel_shap_budget_2048 seed=2 4.82s
2648 done imagenet vgg13 ILSVRC2012_val_00006049 rise_budget_512 seed=3 2.54s
2649 done imagenet vgg13 ILSVRC2012_val_00006049 lime_budget_256 seed=1 0.76s
2650 done imagenet vgg13 ILSVRC2012_val_00006049 lime_budget_256 seed=3 0.65s
2651 done imagenet vgg13 ILSVRC2012_val_00006049 lime_budget_512 seed=2 1.24s
2652 done imagenet vgg13 ILSVRC2012_val_00006049 rise_budget_2048 seed=2 10.33s
2653 done imagenet vgg13 ILSVRC2012_val_00006049 lime_budget_2048 seed=2 5.39s
2654 done imagenet vgg13 ILSVRC2012_val_00006049 kernel_shap_budget_256 seed=1 0.64s
2655 done imagenet vgg13 ILSVRC2012_val_00006049 rise_budget_1024 seed=4 5.54s
2656 done imagenet vgg13 ILSVRC2012_val_00006049 rise_budget_2048 seed=0 10.20s
2657 done imagenet vgg13 ILSVRC2012_val_00006049 lime_budget_512 seed=1 1.28s
2658 done imagenet vgg13 ILSVRC2012_val_00006049 lime_budget_1024 seed=4 2.49s
2659 done imagenet vgg13 ILSVRC2012_val_00006049 kernel_shap_budget_256 seed=4 0.68s
2660 done imagenet vgg13 ILSVRC2012_val_00006049 rise_budget_1024 seed=3 5.08s
2661 done imagenet vgg13 ILSVRC2012_val_00006049 kernel_shap_budget_512 seed=0 1.15s
2662 done imagenet vgg13 ILSVRC2012_val_00006049 lime_budget_2048 seed=0 4.70s
2663 done imagenet vgg13 ILSVRC2012_val_00006049 lime_budget_1024 seed=0 2.35s
2664 done imagenet vgg13 ILSVRC2012_val_00006049 rise_budget_1024 seed=0 4.34s
2665 done imagenet vgg13 ILSVRC2012_val_00006049 kernel_shap_budget_1024 seed=1 2.28s
2666 done imagenet vgg13 ILSVRC2012_val_00006049 rise_budget_256 seed=0 1.11s
2667 done imagenet vgg13 ILSVRC2012_val_00006049 kernel_shap_budget_2048 seed=0 4.75s
2668 done imagenet vgg13 ILSVRC2012_val_00006049 lime_budget_1024 seed=2 2.55s
2669 done imagenet vgg13 ILSVRC2012_val_00006049 lime_budget_2048 seed=3 5.31s
2670 done imagenet vgg13 ILSVRC2012_val_00006049 rise_budget_256 seed=2 1.23s
2671 done imagenet vgg13 ILSVRC2012_val_00006049 kernel_shap_budget_512 seed=4 1.18s
2672 done imagenet vgg13 ILSVRC2012_val_00006049 rise_budget_2048 seed=1 10.76s
2673 done imagenet vgg13 ILSVRC2012_val_00006049 rise_budget_256 seed=3 1.28s
2674 done imagenet vgg13 ILSVRC2012_val_00006049 kernel_shap_budget_256 seed=2 0.63s
2675 done imagenet vgg13 ILSVRC2012_val_00006049 lime_budget_512 seed=0 1.40s
2676 done imagenet vgg13 ILSVRC2012_val_00006049 rise_budget_2048 seed=3 11.12s
2677 done imagenet vgg13 ILSVRC2012_val_00006049 kernel_shap_budget_512 seed=3 1.30s
2678 done imagenet vgg13 ILSVRC2012_val_00006049 lime_budget_1024 seed=3 2.48s
2679 done imagenet vgg13 ILSVRC2012_val_00006049 lime_budget_256 seed=4 0.59s
2680 done imagenet vgg13 ILSVRC2012_val_00006049 ablation_default seed=None 0.16s
2681 done imagenet vgg13 ILSVRC2012_val_00006049 rise_budget_512 seed=2 2.29s
2682 done imagenet vgg13 ILSVRC2012_val_00006049 rise_budget_512 seed=0 2.27s
2683 done imagenet vgg13 ILSVRC2012_val_00006049 kernel_shap_budget_1024 seed=4 2.58s
2684 done imagenet vgg13 ILSVRC2012_val_00006049 rise_budget_256 seed=4 1.39s
2685 done imagenet vgg13 ILSVRC2012_val_00006321 kernel_shap_budget_1024 seed=0 2.48s
2686 done imagenet vgg13 ILSVRC2012_val_00006321 ablation_default seed=None 0.14s
2687 done imagenet vgg13 ILSVRC2012_val_00006321 rise_budget_2048 seed=4 7.29s
2688 done imagenet vgg13 ILSVRC2012_val_00006321 rise_budget_512 seed=3 2.38s
2689 done imagenet vgg13 ILSVRC2012_val_00006321 lime_budget_256 seed=0 0.73s
2690 done imagenet vgg13 ILSVRC2012_val_00006321 kernel_shap_budget_256 seed=2 0.62s
2691 done imagenet vgg13 ILSVRC2012_val_00006321 kernel_shap_budget_2048 seed=3 5.10s
2692 done imagenet vgg13 ILSVRC2012_val_00006321 lime_budget_1024 seed=3 2.51s
2693 done imagenet vgg13 ILSVRC2012_val_00006321 rise_budget_256 seed=4 1.22s
2694 done imagenet vgg13 ILSVRC2012_val_00006321 rise_budget_512 seed=4 2.61s
2695 done imagenet vgg13 ILSVRC2012_val_00006321 lime_budget_1024 seed=0 2.32s
2696 done imagenet vgg13 ILSVRC2012_val_00006321 kernel_shap_budget_512 seed=4 1.10s
2697 done imagenet vgg13 ILSVRC2012_val_00006321 kernel_shap_budget_256 seed=0 0.57s
2698 done imagenet vgg13 ILSVRC2012_val_00006321 rise_budget_1024 seed=0 5.24s
2699 done imagenet vgg13 ILSVRC2012_val_00006321 kernel_shap_budget_2048 seed=1 5.10s
2700 done imagenet vgg13 ILSVRC2012_val_00006321 rise_budget_256 seed=0 1.31s
2701 done imagenet vgg13 ILSVRC2012_val_00006321 lime_budget_512 seed=3 1.26s
2702 done imagenet vgg13 ILSVRC2012_val_00006321 lime_budget_1024 seed=1 2.38s
2703 done imagenet vgg13 ILSVRC2012_val_00006321 rise_budget_2048 seed=2 8.57s
2704 done imagenet vgg13 ILSVRC2012_val_00006321 kernel_shap_budget_1024 seed=3 2.45s
2705 done imagenet vgg13 ILSVRC2012_val_00006321 lime_budget_2048 seed=3 4.65s
2706 done imagenet vgg13 ILSVRC2012_val_00006321 kernel_shap_budget_2048 seed=4 4.88s
2707 done imagenet vgg13 ILSVRC2012_val_00006321 lime_budget_256 seed=1 0.85s
2708 done imagenet vgg13 ILSVRC2012_val_00006321 lime_budget_512 seed=4 1.35s
2709 done imagenet vgg13 ILSVRC2012_val_00006321 rise_budget_2048 seed=3 8.99s
2710 done imagenet vgg13 ILSVRC2012_val_00006321 rise_budget_1024 seed=1 4.59s
2711 done imagenet vgg13 ILSVRC2012_val_00006321 rise_budget_2048 seed=0 11.76s
2712 done imagenet vgg13 ILSVRC2012_val_00006321 rise_budget_256 seed=3 1.27s
2713 done imagenet vgg13 ILSVRC2012_val_00006321 rise_budget_1024 seed=2 5.42s
2714 done imagenet vgg13 ILSVRC2012_val_00006321 lime_budget_1024 seed=4 2.68s
2715 done imagenet vgg13 ILSVRC2012_val_00006321 rise_budget_256 seed=1 1.27s
2716 done imagenet vgg13 ILSVRC2012_val_00006321 kernel_shap_budget_512 seed=3 1.18s
2717 done imagenet vgg13 ILSVRC2012_val_00006321 lime_budget_2048 seed=1 5.10s
2718 done imagenet vgg13 ILSVRC2012_val_00006321 kernel_shap_budget_512 seed=1 1.45s
2719 done imagenet vgg13 ILSVRC2012_val_00006321 kernel_shap_budget_256 seed=3 0.70s
2720 done imagenet vgg13 ILSVRC2012_val_00006321 lime_budget_256 seed=2 0.75s
2721 done imagenet vgg13 ILSVRC2012_val_00006321 rise_budget_256 seed=2 1.63s
2722 done imagenet vgg13 ILSVRC2012_val_00006321 kernel_shap_budget_256 seed=4 0.64s
2723 done imagenet vgg13 ILSVRC2012_val_00006321 kernel_shap_budget_1024 seed=1 2.58s
2724 done imagenet vgg13 ILSVRC2012_val_00006321 kernel_shap_budget_1024 seed=4 2.36s
2725 done imagenet vgg13 ILSVRC2012_val_00006321 kernel_shap_budget_1024 seed=2 2.35s
2726 done imagenet vgg13 ILSVRC2012_val_00006321 kernel_shap_budget_512 seed=2 1.24s
2727 done imagenet vgg13 ILSVRC2012_val_00006321 kernel_shap_budget_2048 seed=2 4.70s
2728 done imagenet vgg13 ILSVRC2012_val_00006321 rise_budget_1024 seed=3 5.13s
2729 done imagenet vgg13 ILSVRC2012_val_00006321 lime_budget_2048 seed=2 4.79s
2730 done imagenet vgg13 ILSVRC2012_val_00006321 kernel_shap_budget_512 seed=0 1.28s
2731 done imagenet vgg13 ILSVRC2012_val_00006321 lime_budget_256 seed=4 0.78s
2732 done imagenet vgg13 ILSVRC2012_val_00006321 lime_budget_512 seed=1 1.50s
2733 done imagenet vgg13 ILSVRC2012_val_00006321 rise_budget_512 seed=1 2.62s
2734 done imagenet vgg13 ILSVRC2012_val_00006321 lime_budget_2048 seed=4 5.07s
2735 done imagenet vgg13 ILSVRC2012_val_00006321 kernel_shap_budget_2048 seed=0 4.90s
2736 done imagenet vgg13 ILSVRC2012_val_00006321 lime_budget_256 seed=3 0.58s
2737 done imagenet vgg13 ILSVRC2012_val_00006321 rise_budget_512 seed=2 2.27s
2738 done imagenet vgg13 ILSVRC2012_val_00006321 rise_budget_2048 seed=1 9.48s
2739 done imagenet vgg13 ILSVRC2012_val_00006321 kernel_shap_budget_256 seed=1 0.63s
2740 done imagenet vgg13 ILSVRC2012_val_00006321 lime_budget_1024 seed=2 2.66s
2741 done imagenet vgg13 ILSVRC2012_val_00006321 lime_budget_512 seed=2 1.32s
2742 done imagenet vgg13 ILSVRC2012_val_00006321 lime_budget_2048 seed=0 4.91s
2743 done imagenet vgg13 ILSVRC2012_val_00006321 rise_budget_512 seed=0 2.28s
2744 done imagenet vgg13 ILSVRC2012_val_00006321 lime_budget_512 seed=0 1.24s
2745 done imagenet vgg13 ILSVRC2012_val_00006321 rise_budget_1024 seed=4 4.36s
2746 done imagenet vgg13 ILSVRC2012_val_00006565 kernel_shap_budget_512 seed=2 1.28s
2747 done imagenet vgg13 ILSVRC2012_val_00006565 kernel_shap_budget_2048 seed=3 5.06s
2748 done imagenet vgg13 ILSVRC2012_val_00006565 lime_budget_512 seed=3 1.19s
2749 done imagenet vgg13 ILSVRC2012_val_00006565 rise_budget_256 seed=1 1.15s
2750 done imagenet vgg13 ILSVRC2012_val_00006565 kernel_shap_budget_2048 seed=0 4.85s
2751 done imagenet vgg13 ILSVRC2012_val_00006565 lime_budget_2048 seed=1 4.96s
2752 done imagenet vgg13 ILSVRC2012_val_00006565 lime_budget_256 seed=3 0.62s
2753 done imagenet vgg13 ILSVRC2012_val_00006565 kernel_shap_budget_1024 seed=4 2.37s
2754 done imagenet vgg13 ILSVRC2012_val_00006565 rise_budget_2048 seed=3 10.06s
2755 done imagenet vgg13 ILSVRC2012_val_00006565 kernel_shap_budget_512 seed=1 1.18s
2756 done imagenet vgg13 ILSVRC2012_val_00006565 rise_budget_1024 seed=2 5.02s
2757 done imagenet vgg13 ILSVRC2012_val_00006565 lime_budget_1024 seed=4 2.81s
2758 done imagenet vgg13 ILSVRC2012_val_00006565 kernel_shap_budget_512 seed=4 1.31s
2759 done imagenet vgg13 ILSVRC2012_val_00006565 lime_budget_512 seed=1 1.38s
2760 done imagenet vgg13 ILSVRC2012_val_00006565 kernel_shap_budget_256 seed=1 0.73s
2761 done imagenet vgg13 ILSVRC2012_val_00006565 rise_budget_2048 seed=0 9.60s
2762 done imagenet vgg13 ILSVRC2012_val_00006565 kernel_shap_budget_256 seed=2 0.63s
2763 done imagenet vgg13 ILSVRC2012_val_00006565 lime_budget_256 seed=1 0.63s
2764 done imagenet vgg13 ILSVRC2012_val_00006565 lime_budget_256 seed=2 0.62s
2765 done imagenet vgg13 ILSVRC2012_val_00006565 lime_budget_512 seed=4 1.37s
2766 done imagenet vgg13 ILSVRC2012_val_00006565 rise_budget_512 seed=0 2.79s
2767 done imagenet vgg13 ILSVRC2012_val_00006565 lime_budget_1024 seed=1 2.94s
2768 done imagenet vgg13 ILSVRC2012_val_00006565 kernel_shap_budget_256 seed=0 0.70s
2769 done imagenet vgg13 ILSVRC2012_val_00006565 kernel_shap_budget_1024 seed=0 2.80s
2770 done imagenet vgg13 ILSVRC2012_val_00006565 ablation_default seed=None 0.17s
2771 done imagenet vgg13 ILSVRC2012_val_00006565 rise_budget_2048 seed=1 10.17s
2772 done imagenet vgg13 ILSVRC2012_val_00006565 rise_budget_512 seed=4 2.67s
2773 done imagenet vgg13 ILSVRC2012_val_00006565 rise_budget_512 seed=2 2.74s
2774 done imagenet vgg13 ILSVRC2012_val_00006565 lime_budget_2048 seed=3 4.89s
2775 done imagenet vgg13 ILSVRC2012_val_00006565 lime_budget_256 seed=0 0.71s
2776 done imagenet vgg13 ILSVRC2012_val_00006565 kernel_shap_budget_256 seed=4 0.63s
2777 done imagenet vgg13 ILSVRC2012_val_00006565 kernel_shap_budget_2048 seed=2 4.61s
2778 done imagenet vgg13 ILSVRC2012_val_00006565 rise_budget_256 seed=0 1.15s
2779 done imagenet vgg13 ILSVRC2012_val_00006565 lime_budget_1024 seed=2 2.22s
2780 done imagenet vgg13 ILSVRC2012_val_00006565 kernel_shap_budget_2048 seed=4 5.00s
2781 done imagenet vgg13 ILSVRC2012_val_00006565 kernel_shap_budget_512 seed=3 1.42s
2782 done imagenet vgg13 ILSVRC2012_val_00006565 rise_budget_2048 seed=2 10.13s
2783 done imagenet vgg13 ILSVRC2012_val_00006565 lime_budget_2048 seed=4 4.69s
2784 done imagenet vgg13 ILSVRC2012_val_00006565 rise_budget_1024 seed=1 4.80s
2785 done imagenet vgg13 ILSVRC2012_val_00006565 kernel_shap_budget_1024 seed=3 2.25s
2786 done imagenet vgg13 ILSVRC2012_val_00006565 rise_budget_256 seed=3 1.12s
2787 done imagenet vgg13 ILSVRC2012_val_00006565 lime_budget_256 seed=4 0.55s
2788 done imagenet vgg13 ILSVRC2012_val_00006565 lime_budget_2048 seed=2 4.36s
2789 done imagenet vgg13 ILSVRC2012_val_00006565 rise_budget_256 seed=4 0.94s
2790 done imagenet vgg13 ILSVRC2012_val_00006565 kernel_shap_budget_1024 seed=1 2.21s
2791 done imagenet vgg13 ILSVRC2012_val_00006565 kernel_shap_budget_2048 seed=1 4.45s
2792 done imagenet vgg13 ILSVRC2012_val_00006565 rise_budget_1024 seed=3 4.82s
2793 done imagenet vgg13 ILSVRC2012_val_00006565 rise_budget_512 seed=1 2.56s
2794 done imagenet vgg13 ILSVRC2012_val_00006565 lime_budget_2048 seed=0 4.79s
2795 done imagenet vgg13 ILSVRC2012_val_00006565 lime_budget_1024 seed=0 2.49s
2796 done imagenet vgg13 ILSVRC2012_val_00006565 rise_budget_1024 seed=0 5.27s
2797 done imagenet vgg13 ILSVRC2012_val_00006565 kernel_shap_budget_512 seed=0 1.28s
2798 done imagenet vgg13 ILSVRC2012_val_00006565 rise_budget_1024 seed=4 5.45s
2799 done imagenet vgg13 ILSVRC2012_val_00006565 kernel_shap_budget_256 seed=3 0.61s
2800 done imagenet vgg13 ILSVRC2012_val_00006565 rise_budget_512 seed=3 2.57s
2801 done imagenet vgg13 ILSVRC2012_val_00006565 rise_budget_2048 seed=4 10.91s
2802 done imagenet vgg13 ILSVRC2012_val_00006565 lime_budget_1024 seed=3 2.67s
2803 done imagenet vgg13 ILSVRC2012_val_00006565 lime_budget_512 seed=0 1.22s
2804 done imagenet vgg13 ILSVRC2012_val_00006565 rise_budget_256 seed=2 1.19s
2805 done imagenet vgg13 ILSVRC2012_val_00006565 lime_budget_512 seed=2 1.13s
2806 done imagenet vgg13 ILSVRC2012_val_00006565 kernel_shap_budget_1024 seed=2 2.24s
2807 done imagenet vgg13 ILSVRC2012_val_00006981 kernel_shap_budget_1024 seed=2 2.26s
2808 done imagenet vgg13 ILSVRC2012_val_00006981 kernel_shap_budget_256 seed=0 0.57s
2809 done imagenet vgg13 ILSVRC2012_val_00006981 lime_budget_1024 seed=3 2.63s
2810 done imagenet vgg13 ILSVRC2012_val_00006981 lime_budget_1024 seed=4 2.43s
2811 done imagenet vgg13 ILSVRC2012_val_00006981 kernel_shap_budget_2048 seed=3 4.92s
2812 done imagenet vgg13 ILSVRC2012_val_00006981 lime_budget_2048 seed=3 4.92s
2813 done imagenet vgg13 ILSVRC2012_val_00006981 rise_budget_2048 seed=4 10.31s
2814 done imagenet vgg13 ILSVRC2012_val_00006981 rise_budget_1024 seed=3 4.71s
2815 done imagenet vgg13 ILSVRC2012_val_00006981 rise_budget_256 seed=1 1.32s
2816 done imagenet vgg13 ILSVRC2012_val_00006981 kernel_shap_budget_2048 seed=2 5.11s
2817 done imagenet vgg13 ILSVRC2012_val_00006981 lime_budget_512 seed=4 1.43s
2818 done imagenet vgg13 ILSVRC2012_val_00006981 kernel_shap_budget_256 seed=2 0.64s
2819 done imagenet vgg13 ILSVRC2012_val_00006981 lime_budget_256 seed=2 0.74s
2820 done imagenet vgg13 ILSVRC2012_val_00006981 lime_budget_512 seed=2 1.49s
2821 done imagenet vgg13 ILSVRC2012_val_00006981 kernel_shap_budget_2048 seed=4 4.99s
2822 done imagenet vgg13 ILSVRC2012_val_00006981 rise_budget_512 seed=3 2.47s
2823 done imagenet vgg13 ILSVRC2012_val_00006981 lime_budget_256 seed=3 0.61s
2824 done imagenet vgg13 ILSVRC2012_val_00006981 lime_budget_2048 seed=0 4.59s
2825 done imagenet vgg13 ILSVRC2012_val_00006981 rise_budget_2048 seed=0 9.59s
2826 done imagenet vgg13 ILSVRC2012_val_00006981 rise_budget_256 seed=0 1.33s
2827 done imagenet vgg13 ILSVRC2012_val_00006981 rise_budget_1024 seed=1 4.73s
2828 done imagenet vgg13 ILSVRC2012_val_00006981 rise_budget_256 seed=4 1.34s
2829 done imagenet vgg13 ILSVRC2012_val_00006981 kernel_shap_budget_512 seed=3 1.28s
2830 done imagenet vgg13 ILSVRC2012_val_00006981 kernel_shap_budget_512 seed=1 1.21s
2831 done imagenet vgg13 ILSVRC2012_val_00006981 ablation_default seed=None 0.13s
2832 done imagenet vgg13 ILSVRC2012_val_00006981 kernel_shap_budget_256 seed=1 0.54s
2833 done imagenet vgg13 ILSVRC2012_val_00006981 rise_budget_2048 seed=3 10.21s
2834 done imagenet vgg13 ILSVRC2012_val_00006981 kernel_shap_budget_512 seed=4 1.27s
2835 done imagenet vgg13 ILSVRC2012_val_00006981 rise_budget_512 seed=1 2.54s
2836 done imagenet vgg13 ILSVRC2012_val_00006981 lime_budget_1024 seed=2 2.41s
2837 done imagenet vgg13 ILSVRC2012_val_00006981 lime_budget_512 seed=3 1.16s
2838 done imagenet vgg13 ILSVRC2012_val_00006981 kernel_shap_budget_256 seed=4 0.64s
2839 done imagenet vgg13 ILSVRC2012_val_00006981 lime_budget_512 seed=0 1.24s
2840 done imagenet vgg13 ILSVRC2012_val_00006981 kernel_shap_budget_1024 seed=1 2.47s
2841 done imagenet vgg13 ILSVRC2012_val_00006981 kernel_shap_budget_1024 seed=0 2.40s
2842 done imagenet vgg13 ILSVRC2012_val_00006981 kernel_shap_budget_2048 seed=0 5.02s
2843 done imagenet vgg13 ILSVRC2012_val_00006981 rise_budget_2048 seed=1 10.21s
2844 done imagenet vgg13 ILSVRC2012_val_00006981 rise_budget_256 seed=2 1.17s
2845 done imagenet vgg13 ILSVRC2012_val_00006981 kernel_shap_budget_512 seed=2 1.17s
2846 done imagenet vgg13 ILSVRC2012_val_00006981 kernel_shap_budget_256 seed=3 0.60s
2847 done imagenet vgg13 ILSVRC2012_val_00006981 lime_budget_256 seed=1 0.58s
2848 done imagenet vgg13 ILSVRC2012_val_00006981 rise_budget_256 seed=3 1.14s
2849 done imagenet vgg13 ILSVRC2012_val_00006981 lime_budget_2048 seed=4 5.22s
2850 done imagenet vgg13 ILSVRC2012_val_00006981 lime_budget_1024 seed=1 2.56s
2851 done imagenet vgg13 ILSVRC2012_val_00006981 lime_budget_2048 seed=1 4.98s
2852 done imagenet vgg13 ILSVRC2012_val_00006981 rise_budget_1024 seed=4 5.32s
2853 done imagenet vgg13 ILSVRC2012_val_00006981 rise_budget_512 seed=4 2.35s
2854 done imagenet vgg13 ILSVRC2012_val_00006981 kernel_shap_budget_2048 seed=1 4.96s
2855 done imagenet vgg13 ILSVRC2012_val_00006981 rise_budget_512 seed=0 1.73s
2856 done imagenet vgg13 ILSVRC2012_val_00006981 kernel_shap_budget_512 seed=0 1.17s
2857 done imagenet vgg13 ILSVRC2012_val_00006981 kernel_shap_budget_1024 seed=3 2.32s
2858 done imagenet vgg13 ILSVRC2012_val_00006981 lime_budget_512 seed=1 1.16s
2859 done imagenet vgg13 ILSVRC2012_val_00006981 rise_budget_2048 seed=2 9.11s
2860 done imagenet vgg13 ILSVRC2012_val_00006981 rise_budget_1024 seed=2 4.85s
2861 done imagenet vgg13 ILSVRC2012_val_00006981 rise_budget_512 seed=2 1.89s
2862 done imagenet vgg13 ILSVRC2012_val_00006981 kernel_shap_budget_1024 seed=4 2.26s
2863 done imagenet vgg13 ILSVRC2012_val_00006981 lime_budget_1024 seed=0 2.30s
2864 done imagenet vgg13 ILSVRC2012_val_00006981 lime_budget_256 seed=4 0.58s
2865 done imagenet vgg13 ILSVRC2012_val_00006981 lime_budget_256 seed=0 0.59s
2866 done imagenet vgg13 ILSVRC2012_val_00006981 lime_budget_2048 seed=2 4.97s
2867 done imagenet vgg13 ILSVRC2012_val_00006981 rise_budget_1024 seed=0 4.62s
2868 done imagenet vgg13 ILSVRC2012_val_00007064 kernel_shap_budget_256 seed=4 0.65s
2869 done imagenet vgg13 ILSVRC2012_val_00007064 lime_budget_2048 seed=4 5.33s
2870 done imagenet vgg13 ILSVRC2012_val_00007064 rise_budget_256 seed=2 1.40s
2871 done imagenet vgg13 ILSVRC2012_val_00007064 rise_budget_256 seed=3 1.39s
2872 done imagenet vgg13 ILSVRC2012_val_00007064 lime_budget_1024 seed=1 2.52s
2873 done imagenet vgg13 ILSVRC2012_val_00007064 rise_budget_1024 seed=2 3.97s
2874 done imagenet vgg13 ILSVRC2012_val_00007064 lime_budget_2048 seed=3 5.27s
2875 done imagenet vgg13 ILSVRC2012_val_00007064 kernel_shap_budget_2048 seed=0 5.13s
2876 done imagenet vgg13 ILSVRC2012_val_00007064 rise_budget_512 seed=0 2.83s
2877 done imagenet vgg13 ILSVRC2012_val_00007064 rise_budget_2048 seed=3 10.83s
2878 done imagenet vgg13 ILSVRC2012_val_00007064 rise_budget_1024 seed=0 5.52s
2879 done imagenet vgg13 ILSVRC2012_val_00007064 kernel_shap_budget_1024 seed=0 2.37s
2880 done imagenet vgg13 ILSVRC2012_val_00007064 kernel_shap_budget_1024 seed=4 2.29s
2881 done imagenet vgg13 ILSVRC2012_val_00007064 rise_budget_256 seed=0 1.24s
2882 done imagenet vgg13 ILSVRC2012_val_00007064 rise_budget_1024 seed=4 4.66s
2883 done imagenet vgg13 ILSVRC2012_val_00007064 lime_budget_512 seed=3 1.15s
2884 done imagenet vgg13 ILSVRC2012_val_00007064 rise_budget_2048 seed=0 7.88s
2885 done imagenet vgg13 ILSVRC2012_val_00007064 kernel_shap_budget_512 seed=0 1.24s
2886 done imagenet vgg13 ILSVRC2012_val_00007064 lime_budget_1024 seed=0 2.29s
2887 done imagenet vgg13 ILSVRC2012_val_00007064 lime_budget_256 seed=2 0.62s
2888 done imagenet vgg13 ILSVRC2012_val_00007064 kernel_shap_budget_256 seed=3 0.58s
2889 done imagenet vgg13 ILSVRC2012_val_00007064 kernel_shap_budget_2048 seed=1 5.04s
2890 done imagenet vgg13 ILSVRC2012_val_00007064 kernel_shap_budget_2048 seed=3 5.29s
2891 done imagenet vgg13 ILSVRC2012_val_00007064 rise_budget_256 seed=4 1.63s
2892 done imagenet vgg13 ILSVRC2012_val_00007064 lime_budget_1024 seed=2 2.63s
2893 done imagenet vgg13 ILSVRC2012_val_00007064 lime_budget_512 seed=4 1.25s
2894 done imagenet vgg13 ILSVRC2012_val_00007064 lime_budget_256 seed=1 0.61s
2895 done imagenet vgg13 ILSVRC2012_val_00007064 lime_budget_256 seed=0 0.67s
2896 done imagenet vgg13 ILSVRC2012_val_00007064 lime_budget_256 seed=3 0.62s
2897 done imagenet vgg13 ILSVRC2012_val_00007064 rise_budget_1024 seed=1 5.54s
2898 done imagenet vgg13 ILSVRC2012_val_00007064 lime_budget_1024 seed=4 2.48s
2899 done imagenet vgg13 ILSVRC2012_val_00007064 kernel_shap_budget_1024 seed=1 2.48s
2900 done imagenet vgg13 ILSVRC2012_val_00007064 kernel_shap_budget_256 seed=0 0.71s
2901 done imagenet vgg13 ILSVRC2012_val_00007064 lime_budget_2048 seed=1 5.10s
2902 done imagenet vgg13 ILSVRC2012_val_00007064 kernel_shap_budget_1024 seed=2 2.50s
2903 done imagenet vgg13 ILSVRC2012_val_00007064 rise_budget_256 seed=1 1.40s
2904 done imagenet vgg13 ILSVRC2012_val_00007064 kernel_shap_budget_1024 seed=3 2.57s
2905 done imagenet vgg13 ILSVRC2012_val_00007064 lime_budget_512 seed=1 1.38s
2906 done imagenet vgg13 ILSVRC2012_val_00007064 kernel_shap_budget_256 seed=2 0.62s
2907 done imagenet vgg13 ILSVRC2012_val_00007064 lime_budget_2048 seed=0 4.94s
2908 done imagenet vgg13 ILSVRC2012_val_00007064 kernel_shap_budget_2048 seed=2 4.74s
2909 done imagenet vgg13 ILSVRC2012_val_00007064 lime_budget_512 seed=2 1.24s
2910 done imagenet vgg13 ILSVRC2012_val_00007064 rise_budget_512 seed=2 2.53s
2911 done imagenet vgg13 ILSVRC2012_val_00007064 rise_budget_2048 seed=2 10.80s
2912 done imagenet vgg13 ILSVRC2012_val_00007064 lime_budget_256 seed=4 0.58s
2913 done imagenet vgg13 ILSVRC2012_val_00007064 kernel_shap_budget_2048 seed=4 4.65s
2914 done imagenet vgg13 ILSVRC2012_val_00007064 lime_budget_2048 seed=2 5.11s
2915 done imagenet vgg13 ILSVRC2012_val_00007064 rise_budget_1024 seed=3 5.64s
2916 done imagenet vgg13 ILSVRC2012_val_00007064 lime_budget_1024 seed=3 2.58s
2917 done imagenet vgg13 ILSVRC2012_val_00007064 rise_budget_512 seed=4 2.44s
2918 done imagenet vgg13 ILSVRC2012_val_00007064 kernel_shap_budget_512 seed=1 1.18s
2919 done imagenet vgg13 ILSVRC2012_val_00007064 kernel_shap_budget_256 seed=1 0.60s
2920 done imagenet vgg13 ILSVRC2012_val_00007064 rise_budget_512 seed=1 1.73s
2921 done imagenet vgg13 ILSVRC2012_val_00007064 kernel_shap_budget_512 seed=3 1.16s
2922 done imagenet vgg13 ILSVRC2012_val_00007064 lime_budget_512 seed=0 1.14s
2923 done imagenet vgg13 ILSVRC2012_val_00007064 ablation_default seed=None 0.18s
2924 done imagenet vgg13 ILSVRC2012_val_00007064 rise_budget_2048 seed=1 10.71s
2925 done imagenet vgg13 ILSVRC2012_val_00007064 kernel_shap_budget_512 seed=4 1.19s
2926 done imagenet vgg13 ILSVRC2012_val_00007064 kernel_shap_budget_512 seed=2 1.17s
2927 done imagenet vgg13 ILSVRC2012_val_00007064 rise_budget_512 seed=3 2.49s
2928 done imagenet vgg13 ILSVRC2012_val_00007064 rise_budget_2048 seed=4 11.12s
2929 done imagenet vgg13 ILSVRC2012_val_00007283 lime_budget_256 seed=0 0.64s
2930 done imagenet vgg13 ILSVRC2012_val_00007283 rise_budget_2048 seed=2 10.52s
2931 done imagenet vgg13 ILSVRC2012_val_00007283 kernel_shap_budget_256 seed=3 0.60s
2932 done imagenet vgg13 ILSVRC2012_val_00007283 lime_budget_512 seed=0 1.33s
2933 done imagenet vgg13 ILSVRC2012_val_00007283 rise_budget_1024 seed=2 4.22s
2934 done imagenet vgg13 ILSVRC2012_val_00007283 kernel_shap_budget_512 seed=0 1.15s
2935 done imagenet vgg13 ILSVRC2012_val_00007283 lime_budget_2048 seed=0 4.67s
2936 done imagenet vgg13 ILSVRC2012_val_00007283 rise_budget_256 seed=3 1.38s
2937 done imagenet vgg13 ILSVRC2012_val_00007283 lime_budget_2048 seed=3 4.83s
2938 done imagenet vgg13 ILSVRC2012_val_00007283 lime_budget_1024 seed=3 2.24s
2939 done imagenet vgg13 ILSVRC2012_val_00007283 rise_budget_2048 seed=3 9.12s
2940 done imagenet vgg13 ILSVRC2012_val_00007283 kernel_shap_budget_2048 seed=0 4.95s
2941 done imagenet vgg13 ILSVRC2012_val_00007283 lime_budget_2048 seed=2 4.94s
2942 done imagenet vgg13 ILSVRC2012_val_00007283 kernel_shap_budget_2048 seed=2 4.83s
2943 done imagenet vgg13 ILSVRC2012_val_00007283 kernel_shap_budget_1024 seed=2 2.56s
2944 done imagenet vgg13 ILSVRC2012_val_00007283 lime_budget_256 seed=2 0.61s
2945 done imagenet vgg13 ILSVRC2012_val_00007283 rise_budget_256 seed=1 1.32s
2946 done imagenet vgg13 ILSVRC2012_val_00007283 rise_budget_512 seed=3 2.47s
2947 done imagenet vgg13 ILSVRC2012_val_00007283 kernel_shap_budget_1024 seed=1 2.48s
2948 done imagenet vgg13 ILSVRC2012_val_00007283 kernel_shap_budget_2048 seed=1 4.96s
2949 done imagenet vgg13 ILSVRC2012_val_00007283 rise_budget_512 seed=0 2.92s
2950 done imagenet vgg13 ILSVRC2012_val_00007283 kernel_shap_budget_256 seed=0 0.63s
2951 done imagenet vgg13 ILSVRC2012_val_00007283 lime_budget_256 seed=3 0.64s
2952 done imagenet vgg13 ILSVRC2012_val_00007283 kernel_shap_budget_2048 seed=4 5.22s
2953 done imagenet vgg13 ILSVRC2012_val_00007283 lime_budget_512 seed=4 1.43s
2954 done imagenet vgg13 ILSVRC2012_val_00007283 rise_budget_1024 seed=4 4.75s
2955 done imagenet vgg13 ILSVRC2012_val_00007283 kernel_shap_budget_512 seed=1 1.14s
2956 done imagenet vgg13 ILSVRC2012_val_00007283 rise_budget_2048 seed=0 9.53s
2957 done imagenet vgg13 ILSVRC2012_val_00007283 rise_budget_512 seed=2 2.41s
2958 done imagenet vgg13 ILSVRC2012_val_00007283 ablation_default seed=None 0.20s
2959 done imagenet vgg13 ILSVRC2012_val_00007283 lime_budget_256 seed=1 0.58s
2960 done imagenet vgg13 ILSVRC2012_val_00007283 rise_budget_2048 seed=1 9.13s
2961 done imagenet vgg13 ILSVRC2012_val_00007283 lime_budget_1024 seed=1 2.34s
2962 done imagenet vgg13 ILSVRC2012_val_00007283 lime_budget_2048 seed=1 4.87s
2963 done imagenet vgg13 ILSVRC2012_val_00007283 rise_budget_512 seed=4 2.53s
2964 done imagenet vgg13 ILSVRC2012_val_00007283 lime_budget_512 seed=2 1.16s
2965 done imagenet vgg13 ILSVRC2012_val_00007283 lime_budget_256 seed=4 0.77s
2966 done imagenet vgg13 ILSVRC2012_val_00007283 lime_budget_1024 seed=2 2.42s
2967 done imagenet vgg13 ILSVRC2012_val_00007283 lime_budget_512 seed=1 1.17s
2968 done imagenet vgg13 ILSVRC2012_val_00007283 kernel_shap_budget_256 seed=4 0.55s
2969 done imagenet vgg13 ILSVRC2012_val_00007283 kernel_shap_budget_1024 seed=4 2.30s
2970 done imagenet vgg13 ILSVRC2012_val_00007283 rise_budget_256 seed=2 1.29s
2971 done imagenet vgg13 ILSVRC2012_val_00007283 kernel_shap_budget_512 seed=3 1.20s
2972 done imagenet vgg13 ILSVRC2012_val_00007283 rise_budget_512 seed=1 2.58s
2973 done imagenet vgg13 ILSVRC2012_val_00007283 rise_budget_256 seed=0 1.21s
2974 done imagenet vgg13 ILSVRC2012_val_00007283 kernel_shap_budget_256 seed=1 0.69s
2975 done imagenet vgg13 ILSVRC2012_val_00007283 rise_budget_2048 seed=4 9.97s
2976 done imagenet vgg13 ILSVRC2012_val_00007283 rise_budget_256 seed=4 1.31s
2977 done imagenet vgg13 ILSVRC2012_val_00007283 kernel_shap_budget_512 seed=4 1.17s
2978 done imagenet vgg13 ILSVRC2012_val_00007283 lime_budget_512 seed=3 1.44s
2979 done imagenet vgg13 ILSVRC2012_val_00007283 kernel_shap_budget_2048 seed=3 5.03s
2980 done imagenet vgg13 ILSVRC2012_val_00007283 rise_budget_1024 seed=1 5.47s
2981 done imagenet vgg13 ILSVRC2012_val_00007283 lime_budget_2048 seed=4 4.73s
2982 done imagenet vgg13 ILSVRC2012_val_00007283 lime_budget_1024 seed=0 2.37s
2983 done imagenet vgg13 ILSVRC2012_val_00007283 kernel_shap_budget_512 seed=2 1.19s
2984 done imagenet vgg13 ILSVRC2012_val_00007283 rise_budget_1024 seed=3 4.86s
2985 done imagenet vgg13 ILSVRC2012_val_00007283 kernel_shap_budget_1024 seed=3 2.30s
2986 done imagenet vgg13 ILSVRC2012_val_00007283 rise_budget_1024 seed=0 5.18s
2987 done imagenet vgg13 ILSVRC2012_val_00007283 lime_budget_1024 seed=4 2.25s
2988 done imagenet vgg13 ILSVRC2012_val_00007283 kernel_shap_budget_256 seed=2 0.57s
2989 done imagenet vgg13 ILSVRC2012_val_00007283 kernel_shap_budget_1024 seed=0 2.42s
2990 done imagenet vgg13 ILSVRC2012_val_00007535 lime_budget_1024 seed=4 2.74s
2991 done imagenet vgg13 ILSVRC2012_val_00007535 rise_budget_256 seed=1 1.47s
2992 done imagenet vgg13 ILSVRC2012_val_00007535 lime_budget_256 seed=2 0.70s
2993 done imagenet vgg13 ILSVRC2012_val_00007535 lime_budget_256 seed=1 0.67s
2994 done imagenet vgg13 ILSVRC2012_val_00007535 kernel_shap_budget_2048 seed=4 4.77s
2995 done imagenet vgg13 ILSVRC2012_val_00007535 rise_budget_256 seed=4 1.25s
2996 done imagenet vgg13 ILSVRC2012_val_00007535 rise_budget_2048 seed=2 9.90s
2997 done imagenet vgg13 ILSVRC2012_val_00007535 kernel_shap_budget_256 seed=0 0.62s
2998 done imagenet vgg13 ILSVRC2012_val_00007535 rise_budget_256 seed=3 1.18s
2999 done imagenet vgg13 ILSVRC2012_val_00007535 lime_budget_256 seed=3 0.80s
3000 done imagenet vgg13 ILSVRC2012_val_00007535 rise_budget_512 seed=2 2.60s
3001 done imagenet vgg13 ILSVRC2012_val_00007535 lime_budget_2048 seed=1 5.09s
3002 done imagenet vgg13 ILSVRC2012_val_00007535 kernel_shap_budget_512 seed=2 1.28s
3003 done imagenet vgg13 ILSVRC2012_val_00007535 lime_budget_2048 seed=0 4.53s
3004 done imagenet vgg13 ILSVRC2012_val_00007535 rise_budget_1024 seed=3 4.89s
3005 done imagenet vgg13 ILSVRC2012_val_00007535 kernel_shap_budget_512 seed=0 1.26s
3006 done imagenet vgg13 ILSVRC2012_val_00007535 lime_budget_1024 seed=0 2.81s
3007 done imagenet vgg13 ILSVRC2012_val_00007535 kernel_shap_budget_2048 seed=3 4.68s
3008 done imagenet vgg13 ILSVRC2012_val_00007535 kernel_shap_budget_512 seed=4 1.18s
3009 done imagenet vgg13 ILSVRC2012_val_00007535 rise_budget_2048 seed=4 9.66s
3010 done imagenet vgg13 ILSVRC2012_val_00007535 rise_budget_1024 seed=2 5.39s
3011 done imagenet vgg13 ILSVRC2012_val_00007535 rise_budget_2048 seed=3 9.74s
3012 done imagenet vgg13 ILSVRC2012_val_00007535 kernel_shap_budget_1024 seed=4 2.48s
3013 done imagenet vgg13 ILSVRC2012_val_00007535 lime_budget_1024 seed=3 2.47s
3014 done imagenet vgg13 ILSVRC2012_val_00007535 lime_budget_512 seed=1 1.20s
3015 done imagenet vgg13 ILSVRC2012_val_00007535 rise_budget_2048 seed=0 10.40s
3016 done imagenet vgg13 ILSVRC2012_val_00007535 kernel_shap_budget_1024 seed=2 2.59s
3017 done imagenet vgg13 ILSVRC2012_val_00007535 kernel_shap_budget_256 seed=1 0.69s
3018 done imagenet vgg13 ILSVRC2012_val_00007535 kernel_shap_budget_512 seed=3 1.23s
3019 done imagenet vgg13 ILSVRC2012_val_00007535 rise_budget_512 seed=4 2.72s
3020 done imagenet vgg13 ILSVRC2012_val_00007535 lime_budget_512 seed=2 1.37s
3021 done imagenet vgg13 ILSVRC2012_val_00007535 lime_budget_1024 seed=2 2.72s
3022 done imagenet vgg13 ILSVRC2012_val_00007535 kernel_shap_budget_256 seed=4 0.69s
3023 done imagenet vgg13 ILSVRC2012_val_00007535 kernel_shap_budget_256 seed=2 0.75s
3024 done imagenet vgg13 ILSVRC2012_val_00007535 kernel_shap_budget_1024 seed=0 2.66s
3025 done imagenet vgg13 ILSVRC2012_val_00007535 kernel_shap_budget_1024 seed=3 2.23s
3026 done imagenet vgg13 ILSVRC2012_val_00007535 rise_budget_1024 seed=1 5.54s
3027 done imagenet vgg13 ILSVRC2012_val_00007535 lime_budget_2048 seed=4 4.78s
3028 done imagenet vgg13 ILSVRC2012_val_00007535 rise_budget_512 seed=0 2.52s
3029 done imagenet vgg13 ILSVRC2012_val_00007535 kernel_shap_budget_2048 seed=2 4.72s
3030 done imagenet vgg13 ILSVRC2012_val_00007535 rise_budget_256 seed=0 1.20s
3031 done imagenet vgg13 ILSVRC2012_val_00007535 lime_budget_2048 seed=2 5.37s
3032 done imagenet vgg13 ILSVRC2012_val_00007535 kernel_shap_budget_256 seed=3 0.66s
3033 done imagenet vgg13 ILSVRC2012_val_00007535 lime_budget_1024 seed=1 2.80s
3034 done imagenet vgg13 ILSVRC2012_val_00007535 lime_budget_512 seed=0 1.39s
3035 done imagenet vgg13 ILSVRC2012_val_00007535 rise_budget_512 seed=3 2.72s
3036 done imagenet vgg13 ILSVRC2012_val_00007535 lime_budget_256 seed=0 0.60s
3037 done imagenet vgg13 ILSVRC2012_val_00007535 rise_budget_2048 seed=1 9.59s
3038 done imagenet vgg13 ILSVRC2012_val_00007535 ablation_default seed=None 0.18s
3039 done imagenet vgg13 ILSVRC2012_val_00007535 rise_budget_1024 seed=0 4.83s
3040 done imagenet vgg13 ILSVRC2012_val_00007535 lime_budget_256 seed=4 0.58s
3041 done imagenet vgg13 ILSVRC2012_val_00007535 kernel_shap_budget_512 seed=1 1.15s
3042 done imagenet vgg13 ILSVRC2012_val_00007535 rise_budget_512 seed=1 2.67s
3043 done imagenet vgg13 ILSVRC2012_val_00007535 lime_budget_512 seed=3 1.20s
3044 done imagenet vgg13 ILSVRC2012_val_00007535 kernel_shap_budget_2048 seed=0 4.62s
3045 done imagenet vgg13 ILSVRC2012_val_00007535 rise_budget_256 seed=2 1.11s
3046 done imagenet vgg13 ILSVRC2012_val_00007535 lime_budget_2048 seed=3 4.66s
3047 done imagenet vgg13 ILSVRC2012_val_00007535 kernel_shap_budget_1024 seed=1 2.40s
3048 done imagenet vgg13 ILSVRC2012_val_00007535 lime_budget_512 seed=4 1.33s
3049 done imagenet vgg13 ILSVRC2012_val_00007535 kernel_shap_budget_2048 seed=1 5.23s
3050 done imagenet vgg13 ILSVRC2012_val_00007535 rise_budget_1024 seed=4 4.93s
3051 done imagenet vgg13 ILSVRC2012_val_00008209 kernel_shap_budget_256 seed=1 0.56s
3052 done imagenet vgg13 ILSVRC2012_val_00008209 kernel_shap_budget_512 seed=1 1.10s
3053 done imagenet vgg13 ILSVRC2012_val_00008209 rise_budget_512 seed=0 2.29s
3054 done imagenet vgg13 ILSVRC2012_val_00008209 kernel_shap_budget_2048 seed=0 4.97s
3055 done imagenet vgg13 ILSVRC2012_val_00008209 rise_budget_1024 seed=0 5.08s
3056 done imagenet vgg13 ILSVRC2012_val_00008209 kernel_shap_budget_1024 seed=2 2.37s
3057 done imagenet vgg13 ILSVRC2012_val_00008209 kernel_shap_budget_512 seed=0 1.27s
3058 done imagenet vgg13 ILSVRC2012_val_00008209 kernel_shap_budget_256 seed=0 0.63s
3059 done imagenet vgg13 ILSVRC2012_val_00008209 lime_budget_2048 seed=3 5.04s
3060 done imagenet vgg13 ILSVRC2012_val_00008209 kernel_shap_budget_1024 seed=0 2.54s
3061 done imagenet vgg13 ILSVRC2012_val_00008209 kernel_shap_budget_256 seed=4 0.68s
3062 done imagenet vgg13 ILSVRC2012_val_00008209 lime_budget_512 seed=4 1.20s
3063 done imagenet vgg13 ILSVRC2012_val_00008209 lime_budget_1024 seed=4 2.30s
3064 done imagenet vgg13 ILSVRC2012_val_00008209 rise_budget_512 seed=4 2.47s
3065 done imagenet vgg13 ILSVRC2012_val_00008209 ablation_default seed=None 0.17s
3066 done imagenet vgg13 ILSVRC2012_val_00008209 lime_budget_256 seed=2 0.69s
3067 done imagenet vgg13 ILSVRC2012_val_00008209 kernel_shap_budget_2048 seed=1 4.87s
3068 done imagenet vgg13 ILSVRC2012_val_00008209 lime_budget_512 seed=1 1.38s
3069 done imagenet vgg13 ILSVRC2012_val_00008209 kernel_shap_budget_512 seed=2 1.37s
3070 done imagenet vgg13 ILSVRC2012_val_00008209 kernel_shap_budget_256 seed=2 0.76s
3071 done imagenet vgg13 ILSVRC2012_val_00008209 lime_budget_512 seed=3 1.46s
3072 done imagenet vgg13 ILSVRC2012_val_00008209 lime_budget_2048 seed=2 4.90s
3073 done imagenet vgg13 ILSVRC2012_val_00008209 kernel_shap_budget_2048 seed=4 4.83s
3074 done imagenet vgg13 ILSVRC2012_val_00008209 kernel_shap_budget_1024 seed=1 2.41s
3075 done imagenet vgg13 ILSVRC2012_val_00008209 kernel_shap_budget_2048 seed=3 4.97s
3076 done imagenet vgg13 ILSVRC2012_val_00008209 rise_budget_2048 seed=3 10.87s
3077 done imagenet vgg13 ILSVRC2012_val_00008209 lime_budget_2048 seed=4 4.96s
3078 done imagenet vgg13 ILSVRC2012_val_00008209 lime_budget_1024 seed=3 2.31s
3079 done imagenet vgg13 ILSVRC2012_val_00008209 kernel_shap_budget_2048 seed=2 4.48s
3080 done imagenet vgg13 ILSVRC2012_val_00008209 lime_budget_512 seed=0 1.12s
3081 done imagenet vgg13 ILSVRC2012_val_00008209 rise_budget_256 seed=2 1.12s
3082 done imagenet vgg13 ILSVRC2012_val_00008209 rise_budget_1024 seed=2 4.73s
3083 done imagenet vgg13 ILSVRC2012_val_00008209 rise_budget_512 seed=3 2.23s
3084 done imagenet vgg13 ILSVRC2012_val_00008209 kernel_shap_budget_512 seed=4 1.14s
3085 done imagenet vgg13 ILSVRC2012_val_00008209 lime_budget_2048 seed=1 4.48s
3086 done imagenet vgg13 ILSVRC2012_val_00008209 kernel_shap_budget_256 seed=3 0.56s
3087 done imagenet vgg13 ILSVRC2012_val_00008209 lime_budget_256 seed=1 0.57s
3088 done imagenet vgg13 ILSVRC2012_val_00008209 lime_budget_1024 seed=0 2.21s
3089 done imagenet vgg13 ILSVRC2012_val_00008209 rise_budget_512 seed=2 2.28s
3090 done imagenet vgg13 ILSVRC2012_val_00008209 lime_budget_1024 seed=2 2.57s
3091 done imagenet vgg13 ILSVRC2012_val_00008209 rise_budget_256 seed=1 1.43s
3092 done imagenet vgg13 ILSVRC2012_val_00008209 rise_budget_256 seed=4 1.41s
3093 done imagenet vgg13 ILSVRC2012_val_00008209 rise_budget_256 seed=0 1.44s
3094 done imagenet vgg13 ILSVRC2012_val_00008209 kernel_shap_budget_1024 seed=4 2.51s
3095 done imagenet vgg13 ILSVRC2012_val_00008209 rise_budget_1024 seed=3 5.90s
3096 done imagenet vgg13 ILSVRC2012_val_00008209 rise_budget_2048 seed=1 8.71s
3097 done imagenet vgg13 ILSVRC2012_val_00008209 lime_budget_2048 seed=0 4.99s
3098 done imagenet vgg13 ILSVRC2012_val_00008209 rise_budget_256 seed=3 1.37s
3099 done imagenet vgg13 ILSVRC2012_val_00008209 lime_budget_256 seed=3 0.57s
3100 done imagenet vgg13 ILSVRC2012_val_00008209 kernel_shap_budget_512 seed=3 1.15s
3101 done imagenet vgg13 ILSVRC2012_val_00008209 rise_budget_2048 seed=2 9.53s
3102 done imagenet vgg13 ILSVRC2012_val_00008209 lime_budget_256 seed=0 0.78s
3103 done imagenet vgg13 ILSVRC2012_val_00008209 rise_budget_512 seed=1 2.44s
3104 done imagenet vgg13 ILSVRC2012_val_00008209 rise_budget_2048 seed=4 11.01s
3105 done imagenet vgg13 ILSVRC2012_val_00008209 kernel_shap_budget_1024 seed=3 2.61s
3106 done imagenet vgg13 ILSVRC2012_val_00008209 rise_budget_1024 seed=4 5.54s
3107 done imagenet vgg13 ILSVRC2012_val_00008209 rise_budget_1024 seed=1 5.14s
3108 done imagenet vgg13 ILSVRC2012_val_00008209 lime_budget_1024 seed=1 2.57s
3109 done imagenet vgg13 ILSVRC2012_val_00008209 lime_budget_512 seed=2 1.45s
3110 done imagenet vgg13 ILSVRC2012_val_00008209 lime_budget_256 seed=4 0.93s
3111 done imagenet vgg13 ILSVRC2012_val_00008209 rise_budget_2048 seed=0 9.59s
3112 done imagenet vgg13 ILSVRC2012_val_00008588 kernel_shap_budget_256 seed=0 0.62s
3113 done imagenet vgg13 ILSVRC2012_val_00008588 lime_budget_256 seed=2 0.72s
3114 done imagenet vgg13 ILSVRC2012_val_00008588 lime_budget_512 seed=4 1.11s
3115 done imagenet vgg13 ILSVRC2012_val_00008588 rise_budget_512 seed=1 2.24s
3116 done imagenet vgg13 ILSVRC2012_val_00008588 lime_budget_512 seed=2 1.20s
3117 done imagenet vgg13 ILSVRC2012_val_00008588 rise_budget_2048 seed=2 9.86s
3118 done imagenet vgg13 ILSVRC2012_val_00008588 ablation_default seed=None 0.15s
3119 done imagenet vgg13 ILSVRC2012_val_00008588 lime_budget_1024 seed=3 2.19s
3120 done imagenet vgg13 ILSVRC2012_val_00008588 kernel_shap_budget_1024 seed=0 2.41s
3121 done imagenet vgg13 ILSVRC2012_val_00008588 kernel_shap_budget_256 seed=4 0.69s
3122 done imagenet vgg13 ILSVRC2012_val_00008588 rise_budget_2048 seed=0 10.72s
3123 done imagenet vgg13 ILSVRC2012_val_00008588 kernel_shap_budget_512 seed=4 1.11s
3124 done imagenet vgg13 ILSVRC2012_val_00008588 lime_budget_2048 seed=2 4.64s
3125 done imagenet vgg13 ILSVRC2012_val_00008588 kernel_shap_budget_2048 seed=2 4.83s
3126 done imagenet vgg13 ILSVRC2012_val_00008588 kernel_shap_budget_256 seed=1 0.59s
3127 done imagenet vgg13 ILSVRC2012_val_00008588 kernel_shap_budget_512 seed=0 1.26s
3128 done imagenet vgg13 ILSVRC2012_val_00008588 lime_budget_256 seed=1 0.63s
3129 done imagenet vgg13 ILSVRC2012_val_00008588 rise_budget_1024 seed=2 4.78s
3130 done imagenet vgg13 ILSVRC2012_val_00008588 lime_budget_256 seed=4 0.77s
3131 done imagenet vgg13 ILSVRC2012_val_00008588 lime_budget_1024 seed=4 2.74s
3132 done imagenet vgg13 ILSVRC2012_val_00008588 rise_budget_1024 seed=0 4.66s
3133 done imagenet vgg13 ILSVRC2012_val_00008588 kernel_shap_budget_512 seed=3 1.16s
3134 done imagenet vgg13 ILSVRC2012_val_00008588 rise_budget_256 seed=2 1.28s
3135 done imagenet vgg13 ILSVRC2012_val_00008588 rise_budget_512 seed=4 2.46s
3136 done imagenet vgg13 ILSVRC2012_val_00008588 kernel_shap_budget_2048 seed=1 4.95s
3137 done imagenet vgg13 ILSVRC2012_val_00008588 kernel_shap_budget_256 seed=3 0.62s
3138 done imagenet vgg13 ILSVRC2012_val_00008588 rise_budget_256 seed=3 0.83s
3139 done imagenet vgg13 ILSVRC2012_val_00008588 kernel_shap_budget_512 seed=1 1.13s
3140 done imagenet vgg13 ILSVRC2012_val_00008588 lime_budget_1024 seed=2 2.15s
3141 done imagenet vgg13 ILSVRC2012_val_00008588 lime_budget_256 seed=3 0.65s
3142 done imagenet vgg13 ILSVRC2012_val_00008588 lime_budget_256 seed=0 0.78s
3143 done imagenet vgg13 ILSVRC2012_val_00008588 rise_budget_512 seed=0 2.81s
3144 done imagenet vgg13 ILSVRC2012_val_00008588 rise_budget_1024 seed=4 5.38s
3145 done imagenet vgg13 ILSVRC2012_val_00008588 kernel_shap_budget_1024 seed=4 2.52s
3146 done imagenet vgg13 ILSVRC2012_val_00008588 lime_budget_2048 seed=4 5.15s
3147 done imagenet vgg13 ILSVRC2012_val_00008588 kernel_shap_budget_2048 seed=0 5.07s
3148 done imagenet vgg13 ILSVRC2012_val_00008588 kernel_shap_budget_1024 seed=1 2.36s
3149 done imagenet vgg13 ILSVRC2012_val_00008588 rise_budget_256 seed=0 1.19s
3150 done imagenet vgg13 ILSVRC2012_val_00008588 rise_budget_256 seed=1 1.40s
3151 done imagenet vgg13 ILSVRC2012_val_00008588 rise_budget_512 seed=2 2.80s
3152 done imagenet vgg13 ILSVRC2012_val_00008588 kernel_shap_budget_1024 seed=3 2.52s
3153 done imagenet vgg13 ILSVRC2012_val_00008588 kernel_shap_budget_256 seed=2 0.61s
3154 done imagenet vgg13 ILSVRC2012_val_00008588 rise_budget_2048 seed=3 9.26s
3155 done imagenet vgg13 ILSVRC2012_val_00008588 lime_budget_2048 seed=0 4.91s
3156 done imagenet vgg13 ILSVRC2012_val_00008588 lime_budget_512 seed=1 1.14s
3157 done imagenet vgg13 ILSVRC2012_val_00008588 kernel_shap_budget_1024 seed=2 2.29s
3158 done imagenet vgg13 ILSVRC2012_val_00008588 rise_budget_512 seed=3 2.61s
3159 done imagenet vgg13 ILSVRC2012_val_00008588 lime_budget_1024 seed=1 2.41s
3160 done imagenet vgg13 ILSVRC2012_val_00008588 kernel_shap_budget_512 seed=2 1.24s
3161 done imagenet vgg13 ILSVRC2012_val_00008588 kernel_shap_budget_2048 seed=4 4.86s
3162 done imagenet vgg13 ILSVRC2012_val_00008588 lime_budget_2048 seed=1 5.07s
3163 done imagenet vgg13 ILSVRC2012_val_00008588 rise_budget_1024 seed=1 5.14s
3164 done imagenet vgg13 ILSVRC2012_val_00008588 rise_budget_2048 seed=4 10.53s
3165 done imagenet vgg13 ILSVRC2012_val_00008588 lime_budget_512 seed=0 1.54s
3166 done imagenet vgg13 ILSVRC2012_val_00008588 lime_budget_512 seed=3 1.38s
3167 done imagenet vgg13 ILSVRC2012_val_00008588 lime_budget_1024 seed=0 2.74s
3168 done imagenet vgg13 ILSVRC2012_val_00008588 lime_budget_2048 seed=3 4.93s
3169 done imagenet vgg13 ILSVRC2012_val_00008588 rise_budget_2048 seed=1 10.43s
3170 done imagenet vgg13 ILSVRC2012_val_00008588 rise_budget_256 seed=4 1.15s
3171 done imagenet vgg13 ILSVRC2012_val_00008588 rise_budget_1024 seed=3 4.80s
3172 done imagenet vgg13 ILSVRC2012_val_00008588 kernel_shap_budget_2048 seed=3 5.03s
3173 done imagenet vgg13 ILSVRC2012_val_00009485 kernel_shap_budget_512 seed=0 1.28s
3174 done imagenet vgg13 ILSVRC2012_val_00009485 kernel_shap_budget_2048 seed=2 4.61s
3175 done imagenet vgg13 ILSVRC2012_val_00009485 rise_budget_256 seed=3 1.19s
3176 done imagenet vgg13 ILSVRC2012_val_00009485 rise_budget_2048 seed=0 10.40s
3177 done imagenet vgg13 ILSVRC2012_val_00009485 lime_budget_1024 seed=2 2.64s
3178 done imagenet vgg13 ILSVRC2012_val_00009485 kernel_shap_budget_256 seed=0 0.66s
3179 done imagenet vgg13 ILSVRC2012_val_00009485 rise_budget_512 seed=4 3.04s
3180 done imagenet vgg13 ILSVRC2012_val_00009485 rise_budget_1024 seed=1 5.10s
3181 done imagenet vgg13 ILSVRC2012_val_00009485 kernel_shap_budget_1024 seed=4 2.22s
3182 done imagenet vgg13 ILSVRC2012_val_00009485 lime_budget_512 seed=3 1.34s
3183 done imagenet vgg13 ILSVRC2012_val_00009485 kernel_shap_budget_256 seed=1 0.55s
3184 done imagenet vgg13 ILSVRC2012_val_00009485 lime_budget_256 seed=1 0.61s
3185 done imagenet vgg13 ILSVRC2012_val_00009485 lime_budget_256 seed=0 0.60s
3186 done imagenet vgg13 ILSVRC2012_val_00009485 kernel_shap_budget_512 seed=3 1.13s
3187 done imagenet vgg13 ILSVRC2012_val_00009485 lime_budget_1024 seed=4 2.32s
3188 done imagenet vgg13 ILSVRC2012_val_00009485 kernel_shap_budget_512 seed=2 1.13s
3189 done imagenet vgg13 ILSVRC2012_val_00009485 kernel_shap_budget_1024 seed=1 2.31s
3190 done imagenet vgg13 ILSVRC2012_val_00009485 rise_budget_1024 seed=0 5.58s
3191 done imagenet vgg13 ILSVRC2012_val_00009485 kernel_shap_budget_2048 seed=1 4.39s
3192 done imagenet vgg13 ILSVRC2012_val_00009485 kernel_shap_budget_1024 seed=0 2.26s
3193 done imagenet vgg13 ILSVRC2012_val_00009485 ablation_default seed=None 0.19s
3194 done imagenet vgg13 ILSVRC2012_val_00009485 rise_budget_512 seed=0 2.44s
3195 done imagenet vgg13 ILSVRC2012_val_00009485 rise_budget_2048 seed=2 8.17s
3196 done imagenet vgg13 ILSVRC2012_val_00009485 kernel_shap_budget_512 seed=4 1.24s
3197 done imagenet vgg13 ILSVRC2012_val_00009485 lime_budget_256 seed=4 0.60s
3198 done imagenet vgg13 ILSVRC2012_val_00009485 kernel_shap_budget_256 seed=3 0.61s
3199 done imagenet vgg13 ILSVRC2012_val_00009485 kernel_shap_budget_512 seed=1 1.17s
3200 done imagenet vgg13 ILSVRC2012_val_00009485 rise_budget_512 seed=1 2.49s
3201 done imagenet vgg13 ILSVRC2012_val_00009485 rise_budget_256 seed=2 1.51s
3202 done imagenet vgg13 ILSVRC2012_val_00009485 lime_budget_2048 seed=1 5.39s
3203 done imagenet vgg13 ILSVRC2012_val_00009485 kernel_shap_budget_256 seed=2 0.69s
3204 done imagenet vgg13 ILSVRC2012_val_00009485 rise_budget_1024 seed=2 5.29s
3205 done imagenet vgg13 ILSVRC2012_val_00009485 rise_budget_2048 seed=1 10.58s
3206 done imagenet vgg13 ILSVRC2012_val_00009485 rise_budget_512 seed=2 2.63s
3207 done imagenet vgg13 ILSVRC2012_val_00009485 rise_budget_1024 seed=3 4.76s
3208 done imagenet vgg13 ILSVRC2012_val_00009485 kernel_shap_budget_2048 seed=4 4.76s
3209 done imagenet vgg13 ILSVRC2012_val_00009485 lime_budget_2048 seed=4 4.86s
3210 done imagenet vgg13 ILSVRC2012_val_00009485 lime_budget_512 seed=1 1.33s
3211 done imagenet vgg13 ILSVRC2012_val_00009485 lime_budget_2048 seed=0 4.73s
3212 done imagenet vgg13 ILSVRC2012_val_00009485 kernel_shap_budget_2048 seed=0 4.61s
3213 done imagenet vgg13 ILSVRC2012_val_00009485 lime_budget_512 seed=0 1.35s
3214 done imagenet vgg13 ILSVRC2012_val_00009485 lime_budget_1024 seed=0 2.59s
3215 done imagenet vgg13 ILSVRC2012_val_00009485 lime_budget_256 seed=3 0.85s
3216 done imagenet vgg13 ILSVRC2012_val_00009485 lime_budget_512 seed=2 1.38s
3217 done imagenet vgg13 ILSVRC2012_val_00009485 kernel_shap_budget_2048 seed=3 4.82s
3218 done imagenet vgg13 ILSVRC2012_val_00009485 kernel_shap_budget_1024 seed=2 2.26s
3219 done imagenet vgg13 ILSVRC2012_val_00009485 lime_budget_2048 seed=2 5.01s
3220 done imagenet vgg13 ILSVRC2012_val_00009485 lime_budget_2048 seed=3 4.85s
3221 done imagenet vgg13 ILSVRC2012_val_00009485 kernel_shap_budget_1024 seed=3 2.39s
3222 done imagenet vgg13 ILSVRC2012_val_00009485 rise_budget_256 seed=4 1.30s
3223 done imagenet vgg13 ILSVRC2012_val_00009485 kernel_shap_budget_256 seed=4 0.64s
3224 done imagenet vgg13 ILSVRC2012_val_00009485 rise_budget_2048 seed=4 9.80s
3225 done imagenet vgg13 ILSVRC2012_val_00009485 rise_budget_256 seed=1 1.26s
3226 done imagenet vgg13 ILSVRC2012_val_00009485 lime_budget_256 seed=2 0.72s
3227 done imagenet vgg13 ILSVRC2012_val_00009485 rise_budget_2048 seed=3 10.92s
3228 done imagenet vgg13 ILSVRC2012_val_00009485 lime_budget_1024 seed=1 2.67s
3229 done imagenet vgg13 ILSVRC2012_val_00009485 rise_budget_1024 seed=4 5.33s
3230 done imagenet vgg13 ILSVRC2012_val_00009485 rise_budget_256 seed=0 1.32s
3231 done imagenet vgg13 ILSVRC2012_val_00009485 rise_budget_512 seed=3 2.47s
3232 done imagenet vgg13 ILSVRC2012_val_00009485 lime_budget_1024 seed=3 2.49s
3233 done imagenet vgg13 ILSVRC2012_val_00009485 lime_budget_512 seed=4 1.13s
3234 done imagenet vgg13 ILSVRC2012_val_00010183 lime_budget_1024 seed=4 2.27s
3235 done imagenet vgg13 ILSVRC2012_val_00010183 lime_budget_256 seed=1 0.55s
3236 done imagenet vgg13 ILSVRC2012_val_00010183 kernel_shap_budget_256 seed=3 0.55s
3237 done imagenet vgg13 ILSVRC2012_val_00010183 lime_budget_2048 seed=3 4.21s
3238 done imagenet vgg13 ILSVRC2012_val_00010183 lime_budget_1024 seed=2 2.43s
3239 done imagenet vgg13 ILSVRC2012_val_00010183 lime_budget_1024 seed=3 2.61s
3240 done imagenet vgg13 ILSVRC2012_val_00010183 kernel_shap_budget_256 seed=4 0.59s
3241 done imagenet vgg13 ILSVRC2012_val_00010183 rise_budget_2048 seed=3 11.10s
3242 done imagenet vgg13 ILSVRC2012_val_00010183 kernel_shap_budget_1024 seed=0 2.56s
3243 done imagenet vgg13 ILSVRC2012_val_00010183 lime_budget_512 seed=0 1.32s
3244 done imagenet vgg13 ILSVRC2012_val_00010183 rise_budget_256 seed=3 1.19s
3245 done imagenet vgg13 ILSVRC2012_val_00010183 lime_budget_2048 seed=0 4.37s
3246 done imagenet vgg13 ILSVRC2012_val_00010183 kernel_shap_budget_2048 seed=1 4.40s
3247 done imagenet vgg13 ILSVRC2012_val_00010183 kernel_shap_budget_256 seed=0 0.56s
3248 done imagenet vgg13 ILSVRC2012_val_00010183 kernel_shap_budget_1024 seed=3 2.47s
3249 done imagenet vgg13 ILSVRC2012_val_00010183 kernel_shap_budget_256 seed=1 0.57s
3250 done imagenet vgg13 ILSVRC2012_val_00010183 rise_budget_1024 seed=0 5.67s
3251 done imagenet vgg13 ILSVRC2012_val_00010183 kernel_shap_budget_2048 seed=4 5.24s
3252 done imagenet vgg13 ILSVRC2012_val_00010183 lime_budget_256 seed=0 0.90s
3253 done imagenet vgg13 ILSVRC2012_val_00010183 rise_budget_2048 seed=1 10.42s
3254 done imagenet vgg13 ILSVRC2012_val_00010183 rise_budget_2048 seed=0 9.62s
3255 done imagenet vgg13 ILSVRC2012_val_00010183 kernel_shap_budget_512 seed=3 1.31s
3256 done imagenet vgg13 ILSVRC2012_val_00010183 rise_budget_1024 seed=2 5.10s
3257 done imagenet vgg13 ILSVRC2012_val_00010183 lime_budget_1024 seed=0 2.60s
3258 done imagenet vgg13 ILSVRC2012_val_00010183 kernel_shap_budget_512 seed=4 1.31s
3259 done imagenet vgg13 ILSVRC2012_val_00010183 rise_budget_1024 seed=4 5.50s
3260 done imagenet vgg13 ILSVRC2012_val_00010183 rise_budget_512 seed=0 2.91s
3261 done imagenet vgg13 ILSVRC2012_val_00010183 lime_budget_2048 seed=4 5.03s
3262 done imagenet vgg13 ILSVRC2012_val_00010183 kernel_shap_budget_256 seed=2 0.64s
3263 done imagenet vgg13 ILSVRC2012_val_00010183 lime_budget_512 seed=3 1.44s
3264 done imagenet vgg13 ILSVRC2012_val_00010183 rise_budget_256 seed=4 1.33s
3265 done imagenet vgg13 ILSVRC2012_val_00010183 rise_budget_512 seed=1 2.62s
3266 done imagenet vgg13 ILSVRC2012_val_00010183 kernel_shap_budget_1024 seed=4 2.52s
3267 done imagenet vgg13 ILSVRC2012_val_00010183 lime_budget_512 seed=1 1.23s
3268 done imagenet vgg13 ILSVRC2012_val_00010183 lime_budget_512 seed=4 1.19s
3269 done imagenet vgg13 ILSVRC2012_val_00010183 rise_budget_2048 seed=2 9.53s
3270 done imagenet vgg13 ILSVRC2012_val_00010183 lime_budget_512 seed=2 1.14s
3271 done imagenet vgg13 ILSVRC2012_val_00010183 lime_budget_1024 seed=1 2.29s
3272 done imagenet vgg13 ILSVRC2012_val_00010183 lime_budget_256 seed=2 0.68s
3273 done imagenet vgg13 ILSVRC2012_val_00010183 lime_budget_2048 seed=1 5.11s
3274 done imagenet vgg13 ILSVRC2012_val_00010183 kernel_shap_budget_2048 seed=3 4.61s
3275 done imagenet vgg13 ILSVRC2012_val_00010183 rise_budget_512 seed=4 2.63s
3276 done imagenet vgg13 ILSVRC2012_val_00010183 kernel_shap_budget_1024 seed=1 2.50s
3277 done imagenet vgg13 ILSVRC2012_val_00010183 rise_budget_512 seed=2 2.71s
3278 done imagenet vgg13 ILSVRC2012_val_00010183 lime_budget_256 seed=3 0.71s
3279 done imagenet vgg13 ILSVRC2012_val_00010183 rise_budget_256 seed=1 1.52s
3280 done imagenet vgg13 ILSVRC2012_val_00010183 rise_budget_256 seed=2 1.30s
3281 done imagenet vgg13 ILSVRC2012_val_00010183 kernel_shap_budget_512 seed=0 1.15s
3282 done imagenet vgg13 ILSVRC2012_val_00010183 kernel_shap_budget_2048 seed=0 4.47s
3283 done imagenet vgg13 ILSVRC2012_val_00010183 lime_budget_2048 seed=2 4.76s
3284 done imagenet vgg13 ILSVRC2012_val_00010183 rise_budget_256 seed=0 1.08s
3285 done imagenet vgg13 ILSVRC2012_val_00010183 ablation_default seed=None 0.15s
3286 done imagenet vgg13 ILSVRC2012_val_00010183 rise_budget_2048 seed=4 10.41s
3287 done imagenet vgg13 ILSVRC2012_val_00010183 lime_budget_256 seed=4 0.64s
3288 done imagenet vgg13 ILSVRC2012_val_00010183 kernel_shap_budget_512 seed=1 1.17s
3289 done imagenet vgg13 ILSVRC2012_val_00010183 kernel_shap_budget_1024 seed=2 2.56s
3290 done imagenet vgg13 ILSVRC2012_val_00010183 rise_budget_512 seed=3 2.43s
3291 done imagenet vgg13 ILSVRC2012_val_00010183 kernel_shap_budget_512 seed=2 1.27s
3292 done imagenet vgg13 ILSVRC2012_val_00010183 rise_budget_1024 seed=1 5.00s
3293 done imagenet vgg13 ILSVRC2012_val_00010183 kernel_shap_budget_2048 seed=2 4.48s
3294 done imagenet vgg13 ILSVRC2012_val_00010183 rise_budget_1024 seed=3 4.81s
3295 done imagenet vgg13 ILSVRC2012_val_00011510 lime_budget_2048 seed=1 4.60s
3296 done imagenet vgg13 ILSVRC2012_val_00011510 rise_budget_2048 seed=1 9.06s
3297 done imagenet vgg13 ILSVRC2012_val_00011510 ablation_default seed=None 0.17s
3298 done imagenet vgg13 ILSVRC2012_val_00011510 rise_budget_256 seed=1 1.22s
3299 done imagenet vgg13 ILSVRC2012_val_00011510 lime_budget_256 seed=4 0.63s
3300 done imagenet vgg13 ILSVRC2012_val_00011510 rise_budget_2048 seed=0 8.87s
3301 done imagenet vgg13 ILSVRC2012_val_00011510 rise_budget_256 seed=2 0.88s
3302 done imagenet vgg13 ILSVRC2012_val_00011510 kernel_shap_budget_2048 seed=4 4.44s
3303 done imagenet vgg13 ILSVRC2012_val_00011510 rise_budget_2048 seed=2 8.21s
3304 done imagenet vgg13 ILSVRC2012_val_00011510 rise_budget_256 seed=3 1.21s
3305 done imagenet vgg13 ILSVRC2012_val_00011510 kernel_shap_budget_256 seed=1 0.56s
3306 done imagenet vgg13 ILSVRC2012_val_00011510 kernel_shap_budget_512 seed=0 1.12s
3307 done imagenet vgg13 ILSVRC2012_val_00011510 lime_budget_1024 seed=3 2.18s
3308 done imagenet vgg13 ILSVRC2012_val_00011510 rise_budget_512 seed=3 2.16s
3309 done imagenet vgg13 ILSVRC2012_val_00011510 kernel_shap_budget_1024 seed=2 2.53s
3310 done imagenet vgg13 ILSVRC2012_val_00011510 kernel_shap_budget_512 seed=4 1.25s
3311 done imagenet vgg13 ILSVRC2012_val_00011510 rise_budget_1024 seed=1 5.04s
3312 done imagenet vgg13 ILSVRC2012_val_00011510 lime_budget_2048 seed=3 4.44s
3313 done imagenet vgg13 ILSVRC2012_val_00011510 lime_budget_2048 seed=4 4.77s
3314 done imagenet vgg13 ILSVRC2012_val_00011510 kernel_shap_budget_1024 seed=1 2.37s
3315 done imagenet vgg13 ILSVRC2012_val_00011510 rise_budget_1024 seed=4 4.50s
3316 done imagenet vgg13 ILSVRC2012_val_00011510 lime_budget_256 seed=3 0.68s
3317 done imagenet vgg13 ILSVRC2012_val_00011510 lime_budget_512 seed=0 1.20s
3318 done imagenet vgg13 ILSVRC2012_val_00011510 rise_budget_256 seed=4 1.18s
3319 done imagenet vgg13 ILSVRC2012_val_00011510 lime_budget_1024 seed=2 2.31s
3320 done imagenet vgg13 ILSVRC2012_val_00011510 rise_budget_512 seed=0 2.44s
3321 done imagenet vgg13 ILSVRC2012_val_00011510 rise_budget_2048 seed=4 9.60s
3322 done imagenet vgg13 ILSVRC2012_val_00011510 lime_budget_512 seed=3 1.16s
3323 done imagenet vgg13 ILSVRC2012_val_00011510 rise_budget_256 seed=0 1.12s
3324 done imagenet vgg13 ILSVRC2012_val_00011510 kernel_shap_budget_1024 seed=0 2.47s
3325 done imagenet vgg13 ILSVRC2012_val_00011510 kernel_shap_budget_512 seed=3 1.38s
3326 done imagenet vgg13 ILSVRC2012_val_00011510 rise_budget_1024 seed=0 5.54s
3327 done imagenet vgg13 ILSVRC2012_val_00011510 kernel_shap_budget_512 seed=2 1.27s
3328 done imagenet vgg13 ILSVRC2012_val_00011510 rise_budget_1024 seed=2 5.16s
3329 done imagenet vgg13 ILSVRC2012_val_00011510 rise_budget_2048 seed=3 9.78s
3330 done imagenet vgg13 ILSVRC2012_val_00011510 lime_budget_1024 seed=4 2.59s
3331 done imagenet vgg13 ILSVRC2012_val_00011510 lime_budget_1024 seed=0 2.64s
3332 done imagenet vgg13 ILSVRC2012_val_00011510 rise_budget_1024 seed=3 4.82s
3333 done imagenet vgg13 ILSVRC2012_val_00011510 lime_budget_512 seed=2 1.33s
3334 done imagenet vgg13 ILSVRC2012_val_00011510 lime_budget_256 seed=1 0.67s
3335 done imagenet vgg13 ILSVRC2012_val_00011510 lime_budget_512 seed=1 1.32s
3336 done imagenet vgg13 ILSVRC2012_val_00011510 lime_budget_2048 seed=0 4.89s
3337 done imagenet vgg13 ILSVRC2012_val_00011510 kernel_shap_budget_1024 seed=3 2.26s
3338 done imagenet vgg13 ILSVRC2012_val_00011510 lime_budget_2048 seed=2 4.92s
3339 done imagenet vgg13 ILSVRC2012_val_00011510 kernel_shap_budget_2048 seed=0 5.16s
3340 done imagenet vgg13 ILSVRC2012_val_00011510 kernel_shap_budget_256 seed=2 0.64s
3341 done imagenet vgg13 ILSVRC2012_val_00011510 rise_budget_512 seed=1 2.92s
3342 done imagenet vgg13 ILSVRC2012_val_00011510 rise_budget_512 seed=4 2.89s
3343 done imagenet vgg13 ILSVRC2012_val_00011510 lime_budget_256 seed=0 0.98s
3344 done imagenet vgg13 ILSVRC2012_val_00011510 lime_budget_1024 seed=1 2.77s
3345 done imagenet vgg13 ILSVRC2012_val_00011510 kernel_shap_budget_2048 seed=2 4.89s
3346 done imagenet vgg13 ILSVRC2012_val_00011510 kernel_shap_budget_1024 seed=4 2.25s
3347 done imagenet vgg13 ILSVRC2012_val_00011510 lime_budget_512 seed=4 1.09s
3348 done imagenet vgg13 ILSVRC2012_val_00011510 rise_budget_512 seed=2 2.22s
3349 done imagenet vgg13 ILSVRC2012_val_00011510 kernel_shap_budget_256 seed=4 0.64s
3350 done imagenet vgg13 ILSVRC2012_val_00011510 kernel_shap_budget_256 seed=3 0.57s
3351 done imagenet vgg13 ILSVRC2012_val_00011510 kernel_shap_budget_2048 seed=1 4.71s
3352 done imagenet vgg13 ILSVRC2012_val_00011510 lime_budget_256 seed=2 0.57s
3353 done imagenet vgg13 ILSVRC2012_val_00011510 kernel_shap_budget_512 seed=1 1.20s
3354 done imagenet vgg13 ILSVRC2012_val_00011510 kernel_shap_budget_256 seed=0 0.57s
3355 done imagenet vgg13 ILSVRC2012_val_00011510 kernel_shap_budget_2048 seed=3 4.43s
3356 done imagenet vgg13 ILSVRC2012_val_00012267 kernel_shap_budget_256 seed=0 0.55s
3357 done imagenet vgg13 ILSVRC2012_val_00012267 rise_budget_1024 seed=2 4.87s
3358 done imagenet vgg13 ILSVRC2012_val_00012267 rise_budget_512 seed=2 2.77s
3359 done imagenet vgg13 ILSVRC2012_val_00012267 kernel_shap_budget_2048 seed=3 4.63s
3360 done imagenet vgg13 ILSVRC2012_val_00012267 lime_budget_1024 seed=2 2.39s
3361 done imagenet vgg13 ILSVRC2012_val_00012267 kernel_shap_budget_512 seed=2 1.22s
3362 done imagenet vgg13 ILSVRC2012_val_00012267 kernel_shap_budget_2048 seed=1 4.83s
3363 done imagenet vgg13 ILSVRC2012_val_00012267 lime_budget_1024 seed=3 2.27s
3364 done imagenet vgg13 ILSVRC2012_val_00012267 lime_budget_2048 seed=2 4.45s
3365 done imagenet vgg13 ILSVRC2012_val_00012267 kernel_shap_budget_2048 seed=0 4.64s
3366 done imagenet vgg13 ILSVRC2012_val_00012267 lime_budget_2048 seed=3 5.20s
3367 done imagenet vgg13 ILSVRC2012_val_00012267 lime_budget_512 seed=3 1.25s
3368 done imagenet vgg13 ILSVRC2012_val_00012267 rise_budget_2048 seed=3 10.67s
3369 done imagenet vgg13 ILSVRC2012_val_00012267 rise_budget_1024 seed=4 5.29s
3370 done imagenet vgg13 ILSVRC2012_val_00012267 lime_budget_256 seed=2 0.64s
3371 done imagenet vgg13 ILSVRC2012_val_00012267 rise_budget_1024 seed=0 5.86s
3372 done imagenet vgg13 ILSVRC2012_val_00012267 kernel_shap_budget_256 seed=1 0.64s
3373 done imagenet vgg13 ILSVRC2012_val_00012267 lime_budget_2048 seed=1 4.94s
3374 done imagenet vgg13 ILSVRC2012_val_00012267 kernel_shap_budget_512 seed=0 1.14s
3375 done imagenet vgg13 ILSVRC2012_val_00012267 kernel_shap_budget_2048 seed=2 4.55s
3376 done imagenet vgg13 ILSVRC2012_val_00012267 lime_budget_1024 seed=1 2.54s
3377 done imagenet vgg13 ILSVRC2012_val_00012267 lime_budget_256 seed=0 0.59s
3378 done imagenet vgg13 ILSVRC2012_val_00012267 lime_budget_512 seed=4 1.08s
3379 done imagenet vgg13 ILSVRC2012_val_00012267 kernel_shap_budget_1024 seed=2 2.33s
3380 done imagenet vgg13 ILSVRC2012_val_00012267 lime_budget_1024 seed=4 2.24s
3381 done imagenet vgg13 ILSVRC2012_val_00012267 lime_budget_512 seed=2 1.17s
3382 done imagenet vgg13 ILSVRC2012_val_00012267 lime_budget_1024 seed=0 2.24s
3383 done imagenet vgg13 ILSVRC2012_val_00012267 rise_budget_2048 seed=1 8.37s
3384 done imagenet vgg13 ILSVRC2012_val_00012267 kernel_shap_budget_512 seed=4 1.14s
3385 done imagenet vgg13 ILSVRC2012_val_00012267 rise_budget_512 seed=1 2.20s
3386 done imagenet vgg13 ILSVRC2012_val_00012267 rise_budget_1024 seed=1 4.68s
3387 done imagenet vgg13 ILSVRC2012_val_00012267 rise_budget_2048 seed=0 10.58s
3388 done imagenet vgg13 ILSVRC2012_val_00012267 ablation_default seed=None 0.17s
3389 done imagenet vgg13 ILSVRC2012_val_00012267 kernel_shap_budget_1024 seed=3 2.38s
3390 done imagenet vgg13 ILSVRC2012_val_00012267 rise_budget_512 seed=3 2.31s
3391 done imagenet vgg13 ILSVRC2012_val_00012267 rise_budget_256 seed=2 1.25s
3392 done imagenet vgg13 ILSVRC2012_val_00012267 lime_budget_512 seed=0 1.38s
3393 done imagenet vgg13 ILSVRC2012_val_00012267 rise_budget_256 seed=1 1.25s
3394 done imagenet vgg13 ILSVRC2012_val_00012267 rise_budget_512 seed=0 2.42s
3395 done imagenet vgg13 ILSVRC2012_val_00012267 lime_budget_2048 seed=0 5.01s
3396 done imagenet vgg13 ILSVRC2012_val_00012267 lime_budget_512 seed=1 1.18s
3397 done imagenet vgg13 ILSVRC2012_val_00012267 rise_budget_256 seed=3 1.13s
3398 done imagenet vgg13 ILSVRC2012_val_00012267 lime_budget_256 seed=1 0.59s
3399 done imagenet vgg13 ILSVRC2012_val_00012267 kernel_shap_budget_1024 seed=1 2.21s
3400 done imagenet vgg13 ILSVRC2012_val_00012267 kernel_shap_budget_512 seed=3 1.16s
3401 done imagenet vgg13 ILSVRC2012_val_00012267 rise_budget_512 seed=4 2.70s
3402 done imagenet vgg13 ILSVRC2012_val_00012267 kernel_shap_budget_256 seed=4 0.71s
3403 done imagenet vgg13 ILSVRC2012_val_00012267 rise_budget_2048 seed=2 10.31s
3404 done imagenet vgg13 ILSVRC2012_val_00012267 lime_budget_256 seed=4 0.57s
3405 done imagenet vgg13 ILSVRC2012_val_00012267 rise_budget_1024 seed=3 3.61s
3406 done imagenet vgg13 ILSVRC2012_val_00012267 kernel_shap_budget_1024 seed=0 2.17s
3407 done imagenet vgg13 ILSVRC2012_val_00012267 kernel_shap_budget_1024 seed=4 2.54s
3408 done imagenet vgg13 ILSVRC2012_val_00012267 rise_budget_256 seed=0 1.36s
3409 done imagenet vgg13 ILSVRC2012_val_00012267 kernel_shap_budget_2048 seed=4 4.41s
3410 done imagenet vgg13 ILSVRC2012_val_00012267 kernel_shap_budget_512 seed=1 1.15s
3411 done imagenet vgg13 ILSVRC2012_val_00012267 rise_budget_2048 seed=4 10.46s
3412 done imagenet vgg13 ILSVRC2012_val_00012267 rise_budget_256 seed=4 1.30s
3413 done imagenet vgg13 ILSVRC2012_val_00012267 lime_budget_2048 seed=4 4.82s
3414 done imagenet vgg13 ILSVRC2012_val_00012267 lime_budget_256 seed=3 0.55s
3415 done imagenet vgg13 ILSVRC2012_val_00012267 kernel_shap_budget_256 seed=2 0.55s
3416 done imagenet vgg13 ILSVRC2012_val_00012267 kernel_shap_budget_256 seed=3 0.61s
3417 done imagenet vgg13 ILSVRC2012_val_00013432 rise_budget_1024 seed=2 5.67s
3418 done imagenet vgg13 ILSVRC2012_val_00013432 lime_budget_512 seed=0 1.36s
3419 done imagenet vgg13 ILSVRC2012_val_00013432 lime_budget_2048 seed=3 4.91s
3420 done imagenet vgg13 ILSVRC2012_val_00013432 rise_budget_2048 seed=0 10.21s
3421 done imagenet vgg13 ILSVRC2012_val_00013432 kernel_shap_budget_256 seed=4 0.59s
3422 done imagenet vgg13 ILSVRC2012_val_00013432 kernel_shap_budget_2048 seed=2 4.70s
3423 done imagenet vgg13 ILSVRC2012_val_00013432 rise_budget_2048 seed=4 11.52s
3424 done imagenet vgg13 ILSVRC2012_val_00013432 rise_budget_256 seed=4 1.19s
3425 done imagenet vgg13 ILSVRC2012_val_00013432 kernel_shap_budget_1024 seed=0 2.30s
3426 done imagenet vgg13 ILSVRC2012_val_00013432 lime_budget_1024 seed=2 2.29s
3427 done imagenet vgg13 ILSVRC2012_val_00013432 kernel_shap_budget_256 seed=1 0.55s
3428 done imagenet vgg13 ILSVRC2012_val_00013432 kernel_shap_budget_1024 seed=1 2.28s
3429 done imagenet vgg13 ILSVRC2012_val_00013432 rise_budget_256 seed=1 0.91s
3430 done imagenet vgg13 ILSVRC2012_val_00013432 kernel_shap_budget_1024 seed=2 2.42s
3431 done imagenet vgg13 ILSVRC2012_val_00013432 kernel_shap_budget_256 seed=3 0.61s
3432 done imagenet vgg13 ILSVRC2012_val_00013432 kernel_shap_budget_2048 seed=0 4.81s
3433 done imagenet vgg13 ILSVRC2012_val_00013432 lime_budget_512 seed=2 1.36s
3434 done imagenet vgg13 ILSVRC2012_val_00013432 kernel_shap_budget_2048 seed=4 4.55s
3435 done imagenet vgg13 ILSVRC2012_val_00013432 kernel_shap_budget_512 seed=3 1.40s
3436 done imagenet vgg13 ILSVRC2012_val_00013432 rise_budget_1024 seed=3 4.99s
3437 done imagenet vgg13 ILSVRC2012_val_00013432 rise_budget_1024 seed=1 6.11s
3438 done imagenet vgg13 ILSVRC2012_val_00013432 rise_budget_2048 seed=1 8.61s
3439 done imagenet vgg13 ILSVRC2012_val_00013432 lime_budget_2048 seed=4 4.58s
3440 done imagenet vgg13 ILSVRC2012_val_00013432 kernel_shap_budget_256 seed=2 0.63s
3441 done imagenet vgg13 ILSVRC2012_val_00013432 kernel_shap_budget_512 seed=1 1.28s
3442 done imagenet vgg13 ILSVRC2012_val_00013432 ablation_default seed=None 0.17s
3443 done imagenet vgg13 ILSVRC2012_val_00013432 rise_budget_2048 seed=3 8.38s
3444 done imagenet vgg13 ILSVRC2012_val_00013432 kernel_shap_budget_512 seed=4 1.24s
3445 done imagenet vgg13 ILSVRC2012_val_00013432 lime_budget_2048 seed=0 5.00s
3446 done imagenet vgg13 ILSVRC2012_val_00013432 lime_budget_512 seed=1 1.15s
3447 done imagenet vgg13 ILSVRC2012_val_00013432 lime_budget_256 seed=4 0.56s
3448 done imagenet vgg13 ILSVRC2012_val_00013432 rise_budget_512 seed=3 1.83s
3449 done imagenet vgg13 ILSVRC2012_val_00013432 rise_budget_256 seed=0 1.02s
3450 done imagenet vgg13 ILSVRC2012_val_00013432 rise_budget_512 seed=4 1.70s
3451 done imagenet vgg13 ILSVRC2012_val_00013432 lime_budget_1024 seed=3 2.22s
3452 done imagenet vgg13 ILSVRC2012_val_00013432 rise_budget_512 seed=2 1.66s
3453 done imagenet vgg13 ILSVRC2012_val_00013432 lime_budget_1024 seed=4 2.25s
3454 done imagenet vgg13 ILSVRC2012_val_00013432 lime_budget_256 seed=0 0.68s
3455 done imagenet vgg13 ILSVRC2012_val_00013432 lime_budget_256 seed=3 0.73s
3456 done imagenet vgg13 ILSVRC2012_val_00013432 lime_budget_1024 seed=1 2.60s
3457 done imagenet vgg13 ILSVRC2012_val_00013432 kernel_shap_budget_512 seed=2 1.30s
3458 done imagenet vgg13 ILSVRC2012_val_00013432 rise_budget_256 seed=3 1.31s
3459 done imagenet vgg13 ILSVRC2012_val_00013432 rise_budget_256 seed=2 1.27s
3460 done imagenet vgg13 ILSVRC2012_val_00013432 rise_budget_1024 seed=0 5.27s
3461 done imagenet vgg13 ILSVRC2012_val_00013432 lime_budget_512 seed=3 1.36s
3462 done imagenet vgg13 ILSVRC2012_val_00013432 lime_budget_256 seed=2 0.64s
3463 done imagenet vgg13 ILSVRC2012_val_00013432 rise_budget_1024 seed=4 5.22s
3464 done imagenet vgg13 ILSVRC2012_val_00013432 rise_budget_512 seed=1 2.36s
3465 done imagenet vgg13 ILSVRC2012_val_00013432 rise_budget_2048 seed=2 10.15s
3466 done imagenet vgg13 ILSVRC2012_val_00013432 lime_budget_1024 seed=0 2.43s
3467 done imagenet vgg13 ILSVRC2012_val_00013432 kernel_shap_budget_1024 seed=3 2.51s
3468 done imagenet vgg13 ILSVRC2012_val_00013432 lime_budget_2048 seed=2 5.44s
3469 done imagenet vgg13 ILSVRC2012_val_00013432 kernel_shap_budget_2048 seed=3 5.12s
3470 done imagenet vgg13 ILSVRC2012_val_00013432 kernel_shap_budget_512 seed=0 1.18s
3471 done imagenet vgg13 ILSVRC2012_val_00013432 kernel_shap_budget_1024 seed=4 2.41s
3472 done imagenet vgg13 ILSVRC2012_val_00013432 lime_budget_2048 seed=1 5.05s
3473 done imagenet vgg13 ILSVRC2012_val_00013432 kernel_shap_budget_256 seed=0 0.58s
3474 done imagenet vgg13 ILSVRC2012_val_00013432 lime_budget_512 seed=4 1.16s
3475 done imagenet vgg13 ILSVRC2012_val_00013432 rise_budget_512 seed=0 2.21s
3476 done imagenet vgg13 ILSVRC2012_val_00013432 lime_budget_256 seed=1 0.61s
3477 done imagenet vgg13 ILSVRC2012_val_00013432 kernel_shap_budget_2048 seed=1 4.48s
3478 done imagenet vgg13 ILSVRC2012_val_00013800 rise_budget_2048 seed=4 9.64s
3479 done imagenet vgg13 ILSVRC2012_val_00013800 kernel_shap_budget_512 seed=3 1.23s
3480 done imagenet vgg13 ILSVRC2012_val_00013800 lime_budget_512 seed=4 1.17s
3481 done imagenet vgg13 ILSVRC2012_val_00013800 ablation_default seed=None 0.17s
3482 done imagenet vgg13 ILSVRC2012_val_00013800 lime_budget_256 seed=1 0.70s
3483 done imagenet vgg13 ILSVRC2012_val_00013800 kernel_shap_budget_256 seed=3 0.69s
3484 done imagenet vgg13 ILSVRC2012_val_00013800 rise_budget_512 seed=4 3.10s
3485 done imagenet vgg13 ILSVRC2012_val_00013800 kernel_shap_budget_256 seed=2 0.70s
3486 done imagenet vgg13 ILSVRC2012_val_00013800 rise_budget_2048 seed=2 9.51s
3487 done imagenet vgg13 ILSVRC2012_val_00013800 rise_budget_1024 seed=2 4.54s
3488 done imagenet vgg13 ILSVRC2012_val_00013800 lime_budget_1024 seed=4 2.36s
3489 done imagenet vgg13 ILSVRC2012_val_00013800 lime_budget_1024 seed=2 2.72s
3490 done imagenet vgg13 ILSVRC2012_val_00013800 lime_budget_1024 seed=0 2.75s
3491 done imagenet vgg13 ILSVRC2012_val_00013800 kernel_shap_budget_1024 seed=1 2.51s
3492 done imagenet vgg13 ILSVRC2012_val_00013800 lime_budget_512 seed=0 1.52s
3493 done imagenet vgg13 ILSVRC2012_val_00013800 rise_budget_512 seed=2 2.63s
3494 done imagenet vgg13 ILSVRC2012_val_00013800 rise_budget_256 seed=4 1.14s
3495 done imagenet vgg13 ILSVRC2012_val_00013800 lime_budget_512 seed=2 1.22s
3496 done imagenet vgg13 ILSVRC2012_val_00013800 kernel_shap_budget_2048 seed=4 5.06s
3497 done imagenet vgg13 ILSVRC2012_val_00013800 lime_budget_256 seed=4 0.62s
3498 done imagenet vgg13 ILSVRC2012_val_00013800 rise_budget_512 seed=3 2.41s
3499 done imagenet vgg13 ILSVRC2012_val_00013800 lime_budget_2048 seed=4 5.00s
3500 done imagenet vgg13 ILSVRC2012_val_00013800 kernel_shap_budget_256 seed=4 0.63s
3501 done imagenet vgg13 ILSVRC2012_val_00013800 kernel_shap_budget_1024 seed=0 2.49s
3502 done imagenet vgg13 ILSVRC2012_val_00013800 kernel_shap_budget_512 seed=0 1.23s
3503 done imagenet vgg13 ILSVRC2012_val_00013800 lime_budget_256 seed=3 0.72s
3504 done imagenet vgg13 ILSVRC2012_val_00013800 lime_budget_2048 seed=0 4.83s
3505 done imagenet vgg13 ILSVRC2012_val_00013800 kernel_shap_budget_512 seed=2 1.13s
3506 done imagenet vgg13 ILSVRC2012_val_00013800 lime_budget_1024 seed=3 2.48s
3507 done imagenet vgg13 ILSVRC2012_val_00013800 lime_budget_512 seed=1 1.23s
3508 done imagenet vgg13 ILSVRC2012_val_00013800 kernel_shap_budget_512 seed=4 1.26s
3509 done imagenet vgg13 ILSVRC2012_val_00013800 rise_budget_256 seed=3 1.22s
3510 done imagenet vgg13 ILSVRC2012_val_00013800 kernel_shap_budget_512 seed=1 1.28s
3511 done imagenet vgg13 ILSVRC2012_val_00013800 rise_budget_2048 seed=3 9.39s
3512 done imagenet vgg13 ILSVRC2012_val_00013800 rise_budget_2048 seed=0 10.63s
3513 done imagenet vgg13 ILSVRC2012_val_00013800 rise_budget_256 seed=2 1.23s
3514 done imagenet vgg13 ILSVRC2012_val_00013800 kernel_shap_budget_2048 seed=3 4.57s
3515 done imagenet vgg13 ILSVRC2012_val_00013800 rise_budget_1024 seed=4 3.77s
3516 done imagenet vgg13 ILSVRC2012_val_00013800 kernel_shap_budget_256 seed=0 0.56s
3517 done imagenet vgg13 ILSVRC2012_val_00013800 rise_budget_256 seed=0 1.16s
3518 done imagenet vgg13 ILSVRC2012_val_00013800 kernel_shap_budget_256 seed=1 0.65s
3519 done imagenet vgg13 ILSVRC2012_val_00013800 rise_budget_2048 seed=1 10.31s
3520 done imagenet vgg13 ILSVRC2012_val_00013800 rise_budget_512 seed=0 2.67s
3521 done imagenet vgg13 ILSVRC2012_val_00013800 lime_budget_512 seed=3 1.44s
3522 done imagenet vgg13 ILSVRC2012_val_00013800 kernel_shap_budget_1024 seed=2 2.58s
3523 done imagenet vgg13 ILSVRC2012_val_00013800 kernel_shap_budget_2048 seed=0 4.87s
3524 done imagenet vgg13 ILSVRC2012_val_00013800 kernel_shap_budget_1024 seed=4 2.70s
3525 done imagenet vgg13 ILSVRC2012_val_00013800 rise_budget_1024 seed=1 5.67s
3526 done imagenet vgg13 ILSVRC2012_val_00013800 rise_budget_256 seed=1 1.34s
3527 done imagenet vgg13 ILSVRC2012_val_00013800 rise_budget_1024 seed=0 5.15s
3528 done imagenet vgg13 ILSVRC2012_val_00013800 rise_budget_512 seed=1 2.29s
3529 done imagenet vgg13 ILSVRC2012_val_00013800 lime_budget_2048 seed=1 4.99s
3530 done imagenet vgg13 ILSVRC2012_val_00013800 kernel_shap_budget_2048 seed=1 4.71s
3531 done imagenet vgg13 ILSVRC2012_val_00013800 rise_budget_1024 seed=3 5.02s
3532 done imagenet vgg13 ILSVRC2012_val_00013800 kernel_shap_budget_1024 seed=3 2.48s
3533 done imagenet vgg13 ILSVRC2012_val_00013800 lime_budget_2048 seed=3 4.82s
3534 done imagenet vgg13 ILSVRC2012_val_00013800 lime_budget_1024 seed=1 2.35s
3535 done imagenet vgg13 ILSVRC2012_val_00013800 lime_budget_256 seed=0 0.67s
3536 done imagenet vgg13 ILSVRC2012_val_00013800 kernel_shap_budget_2048 seed=2 4.98s
3537 done imagenet vgg13 ILSVRC2012_val_00013800 lime_budget_2048 seed=2 5.03s
3538 done imagenet vgg13 ILSVRC2012_val_00013800 lime_budget_256 seed=2 0.55s
3539 done imagenet vgg13 ILSVRC2012_val_00014403 rise_budget_2048 seed=0 9.49s
3540 done imagenet vgg13 ILSVRC2012_val_00014403 rise_budget_2048 seed=1 9.79s
3541 done imagenet vgg13 ILSVRC2012_val_00014403 lime_budget_512 seed=4 1.29s
3542 done imagenet vgg13 ILSVRC2012_val_00014403 rise_budget_512 seed=1 2.45s
3543 done imagenet vgg13 ILSVRC2012_val_00014403 rise_budget_512 seed=4 2.35s
3544 done imagenet vgg13 ILSVRC2012_val_00014403 kernel_shap_budget_512 seed=2 1.25s
3545 done imagenet vgg13 ILSVRC2012_val_00014403 kernel_shap_budget_512 seed=3 1.25s
3546 done imagenet vgg13 ILSVRC2012_val_00014403 lime_budget_1024 seed=1 2.55s
3547 done imagenet vgg13 ILSVRC2012_val_00014403 lime_budget_2048 seed=1 4.72s
3548 done imagenet vgg13 ILSVRC2012_val_00014403 rise_budget_1024 seed=3 3.76s
3549 done imagenet vgg13 ILSVRC2012_val_00014403 kernel_shap_budget_2048 seed=3 4.90s
3550 done imagenet vgg13 ILSVRC2012_val_00014403 kernel_shap_budget_2048 seed=4 5.06s
3551 done imagenet vgg13 ILSVRC2012_val_00014403 kernel_shap_budget_2048 seed=0 4.43s
3552 done imagenet vgg13 ILSVRC2012_val_00014403 lime_budget_2048 seed=3 4.50s
3553 done imagenet vgg13 ILSVRC2012_val_00014403 rise_budget_1024 seed=2 4.79s
3554 done imagenet vgg13 ILSVRC2012_val_00014403 lime_budget_256 seed=2 0.57s
3555 done imagenet vgg13 ILSVRC2012_val_00014403 rise_budget_1024 seed=0 4.96s
3556 done imagenet vgg13 ILSVRC2012_val_00014403 lime_budget_1024 seed=3 2.59s
3557 done imagenet vgg13 ILSVRC2012_val_00014403 kernel_shap_budget_512 seed=0 1.29s
3558 done imagenet vgg13 ILSVRC2012_val_00014403 lime_budget_1024 seed=0 2.72s
3559 done imagenet vgg13 ILSVRC2012_val_00014403 lime_budget_512 seed=1 1.32s
3560 done imagenet vgg13 ILSVRC2012_val_00014403 rise_budget_256 seed=0 1.24s
3561 done imagenet vgg13 ILSVRC2012_val_00014403 lime_budget_256 seed=3 0.62s
3562 done imagenet vgg13 ILSVRC2012_val_00014403 lime_budget_1024 seed=4 2.45s
3563 done imagenet vgg13 ILSVRC2012_val_00014403 lime_budget_256 seed=0 0.63s
3564 done imagenet vgg13 ILSVRC2012_val_00014403 kernel_shap_budget_256 seed=2 0.62s
3565 done imagenet vgg13 ILSVRC2012_val_00014403 kernel_shap_budget_1024 seed=2 2.43s
3566 done imagenet vgg13 ILSVRC2012_val_00014403 kernel_shap_budget_256 seed=3 0.58s
3567 done imagenet vgg13 ILSVRC2012_val_00014403 kernel_shap_budget_256 seed=1 0.56s
3568 done imagenet vgg13 ILSVRC2012_val_00014403 kernel_shap_budget_1024 seed=4 2.29s
3569 done imagenet vgg13 ILSVRC2012_val_00014403 rise_budget_2048 seed=3 10.63s
3570 done imagenet vgg13 ILSVRC2012_val_00014403 lime_budget_2048 seed=2 5.44s
3571 done imagenet vgg13 ILSVRC2012_val_00014403 rise_budget_1024 seed=1 6.09s
3572 done imagenet vgg13 ILSVRC2012_val_00014403 kernel_shap_budget_512 seed=4 1.16s
3573 done imagenet vgg13 ILSVRC2012_val_00014403 lime_budget_2048 seed=0 4.96s
3574 done imagenet vgg13 ILSVRC2012_val_00014403 rise_budget_512 seed=3 2.37s
3575 done imagenet vgg13 ILSVRC2012_val_00014403 kernel_shap_budget_1024 seed=3 2.50s
3576 done imagenet vgg13 ILSVRC2012_val_00014403 lime_budget_256 seed=1 0.66s
3577 done imagenet vgg13 ILSVRC2012_val_00014403 lime_budget_1024 seed=2 2.77s
3578 done imagenet vgg13 ILSVRC2012_val_00014403 rise_budget_1024 seed=4 4.88s
3579 done imagenet vgg13 ILSVRC2012_val_00014403 kernel_shap_budget_2048 seed=2 4.64s
3580 done imagenet vgg13 ILSVRC2012_val_00014403 rise_budget_256 seed=2 1.21s
3581 done imagenet vgg13 ILSVRC2012_val_00014403 kernel_shap_budget_256 seed=0 0.64s
3582 done imagenet vgg13 ILSVRC2012_val_00014403 rise_budget_512 seed=2 2.01s
3583 done imagenet vgg13 ILSVRC2012_val_00014403 kernel_shap_budget_1024 seed=0 2.53s
3584 done imagenet vgg13 ILSVRC2012_val_00014403 lime_budget_512 seed=0 1.39s
3585 done imagenet vgg13 ILSVRC2012_val_00014403 rise_budget_256 seed=4 1.38s
3586 done imagenet vgg13 ILSVRC2012_val_00014403 rise_budget_2048 seed=2 7.85s
3587 done imagenet vgg13 ILSVRC2012_val_00014403 lime_budget_512 seed=3 1.15s
3588 done imagenet vgg13 ILSVRC2012_val_00014403 lime_budget_2048 seed=4 4.89s
3589 done imagenet vgg13 ILSVRC2012_val_00014403 lime_budget_256 seed=4 0.66s
3590 done imagenet vgg13 ILSVRC2012_val_00014403 kernel_shap_budget_512 seed=1 1.37s
3591 done imagenet vgg13 ILSVRC2012_val_00014403 rise_budget_256 seed=3 1.18s
3592 done imagenet vgg13 ILSVRC2012_val_00014403 rise_budget_256 seed=1 1.21s
3593 done imagenet vgg13 ILSVRC2012_val_00014403 ablation_default seed=None 0.18s
3594 done imagenet vgg13 ILSVRC2012_val_00014403 rise_budget_2048 seed=4 10.18s
3595 done imagenet vgg13 ILSVRC2012_val_00014403 kernel_shap_budget_256 seed=4 0.67s
3596 done imagenet vgg13 ILSVRC2012_val_00014403 rise_budget_512 seed=0 2.89s
3597 done imagenet vgg13 ILSVRC2012_val_00014403 kernel_shap_budget_1024 seed=1 2.29s
3598 done imagenet vgg13 ILSVRC2012_val_00014403 kernel_shap_budget_2048 seed=1 4.76s
3599 done imagenet vgg13 ILSVRC2012_val_00014403 lime_budget_512 seed=2 1.25s
3600 done imagenet vgg13 ILSVRC2012_val_00014909 rise_budget_256 seed=2 1.11s
3601 done imagenet vgg13 ILSVRC2012_val_00014909 rise_budget_512 seed=1 2.68s
3602 done imagenet vgg13 ILSVRC2012_val_00014909 kernel_shap_budget_1024 seed=1 2.49s
3603 done imagenet vgg13 ILSVRC2012_val_00014909 kernel_shap_budget_2048 seed=2 4.67s
3604 done imagenet vgg13 ILSVRC2012_val_00014909 kernel_shap_budget_512 seed=1 1.13s
3605 done imagenet vgg13 ILSVRC2012_val_00014909 rise_budget_512 seed=0 2.37s
3606 done imagenet vgg13 ILSVRC2012_val_00014909 lime_budget_2048 seed=1 4.55s
3607 done imagenet vgg13 ILSVRC2012_val_00014909 rise_budget_256 seed=0 1.17s
3608 done imagenet vgg13 ILSVRC2012_val_00014909 lime_budget_512 seed=4 1.18s
3609 done imagenet vgg13 ILSVRC2012_val_00014909 rise_budget_2048 seed=4 10.49s
3610 done imagenet vgg13 ILSVRC2012_val_00014909 rise_budget_1024 seed=4 5.39s
3611 done imagenet vgg13 ILSVRC2012_val_00014909 lime_budget_512 seed=3 1.39s
3612 done imagenet vgg13 ILSVRC2012_val_00014909 rise_budget_2048 seed=3 10.49s
3613 done imagenet vgg13 ILSVRC2012_val_00014909 lime_budget_512 seed=0 1.34s
3614 done imagenet vgg13 ILSVRC2012_val_00014909 kernel_shap_budget_256 seed=3 0.88s
3615 done imagenet vgg13 ILSVRC2012_val_00014909 lime_budget_256 seed=0 0.80s
3616 done imagenet vgg13 ILSVRC2012_val_00014909 kernel_shap_budget_2048 seed=1 5.17s
3617 done imagenet vgg13 ILSVRC2012_val_00014909 kernel_shap_budget_2048 seed=4 5.00s
3618 done imagenet vgg13 ILSVRC2012_val_00014909 lime_budget_1024 seed=3 2.75s
3619 done imagenet vgg13 ILSVRC2012_val_00014909 lime_budget_256 seed=4 0.79s
3620 done imagenet vgg13 ILSVRC2012_val_00014909 kernel_shap_budget_256 seed=2 0.64s
3621 done imagenet vgg13 ILSVRC2012_val_00014909 rise_budget_256 seed=1 1.11s
3622 done imagenet vgg13 ILSVRC2012_val_00014909 rise_budget_1024 seed=2 4.31s
3623 done imagenet vgg13 ILSVRC2012_val_00014909 kernel_shap_budget_512 seed=2 1.18s
3624 done imagenet vgg13 ILSVRC2012_val_00014909 rise_budget_1024 seed=0 5.46s
3625 done imagenet vgg13 ILSVRC2012_val_00014909 kernel_shap_budget_256 seed=0 0.61s
3626 done imagenet vgg13 ILSVRC2012_val_00014909 kernel_shap_budget_1024 seed=2 2.50s
3627 done imagenet vgg13 ILSVRC2012_val_00014909 kernel_shap_budget_1024 seed=0 2.43s
3628 done imagenet vgg13 ILSVRC2012_val_00014909 lime_budget_512 seed=1 1.25s
3629 done imagenet vgg13 ILSVRC2012_val_00014909 lime_budget_512 seed=2 1.38s
3630 done imagenet vgg13 ILSVRC2012_val_00014909 lime_budget_1024 seed=1 2.49s
3631 done imagenet vgg13 ILSVRC2012_val_00014909 kernel_shap_budget_512 seed=3 1.34s
3632 done imagenet vgg13 ILSVRC2012_val_00014909 kernel_shap_budget_1024 seed=3 2.45s
3633 done imagenet vgg13 ILSVRC2012_val_00014909 rise_budget_512 seed=4 2.89s
3634 done imagenet vgg13 ILSVRC2012_val_00014909 lime_budget_2048 seed=0 4.94s
3635 done imagenet vgg13 ILSVRC2012_val_00014909 rise_budget_256 seed=4 1.04s
3636 done imagenet vgg13 ILSVRC2012_val_00014909 rise_budget_2048 seed=1 8.38s
3637 done imagenet vgg13 ILSVRC2012_val_00014909 lime_budget_256 seed=1 0.71s
3638 done imagenet vgg13 ILSVRC2012_val_00014909 rise_budget_512 seed=3 2.39s
3639 done imagenet vgg13 ILSVRC2012_val_00014909 lime_budget_256 seed=3 0.65s
3640 done imagenet vgg13 ILSVRC2012_val_00014909 kernel_shap_budget_1024 seed=4 2.50s
3641 done imagenet vgg13 ILSVRC2012_val_00014909 lime_budget_1024 seed=2 2.24s
3642 done imagenet vgg13 ILSVRC2012_val_00014909 rise_budget_2048 seed=0 8.65s
3643 done imagenet vgg13 ILSVRC2012_val_00014909 rise_budget_1024 seed=3 4.82s
3644 done imagenet vgg13 ILSVRC2012_val_00014909 rise_budget_1024 seed=1 5.14s
3645 done imagenet vgg13 ILSVRC2012_val_00014909 lime_budget_2048 seed=4 5.07s
3646 done imagenet vgg13 ILSVRC2012_val_00014909 lime_budget_1024 seed=0 2.66s
3647 done imagenet vgg13 ILSVRC2012_val_00014909 kernel_shap_budget_2048 seed=0 5.00s
3648 done imagenet vgg13 ILSVRC2012_val_00014909 lime_budget_1024 seed=4 2.31s
3649 done imagenet vgg13 ILSVRC2012_val_00014909 rise_budget_2048 seed=2 8.04s
3650 done imagenet vgg13 ILSVRC2012_val_00014909 kernel_shap_budget_256 seed=4 0.67s
3651 done imagenet vgg13 ILSVRC2012_val_00014909 lime_budget_2048 seed=2 4.85s
3652 done imagenet vgg13 ILSVRC2012_val_00014909 lime_budget_256 seed=2 0.65s
3653 done imagenet vgg13 ILSVRC2012_val_00014909 rise_budget_256 seed=3 1.31s
3654 done imagenet vgg13 ILSVRC2012_val_00014909 kernel_shap_budget_2048 seed=3 4.62s
3655 done imagenet vgg13 ILSVRC2012_val_00014909 ablation_default seed=None 0.15s
3656 done imagenet vgg13 ILSVRC2012_val_00014909 kernel_shap_budget_512 seed=0 1.08s
3657 done imagenet vgg13 ILSVRC2012_val_00014909 lime_budget_2048 seed=3 4.88s
3658 done imagenet vgg13 ILSVRC2012_val_00014909 rise_budget_512 seed=2 2.65s
3659 done imagenet vgg13 ILSVRC2012_val_00014909 kernel_shap_budget_256 seed=1 0.77s
3660 done imagenet vgg13 ILSVRC2012_val_00014909 kernel_shap_budget_512 seed=4 1.28s
3661 done imagenet vgg13 ILSVRC2012_val_00015160 rise_budget_1024 seed=1 5.21s
3662 done imagenet vgg13 ILSVRC2012_val_00015160 rise_budget_2048 seed=4 10.10s
3663 done imagenet vgg13 ILSVRC2012_val_00015160 lime_budget_512 seed=1 1.20s
3664 done imagenet vgg13 ILSVRC2012_val_00015160 lime_budget_256 seed=2 0.61s
3665 done imagenet vgg13 ILSVRC2012_val_00015160 lime_budget_2048 seed=1 5.13s
3666 done imagenet vgg13 ILSVRC2012_val_00015160 rise_budget_512 seed=0 2.40s
3667 done imagenet vgg13 ILSVRC2012_val_00015160 kernel_shap_budget_1024 seed=2 2.62s
3668 done imagenet vgg13 ILSVRC2012_val_00015160 kernel_shap_budget_512 seed=2 1.29s
3669 done imagenet vgg13 ILSVRC2012_val_00015160 rise_budget_1024 seed=3 5.25s
3670 done imagenet vgg13 ILSVRC2012_val_00015160 ablation_default seed=None 0.14s
3671 done imagenet vgg13 ILSVRC2012_val_00015160 kernel_shap_budget_1024 seed=4 2.17s
3672 done imagenet vgg13 ILSVRC2012_val_00015160 kernel_shap_budget_256 seed=2 0.56s
3673 done imagenet vgg13 ILSVRC2012_val_00015160 lime_budget_2048 seed=3 4.55s
3674 done imagenet vgg13 ILSVRC2012_val_00015160 rise_budget_512 seed=3 2.26s
3675 done imagenet vgg13 ILSVRC2012_val_00015160 lime_budget_2048 seed=0 4.65s
3676 done imagenet vgg13 ILSVRC2012_val_00015160 rise_budget_256 seed=0 1.19s
3677 done imagenet vgg13 ILSVRC2012_val_00015160 lime_budget_2048 seed=2 4.64s
3678 done imagenet vgg13 ILSVRC2012_val_00015160 rise_budget_1024 seed=0 4.68s
3679 done imagenet vgg13 ILSVRC2012_val_00015160 kernel_shap_budget_2048 seed=4 4.59s
3680 done imagenet vgg13 ILSVRC2012_val_00015160 rise_budget_2048 seed=3 9.47s
3681 done imagenet vgg13 ILSVRC2012_val_00015160 rise_budget_2048 seed=1 10.07s
3682 done imagenet vgg13 ILSVRC2012_val_00015160 lime_budget_256 seed=0 0.65s
3683 done imagenet vgg13 ILSVRC2012_val_00015160 lime_budget_256 seed=1 0.57s
3684 done imagenet vgg13 ILSVRC2012_val_00015160 kernel_shap_budget_512 seed=0 1.17s
3685 done imagenet vgg13 ILSVRC2012_val_00015160 rise_budget_1024 seed=2 4.57s
3686 done imagenet vgg13 ILSVRC2012_val_00015160 kernel_shap_budget_256 seed=3 0.65s
3687 done imagenet vgg13 ILSVRC2012_val_00015160 lime_budget_512 seed=3 1.25s
3688 done imagenet vgg13 ILSVRC2012_val_00015160 lime_budget_2048 seed=4 4.71s
3689 done imagenet vgg13 ILSVRC2012_val_00015160 rise_budget_512 seed=2 2.71s
3690 done imagenet vgg13 ILSVRC2012_val_00015160 lime_budget_1024 seed=1 2.52s
3691 done imagenet vgg13 ILSVRC2012_val_00015160 lime_budget_1024 seed=0 2.51s
3692 done imagenet vgg13 ILSVRC2012_val_00015160 kernel_shap_budget_256 seed=0 0.61s
3693 done imagenet vgg13 ILSVRC2012_val_00015160 rise_budget_256 seed=3 1.14s
3694 done imagenet vgg13 ILSVRC2012_val_00015160 lime_budget_512 seed=4 1.17s
3695 done imagenet vgg13 ILSVRC2012_val_00015160 lime_budget_1024 seed=2 2.48s
3696 done imagenet vgg13 ILSVRC2012_val_00015160 kernel_shap_budget_2048 seed=3 5.02s
3697 done imagenet vgg13 ILSVRC2012_val_00015160 rise_budget_256 seed=4 1.38s
3698 done imagenet vgg13 ILSVRC2012_val_00015160 rise_budget_2048 seed=2 11.13s
3699 done imagenet vgg13 ILSVRC2012_val_00015160 kernel_shap_budget_256 seed=4 0.69s
3700 done imagenet vgg13 ILSVRC2012_val_00015160 rise_budget_512 seed=4 2.50s
3701 done imagenet vgg13 ILSVRC2012_val_00015160 kernel_shap_budget_2048 seed=1 5.12s
3702 done imagenet vgg13 ILSVRC2012_val_00015160 lime_budget_1024 seed=3 2.65s
3703 done imagenet vgg13 ILSVRC2012_val_00015160 kernel_shap_budget_1024 seed=0 2.52s
3704 done imagenet vgg13 ILSVRC2012_val_00015160 kernel_shap_budget_1024 seed=3 2.54s
3705 done imagenet vgg13 ILSVRC2012_val_00015160 kernel_shap_budget_512 seed=3 1.31s
3706 done imagenet vgg13 ILSVRC2012_val_00015160 kernel_shap_budget_512 seed=1 1.25s
3707 done imagenet vgg13 ILSVRC2012_val_00015160 lime_budget_512 seed=2 1.39s
3708 done imagenet vgg13 ILSVRC2012_val_00015160 kernel_shap_budget_1024 seed=1 2.50s
3709 done imagenet vgg13 ILSVRC2012_val_00015160 kernel_shap_budget_2048 seed=2 4.92s
3710 done imagenet vgg13 ILSVRC2012_val_00015160 rise_budget_512 seed=1 2.73s
3711 done imagenet vgg13 ILSVRC2012_val_00015160 lime_budget_512 seed=0 1.24s
3712 done imagenet vgg13 ILSVRC2012_val_00015160 rise_budget_1024 seed=4 5.14s
3713 done imagenet vgg13 ILSVRC2012_val_00015160 lime_budget_1024 seed=4 2.22s
3714 done imagenet vgg13 ILSVRC2012_val_00015160 lime_budget_256 seed=3 0.56s
3715 done imagenet vgg13 ILSVRC2012_val_00015160 kernel_shap_budget_256 seed=1 0.65s
3716 done imagenet vgg13 ILSVRC2012_val_00015160 kernel_shap_budget_512 seed=4 1.30s
3717 done imagenet vgg13 ILSVRC2012_val_00015160 rise_budget_256 seed=2 0.90s
3718 done imagenet vgg13 ILSVRC2012_val_00015160 kernel_shap_budget_2048 seed=0 4.92s
3719 done imagenet vgg13 ILSVRC2012_val_00015160 rise_budget_256 seed=1 1.32s
3720 done imagenet vgg13 ILSVRC2012_val_00015160 rise_budget_2048 seed=0 10.46s
3721 done imagenet vgg13 ILSVRC2012_val_00015160 lime_budget_256 seed=4 0.67s
3722 done imagenet vgg13 ILSVRC2012_val_00016157 lime_budget_256 seed=2 0.61s
3723 done imagenet vgg13 ILSVRC2012_val_00016157 rise_budget_512 seed=0 2.45s
3724 done imagenet vgg13 ILSVRC2012_val_00016157 rise_budget_2048 seed=3 9.27s
3725 done imagenet vgg13 ILSVRC2012_val_00016157 rise_budget_1024 seed=4 4.99s
3726 done imagenet vgg13 ILSVRC2012_val_00016157 kernel_shap_budget_1024 seed=0 2.52s
3727 done imagenet vgg13 ILSVRC2012_val_00016157 rise_budget_512 seed=4 2.56s
3728 done imagenet vgg13 ILSVRC2012_val_00016157 kernel_shap_budget_1024 seed=4 2.38s
3729 done imagenet vgg13 ILSVRC2012_val_00016157 kernel_shap_budget_1024 seed=1 2.44s
3730 done imagenet vgg13 ILSVRC2012_val_00016157 lime_budget_2048 seed=3 4.76s
3731 done imagenet vgg13 ILSVRC2012_val_00016157 rise_budget_1024 seed=2 4.97s
3732 done imagenet vgg13 ILSVRC2012_val_00016157 kernel_shap_budget_256 seed=1 0.64s
3733 done imagenet vgg13 ILSVRC2012_val_00016157 lime_budget_512 seed=4 1.39s
3734 done imagenet vgg13 ILSVRC2012_val_00016157 rise_budget_256 seed=4 1.28s
3735 done imagenet vgg13 ILSVRC2012_val_00016157 lime_budget_512 seed=1 1.29s
3736 done imagenet vgg13 ILSVRC2012_val_00016157 kernel_shap_budget_256 seed=3 0.59s
3737 done imagenet vgg13 ILSVRC2012_val_00016157 lime_budget_512 seed=3 1.34s
3738 done imagenet vgg13 ILSVRC2012_val_00016157 rise_budget_1024 seed=3 5.41s
3739 done imagenet vgg13 ILSVRC2012_val_00016157 kernel_shap_budget_2048 seed=3 5.19s
3740 done imagenet vgg13 ILSVRC2012_val_00016157 rise_budget_256 seed=0 1.17s
3741 done imagenet vgg13 ILSVRC2012_val_00016157 rise_budget_256 seed=3 1.20s
3742 done imagenet vgg13 ILSVRC2012_val_00016157 lime_budget_1024 seed=3 2.29s
3743 done imagenet vgg13 ILSVRC2012_val_00016157 kernel_shap_budget_2048 seed=1 4.74s
3744 done imagenet vgg13 ILSVRC2012_val_00016157 kernel_shap_budget_512 seed=4 1.15s
3745 done imagenet vgg13 ILSVRC2012_val_00016157 lime_budget_2048 seed=2 4.61s
3746 done imagenet vgg13 ILSVRC2012_val_00016157 rise_budget_512 seed=3 2.20s
3747 done imagenet vgg13 ILSVRC2012_val_00016157 lime_budget_512 seed=0 1.24s
3748 done imagenet vgg13 ILSVRC2012_val_00016157 kernel_shap_budget_256 seed=0 0.61s
3749 done imagenet vgg13 ILSVRC2012_val_00016157 kernel_shap_budget_2048 seed=2 5.02s
3750 done imagenet vgg13 ILSVRC2012_val_00016157 kernel_shap_budget_2048 seed=0 5.29s
3751 done imagenet vgg13 ILSVRC2012_val_00016157 rise_budget_256 seed=2 1.22s
3752 done imagenet vgg13 ILSVRC2012_val_00016157 rise_budget_2048 seed=4 10.50s
3753 done imagenet vgg13 ILSVRC2012_val_00016157 lime_budget_256 seed=4 0.66s
3754 done imagenet vgg13 ILSVRC2012_val_00016157 rise_budget_1024 seed=1 5.54s
3755 done imagenet vgg13 ILSVRC2012_val_00016157 rise_budget_1024 seed=0 5.06s
3756 done imagenet vgg13 ILSVRC2012_val_00016157 lime_budget_2048 seed=0 4.69s
3757 done imagenet vgg13 ILSVRC2012_val_00016157 kernel_shap_budget_1024 seed=3 2.69s
3758 done imagenet vgg13 ILSVRC2012_val_00016157 ablation_default seed=None 0.19s
3759 done imagenet vgg13 ILSVRC2012_val_00016157 lime_budget_1024 seed=0 2.62s
3760 done imagenet vgg13 ILSVRC2012_val_00016157 kernel_shap_budget_512 seed=0 1.28s
3761 done imagenet vgg13 ILSVRC2012_val_00016157 lime_budget_256 seed=0 0.70s
3762 done imagenet vgg13 ILSVRC2012_val_00016157 rise_budget_2048 seed=0 9.98s
3763 done imagenet vgg13 ILSVRC2012_val_00016157 lime_budget_256 seed=3 0.80s
3764 done imagenet vgg13 ILSVRC2012_val_00016157 rise_budget_2048 seed=2 10.42s
3765 done imagenet vgg13 ILSVRC2012_val_00016157 kernel_shap_budget_256 seed=2 0.67s
3766 done imagenet vgg13 ILSVRC2012_val_00016157 lime_budget_2048 seed=1 4.58s
3767 done imagenet vgg13 ILSVRC2012_val_00016157 rise_budget_512 seed=2 2.26s
3768 done imagenet vgg13 ILSVRC2012_val_00016157 lime_budget_512 seed=2 1.18s
3769 done imagenet vgg13 ILSVRC2012_val_00016157 rise_budget_256 seed=1 0.84s
3770 done imagenet vgg13 ILSVRC2012_val_00016157 rise_budget_512 seed=1 2.35s
3771 done imagenet vgg13 ILSVRC2012_val_00016157 kernel_shap_budget_512 seed=1 1.17s
3772 done imagenet vgg13 ILSVRC2012_val_00016157 kernel_shap_budget_512 seed=2 1.26s
3773 done imagenet vgg13 ILSVRC2012_val_00016157 lime_budget_2048 seed=4 4.89s
3774 done imagenet vgg13 ILSVRC2012_val_00016157 kernel_shap_budget_1024 seed=2 2.81s
3775 done imagenet vgg13 ILSVRC2012_val_00016157 lime_budget_1024 seed=1 2.56s
3776 done imagenet vgg13 ILSVRC2012_val_00016157 lime_budget_1024 seed=4 2.34s
3777 done imagenet vgg13 ILSVRC2012_val_00016157 kernel_shap_budget_512 seed=3 1.15s
3778 done imagenet vgg13 ILSVRC2012_val_00016157 lime_budget_256 seed=1 0.66s
3779 done imagenet vgg13 ILSVRC2012_val_00016157 rise_budget_2048 seed=1 9.28s
3780 done imagenet vgg13 ILSVRC2012_val_00016157 kernel_shap_budget_2048 seed=4 4.79s
3781 done imagenet vgg13 ILSVRC2012_val_00016157 lime_budget_1024 seed=2 2.32s
3782 done imagenet vgg13 ILSVRC2012_val_00016157 kernel_shap_budget_256 seed=4 0.65s
3783 done imagenet vgg13 ILSVRC2012_val_00018890 rise_budget_2048 seed=0 8.85s
3784 done imagenet vgg13 ILSVRC2012_val_00018890 kernel_shap_budget_1024 seed=3 2.24s
3785 done imagenet vgg13 ILSVRC2012_val_00018890 lime_budget_512 seed=0 1.18s
3786 done imagenet vgg13 ILSVRC2012_val_00018890 rise_budget_512 seed=0 2.41s
3787 done imagenet vgg13 ILSVRC2012_val_00018890 lime_budget_2048 seed=3 5.07s
3788 done imagenet vgg13 ILSVRC2012_val_00018890 kernel_shap_budget_2048 seed=4 4.99s
3789 done imagenet vgg13 ILSVRC2012_val_00018890 rise_budget_1024 seed=4 5.42s
3790 done imagenet vgg13 ILSVRC2012_val_00018890 lime_budget_512 seed=1 1.35s
3791 done imagenet vgg13 ILSVRC2012_val_00018890 lime_budget_2048 seed=0 4.83s
3792 done imagenet vgg13 ILSVRC2012_val_00018890 rise_budget_256 seed=2 1.29s
3793 done imagenet vgg13 ILSVRC2012_val_00018890 kernel_shap_budget_1024 seed=0 2.45s
3794 done imagenet vgg13 ILSVRC2012_val_00018890 kernel_shap_budget_512 seed=3 1.28s
3795 done imagenet vgg13 ILSVRC2012_val_00018890 lime_budget_1024 seed=1 2.49s
3796 done imagenet vgg13 ILSVRC2012_val_00018890 kernel_shap_budget_2048 seed=1 4.51s
3797 done imagenet vgg13 ILSVRC2012_val_00018890 lime_budget_1024 seed=4 2.27s
3798 done imagenet vgg13 ILSVRC2012_val_00018890 lime_budget_256 seed=0 0.68s
3799 done imagenet vgg13 ILSVRC2012_val_00018890 kernel_shap_budget_256 seed=2 0.63s
3800 done imagenet vgg13 ILSVRC2012_val_00018890 lime_budget_256 seed=4 0.88s
3801 done imagenet vgg13 ILSVRC2012_val_00018890 rise_budget_2048 seed=4 9.96s
3802 done imagenet vgg13 ILSVRC2012_val_00018890 kernel_shap_budget_1024 seed=1 2.64s
3803 done imagenet vgg13 ILSVRC2012_val_00018890 lime_budget_2048 seed=1 4.64s
3804 done imagenet vgg13 ILSVRC2012_val_00018890 lime_budget_1024 seed=0 2.36s
3805 done imagenet vgg13 ILSVRC2012_val_00018890 lime_budget_512 seed=4 1.19s
3806 done imagenet vgg13 ILSVRC2012_val_00018890 rise_budget_512 seed=4 2.45s
3807 done imagenet vgg13 ILSVRC2012_val_00018890 lime_budget_512 seed=2 1.24s
3808 done imagenet vgg13 ILSVRC2012_val_00018890 rise_budget_2048 seed=3 10.53s
3809 done imagenet vgg13 ILSVRC2012_val_00018890 kernel_shap_budget_256 seed=4 0.55s
3810 done imagenet vgg13 ILSVRC2012_val_00018890 rise_budget_512 seed=2 1.84s
3811 done imagenet vgg13 ILSVRC2012_val_00018890 rise_budget_1024 seed=3 4.86s
3812 done imagenet vgg13 ILSVRC2012_val_00018890 lime_budget_2048 seed=2 4.92s
3813 done imagenet vgg13 ILSVRC2012_val_00018890 kernel_shap_budget_256 seed=0 0.57s
3814 done imagenet vgg13 ILSVRC2012_val_00018890 rise_budget_256 seed=1 1.12s
3815 done imagenet vgg13 ILSVRC2012_val_00018890 rise_budget_512 seed=1 2.80s
3816 done imagenet vgg13 ILSVRC2012_val_00018890 kernel_shap_budget_1024 seed=2 2.61s
3817 done imagenet vgg13 ILSVRC2012_val_00018890 kernel_shap_budget_512 seed=4 1.39s
3818 done imagenet vgg13 ILSVRC2012_val_00018890 rise_budget_1024 seed=0 5.28s
3819 done imagenet vgg13 ILSVRC2012_val_00018890 kernel_shap_budget_1024 seed=4 2.45s
3820 done imagenet vgg13 ILSVRC2012_val_00018890 kernel_shap_budget_2048 seed=2 4.79s
3821 done imagenet vgg13 ILSVRC2012_val_00018890 kernel_shap_budget_512 seed=0 1.31s
3822 done imagenet vgg13 ILSVRC2012_val_00018890 lime_budget_512 seed=3 1.34s
3823 done imagenet vgg13 ILSVRC2012_val_00018890 rise_budget_1024 seed=2 5.78s
3824 done imagenet vgg13 ILSVRC2012_val_00018890 lime_budget_256 seed=1 0.79s
3825 done imagenet vgg13 ILSVRC2012_val_00018890 lime_budget_256 seed=2 0.71s
3826 done imagenet vgg13 ILSVRC2012_val_00018890 lime_budget_1024 seed=2 2.37s
3827 done imagenet vgg13 ILSVRC2012_val_00018890 kernel_shap_budget_2048 seed=0 5.02s
3828 done imagenet vgg13 ILSVRC2012_val_00018890 rise_budget_256 seed=3 0.92s
3829 done imagenet vgg13 ILSVRC2012_val_00018890 kernel_shap_budget_256 seed=1 0.60s
3830 done imagenet vgg13 ILSVRC2012_val_00018890 rise_budget_1024 seed=1 4.45s
3831 done imagenet vgg13 ILSVRC2012_val_00018890 lime_budget_2048 seed=4 4.81s
3832 done imagenet vgg13 ILSVRC2012_val_00018890 rise_budget_2048 seed=2 11.18s
3833 done imagenet vgg13 ILSVRC2012_val_00018890 rise_budget_256 seed=4 1.24s
3834 done imagenet vgg13 ILSVRC2012_val_00018890 rise_budget_512 seed=3 2.77s
3835 done imagenet vgg13 ILSVRC2012_val_00018890 rise_budget_2048 seed=1 9.67s
3836 done imagenet vgg13 ILSVRC2012_val_00018890 lime_budget_1024 seed=3 2.69s
3837 done imagenet vgg13 ILSVRC2012_val_00018890 kernel_shap_budget_2048 seed=3 4.86s
3838 done imagenet vgg13 ILSVRC2012_val_00018890 kernel_shap_budget_512 seed=2 1.19s
3839 done imagenet vgg13 ILSVRC2012_val_00018890 lime_budget_256 seed=3 0.72s
3840 done imagenet vgg13 ILSVRC2012_val_00018890 ablation_default seed=None 0.15s
3841 done imagenet vgg13 ILSVRC2012_val_00018890 kernel_shap_budget_512 seed=1 1.31s
3842 done imagenet vgg13 ILSVRC2012_val_00018890 rise_budget_256 seed=0 1.26s
3843 done imagenet vgg13 ILSVRC2012_val_00018890 kernel_shap_budget_256 seed=3 0.58s
3844 done imagenet vgg13 ILSVRC2012_val_00024040 lime_budget_256 seed=3 0.67s
3845 done imagenet vgg13 ILSVRC2012_val_00024040 kernel_shap_budget_2048 seed=2 4.65s
3846 done imagenet vgg13 ILSVRC2012_val_00024040 rise_budget_1024 seed=1 4.93s
3847 done imagenet vgg13 ILSVRC2012_val_00024040 ablation_default seed=None 0.16s
3848 done imagenet vgg13 ILSVRC2012_val_00024040 kernel_shap_budget_2048 seed=1 4.92s
3849 done imagenet vgg13 ILSVRC2012_val_00024040 rise_budget_256 seed=4 1.26s
3850 done imagenet vgg13 ILSVRC2012_val_00024040 lime_budget_1024 seed=2 2.48s
3851 done imagenet vgg13 ILSVRC2012_val_00024040 kernel_shap_budget_512 seed=0 1.24s
3852 done imagenet vgg13 ILSVRC2012_val_00024040 kernel_shap_budget_512 seed=1 1.14s
3853 done imagenet vgg13 ILSVRC2012_val_00024040 rise_budget_256 seed=1 1.11s
3854 done imagenet vgg13 ILSVRC2012_val_00024040 kernel_shap_budget_1024 seed=2 2.31s
3855 done imagenet vgg13 ILSVRC2012_val_00024040 rise_budget_256 seed=0 0.94s
3856 done imagenet vgg13 ILSVRC2012_val_00024040 kernel_shap_budget_512 seed=2 1.18s
3857 done imagenet vgg13 ILSVRC2012_val_00024040 lime_budget_256 seed=0 0.63s
3858 done imagenet vgg13 ILSVRC2012_val_00024040 lime_budget_512 seed=1 1.38s
3859 done imagenet vgg13 ILSVRC2012_val_00024040 lime_budget_2048 seed=3 4.64s
3860 done imagenet vgg13 ILSVRC2012_val_00024040 lime_budget_1024 seed=4 2.44s
3861 done imagenet vgg13 ILSVRC2012_val_00024040 rise_budget_512 seed=4 2.51s
3862 done imagenet vgg13 ILSVRC2012_val_00024040 rise_budget_1024 seed=3 4.87s
3863 done imagenet vgg13 ILSVRC2012_val_00024040 lime_budget_1024 seed=0 2.50s
3864 done imagenet vgg13 ILSVRC2012_val_00024040 kernel_shap_budget_256 seed=2 0.65s
3865 done imagenet vgg13 ILSVRC2012_val_00024040 kernel_shap_budget_2048 seed=0 5.07s
3866 done imagenet vgg13 ILSVRC2012_val_00024040 kernel_shap_budget_256 seed=0 0.63s
3867 done imagenet vgg13 ILSVRC2012_val_00024040 rise_budget_512 seed=1 2.35s
3868 done imagenet vgg13 ILSVRC2012_val_00024040 rise_budget_2048 seed=1 9.93s
3869 done imagenet vgg13 ILSVRC2012_val_00024040 rise_budget_2048 seed=0 8.60s
3870 done imagenet vgg13 ILSVRC2012_val_00024040 kernel_shap_budget_1024 seed=1 2.47s
3871 done imagenet vgg13 ILSVRC2012_val_00024040 rise_budget_512 seed=3 2.66s
3872 done imagenet vgg13 ILSVRC2012_val_00024040 lime_budget_256 seed=2 0.64s
3873 done imagenet vgg13 ILSVRC2012_val_00024040 kernel_shap_budget_512 seed=3 1.41s
3874 done imagenet vgg13 ILSVRC2012_val_00024040 rise_budget_1024 seed=0 4.79s
3875 done imagenet vgg13 ILSVRC2012_val_00024040 lime_budget_2048 seed=0 4.77s
3876 done imagenet vgg13 ILSVRC2012_val_00024040 lime_budget_256 seed=1 0.69s
3877 done imagenet vgg13 ILSVRC2012_val_00024040 lime_budget_256 seed=4 0.72s
3878 done imagenet vgg13 ILSVRC2012_val_00024040 kernel_shap_budget_1024 seed=0 2.65s
3879 done imagenet vgg13 ILSVRC2012_val_00024040 rise_budget_256 seed=3 1.35s
3880 done imagenet vgg13 ILSVRC2012_val_00024040 kernel_shap_budget_256 seed=3 0.63s
3881 done imagenet vgg13 ILSVRC2012_val_00024040 rise_budget_512 seed=0 2.60s
3882 done imagenet vgg13 ILSVRC2012_val_00024040 rise_budget_512 seed=2 2.55s
3883 done imagenet vgg13 ILSVRC2012_val_00024040 kernel_shap_budget_1024 seed=4 2.52s
3884 done imagenet vgg13 ILSVRC2012_val_00024040 lime_budget_512 seed=3 1.43s
3885 done imagenet vgg13 ILSVRC2012_val_00024040 lime_budget_512 seed=2 1.35s
3886 done imagenet vgg13 ILSVRC2012_val_00024040 rise_budget_2048 seed=2 10.87s
3887 done imagenet vgg13 ILSVRC2012_val_00024040 rise_budget_1024 seed=2 4.92s
3888 done imagenet vgg13 ILSVRC2012_val_00024040 kernel_shap_budget_256 seed=1 0.62s
3889 done imagenet vgg13 ILSVRC2012_val_00024040 kernel_shap_budget_2048 seed=4 4.62s
3890 done imagenet vgg13 ILSVRC2012_val_00024040 lime_budget_512 seed=0 1.16s
3891 done imagenet vgg13 ILSVRC2012_val_00024040 lime_budget_2048 seed=4 4.52s
3892 done imagenet vgg13 ILSVRC2012_val_00024040 rise_budget_2048 seed=4 10.43s
3893 done imagenet vgg13 ILSVRC2012_val_00024040 kernel_shap_budget_2048 seed=3 5.09s
3894 done imagenet vgg13 ILSVRC2012_val_00024040 lime_budget_1024 seed=1 2.32s
3895 done imagenet vgg13 ILSVRC2012_val_00024040 rise_budget_2048 seed=3 10.19s
3896 done imagenet vgg13 ILSVRC2012_val_00024040 rise_budget_1024 seed=4 5.07s
3897 done imagenet vgg13 ILSVRC2012_val_00024040 lime_budget_1024 seed=3 2.53s
3898 done imagenet vgg13 ILSVRC2012_val_00024040 kernel_shap_budget_256 seed=4 0.66s
3899 done imagenet vgg13 ILSVRC2012_val_00024040 lime_budget_2048 seed=2 5.31s
3900 done imagenet vgg13 ILSVRC2012_val_00024040 lime_budget_2048 seed=1 5.45s
3901 done imagenet vgg13 ILSVRC2012_val_00024040 lime_budget_512 seed=4 1.54s
3902 done imagenet vgg13 ILSVRC2012_val_00024040 kernel_shap_budget_1024 seed=3 2.59s
3903 done imagenet vgg13 ILSVRC2012_val_00024040 rise_budget_256 seed=2 1.55s
3904 done imagenet vgg13 ILSVRC2012_val_00024040 kernel_shap_budget_512 seed=4 1.35s
3905 done imagenet vgg13 ILSVRC2012_val_00025660 kernel_shap_budget_1024 seed=3 2.53s
3906 done imagenet vgg13 ILSVRC2012_val_00025660 lime_budget_512 seed=3 1.32s
3907 done imagenet vgg13 ILSVRC2012_val_00025660 kernel_shap_budget_512 seed=4 1.33s
3908 done imagenet vgg13 ILSVRC2012_val_00025660 kernel_shap_budget_2048 seed=4 4.59s
3909 done imagenet vgg13 ILSVRC2012_val_00025660 lime_budget_256 seed=0 0.63s
3910 done imagenet vgg13 ILSVRC2012_val_00025660 rise_budget_2048 seed=2 8.92s
3911 done imagenet vgg13 ILSVRC2012_val_00025660 rise_budget_1024 seed=2 4.45s
3912 done imagenet vgg13 ILSVRC2012_val_00025660 lime_budget_256 seed=4 0.91s
3913 done imagenet vgg13 ILSVRC2012_val_00025660 lime_budget_2048 seed=2 5.00s
3914 done imagenet vgg13 ILSVRC2012_val_00025660 lime_budget_1024 seed=3 2.61s
3915 done imagenet vgg13 ILSVRC2012_val_00025660 lime_budget_1024 seed=1 2.46s
3916 done imagenet vgg13 ILSVRC2012_val_00025660 kernel_shap_budget_1024 seed=4 2.30s
3917 done imagenet vgg13 ILSVRC2012_val_00025660 kernel_shap_budget_2048 seed=0 5.05s
3918 done imagenet vgg13 ILSVRC2012_val_00025660 lime_budget_512 seed=0 1.34s
3919 done imagenet vgg13 ILSVRC2012_val_00025660 kernel_shap_budget_256 seed=0 0.68s
3920 done imagenet vgg13 ILSVRC2012_val_00025660 kernel_shap_budget_512 seed=3 1.47s
3921 done imagenet vgg13 ILSVRC2012_val_00025660 kernel_shap_budget_512 seed=0 1.19s
3922 done imagenet vgg13 ILSVRC2012_val_00025660 kernel_shap_budget_512 seed=2 1.18s
3923 done imagenet vgg13 ILSVRC2012_val_00025660 lime_budget_256 seed=2 0.71s
3924 done imagenet vgg13 ILSVRC2012_val_00025660 kernel_shap_budget_256 seed=3 0.65s
3925 done imagenet vgg13 ILSVRC2012_val_00025660 rise_budget_512 seed=1 2.54s
3926 done imagenet vgg13 ILSVRC2012_val_00025660 lime_budget_2048 seed=4 5.05s
3927 done imagenet vgg13 ILSVRC2012_val_00025660 lime_budget_2048 seed=1 4.80s
3928 done imagenet vgg13 ILSVRC2012_val_00025660 lime_budget_512 seed=1 1.33s
3929 done imagenet vgg13 ILSVRC2012_val_00025660 kernel_shap_budget_2048 seed=3 5.08s
3930 done imagenet vgg13 ILSVRC2012_val_00025660 rise_budget_512 seed=4 2.53s
3931 done imagenet vgg13 ILSVRC2012_val_00025660 lime_budget_2048 seed=0 5.16s
3932 done imagenet vgg13 ILSVRC2012_val_00025660 rise_budget_1024 seed=1 5.03s
3933 done imagenet vgg13 ILSVRC2012_val_00025660 rise_budget_1024 seed=3 5.17s
3934 done imagenet vgg13 ILSVRC2012_val_00025660 kernel_shap_budget_256 seed=2 0.66s
3935 done imagenet vgg13 ILSVRC2012_val_00025660 lime_budget_1024 seed=2 2.58s
3936 done imagenet vgg13 ILSVRC2012_val_00025660 rise_budget_2048 seed=0 10.43s
3937 done imagenet vgg13 ILSVRC2012_val_00025660 rise_budget_1024 seed=0 4.83s
3938 done imagenet vgg13 ILSVRC2012_val_00025660 kernel_shap_budget_2048 seed=1 4.67s
3939 done imagenet vgg13 ILSVRC2012_val_00025660 kernel_shap_budget_1024 seed=2 2.22s
3940 done imagenet vgg13 ILSVRC2012_val_00025660 rise_budget_256 seed=3 1.12s
3941 done imagenet vgg13 ILSVRC2012_val_00025660 rise_budget_256 seed=2 1.17s
3942 done imagenet vgg13 ILSVRC2012_val_00025660 kernel_shap_budget_1024 seed=0 2.47s
3943 done imagenet vgg13 ILSVRC2012_val_00025660 rise_budget_2048 seed=1 8.21s
3944 done imagenet vgg13 ILSVRC2012_val_00025660 kernel_shap_budget_256 seed=4 0.61s
3945 done imagenet vgg13 ILSVRC2012_val_00025660 rise_budget_512 seed=0 1.99s
3946 done imagenet vgg13 ILSVRC2012_val_00025660 kernel_shap_budget_512 seed=1 1.15s
3947 done imagenet vgg13 ILSVRC2012_val_00025660 rise_budget_2048 seed=3 9.65s
3948 done imagenet vgg13 ILSVRC2012_val_00025660 kernel_shap_budget_2048 seed=2 4.65s
3949 done imagenet vgg13 ILSVRC2012_val_00025660 lime_budget_1024 seed=4 2.58s
3950 done imagenet vgg13 ILSVRC2012_val_00025660 rise_budget_256 seed=4 1.31s
3951 done imagenet vgg13 ILSVRC2012_val_00025660 rise_budget_256 seed=1 1.38s
3952 done imagenet vgg13 ILSVRC2012_val_00025660 rise_budget_2048 seed=4 9.86s
3953 done imagenet vgg13 ILSVRC2012_val_00025660 rise_budget_1024 seed=4 5.15s
3954 done imagenet vgg13 ILSVRC2012_val_00025660 ablation_default seed=None 0.15s
3955 done imagenet vgg13 ILSVRC2012_val_00025660 kernel_shap_budget_256 seed=1 0.55s
3956 done imagenet vgg13 ILSVRC2012_val_00025660 lime_budget_256 seed=3 0.66s
3957 done imagenet vgg13 ILSVRC2012_val_00025660 rise_budget_256 seed=0 1.22s
3958 done imagenet vgg13 ILSVRC2012_val_00025660 rise_budget_512 seed=3 2.41s
3959 done imagenet vgg13 ILSVRC2012_val_00025660 lime_budget_512 seed=2 1.37s
3960 done imagenet vgg13 ILSVRC2012_val_00025660 lime_budget_1024 seed=0 2.59s
3961 done imagenet vgg13 ILSVRC2012_val_00025660 rise_budget_512 seed=2 2.23s
3962 done imagenet vgg13 ILSVRC2012_val_00025660 kernel_shap_budget_1024 seed=1 2.49s
3963 done imagenet vgg13 ILSVRC2012_val_00025660 lime_budget_256 seed=1 0.72s
3964 done imagenet vgg13 ILSVRC2012_val_00025660 lime_budget_2048 seed=3 4.78s
3965 done imagenet vgg13 ILSVRC2012_val_00025660 lime_budget_512 seed=4 1.18s
3966 done imagenet vgg13 ILSVRC2012_val_00028429 lime_budget_256 seed=2 0.65s
3967 done imagenet vgg13 ILSVRC2012_val_00028429 kernel_shap_budget_2048 seed=3 4.56s
3968 done imagenet vgg13 ILSVRC2012_val_00028429 lime_budget_1024 seed=3 2.23s
3969 done imagenet vgg13 ILSVRC2012_val_00028429 rise_budget_256 seed=3 0.83s
3970 done imagenet vgg13 ILSVRC2012_val_00028429 lime_budget_256 seed=0 0.57s
3971 done imagenet vgg13 ILSVRC2012_val_00028429 kernel_shap_budget_1024 seed=2 2.22s
3972 done imagenet vgg13 ILSVRC2012_val_00028429 lime_budget_512 seed=0 1.37s
3973 done imagenet vgg13 ILSVRC2012_val_00028429 kernel_shap_budget_256 seed=1 0.74s
3974 done imagenet vgg13 ILSVRC2012_val_00028429 rise_budget_256 seed=0 1.20s
3975 done imagenet vgg13 ILSVRC2012_val_00028429 lime_budget_1024 seed=4 2.36s
3976 done imagenet vgg13 ILSVRC2012_val_00028429 kernel_shap_budget_512 seed=1 1.18s
3977 done imagenet vgg13 ILSVRC2012_val_00028429 lime_budget_2048 seed=4 5.08s
3978 done imagenet vgg13 ILSVRC2012_val_00028429 lime_budget_512 seed=1 1.48s
3979 done imagenet vgg13 ILSVRC2012_val_00028429 rise_budget_512 seed=2 2.36s
3980 done imagenet vgg13 ILSVRC2012_val_00028429 kernel_shap_budget_2048 seed=4 4.50s
3981 done imagenet vgg13 ILSVRC2012_val_00028429 kernel_shap_budget_256 seed=2 0.61s
3982 done imagenet vgg13 ILSVRC2012_val_00028429 rise_budget_512 seed=1 2.41s
3983 done imagenet vgg13 ILSVRC2012_val_00028429 rise_budget_512 seed=3 2.88s
3984 done imagenet vgg13 ILSVRC2012_val_00028429 rise_budget_2048 seed=2 11.65s
3985 done imagenet vgg13 ILSVRC2012_val_00028429 lime_budget_1024 seed=1 2.86s
3986 done imagenet vgg13 ILSVRC2012_val_00028429 lime_budget_2048 seed=0 5.12s
3987 done imagenet vgg13 ILSVRC2012_val_00028429 kernel_shap_budget_512 seed=4 1.17s
3988 done imagenet vgg13 ILSVRC2012_val_00028429 rise_budget_1024 seed=0 5.14s
3989 done imagenet vgg13 ILSVRC2012_val_00028429 rise_budget_1024 seed=2 5.61s
3990 done imagenet vgg13 ILSVRC2012_val_00028429 kernel_shap_budget_256 seed=4 0.73s
3991 done imagenet vgg13 ILSVRC2012_val_00028429 lime_budget_256 seed=4 0.78s
3992 done imagenet vgg13 ILSVRC2012_val_00028429 rise_budget_1024 seed=3 4.53s
3993 done imagenet vgg13 ILSVRC2012_val_00028429 lime_budget_256 seed=3 0.60s
3994 done imagenet vgg13 ILSVRC2012_val_00028429 rise_budget_256 seed=2 1.19s
3995 done imagenet vgg13 ILSVRC2012_val_00028429 rise_budget_1024 seed=1 5.40s
3996 done imagenet vgg13 ILSVRC2012_val_00028429 ablation_default seed=None 0.18s
3997 done imagenet vgg13 ILSVRC2012_val_00028429 rise_budget_512 seed=4 2.45s
3998 done imagenet vgg13 ILSVRC2012_val_00028429 rise_budget_256 seed=1 1.11s
3999 done imagenet vgg13 ILSVRC2012_val_00028429 kernel_shap_budget_512 seed=0 1.15s
4000 done imagenet vgg13 ILSVRC2012_val_00028429 lime_budget_1024 seed=2 2.37s
4001 done imagenet vgg13 ILSVRC2012_val_00028429 kernel_shap_budget_2048 seed=0 4.81s
4002 done imagenet vgg13 ILSVRC2012_val_00028429 lime_budget_256 seed=1 0.57s
4003 done imagenet vgg13 ILSVRC2012_val_00028429 lime_budget_512 seed=3 1.16s
4004 done imagenet vgg13 ILSVRC2012_val_00028429 kernel_shap_budget_1024 seed=4 2.39s
4005 done imagenet vgg13 ILSVRC2012_val_00028429 rise_budget_2048 seed=4 11.09s
4006 done imagenet vgg13 ILSVRC2012_val_00028429 kernel_shap_budget_2048 seed=2 5.15s
4007 done imagenet vgg13 ILSVRC2012_val_00028429 kernel_shap_budget_1024 seed=1 2.63s
4008 done imagenet vgg13 ILSVRC2012_val_00028429 kernel_shap_budget_512 seed=3 1.41s
4009 done imagenet vgg13 ILSVRC2012_val_00028429 rise_budget_1024 seed=4 5.51s
4010 done imagenet vgg13 ILSVRC2012_val_00028429 rise_budget_512 seed=0 2.26s
4011 done imagenet vgg13 ILSVRC2012_val_00028429 kernel_shap_budget_512 seed=2 1.14s
4012 done imagenet vgg13 ILSVRC2012_val_00028429 lime_budget_2048 seed=3 4.80s
4013 done imagenet vgg13 ILSVRC2012_val_00028429 lime_budget_512 seed=4 1.16s
4014 done imagenet vgg13 ILSVRC2012_val_00028429 rise_budget_2048 seed=1 10.29s
4015 done imagenet vgg13 ILSVRC2012_val_00028429 kernel_shap_budget_1024 seed=3 2.67s
4016 done imagenet vgg13 ILSVRC2012_val_00028429 lime_budget_2048 seed=2 5.01s
4017 done imagenet vgg13 ILSVRC2012_val_00028429 rise_budget_256 seed=4 1.29s
4018 done imagenet vgg13 ILSVRC2012_val_00028429 rise_budget_2048 seed=3 9.58s
4019 done imagenet vgg13 ILSVRC2012_val_00028429 lime_budget_1024 seed=0 2.55s
4020 done imagenet vgg13 ILSVRC2012_val_00028429 rise_budget_2048 seed=0 10.48s
4021 done imagenet vgg13 ILSVRC2012_val_00028429 kernel_shap_budget_1024 seed=0 2.48s
4022 done imagenet vgg13 ILSVRC2012_val_00028429 lime_budget_512 seed=2 1.32s
4023 done imagenet vgg13 ILSVRC2012_val_00028429 kernel_shap_budget_256 seed=0 0.59s
4024 done imagenet vgg13 ILSVRC2012_val_00028429 kernel_shap_budget_256 seed=3 0.53s
4025 done imagenet vgg13 ILSVRC2012_val_00028429 lime_budget_2048 seed=1 4.40s
4026 done imagenet vgg13 ILSVRC2012_val_00028429 kernel_shap_budget_2048 seed=1 4.86s
4027 done imagenet vgg13 ILSVRC2012_val_00030213 lime_budget_1024 seed=1 2.49s
4028 done imagenet vgg13 ILSVRC2012_val_00030213 rise_budget_512 seed=2 2.02s
4029 done imagenet vgg13 ILSVRC2012_val_00030213 lime_budget_256 seed=4 0.60s
4030 done imagenet vgg13 ILSVRC2012_val_00030213 rise_budget_2048 seed=4 8.68s
4031 done imagenet vgg13 ILSVRC2012_val_00030213 lime_budget_512 seed=1 1.12s
4032 done imagenet vgg13 ILSVRC2012_val_00030213 kernel_shap_budget_256 seed=3 0.56s
4033 done imagenet vgg13 ILSVRC2012_val_00030213 rise_budget_256 seed=4 1.11s
4034 done imagenet vgg13 ILSVRC2012_val_00030213 kernel_shap_budget_256 seed=2 0.64s
4035 done imagenet vgg13 ILSVRC2012_val_00030213 rise_budget_512 seed=3 2.43s
4036 done imagenet vgg13 ILSVRC2012_val_00030213 kernel_shap_budget_256 seed=1 0.58s
4037 done imagenet vgg13 ILSVRC2012_val_00030213 kernel_shap_budget_1024 seed=3 2.39s
4038 done imagenet vgg13 ILSVRC2012_val_00030213 rise_budget_1024 seed=0 4.86s
4039 done imagenet vgg13 ILSVRC2012_val_00030213 lime_budget_512 seed=0 1.15s
4040 done imagenet vgg13 ILSVRC2012_val_00030213 rise_budget_256 seed=1 0.85s
4041 done imagenet vgg13 ILSVRC2012_val_00030213 lime_budget_1024 seed=3 2.43s
4042 done imagenet vgg13 ILSVRC2012_val_00030213 lime_budget_2048 seed=0 5.31s
4043 done imagenet vgg13 ILSVRC2012_val_00030213 kernel_shap_budget_512 seed=1 1.34s
4044 done imagenet vgg13 ILSVRC2012_val_00030213 kernel_shap_budget_1024 seed=4 2.69s
4045 done imagenet vgg13 ILSVRC2012_val_00030213 lime_budget_512 seed=3 1.30s
4046 done imagenet vgg13 ILSVRC2012_val_00030213 lime_budget_2048 seed=1 4.94s
4047 done imagenet vgg13 ILSVRC2012_val_00030213 lime_budget_256 seed=2 0.69s
4048 done imagenet vgg13 ILSVRC2012_val_00030213 lime_budget_1024 seed=0 2.49s
4049 done imagenet vgg13 ILSVRC2012_val_00030213 kernel_shap_budget_256 seed=4 0.68s
4050 done imagenet vgg13 ILSVRC2012_val_00030213 kernel_shap_budget_512 seed=3 1.27s
4051 done imagenet vgg13 ILSVRC2012_val_00030213 kernel_shap_budget_512 seed=2 1.14s
4052 done imagenet vgg13 ILSVRC2012_val_00030213 rise_budget_512 seed=4 2.32s
4053 done imagenet vgg13 ILSVRC2012_val_00030213 rise_budget_512 seed=1 2.35s
4054 done imagenet vgg13 ILSVRC2012_val_00030213 kernel_shap_budget_2048 seed=0 4.88s
4055 done imagenet vgg13 ILSVRC2012_val_00030213 rise_budget_256 seed=2 1.21s
4056 done imagenet vgg13 ILSVRC2012_val_00030213 ablation_default seed=None 0.15s
4057 done imagenet vgg13 ILSVRC2012_val_00030213 lime_budget_512 seed=2 1.29s
4058 done imagenet vgg13 ILSVRC2012_val_00030213 kernel_shap_budget_2048 seed=1 4.90s
4059 done imagenet vgg13 ILSVRC2012_val_00030213 rise_budget_512 seed=0 2.28s
4060 done imagenet vgg13 ILSVRC2012_val_00030213 lime_budget_1024 seed=4 2.55s
4061 done imagenet vgg13 ILSVRC2012_val_00030213 rise_budget_1024 seed=4 5.42s
4062 done imagenet vgg13 ILSVRC2012_val_00030213 kernel_shap_budget_512 seed=4 1.38s
4063 done imagenet vgg13 ILSVRC2012_val_00030213 kernel_shap_budget_2048 seed=2 5.08s
4064 done imagenet vgg13 ILSVRC2012_val_00030213 lime_budget_256 seed=1 0.72s
4065 done imagenet vgg13 ILSVRC2012_val_00030213 lime_budget_256 seed=3 0.79s
4066 done imagenet vgg13 ILSVRC2012_val_00030213 rise_budget_2048 seed=3 9.94s
4067 done imagenet vgg13 ILSVRC2012_val_00030213 lime_budget_256 seed=0 0.65s
4068 done imagenet vgg13 ILSVRC2012_val_00030213 kernel_shap_budget_2048 seed=3 5.03s
4069 done imagenet vgg13 ILSVRC2012_val_00030213 lime_budget_512 seed=4 1.35s
4070 done imagenet vgg13 ILSVRC2012_val_00030213 kernel_shap_budget_512 seed=0 1.26s
4071 done imagenet vgg13 ILSVRC2012_val_00030213 kernel_shap_budget_1024 seed=0 2.60s
4072 done imagenet vgg13 ILSVRC2012_val_00030213 rise_budget_1024 seed=3 5.14s
4073 done imagenet vgg13 ILSVRC2012_val_00030213 lime_budget_1024 seed=2 2.43s
4074 done imagenet vgg13 ILSVRC2012_val_00030213 kernel_shap_budget_1024 seed=2 2.44s
4075 done imagenet vgg13 ILSVRC2012_val_00030213 rise_budget_2048 seed=0 9.59s
4076 done imagenet vgg13 ILSVRC2012_val_00030213 rise_budget_2048 seed=2 10.64s
4077 done imagenet vgg13 ILSVRC2012_val_00030213 lime_budget_2048 seed=2 4.72s
4078 done imagenet vgg13 ILSVRC2012_val_00030213 rise_budget_1024 seed=2 4.03s
4079 done imagenet vgg13 ILSVRC2012_val_00030213 kernel_shap_budget_1024 seed=1 2.27s
4080 done imagenet vgg13 ILSVRC2012_val_00030213 kernel_shap_budget_2048 seed=4 4.80s
4081 done imagenet vgg13 ILSVRC2012_val_00030213 lime_budget_2048 seed=3 4.63s
4082 done imagenet vgg13 ILSVRC2012_val_00030213 rise_budget_2048 seed=1 9.25s
4083 done imagenet vgg13 ILSVRC2012_val_00030213 lime_budget_2048 seed=4 5.15s
4084 done imagenet vgg13 ILSVRC2012_val_00030213 rise_budget_256 seed=3 1.30s
4085 done imagenet vgg13 ILSVRC2012_val_00030213 kernel_shap_budget_256 seed=0 0.62s
4086 done imagenet vgg13 ILSVRC2012_val_00030213 rise_budget_256 seed=0 1.13s
4087 done imagenet vgg13 ILSVRC2012_val_00030213 rise_budget_1024 seed=1 4.95s
4088 done imagenet vgg13 ILSVRC2012_val_00030734 lime_budget_256 seed=4 0.64s
4089 done imagenet vgg13 ILSVRC2012_val_00030734 rise_budget_1024 seed=3 4.44s
4090 done imagenet vgg13 ILSVRC2012_val_00030734 lime_budget_256 seed=3 0.59s
4091 done imagenet vgg13 ILSVRC2012_val_00030734 kernel_shap_budget_256 seed=4 0.59s
4092 done imagenet vgg13 ILSVRC2012_val_00030734 lime_budget_1024 seed=2 2.39s
4093 done imagenet vgg13 ILSVRC2012_val_00030734 rise_budget_256 seed=2 1.14s
4094 done imagenet vgg13 ILSVRC2012_val_00030734 lime_budget_2048 seed=1 4.80s
4095 done imagenet vgg13 ILSVRC2012_val_00030734 kernel_shap_budget_256 seed=3 0.73s
4096 done imagenet vgg13 ILSVRC2012_val_00030734 lime_budget_512 seed=3 1.36s
4097 done imagenet vgg13 ILSVRC2012_val_00030734 kernel_shap_budget_256 seed=0 0.64s
4098 done imagenet vgg13 ILSVRC2012_val_00030734 rise_budget_2048 seed=3 10.10s
4099 done imagenet vgg13 ILSVRC2012_val_00030734 kernel_shap_budget_2048 seed=2 4.55s
4100 done imagenet vgg13 ILSVRC2012_val_00030734 lime_budget_512 seed=2 1.36s
4101 done imagenet vgg13 ILSVRC2012_val_00030734 lime_budget_256 seed=2 0.71s
4102 done imagenet vgg13 ILSVRC2012_val_00030734 lime_budget_2048 seed=4 4.86s
4103 done imagenet vgg13 ILSVRC2012_val_00030734 rise_budget_1024 seed=0 3.68s
4104 done imagenet vgg13 ILSVRC2012_val_00030734 lime_budget_1024 seed=4 2.29s
4105 done imagenet vgg13 ILSVRC2012_val_00030734 lime_budget_512 seed=4 1.19s
4106 done imagenet vgg13 ILSVRC2012_val_00030734 kernel_shap_budget_2048 seed=1 4.83s
4107 done imagenet vgg13 ILSVRC2012_val_00030734 kernel_shap_budget_512 seed=0 1.14s
4108 done imagenet vgg13 ILSVRC2012_val_00030734 rise_budget_512 seed=1 2.09s
4109 done imagenet vgg13 ILSVRC2012_val_00030734 kernel_shap_budget_512 seed=3 1.40s
4110 done imagenet vgg13 ILSVRC2012_val_00030734 rise_budget_512 seed=2 2.56s
4111 done imagenet vgg13 ILSVRC2012_val_00030734 lime_budget_256 seed=1 0.66s
4112 done imagenet vgg13 ILSVRC2012_val_00030734 rise_budget_256 seed=1 1.17s
4113 done imagenet vgg13 ILSVRC2012_val_00030734 lime_budget_1024 seed=1 2.24s
4114 done imagenet vgg13 ILSVRC2012_val_00030734 lime_budget_512 seed=0 1.12s
4115 done imagenet vgg13 ILSVRC2012_val_00030734 rise_budget_512 seed=0 2.36s
4116 done imagenet vgg13 ILSVRC2012_val_00030734 kernel_shap_budget_2048 seed=0 5.06s
4117 done imagenet vgg13 ILSVRC2012_val_00030734 kernel_shap_budget_1024 seed=1 2.55s
4118 done imagenet vgg13 ILSVRC2012_val_00030734 rise_budget_1024 seed=1 4.91s
4119 done imagenet vgg13 ILSVRC2012_val_00030734 kernel_shap_budget_1024 seed=0 2.28s
4120 done imagenet vgg13 ILSVRC2012_val_00030734 kernel_shap_budget_256 seed=1 0.60s
4121 done imagenet vgg13 ILSVRC2012_val_00030734 lime_budget_2048 seed=2 4.98s
4122 done imagenet vgg13 ILSVRC2012_val_00030734 kernel_shap_budget_512 seed=4 1.09s
4123 done imagenet vgg13 ILSVRC2012_val_00030734 rise_budget_1024 seed=2 5.05s
4124 done imagenet vgg13 ILSVRC2012_val_00030734 lime_budget_512 seed=1 1.35s
4125 done imagenet vgg13 ILSVRC2012_val_00030734 rise_budget_256 seed=4 1.46s
4126 done imagenet vgg13 ILSVRC2012_val_00030734 kernel_shap_budget_512 seed=1 1.21s
4127 done imagenet vgg13 ILSVRC2012_val_00030734 lime_budget_2048 seed=3 4.91s
4128 done imagenet vgg13 ILSVRC2012_val_00030734 kernel_shap_budget_256 seed=2 0.60s
4129 done imagenet vgg13 ILSVRC2012_val_00030734 kernel_shap_budget_512 seed=2 1.02s
4130 done imagenet vgg13 ILSVRC2012_val_00030734 rise_budget_256 seed=0 0.91s
4131 done imagenet vgg13 ILSVRC2012_val_00030734 lime_budget_1024 seed=3 2.29s
4132 done imagenet vgg13 ILSVRC2012_val_00030734 rise_budget_512 seed=3 1.67s
4133 done imagenet vgg13 ILSVRC2012_val_00030734 rise_budget_2048 seed=2 9.74s
4134 done imagenet vgg13 ILSVRC2012_val_00030734 kernel_shap_budget_2048 seed=3 4.72s
4135 done imagenet vgg13 ILSVRC2012_val_00030734 lime_budget_1024 seed=0 2.43s
4136 done imagenet vgg13 ILSVRC2012_val_00030734 kernel_shap_budget_1024 seed=2 2.43s
4137 done imagenet vgg13 ILSVRC2012_val_00030734 rise_budget_2048 seed=0 10.73s
4138 done imagenet vgg13 ILSVRC2012_val_00030734 rise_budget_2048 seed=1 9.70s
4139 done imagenet vgg13 ILSVRC2012_val_00030734 kernel_shap_budget_1024 seed=4 2.33s
4140 done imagenet vgg13 ILSVRC2012_val_00030734 rise_budget_2048 seed=4 10.33s
4141 done imagenet vgg13 ILSVRC2012_val_00030734 kernel_shap_budget_1024 seed=3 2.54s
4142 done imagenet vgg13 ILSVRC2012_val_00030734 rise_budget_256 seed=3 1.51s
4143 done imagenet vgg13 ILSVRC2012_val_00030734 lime_budget_2048 seed=0 5.33s
4144 done imagenet vgg13 ILSVRC2012_val_00030734 kernel_shap_budget_2048 seed=4 5.14s
4145 done imagenet vgg13 ILSVRC2012_val_00030734 rise_budget_1024 seed=4 5.56s
4146 done imagenet vgg13 ILSVRC2012_val_00030734 lime_budget_256 seed=0 0.72s
4147 done imagenet vgg13 ILSVRC2012_val_00030734 ablation_default seed=None 0.17s
4148 done imagenet vgg13 ILSVRC2012_val_00030734 rise_budget_512 seed=4 2.52s
4149 done imagenet vgg13 ILSVRC2012_val_00032995 rise_budget_1024 seed=2 4.55s
4150 done imagenet vgg13 ILSVRC2012_val_00032995 rise_budget_256 seed=2 1.08s
4151 done imagenet vgg13 ILSVRC2012_val_00032995 rise_budget_1024 seed=1 4.82s
4152 done imagenet vgg13 ILSVRC2012_val_00032995 rise_budget_1024 seed=4 5.05s
4153 done imagenet vgg13 ILSVRC2012_val_00032995 kernel_shap_budget_1024 seed=0 2.46s
4154 done imagenet vgg13 ILSVRC2012_val_00032995 lime_budget_512 seed=4 1.48s
4155 done imagenet vgg13 ILSVRC2012_val_00032995 lime_budget_512 seed=2 1.36s
4156 done imagenet vgg13 ILSVRC2012_val_00032995 lime_budget_512 seed=1 1.40s
4157 done imagenet vgg13 ILSVRC2012_val_00032995 kernel_shap_budget_512 seed=0 1.27s
4158 done imagenet vgg13 ILSVRC2012_val_00032995 kernel_shap_budget_256 seed=4 0.66s
4159 done imagenet vgg13 ILSVRC2012_val_00032995 kernel_shap_budget_1024 seed=1 2.53s
4160 done imagenet vgg13 ILSVRC2012_val_00032995 lime_budget_256 seed=4 0.87s
4161 done imagenet vgg13 ILSVRC2012_val_00032995 kernel_shap_budget_1024 seed=3 2.39s
4162 done imagenet vgg13 ILSVRC2012_val_00032995 kernel_shap_budget_256 seed=0 0.57s
4163 done imagenet vgg13 ILSVRC2012_val_00032995 lime_budget_2048 seed=3 4.50s
4164 done imagenet vgg13 ILSVRC2012_val_00032995 rise_budget_256 seed=3 1.17s
4165 done imagenet vgg13 ILSVRC2012_val_00032995 kernel_shap_budget_2048 seed=2 4.89s
4166 done imagenet vgg13 ILSVRC2012_val_00032995 lime_budget_256 seed=2 0.62s
4167 done imagenet vgg13 ILSVRC2012_val_00032995 rise_budget_256 seed=0 1.22s
4168 done imagenet vgg13 ILSVRC2012_val_00032995 lime_budget_256 seed=1 0.72s
4169 done imagenet vgg13 ILSVRC2012_val_00032995 kernel_shap_budget_1024 seed=2 2.28s
4170 done imagenet vgg13 ILSVRC2012_val_00032995 lime_budget_2048 seed=2 4.88s
4171 done imagenet vgg13 ILSVRC2012_val_00032995 rise_budget_512 seed=0 2.39s
4172 done imagenet vgg13 ILSVRC2012_val_00032995 lime_budget_1024 seed=4 2.18s
4173 done imagenet vgg13 ILSVRC2012_val_00032995 rise_budget_256 seed=1 1.14s
4174 done imagenet vgg13 ILSVRC2012_val_00032995 lime_budget_1024 seed=3 2.46s
4175 done imagenet vgg13 ILSVRC2012_val_00032995 rise_budget_1024 seed=3 5.00s
4176 done imagenet vgg13 ILSVRC2012_val_00032995 rise_budget_2048 seed=0 10.02s
4177 done imagenet vgg13 ILSVRC2012_val_00032995 rise_budget_1024 seed=0 5.06s
4178 done imagenet vgg13 ILSVRC2012_val_00032995 rise_budget_512 seed=2 2.58s
4179 done imagenet vgg13 ILSVRC2012_val_00032995 kernel_shap_budget_2048 seed=4 4.99s
4180 done imagenet vgg13 ILSVRC2012_val_00032995 kernel_shap_budget_2048 seed=1 4.73s
4181 done imagenet vgg13 ILSVRC2012_val_00032995 rise_budget_256 seed=4 1.25s
4182 done imagenet vgg13 ILSVRC2012_val_00032995 lime_budget_1024 seed=1 2.25s
4183 done imagenet vgg13 ILSVRC2012_val_00032995 lime_budget_512 seed=0 1.35s
4184 done imagenet vgg13 ILSVRC2012_val_00032995 kernel_shap_budget_256 seed=2 0.66s
4185 done imagenet vgg13 ILSVRC2012_val_00032995 rise_budget_512 seed=4 3.09s
4186 done imagenet vgg13 ILSVRC2012_val_00032995 kernel_shap_budget_512 seed=4 1.37s
4187 done imagenet vgg13 ILSVRC2012_val_00032995 ablation_default seed=None 0.19s
4188 done imagenet vgg13 ILSVRC2012_val_00032995 lime_budget_2048 seed=1 4.99s
4189 done imagenet vgg13 ILSVRC2012_val_00032995 kernel_shap_budget_256 seed=3 0.55s
4190 done imagenet vgg13 ILSVRC2012_val_00032995 lime_budget_256 seed=3 0.79s
4191 done imagenet vgg13 ILSVRC2012_val_00032995 kernel_shap_budget_512 seed=2 1.19s
4192 done imagenet vgg13 ILSVRC2012_val_00032995 rise_budget_2048 seed=4 9.68s
4193 done imagenet vgg13 ILSVRC2012_val_00032995 kernel_shap_budget_1024 seed=4 2.33s
4194 done imagenet vgg13 ILSVRC2012_val_00032995 kernel_shap_budget_512 seed=1 1.10s
4195 done imagenet vgg13 ILSVRC2012_val_00032995 rise_budget_2048 seed=1 9.85s
4196 done imagenet vgg13 ILSVRC2012_val_00032995 kernel_shap_budget_256 seed=1 0.62s
4197 done imagenet vgg13 ILSVRC2012_val_00032995 kernel_shap_budget_2048 seed=3 4.76s
4198 done imagenet vgg13 ILSVRC2012_val_00032995 lime_budget_512 seed=3 1.56s
4199 done imagenet vgg13 ILSVRC2012_val_00032995 rise_budget_512 seed=1 2.85s
4200 done imagenet vgg13 ILSVRC2012_val_00032995 rise_budget_2048 seed=3 10.09s
4201 done imagenet vgg13 ILSVRC2012_val_00032995 lime_budget_1024 seed=0 2.62s
4202 done imagenet vgg13 ILSVRC2012_val_00032995 kernel_shap_budget_2048 seed=0 5.10s
4203 done imagenet vgg13 ILSVRC2012_val_00032995 lime_budget_2048 seed=4 5.08s
4204 done imagenet vgg13 ILSVRC2012_val_00032995 rise_budget_2048 seed=2 10.64s
4205 done imagenet vgg13 ILSVRC2012_val_00032995 kernel_shap_budget_512 seed=3 1.30s
4206 done imagenet vgg13 ILSVRC2012_val_00032995 lime_budget_1024 seed=2 2.65s
4207 done imagenet vgg13 ILSVRC2012_val_00032995 lime_budget_2048 seed=0 5.38s
4208 done imagenet vgg13 ILSVRC2012_val_00032995 lime_budget_256 seed=0 0.77s
4209 done imagenet vgg13 ILSVRC2012_val_00032995 rise_budget_512 seed=3 2.40s
4210 done imagenet vgg13 ILSVRC2012_val_00035844 lime_budget_512 seed=1 1.24s
4211 done imagenet vgg13 ILSVRC2012_val_00035844 lime_budget_2048 seed=2 4.95s
4212 done imagenet vgg13 ILSVRC2012_val_00035844 kernel_shap_budget_256 seed=0 0.75s
4213 done imagenet vgg13 ILSVRC2012_val_00035844 lime_budget_1024 seed=3 2.72s
4214 done imagenet vgg13 ILSVRC2012_val_00035844 lime_budget_256 seed=4 0.68s
4215 done imagenet vgg13 ILSVRC2012_val_00035844 rise_budget_1024 seed=0 4.91s
4216 done imagenet vgg13 ILSVRC2012_val_00035844 kernel_shap_budget_2048 seed=3 4.70s
4217 done imagenet vgg13 ILSVRC2012_val_00035844 lime_budget_2048 seed=0 4.53s
4218 done imagenet vgg13 ILSVRC2012_val_00035844 rise_budget_2048 seed=0 9.54s
4219 done imagenet vgg13 ILSVRC2012_val_00035844 lime_budget_1024 seed=2 2.24s
4220 done imagenet vgg13 ILSVRC2012_val_00035844 kernel_shap_budget_1024 seed=3 2.39s
4221 done imagenet vgg13 ILSVRC2012_val_00035844 kernel_shap_budget_2048 seed=0 4.51s
4222 done imagenet vgg13 ILSVRC2012_val_00035844 rise_budget_512 seed=1 2.31s
4223 done imagenet vgg13 ILSVRC2012_val_00035844 kernel_shap_budget_1024 seed=2 2.48s
4224 done imagenet vgg13 ILSVRC2012_val_00035844 rise_budget_256 seed=4 1.15s
4225 done imagenet vgg13 ILSVRC2012_val_00035844 lime_budget_512 seed=0 1.29s
4226 done imagenet vgg13 ILSVRC2012_val_00035844 kernel_shap_budget_256 seed=2 0.57s
4227 done imagenet vgg13 ILSVRC2012_val_00035844 rise_budget_256 seed=0 0.95s
4228 done imagenet vgg13 ILSVRC2012_val_00035844 rise_budget_512 seed=3 2.13s
4229 done imagenet vgg13 ILSVRC2012_val_00035844 rise_budget_1024 seed=4 5.07s
4230 done imagenet vgg13 ILSVRC2012_val_00035844 rise_budget_512 seed=4 2.43s
4231 done imagenet vgg13 ILSVRC2012_val_00035844 rise_budget_256 seed=1 1.35s
4232 done imagenet vgg13 ILSVRC2012_val_00035844 ablation_default seed=None 0.19s
4233 done imagenet vgg13 ILSVRC2012_val_00035844 rise_budget_1024 seed=1 4.43s
4234 done imagenet vgg13 ILSVRC2012_val_00035844 rise_budget_1024 seed=2 4.15s
4235 done imagenet vgg13 ILSVRC2012_val_00035844 rise_budget_256 seed=3 0.88s
4236 done imagenet vgg13 ILSVRC2012_val_00035844 lime_budget_256 seed=2 0.57s
4237 done imagenet vgg13 ILSVRC2012_val_00035844 rise_budget_1024 seed=3 4.20s
4238 done imagenet vgg13 ILSVRC2012_val_00035844 lime_budget_512 seed=3 1.35s
4239 done imagenet vgg13 ILSVRC2012_val_00035844 lime_budget_512 seed=2 1.25s
4240 done imagenet vgg13 ILSVRC2012_val_00035844 kernel_shap_budget_1024 seed=4 2.41s
4241 done imagenet vgg13 ILSVRC2012_val_00035844 lime_budget_256 seed=0 0.63s
4242 done imagenet vgg13 ILSVRC2012_val_00035844 lime_budget_512 seed=4 1.20s
4243 done imagenet vgg13 ILSVRC2012_val_00035844 lime_budget_2048 seed=1 4.45s
4244 done imagenet vgg13 ILSVRC2012_val_00035844 kernel_shap_budget_512 seed=3 1.30s
4245 done imagenet vgg13 ILSVRC2012_val_00035844 rise_budget_2048 seed=1 9.51s
4246 done imagenet vgg13 ILSVRC2012_val_00035844 lime_budget_256 seed=3 0.61s
4247 done imagenet vgg13 ILSVRC2012_val_00035844 lime_budget_1024 seed=0 2.29s
4248 done imagenet vgg13 ILSVRC2012_val_00035844 kernel_shap_budget_512 seed=0 1.21s
4249 done imagenet vgg13 ILSVRC2012_val_00035844 kernel_shap_budget_512 seed=2 1.29s
4250 done imagenet vgg13 ILSVRC2012_val_00035844 kernel_shap_budget_256 seed=1 0.72s
4251 done imagenet vgg13 ILSVRC2012_val_00035844 rise_budget_2048 seed=2 11.20s
4252 done imagenet vgg13 ILSVRC2012_val_00035844 kernel_shap_budget_512 seed=1 1.28s
4253 done imagenet vgg13 ILSVRC2012_val_00035844 rise_budget_512 seed=0 2.40s
4254 done imagenet vgg13 ILSVRC2012_val_00035844 kernel_shap_budget_512 seed=4 1.32s
4255 done imagenet vgg13 ILSVRC2012_val_00035844 kernel_shap_budget_256 seed=4 0.57s
4256 done imagenet vgg13 ILSVRC2012_val_00035844 rise_budget_512 seed=2 2.38s
4257 done imagenet vgg13 ILSVRC2012_val_00035844 kernel_shap_budget_2048 seed=4 4.49s
4258 done imagenet vgg13 ILSVRC2012_val_00035844 lime_budget_2048 seed=4 4.62s
4259 done imagenet vgg13 ILSVRC2012_val_00035844 kernel_shap_budget_1024 seed=1 2.57s
4260 done imagenet vgg13 ILSVRC2012_val_00035844 kernel_shap_budget_256 seed=3 0.64s
4261 done imagenet vgg13 ILSVRC2012_val_00035844 kernel_shap_budget_2048 seed=2 5.04s
4262 done imagenet vgg13 ILSVRC2012_val_00035844 kernel_shap_budget_1024 seed=0 2.49s
4263 done imagenet vgg13 ILSVRC2012_val_00035844 lime_budget_1024 seed=1 2.71s
4264 done imagenet vgg13 ILSVRC2012_val_00035844 kernel_shap_budget_2048 seed=1 4.99s
4265 done imagenet vgg13 ILSVRC2012_val_00035844 lime_budget_2048 seed=3 5.25s
4266 done imagenet vgg13 ILSVRC2012_val_00035844 lime_budget_256 seed=1 0.90s
4267 done imagenet vgg13 ILSVRC2012_val_00035844 lime_budget_1024 seed=4 2.67s
4268 done imagenet vgg13 ILSVRC2012_val_00035844 rise_budget_2048 seed=4 9.90s
4269 done imagenet vgg13 ILSVRC2012_val_00035844 rise_budget_2048 seed=3 10.11s
4270 done imagenet vgg13 ILSVRC2012_val_00035844 rise_budget_256 seed=2 1.21s
4271 done imagenet vgg13 ILSVRC2012_val_00038981 rise_budget_1024 seed=0 4.85s
4272 done imagenet vgg13 ILSVRC2012_val_00038981 kernel_shap_budget_1024 seed=0 2.72s
4273 done imagenet vgg13 ILSVRC2012_val_00038981 rise_budget_256 seed=2 1.26s
4274 done imagenet vgg13 ILSVRC2012_val_00038981 kernel_shap_budget_2048 seed=4 4.87s
4275 done imagenet vgg13 ILSVRC2012_val_00038981 rise_budget_2048 seed=1 10.00s
4276 done imagenet vgg13 ILSVRC2012_val_00038981 rise_budget_512 seed=0 2.53s
4277 done imagenet vgg13 ILSVRC2012_val_00038981 kernel_shap_budget_2048 seed=3 4.75s
4278 done imagenet vgg13 ILSVRC2012_val_00038981 rise_budget_512 seed=3 2.39s
4279 done imagenet vgg13 ILSVRC2012_val_00038981 lime_budget_1024 seed=2 2.18s
4280 done imagenet vgg13 ILSVRC2012_val_00038981 rise_budget_512 seed=2 2.29s
4281 done imagenet vgg13 ILSVRC2012_val_00038981 kernel_shap_budget_1024 seed=3 2.25s
4282 done imagenet vgg13 ILSVRC2012_val_00038981 lime_budget_256 seed=2 0.62s
4283 done imagenet vgg13 ILSVRC2012_val_00038981 rise_budget_2048 seed=2 9.79s
4284 done imagenet vgg13 ILSVRC2012_val_00038981 rise_budget_256 seed=4 1.32s
4285 done imagenet vgg13 ILSVRC2012_val_00038981 rise_budget_1024 seed=1 4.74s
4286 done imagenet vgg13 ILSVRC2012_val_00038981 kernel_shap_budget_1024 seed=2 2.55s
4287 done imagenet vgg13 ILSVRC2012_val_00038981 lime_budget_1024 seed=4 2.57s
4288 done imagenet vgg13 ILSVRC2012_val_00038981 kernel_shap_budget_256 seed=3 0.64s
4289 done imagenet vgg13 ILSVRC2012_val_00038981 lime_budget_1024 seed=1 2.52s
4290 done imagenet vgg13 ILSVRC2012_val_00038981 kernel_shap_budget_1024 seed=1 2.45s
4291 done imagenet vgg13 ILSVRC2012_val_00038981 rise_budget_1024 seed=3 5.04s
4292 done imagenet vgg13 ILSVRC2012_val_00038981 lime_budget_1024 seed=3 2.53s
4293 done imagenet vgg13 ILSVRC2012_val_00038981 kernel_shap_budget_256 seed=1 0.68s
4294 done imagenet vgg13 ILSVRC2012_val_00038981 lime_budget_256 seed=1 0.82s
4295 done imagenet vgg13 ILSVRC2012_val_00038981 lime_budget_2048 seed=1 4.86s
4296 done imagenet vgg13 ILSVRC2012_val_00038981 lime_budget_2048 seed=3 4.78s
4297 done imagenet vgg13 ILSVRC2012_val_00038981 ablation_default seed=None 0.18s
4298 done imagenet vgg13 ILSVRC2012_val_00038981 rise_budget_512 seed=1 2.17s
4299 done imagenet vgg13 ILSVRC2012_val_00038981 lime_budget_512 seed=0 1.18s
4300 done imagenet vgg13 ILSVRC2012_val_00038981 rise_budget_1024 seed=4 4.71s
4301 done imagenet vgg13 ILSVRC2012_val_00038981 kernel_shap_budget_512 seed=1 1.13s
4302 done imagenet vgg13 ILSVRC2012_val_00038981 kernel_shap_budget_2048 seed=2 4.77s
4303 done imagenet vgg13 ILSVRC2012_val_00038981 kernel_shap_budget_512 seed=4 1.21s
4304 done imagenet vgg13 ILSVRC2012_val_00038981 lime_budget_512 seed=3 1.18s
4305 done imagenet vgg13 ILSVRC2012_val_00038981 lime_budget_512 seed=1 1.17s
4306 done imagenet vgg13 ILSVRC2012_val_00038981 rise_budget_1024 seed=2 4.95s
4307 done imagenet vgg13 ILSVRC2012_val_00038981 kernel_shap_budget_2048 seed=0 4.56s
4308 done imagenet vgg13 ILSVRC2012_val_00038981 lime_budget_1024 seed=0 2.25s
4309 done imagenet vgg13 ILSVRC2012_val_00038981 lime_budget_512 seed=4 1.10s
4310 done imagenet vgg13 ILSVRC2012_val_00038981 kernel_shap_budget_512 seed=0 1.12s
4311 done imagenet vgg13 ILSVRC2012_val_00038981 kernel_shap_budget_256 seed=4 0.54s
4312 done imagenet vgg13 ILSVRC2012_val_00038981 rise_budget_2048 seed=0 9.88s
4313 done imagenet vgg13 ILSVRC2012_val_00038981 rise_budget_256 seed=0 1.14s
4314 done imagenet vgg13 ILSVRC2012_val_00038981 lime_budget_2048 seed=2 4.45s
4315 done imagenet vgg13 ILSVRC2012_val_00038981 lime_budget_256 seed=4 0.58s
4316 done imagenet vgg13 ILSVRC2012_val_00038981 lime_budget_512 seed=2 1.31s
4317 done imagenet vgg13 ILSVRC2012_val_00038981 kernel_shap_budget_256 seed=2 0.61s
4318 done imagenet vgg13 ILSVRC2012_val_00038981 kernel_shap_budget_512 seed=2 1.35s
4319 done imagenet vgg13 ILSVRC2012_val_00038981 lime_budget_256 seed=3 0.71s
4320 done imagenet vgg13 ILSVRC2012_val_00038981 lime_budget_256 seed=0 0.67s
4321 done imagenet vgg13 ILSVRC2012_val_00038981 rise_budget_2048 seed=3 9.53s
4322 done imagenet vgg13 ILSVRC2012_val_00038981 rise_budget_256 seed=1 1.14s
4323 done imagenet vgg13 ILSVRC2012_val_00038981 kernel_shap_budget_256 seed=0 0.61s
4324 done imagenet vgg13 ILSVRC2012_val_00038981 kernel_shap_budget_2048 seed=1 4.76s
4325 done imagenet vgg13 ILSVRC2012_val_00038981 lime_budget_2048 seed=4 5.05s
4326 done imagenet vgg13 ILSVRC2012_val_00038981 kernel_shap_budget_1024 seed=4 2.52s
4327 done imagenet vgg13 ILSVRC2012_val_00038981 kernel_shap_budget_512 seed=3 1.24s
4328 done imagenet vgg13 ILSVRC2012_val_00038981 rise_budget_2048 seed=4 11.08s
4329 done imagenet vgg13 ILSVRC2012_val_00038981 rise_budget_256 seed=3 1.35s
4330 done imagenet vgg13 ILSVRC2012_val_00038981 rise_budget_512 seed=4 2.27s
4331 done imagenet vgg13 ILSVRC2012_val_00038981 lime_budget_2048 seed=0 4.90s
4332 done imagenet vgg13 ILSVRC2012_val_00043538 kernel_shap_budget_256 seed=1 0.68s
4333 done imagenet vgg13 ILSVRC2012_val_00043538 rise_budget_2048 seed=0 9.70s
4334 done imagenet vgg13 ILSVRC2012_val_00043538 kernel_shap_budget_512 seed=2 1.27s
4335 done imagenet vgg13 ILSVRC2012_val_00043538 lime_budget_256 seed=1 0.64s
4336 done imagenet vgg13 ILSVRC2012_val_00043538 rise_budget_1024 seed=4 4.87s
4337 done imagenet vgg13 ILSVRC2012_val_00043538 kernel_shap_budget_1024 seed=4 2.27s
4338 done imagenet vgg13 ILSVRC2012_val_00043538 rise_budget_256 seed=0 1.20s
4339 done imagenet vgg13 ILSVRC2012_val_00043538 lime_budget_256 seed=0 0.67s
4340 done imagenet vgg13 ILSVRC2012_val_00043538 lime_budget_2048 seed=0 5.33s
4341 done imagenet vgg13 ILSVRC2012_val_00043538 kernel_shap_budget_512 seed=0 1.46s
4342 done imagenet vgg13 ILSVRC2012_val_00043538 ablation_default seed=None 0.19s
4343 done imagenet vgg13 ILSVRC2012_val_00043538 rise_budget_1024 seed=2 4.95s
4344 done imagenet vgg13 ILSVRC2012_val_00043538 lime_budget_1024 seed=0 2.23s
4345 done imagenet vgg13 ILSVRC2012_val_00043538 kernel_shap_budget_256 seed=4 0.57s
4346 done imagenet vgg13 ILSVRC2012_val_00043538 lime_budget_2048 seed=4 4.45s
4347 done imagenet vgg13 ILSVRC2012_val_00043538 lime_budget_256 seed=4 0.69s
4348 done imagenet vgg13 ILSVRC2012_val_00043538 kernel_shap_budget_2048 seed=3 5.03s
4349 done imagenet vgg13 ILSVRC2012_val_00043538 kernel_shap_budget_256 seed=3 0.66s
4350 done imagenet vgg13 ILSVRC2012_val_00043538 rise_budget_512 seed=3 2.49s
4351 done imagenet vgg13 ILSVRC2012_val_00043538 rise_budget_256 seed=2 1.28s
4352 done imagenet vgg13 ILSVRC2012_val_00043538 rise_budget_512 seed=2 2.42s
4353 done imagenet vgg13 ILSVRC2012_val_00043538 lime_budget_2048 seed=3 5.27s
4354 done imagenet vgg13 ILSVRC2012_val_00043538 kernel_shap_budget_1024 seed=0 2.41s
4355 done imagenet vgg13 ILSVRC2012_val_00043538 kernel_shap_budget_256 seed=0 0.57s
4356 done imagenet vgg13 ILSVRC2012_val_00043538 lime_budget_512 seed=4 1.16s
4357 done imagenet vgg13 ILSVRC2012_val_00043538 kernel_shap_budget_512 seed=3 1.13s
4358 done imagenet vgg13 ILSVRC2012_val_00043538 rise_budget_256 seed=3 1.13s
4359 done imagenet vgg13 ILSVRC2012_val_00043538 rise_budget_512 seed=1 2.38s
4360 done imagenet vgg13 ILSVRC2012_val_00043538 kernel_shap_budget_1024 seed=2 2.24s
4361 done imagenet vgg13 ILSVRC2012_val_00043538 kernel_shap_budget_512 seed=1 1.13s
4362 done imagenet vgg13 ILSVRC2012_val_00043538 rise_budget_2048 seed=3 9.31s
4363 done imagenet vgg13 ILSVRC2012_val_00043538 lime_budget_512 seed=2 1.11s
4364 done imagenet vgg13 ILSVRC2012_val_00043538 rise_budget_256 seed=1 1.29s
4365 done imagenet vgg13 ILSVRC2012_val_00043538 lime_budget_1024 seed=2 2.36s
4366 done imagenet vgg13 ILSVRC2012_val_00043538 kernel_shap_budget_2048 seed=4 4.62s
4367 done imagenet vgg13 ILSVRC2012_val_00043538 lime_budget_2048 seed=2 4.75s
4368 done imagenet vgg13 ILSVRC2012_val_00043538 lime_budget_2048 seed=1 5.23s
4369 done imagenet vgg13 ILSVRC2012_val_00043538 rise_budget_2048 seed=4 11.19s
4370 done imagenet vgg13 ILSVRC2012_val_00043538 rise_budget_256 seed=4 1.42s
4371 done imagenet vgg13 ILSVRC2012_val_00043538 kernel_shap_budget_2048 seed=0 5.01s
4372 done imagenet vgg13 ILSVRC2012_val_00043538 lime_budget_512 seed=3 1.18s
4373 done imagenet vgg13 ILSVRC2012_val_00043538 lime_budget_512 seed=1 1.33s
4374 done imagenet vgg13 ILSVRC2012_val_00043538 rise_budget_512 seed=4 2.48s
4375 done imagenet vgg13 ILSVRC2012_val_00043538 rise_budget_512 seed=0 2.82s
4376 done imagenet vgg13 ILSVRC2012_val_00043538 kernel_shap_budget_256 seed=2 0.74s
4377 done imagenet vgg13 ILSVRC2012_val_00043538 rise_budget_2048 seed=1 11.47s
4378 done imagenet vgg13 ILSVRC2012_val_00043538 lime_budget_1024 seed=3 2.30s
4379 done imagenet vgg13 ILSVRC2012_val_00043538 kernel_shap_budget_2048 seed=1 5.03s
4380 done imagenet vgg13 ILSVRC2012_val_00043538 lime_budget_1024 seed=1 2.77s
4381 done imagenet vgg13 ILSVRC2012_val_00043538 rise_budget_2048 seed=2 9.81s
4382 done imagenet vgg13 ILSVRC2012_val_00043538 rise_budget_1024 seed=0 4.95s
4383 done imagenet vgg13 ILSVRC2012_val_00043538 kernel_shap_budget_1024 seed=1 2.20s
4384 done imagenet vgg13 ILSVRC2012_val_00043538 kernel_shap_budget_1024 seed=3 2.22s
4385 done imagenet vgg13 ILSVRC2012_val_00043538 lime_budget_1024 seed=4 2.23s
4386 done imagenet vgg13 ILSVRC2012_val_00043538 kernel_shap_budget_512 seed=4 1.11s
4387 done imagenet vgg13 ILSVRC2012_val_00043538 rise_budget_1024 seed=3 4.70s
4388 done imagenet vgg13 ILSVRC2012_val_00043538 lime_budget_256 seed=2 0.61s
4389 done imagenet vgg13 ILSVRC2012_val_00043538 lime_budget_512 seed=0 1.40s
4390 done imagenet vgg13 ILSVRC2012_val_00043538 kernel_shap_budget_2048 seed=2 5.03s
4391 done imagenet vgg13 ILSVRC2012_val_00043538 lime_budget_256 seed=3 0.79s
4392 done imagenet vgg13 ILSVRC2012_val_00043538 rise_budget_1024 seed=1 5.45s
4393 done imagenet vgg13 ILSVRC2012_val_00044238 rise_budget_2048 seed=2 10.34s
4394 done imagenet vgg13 ILSVRC2012_val_00044238 rise_budget_512 seed=2 2.32s
4395 done imagenet vgg13 ILSVRC2012_val_00044238 lime_budget_1024 seed=4 2.31s
4396 done imagenet vgg13 ILSVRC2012_val_00044238 rise_budget_1024 seed=4 4.70s
4397 done imagenet vgg13 ILSVRC2012_val_00044238 kernel_shap_budget_512 seed=0 1.12s
4398 done imagenet vgg13 ILSVRC2012_val_00044238 lime_budget_2048 seed=0 4.28s
4399 done imagenet vgg13 ILSVRC2012_val_00044238 lime_budget_2048 seed=4 4.40s
4400 done imagenet vgg13 ILSVRC2012_val_00044238 kernel_shap_budget_256 seed=3 0.66s
4401 done imagenet vgg13 ILSVRC2012_val_00044238 kernel_shap_budget_256 seed=0 0.66s
4402 done imagenet vgg13 ILSVRC2012_val_00044238 kernel_shap_budget_2048 seed=0 5.17s
4403 done imagenet vgg13 ILSVRC2012_val_00044238 kernel_shap_budget_256 seed=4 0.64s
4404 done imagenet vgg13 ILSVRC2012_val_00044238 rise_budget_512 seed=1 2.66s
4405 done imagenet vgg13 ILSVRC2012_val_00044238 rise_budget_512 seed=4 2.71s
4406 done imagenet vgg13 ILSVRC2012_val_00044238 lime_budget_256 seed=2 0.63s
4407 done imagenet vgg13 ILSVRC2012_val_00044238 rise_budget_256 seed=1 1.16s
4408 done imagenet vgg13 ILSVRC2012_val_00044238 rise_budget_1024 seed=0 4.28s
4409 done imagenet vgg13 ILSVRC2012_val_00044238 kernel_shap_budget_1024 seed=2 2.21s
4410 done imagenet vgg13 ILSVRC2012_val_00044238 lime_budget_256 seed=4 0.62s
4411 done imagenet vgg13 ILSVRC2012_val_00044238 lime_budget_1024 seed=2 2.39s
4412 done imagenet vgg13 ILSVRC2012_val_00044238 rise_budget_256 seed=2 1.25s
4413 done imagenet vgg13 ILSVRC2012_val_00044238 lime_budget_256 seed=0 0.62s
4414 done imagenet vgg13 ILSVRC2012_val_00044238 rise_budget_1024 seed=2 5.07s
4415 done imagenet vgg13 ILSVRC2012_val_00044238 lime_budget_512 seed=4 1.11s
4416 done imagenet vgg13 ILSVRC2012_val_00044238 lime_budget_256 seed=3 0.56s
4417 done imagenet vgg13 ILSVRC2012_val_00044238 kernel_shap_budget_2048 seed=4 4.59s
4418 done imagenet vgg13 ILSVRC2012_val_00044238 rise_budget_512 seed=0 2.40s
4419 done imagenet vgg13 ILSVRC2012_val_00044238 lime_budget_512 seed=3 1.30s
4420 done imagenet vgg13 ILSVRC2012_val_00044238 lime_budget_512 seed=2 1.31s
4421 done imagenet vgg13 ILSVRC2012_val_00044238 lime_budget_512 seed=1 1.37s
4422 done imagenet vgg13 ILSVRC2012_val_00044238 rise_budget_2048 seed=3 9.95s
4423 done imagenet vgg13 ILSVRC2012_val_00044238 rise_budget_2048 seed=0 8.94s
4424 done imagenet vgg13 ILSVRC2012_val_00044238 rise_budget_256 seed=0 1.14s
4425 done imagenet vgg13 ILSVRC2012_val_00044238 kernel_shap_budget_256 seed=2 0.63s
4426 done imagenet vgg13 ILSVRC2012_val_00044238 lime_budget_2048 seed=2 4.91s
4427 done imagenet vgg13 ILSVRC2012_val_00044238 kernel_shap_budget_2048 seed=1 4.88s
4428 done imagenet vgg13 ILSVRC2012_val_00044238 lime_budget_1024 seed=3 2.27s
4429 done imagenet vgg13 ILSVRC2012_val_00044238 kernel_shap_budget_2048 seed=2 4.67s
4430 done imagenet vgg13 ILSVRC2012_val_00044238 kernel_shap_budget_512 seed=2 1.13s
4431 done imagenet vgg13 ILSVRC2012_val_00044238 kernel_shap_budget_2048 seed=3 4.98s
4432 done imagenet vgg13 ILSVRC2012_val_00044238 rise_budget_2048 seed=4 10.31s
4433 done imagenet vgg13 ILSVRC2012_val_00044238 kernel_shap_budget_1024 seed=1 2.50s
4434 done imagenet vgg13 ILSVRC2012_val_00044238 rise_budget_1024 seed=3 5.01s
4435 done imagenet vgg13 ILSVRC2012_val_00044238 lime_budget_2048 seed=1 4.94s
4436 done imagenet vgg13 ILSVRC2012_val_00044238 kernel_shap_budget_1024 seed=3 2.43s
4437 done imagenet vgg13 ILSVRC2012_val_00044238 kernel_shap_budget_1024 seed=0 2.12s
4438 done imagenet vgg13 ILSVRC2012_val_00044238 lime_budget_1024 seed=0 2.22s
4439 done imagenet vgg13 ILSVRC2012_val_00044238 lime_budget_512 seed=0 1.10s
4440 done imagenet vgg13 ILSVRC2012_val_00044238 rise_budget_256 seed=4 1.14s
4441 done imagenet vgg13 ILSVRC2012_val_00044238 lime_budget_256 seed=1 0.61s
4442 done imagenet vgg13 ILSVRC2012_val_00044238 lime_budget_1024 seed=1 2.24s
4443 done imagenet vgg13 ILSVRC2012_val_00044238 rise_budget_2048 seed=1 10.42s
4444 done imagenet vgg13 ILSVRC2012_val_00044238 rise_budget_256 seed=3 1.46s
4445 done imagenet vgg13 ILSVRC2012_val_00044238 kernel_shap_budget_512 seed=1 1.21s
4446 done imagenet vgg13 ILSVRC2012_val_00044238 lime_budget_2048 seed=3 4.88s
4447 done imagenet vgg13 ILSVRC2012_val_00044238 rise_budget_512 seed=3 2.51s
4448 done imagenet vgg13 ILSVRC2012_val_00044238 kernel_shap_budget_256 seed=1 0.65s
4449 done imagenet vgg13 ILSVRC2012_val_00044238 kernel_shap_budget_512 seed=3 1.30s
4450 done imagenet vgg13 ILSVRC2012_val_00044238 kernel_shap_budget_512 seed=4 1.46s
4451 done imagenet vgg13 ILSVRC2012_val_00044238 kernel_shap_budget_1024 seed=4 2.64s
4452 done imagenet vgg13 ILSVRC2012_val_00044238 ablation_default seed=None 0.18s
4453 done imagenet vgg13 ILSVRC2012_val_00044238 rise_budget_1024 seed=1 5.81s
4454 done imagenet vgg13 ILSVRC2012_val_00045961 kernel_shap_budget_1024 seed=0 2.44s
4455 done imagenet vgg13 ILSVRC2012_val_00045961 lime_budget_256 seed=4 0.71s
4456 done imagenet vgg13 ILSVRC2012_val_00045961 rise_budget_256 seed=2 1.28s
4457 done imagenet vgg13 ILSVRC2012_val_00045961 rise_budget_1024 seed=3 5.72s
4458 done imagenet vgg13 ILSVRC2012_val_00045961 lime_budget_1024 seed=2 2.49s
4459 done imagenet vgg13 ILSVRC2012_val_00045961 lime_budget_1024 seed=3 2.25s
4460 done imagenet vgg13 ILSVRC2012_val_00045961 lime_budget_1024 seed=4 2.36s
4461 done imagenet vgg13 ILSVRC2012_val_00045961 kernel_shap_budget_2048 seed=0 5.04s
4462 done imagenet vgg13 ILSVRC2012_val_00045961 lime_budget_1024 seed=0 2.50s
4463 done imagenet vgg13 ILSVRC2012_val_00045961 lime_budget_256 seed=3 0.62s
4464 done imagenet vgg13 ILSVRC2012_val_00045961 kernel_shap_budget_256 seed=1 0.64s
4465 done imagenet vgg13 ILSVRC2012_val_00045961 lime_budget_1024 seed=1 2.32s
4466 done imagenet vgg13 ILSVRC2012_val_00045961 lime_budget_2048 seed=0 4.64s
4467 done imagenet vgg13 ILSVRC2012_val_00045961 kernel_shap_budget_2048 seed=3 4.82s
4468 done imagenet vgg13 ILSVRC2012_val_00045961 kernel_shap_budget_512 seed=2 1.29s
4469 done imagenet vgg13 ILSVRC2012_val_00045961 rise_budget_2048 seed=2 8.24s
4470 done imagenet vgg13 ILSVRC2012_val_00045961 lime_budget_512 seed=3 1.15s
4471 done imagenet vgg13 ILSVRC2012_val_00045961 lime_budget_256 seed=0 0.72s
4472 done imagenet vgg13 ILSVRC2012_val_00045961 lime_budget_512 seed=0 1.33s
4473 done imagenet vgg13 ILSVRC2012_val_00045961 kernel_shap_budget_256 seed=3 0.75s
4474 done imagenet vgg13 ILSVRC2012_val_00045961 kernel_shap_budget_512 seed=1 1.24s
4475 done imagenet vgg13 ILSVRC2012_val_00045961 lime_budget_2048 seed=3 5.22s
4476 done imagenet vgg13 ILSVRC2012_val_00045961 rise_budget_512 seed=0 2.41s
4477 done imagenet vgg13 ILSVRC2012_val_00045961 rise_budget_512 seed=4 2.39s
4478 done imagenet vgg13 ILSVRC2012_val_00045961 kernel_shap_budget_1024 seed=2 2.25s
4479 done imagenet vgg13 ILSVRC2012_val_00045961 lime_budget_512 seed=1 1.13s
4480 done imagenet vgg13 ILSVRC2012_val_00045961 rise_budget_256 seed=3 0.91s
4481 done imagenet vgg13 ILSVRC2012_val_00045961 lime_budget_2048 seed=1 4.92s
4482 done imagenet vgg13 ILSVRC2012_val_00045961 kernel_shap_budget_1024 seed=3 2.32s
4483 done imagenet vgg13 ILSVRC2012_val_00045961 rise_budget_256 seed=0 1.22s
4484 done imagenet vgg13 ILSVRC2012_val_00045961 kernel_shap_budget_1024 seed=4 2.63s
4485 done imagenet vgg13 ILSVRC2012_val_00045961 kernel_shap_budget_512 seed=0 1.23s
4486 done imagenet vgg13 ILSVRC2012_val_00045961 rise_budget_2048 seed=1 9.54s
4487 done imagenet vgg13 ILSVRC2012_val_00045961 rise_budget_1024 seed=4 4.53s
4488 done imagenet vgg13 ILSVRC2012_val_00045961 rise_budget_256 seed=4 0.83s
4489 done imagenet vgg13 ILSVRC2012_val_00045961 lime_budget_256 seed=2 0.56s
4490 done imagenet vgg13 ILSVRC2012_val_00045961 rise_budget_512 seed=2 1.70s
4491 done imagenet vgg13 ILSVRC2012_val_00045961 rise_budget_1024 seed=1 4.52s
4492 done imagenet vgg13 ILSVRC2012_val_00045961 lime_budget_2048 seed=4 4.40s
4493 done imagenet vgg13 ILSVRC2012_val_00045961 rise_budget_256 seed=1 1.19s
4494 done imagenet vgg13 ILSVRC2012_val_00045961 rise_budget_1024 seed=0 5.15s
4495 done imagenet vgg13 ILSVRC2012_val_00045961 kernel_shap_budget_2048 seed=2 5.01s
4496 done imagenet vgg13 ILSVRC2012_val_00045961 rise_budget_2048 seed=3 10.06s
4497 done imagenet vgg13 ILSVRC2012_val_00045961 lime_budget_2048 seed=2 4.44s
4498 done imagenet vgg13 ILSVRC2012_val_00045961 rise_budget_512 seed=1 2.41s
4499 done imagenet vgg13 ILSVRC2012_val_00045961 ablation_default seed=None 0.15s
4500 done imagenet vgg13 ILSVRC2012_val_00045961 lime_budget_256 seed=1 0.59s
4501 done imagenet vgg13 ILSVRC2012_val_00045961 kernel_shap_budget_2048 seed=4 4.60s
4502 done imagenet vgg13 ILSVRC2012_val_00045961 kernel_shap_budget_2048 seed=1 5.30s
4503 done imagenet vgg13 ILSVRC2012_val_00045961 rise_budget_512 seed=3 3.11s
4504 done imagenet vgg13 ILSVRC2012_val_00045961 lime_budget_512 seed=4 1.32s
4505 done imagenet vgg13 ILSVRC2012_val_00045961 lime_budget_512 seed=2 1.43s
4506 done imagenet vgg13 ILSVRC2012_val_00045961 kernel_shap_budget_256 seed=0 0.56s
4507 done imagenet vgg13 ILSVRC2012_val_00045961 rise_budget_2048 seed=4 11.34s
4508 done imagenet vgg13 ILSVRC2012_val_00045961 rise_budget_2048 seed=0 11.12s
4509 done imagenet vgg13 ILSVRC2012_val_00045961 kernel_shap_budget_256 seed=4 0.62s
4510 done imagenet vgg13 ILSVRC2012_val_00045961 rise_budget_1024 seed=2 3.97s
4511 done imagenet vgg13 ILSVRC2012_val_00045961 kernel_shap_budget_512 seed=3 1.17s
4512 done imagenet vgg13 ILSVRC2012_val_00045961 kernel_shap_budget_1024 seed=1 2.31s
4513 done imagenet vgg13 ILSVRC2012_val_00045961 kernel_shap_budget_256 seed=2 0.65s
4514 done imagenet vgg13 ILSVRC2012_val_00045961 kernel_shap_budget_512 seed=4 1.23s
