1 stability imagenet resnet50 ILSVRC2012_val_00000319 lime_slic_50 seed=0
2 stability imagenet resnet50 ILSVRC2012_val_00000319 lime_slic_50 seed=1
3 stability imagenet resnet50 ILSVRC2012_val_00000319 lime_slic_50 seed=2
4 stability imagenet resnet50 ILSVRC2012_val_00000319 lime_slic_50 seed=3
5 stability imagenet resnet50 ILSVRC2012_val_00000319 lime_slic_50 seed=4
6 stability imagenet resnet50 ILSVRC2012_val_00000319 lime_slic_200 seed=0
7 stability imagenet resnet50 ILSVRC2012_val_00000319 lime_slic_200 seed=1
8 stability imagenet resnet50 ILSVRC2012_val_00000319 lime_slic_200 seed=2
9 stability imagenet resnet50 ILSVRC2012_val_00000319 lime_slic_200 seed=3
10 stability imagenet resnet50 ILSVRC2012_val_00000319 lime_slic_200 seed=4
11 stability imagenet resnet50 ILSVRC2012_val_00000319 lime_slic_300 seed=0
12 stability imagenet resnet50 ILSVRC2012_val_00000319 lime_slic_300 seed=1
13 stability imagenet resnet50 ILSVRC2012_val_00000319 lime_slic_300 seed=2
14 stability imagenet resnet50 ILSVRC2012_val_00000319 lime_slic_300 seed=3
15 stability imagenet resnet50 ILSVRC2012_val_00000319 lime_slic_300 seed=4
16 stability imagenet resnet50 ILSVRC2012_val_00000319 rise_grid_4 seed=0
17 stability imagenet resnet50 ILSVRC2012_val_00000319 rise_grid_4 seed=1
18 stability imagenet resnet50 ILSVRC2012_val_00000319 rise_grid_4 seed=2
19 stability imagenet resnet50 ILSVRC2012_val_00000319 rise_grid_4 seed=3
20 stability imagenet resnet50 ILSVRC2012_val_00000319 rise_grid_4 seed=4
21 stability imagenet resnet50 ILSVRC2012_val_00000319 rise_grid_10 seed=0
22 stability imagenet resnet50 ILSVRC2012_val_00000319 rise_grid_10 seed=1
23 stability imagenet resnet50 ILSVRC2012_val_00000319 rise_grid_10 seed=2
24 stability imagenet resnet50 ILSVRC2012_val_00000319 rise_grid_10 seed=3
25 stability imagenet resnet50 ILSVRC2012_val_00000319 rise_grid_10 seed=4
26 stability imagenet resnet50 ILSVRC2012_val_00000319 rise_grid_14 seed=0
27 stability imagenet resnet50 ILSVRC2012_val_00000319 rise_grid_14 seed=1
28 stability imagenet resnet50 ILSVRC2012_val_00000319 rise_grid_14 seed=2
29 stability imagenet resnet50 ILSVRC2012_val_00000319 rise_grid_14 seed=3
30 stability imagenet resnet50 ILSVRC2012_val_00000319 rise_grid_14 seed=4
31 stability imagenet resnet50 ILSVRC2012_val_00000319 lime_mask_0.25 seed=0
32 stability imagenet resnet50 ILSVRC2012_val_00000319 lime_mask_0.25 seed=1
33 stability imagenet resnet50 ILSVRC2012_val_00000319 lime_mask_0.25 seed=2
34 stability imagenet resnet50 ILSVRC2012_val_00000319 lime_mask_0.25 seed=3
35 stability imagenet resnet50 ILSVRC2012_val_00000319 lime_mask_0.25 seed=4
36 stability imagenet resnet50 ILSVRC2012_val_00000319 lime_mask_0.75 seed=0
37 stability imagenet resnet50 ILSVRC2012_val_00000319 lime_mask_0.75 seed=1
38 stability imagenet resnet50 ILSVRC2012_val_00000319 lime_mask_0.75 seed=2
39 stability imagenet resnet50 ILSVRC2012_val_00000319 lime_mask_0.75 seed=3
40 stability imagenet resnet50 ILSVRC2012_val_00000319 lime_mask_0.75 seed=4
41 stability imagenet resnet50 ILSVRC2012_val_00000319 rise_mask_0.25 seed=0
42 stability imagenet resnet50 ILSVRC2012_val_00000319 rise_mask_0.25 seed=1
43 stability imagenet resnet50 ILSVRC2012_val_00000319 rise_mask_0.25 seed=2
44 stability imagenet resnet50 ILSVRC2012_val_00000319 rise_mask_0.25 seed=3
45 stability imagenet resnet50 ILSVRC2012_val_00000319 rise_mask_0.25 seed=4
46 stability imagenet resnet50 ILSVRC2012_val_00000319 rise_mask_0.75 seed=0
47 stability imagenet resnet50 ILSVRC2012_val_00000319 rise_mask_0.75 seed=1
48 stability imagenet resnet50 ILSVRC2012_val_00000319 rise_mask_0.75 seed=2
49 stability imagenet resnet50 ILSVRC2012_val_00000319 rise_mask_0.75 seed=3
50 stability imagenet resnet50 ILSVRC2012_val_00000319 rise_mask_0.75 seed=4
51 stability imagenet resnet50 ILSVRC2012_val_00000604 lime_slic_50 seed=0
52 stability imagenet resnet50 ILSVRC2012_val_00000604 lime_slic_50 seed=1
53 stability imagenet resnet50 ILSVRC2012_val_00000604 lime_slic_50 seed=2
54 stability imagenet resnet50 ILSVRC2012_val_00000604 lime_slic_50 seed=3
55 stability imagenet resnet50 ILSVRC2012_val_00000604 lime_slic_50 seed=4
56 stability imagenet resnet50 ILSVRC2012_val_00000604 lime_slic_200 seed=0
57 stability imagenet resnet50 ILSVRC2012_val_00000604 lime_slic_200 seed=1
58 stability imagenet resnet50 ILSVRC2012_val_00000604 lime_slic_200 seed=2
59 stability imagenet resnet50 ILSVRC2012_val_00000604 lime_slic_200 seed=3
60 stability imagenet resnet50 ILSVRC2012_val_00000604 lime_slic_200 seed=4
61 stability imagenet resnet50 ILSVRC2012_val_00000604 lime_slic_300 seed=0
62 stability imagenet resnet50 ILSVRC2012_val_00000604 lime_slic_300 seed=1
63 stability imagenet resnet50 ILSVRC2012_val_00000604 lime_slic_300 seed=2
64 stability imagenet resnet50 ILSVRC2012_val_00000604 lime_slic_300 seed=3
65 stability imagenet resnet50 ILSVRC2012_val_00000604 lime_slic_300 seed=4
66 stability imagenet resnet50 ILSVRC2012_val_00000604 rise_grid_4 seed=0
67 stability imagenet resnet50 ILSVRC2012_val_00000604 rise_grid_4 seed=1
68 stability imagenet resnet50 ILSVRC2012_val_00000604 rise_grid_4 seed=2
69 stability imagenet resnet50 ILSVRC2012_val_00000604 rise_grid_4 seed=3
70 stability imagenet resnet50 ILSVRC2012_val_00000604 rise_grid_4 seed=4
71 stability imagenet resnet50 ILSVRC2012_val_00000604 rise_grid_10 seed=0
72 stability imagenet resnet50 ILSVRC2012_val_00000604 rise_grid_10 seed=1
73 stability imagenet resnet50 ILSVRC2012_val_00000604 rise_grid_10 seed=2
74 stability imagenet resnet50 ILSVRC2012_val_00000604 rise_grid_10 seed=3
75 stability imagenet resnet50 ILSVRC2012_val_00000604 rise_grid_10 seed=4
76 stability imagenet resnet50 ILSVRC2012_val_00000604 rise_grid_14 seed=0
77 stability imagenet resnet50 ILSVRC2012_val_00000604 rise_grid_14 seed=1
78 stability imagenet resnet50 ILSVRC2012_val_00000604 rise_grid_14 seed=2
79 stability imagenet resnet50 ILSVRC2012_val_00000604 rise_grid_14 seed=3
80 stability imagenet resnet50 ILSVRC2012_val_00000604 rise_grid_14 seed=4
81 stability imagenet resnet50 ILSVRC2012_val_00000604 lime_mask_0.25 seed=0
82 stability imagenet resnet50 ILSVRC2012_val_00000604 lime_mask_0.25 seed=1
83 stability imagenet resnet50 ILSVRC2012_val_00000604 lime_mask_0.25 seed=2
84 stability imagenet resnet50 ILSVRC2012_val_00000604 lime_mask_0.25 seed=3
85 stability imagenet resnet50 ILSVRC2012_val_00000604 lime_mask_0.25 seed=4
86 stability imagenet resnet50 ILSVRC2012_val_00000604 lime_mask_0.75 seed=0
87 stability imagenet resnet50 ILSVRC2012_val_00000604 lime_mask_0.75 seed=1
88 stability imagenet resnet50 ILSVRC2012_val_00000604 lime_mask_0.75 seed=2
89 stability imagenet resnet50 ILSVRC2012_val_00000604 lime_mask_0.75 seed=3
90 stability imagenet resnet50 ILSVRC2012_val_00000604 lime_mask_0.75 seed=4
91 stability imagenet resnet50 ILSVRC2012_val_00000604 rise_mask_0.25 seed=0
92 stability imagenet resnet50 ILSVRC2012_val_00000604 rise_mask_0.25 seed=1
93 stability imagenet resnet50 ILSVRC2012_val_00000604 rise_mask_0.25 seed=2
94 stability imagenet resnet50 ILSVRC2012_val_00000604 rise_mask_0.25 seed=3
95 stability imagenet resnet50 ILSVRC2012_val_00000604 rise_mask_0.25 seed=4
96 stability imagenet resnet50 ILSVRC2012_val_00000604 rise_mask_0.75 seed=0
97 stability imagenet resnet50 ILSVRC2012_val_00000604 rise_mask_0.75 seed=1
98 stability imagenet resnet50 ILSVRC2012_val_00000604 rise_mask_0.75 seed=2
99 stability imagenet resnet50 ILSVRC2012_val_00000604 rise_mask_0.75 seed=3
100 stability imagenet resnet50 ILSVRC2012_val_00000604 rise_mask_0.75 seed=4
101 stability imagenet resnet50 ILSVRC2012_val_00002263 lime_slic_50 seed=0
102 stability imagenet resnet50 ILSVRC2012_val_00002263 lime_slic_50 seed=1
103 stability imagenet resnet50 ILSVRC2012_val_00002263 lime_slic_50 seed=2
104 stability imagenet resnet50 ILSVRC2012_val_00002263 lime_slic_50 seed=3
105 stability imagenet resnet50 ILSVRC2012_val_00002263 lime_slic_50 seed=4
106 stability imagenet resnet50 ILSVRC2012_val_00002263 lime_slic_200 seed=0
107 stability imagenet resnet50 ILSVRC2012_val_00002263 lime_slic_200 seed=1
108 stability imagenet resnet50 ILSVRC2012_val_00002263 lime_slic_200 seed=2
109 stability imagenet resnet50 ILSVRC2012_val_00002263 lime_slic_200 seed=3
110 stability imagenet resnet50 ILSVRC2012_val_00002263 lime_slic_200 seed=4
111 stability imagenet resnet50 ILSVRC2012_val_00002263 lime_slic_300 seed=0
112 stability imagenet resnet50 ILSVRC2012_val_00002263 lime_slic_300 seed=1
113 stability imagenet resnet50 ILSVRC2012_val_00002263 lime_slic_300 seed=2
114 stability imagenet resnet50 ILSVRC2012_val_00002263 lime_slic_300 seed=3
115 stability imagenet resnet50 ILSVRC2012_val_00002263 lime_slic_300 seed=4
116 stability imagenet resnet50 ILSVRC2012_val_00002263 rise_grid_4 seed=0
117 stability imagenet resnet50 ILSVRC2012_val_00002263 rise_grid_4 seed=1
118 stability imagenet resnet50 ILSVRC2012_val_00002263 rise_grid_4 seed=2
119 stability imagenet resnet50 ILSVRC2012_val_00002263 rise_grid_4 seed=3
120 stability imagenet resnet50 ILSVRC2012_val_00002263 rise_grid_4 seed=4
121 stability imagenet resnet50 ILSVRC2012_val_00002263 rise_grid_10 seed=0
122 stability imagenet resnet50 ILSVRC2012_val_00002263 rise_grid_10 seed=1
123 stability imagenet resnet50 ILSVRC2012_val_00002263 rise_grid_10 seed=2
124 stability imagenet resnet50 ILSVRC2012_val_00002263 rise_grid_10 seed=3
125 stability imagenet resnet50 ILSVRC2012_val_00002263 rise_grid_10 seed=4
126 stability imagenet resnet50 ILSVRC2012_val_00002263 rise_grid_14 seed=0
127 stability imagenet resnet50 ILSVRC2012_val_00002263 rise_grid_14 seed=1
128 stability imagenet resnet50 ILSVRC2012_val_00002263 rise_grid_14 seed=2
129 stability imagenet resnet50 ILSVRC2012_val_00002263 rise_grid_14 seed=3
130 stability imagenet resnet50 ILSVRC2012_val_00002263 rise_grid_14 seed=4
131 stability imagenet resnet50 ILSVRC2012_val_00002263 lime_mask_0.25 seed=0
132 stability imagenet resnet50 ILSVRC2012_val_00002263 lime_mask_0.25 seed=1
133 stability imagenet resnet50 ILSVRC2012_val_00002263 lime_mask_0.25 seed=2
134 stability imagenet resnet50 ILSVRC2012_val_00002263 lime_mask_0.25 seed=3
135 stability imagenet resnet50 ILSVRC2012_val_00002263 lime_mask_0.25 seed=4
136 stability imagenet resnet50 ILSVRC2012_val_00002263 lime_mask_0.75 seed=0
137 stability imagenet resnet50 ILSVRC2012_val_00002263 lime_mask_0.75 seed=1
138 stability imagenet resnet50 ILSVRC2012_val_00002263 lime_mask_0.75 seed=2
139 stability imagenet resnet50 ILSVRC2012_val_00002263 lime_mask_0.75 seed=3
140 stability imagenet resnet50 ILSVRC2012_val_00002263 lime_mask_0.75 seed=4
141 stability imagenet resnet50 ILSVRC2012_val_00002263 rise_mask_0.25 seed=0
142 stability imagenet resnet50 ILSVRC2012_val_00002263 rise_mask_0.25 seed=1
143 stability imagenet resnet50 ILSVRC2012_val_00002263 rise_mask_0.25 seed=2
144 stability imagenet resnet50 ILSVRC2012_val_00002263 rise_mask_0.25 seed=3
145 stability imagenet resnet50 ILSVRC2012_val_00002263 rise_mask_0.25 seed=4
146 stability imagenet resnet50 ILSVRC2012_val_00002263 rise_mask_0.75 seed=0
147 stability imagenet resnet50 ILSVRC2012_val_00002263 rise_mask_0.75 seed=1
148 stability imagenet resnet50 ILSVRC2012_val_00002263 rise_mask_0.75 seed=2
149 stability imagenet resnet50 ILSVRC2012_val_00002263 rise_mask_0.75 seed=3
150 stability imagenet resnet50 ILSVRC2012_val_00002263 rise_mask_0.75 seed=4
151 stability imagenet resnet50 ILSVRC2012_val_00002769 lime_slic_50 seed=0
152 stability imagenet resnet50 ILSVRC2012_val_00002769 lime_slic_50 seed=1
153 stability imagenet resnet50 ILSVRC2012_val_00002769 lime_slic_50 seed=2
154 stability imagenet resnet50 ILSVRC2012_val_00002769 lime_slic_50 seed=3
155 stability imagenet resnet50 ILSVRC2012_val_00002769 lime_slic_50 seed=4
156 stability imagenet resnet50 ILSVRC2012_val_00002769 lime_slic_200 seed=0
157 stability imagenet resnet50 ILSVRC2012_val_00002769 lime_slic_200 seed=1
158 stability imagenet resnet50 ILSVRC2012_val_00002769 lime_slic_200 seed=2
159 stability imagenet resnet50 ILSVRC2012_val_00002769 lime_slic_200 seed=3
160 stability imagenet resnet50 ILSVRC2012_val_00002769 lime_slic_200 seed=4
161 stability imagenet resnet50 ILSVRC2012_val_00002769 lime_slic_300 seed=0
162 stability imagenet resnet50 ILSVRC2012_val_00002769 lime_slic_300 seed=1
163 stability imagenet resnet50 ILSVRC2012_val_00002769 lime_slic_300 seed=2
164 stability imagenet resnet50 ILSVRC2012_val_00002769 lime_slic_300 seed=3
165 stability imagenet resnet50 ILSVRC2012_val_00002769 lime_slic_300 seed=4
166 stability imagenet resnet50 ILSVRC2012_val_00002769 rise_grid_4 seed=0
167 stability imagenet resnet50 ILSVRC2012_val_00002769 rise_grid_4 seed=1
168 stability imagenet resnet50 ILSVRC2012_val_00002769 rise_grid_4 seed=2
169 stability imagenet resnet50 ILSVRC2012_val_00002769 rise_grid_4 seed=3
170 stability imagenet resnet50 ILSVRC2012_val_00002769 rise_grid_4 seed=4
171 stability imagenet resnet50 ILSVRC2012_val_00002769 rise_grid_10 seed=0
172 stability imagenet resnet50 ILSVRC2012_val_00002769 rise_grid_10 seed=1
173 stability imagenet resnet50 ILSVRC2012_val_00002769 rise_grid_10 seed=2
174 stability imagenet resnet50 ILSVRC2012_val_00002769 rise_grid_10 seed=3
175 stability imagenet resnet50 ILSVRC2012_val_00002769 rise_grid_10 seed=4
176 stability imagenet resnet50 ILSVRC2012_val_00002769 rise_grid_14 seed=0
177 stability imagenet resnet50 ILSVRC2012_val_00002769 rise_grid_14 seed=1
178 stability imagenet resnet50 ILSVRC2012_val_00002769 rise_grid_14 seed=2
179 stability imagenet resnet50 ILSVRC2012_val_00002769 rise_grid_14 seed=3
180 stability imagenet resnet50 ILSVRC2012_val_00002769 rise_grid_14 seed=4
181 stability imagenet resnet50 ILSVRC2012_val_00002769 lime_mask_0.25 seed=0
182 stability imagenet resnet50 ILSVRC2012_val_00002769 lime_mask_0.25 seed=1
183 stability imagenet resnet50 ILSVRC2012_val_00002769 lime_mask_0.25 seed=2
184 stability imagenet resnet50 ILSVRC2012_val_00002769 lime_mask_0.25 seed=3
185 stability imagenet resnet50 ILSVRC2012_val_00002769 lime_mask_0.25 seed=4
186 stability imagenet resnet50 ILSVRC2012_val_00002769 lime_mask_0.75 seed=0
187 stability imagenet resnet50 ILSVRC2012_val_00002769 lime_mask_0.75 seed=1
188 stability imagenet resnet50 ILSVRC2012_val_00002769 lime_mask_0.75 seed=2
189 stability imagenet resnet50 ILSVRC2012_val_00002769 lime_mask_0.75 seed=3
190 stability imagenet resnet50 ILSVRC2012_val_00002769 lime_mask_0.75 seed=4
191 stability imagenet resnet50 ILSVRC2012_val_00002769 rise_mask_0.25 seed=0
192 stability imagenet resnet50 ILSVRC2012_val_00002769 rise_mask_0.25 seed=1
193 stability imagenet resnet50 ILSVRC2012_val_00002769 rise_mask_0.25 seed=2
194 stability imagenet resnet50 ILSVRC2012_val_00002769 rise_mask_0.25 seed=3
195 stability imagenet resnet50 ILSVRC2012_val_00002769 rise_mask_0.25 seed=4
196 stability imagenet resnet50 ILSVRC2012_val_00002769 rise_mask_0.75 seed=0
197 stability imagenet resnet50 ILSVRC2012_val_00002769 rise_mask_0.75 seed=1
198 stability imagenet resnet50 ILSVRC2012_val_00002769 rise_mask_0.75 seed=2
199 stability imagenet resnet50 ILSVRC2012_val_00002769 rise_mask_0.75 seed=3
200 stability imagenet resnet50 ILSVRC2012_val_00002769 rise_mask_0.75 seed=4
201 stability imagenet resnet50 ILSVRC2012_val_00004344 lime_slic_50 seed=0
202 stability imagenet resnet50 ILSVRC2012_val_00004344 lime_slic_50 seed=1
203 stability imagenet resnet50 ILSVRC2012_val_00004344 lime_slic_50 seed=2
204 stability imagenet resnet50 ILSVRC2012_val_00004344 lime_slic_50 seed=3
205 stability imagenet resnet50 ILSVRC2012_val_00004344 lime_slic_50 seed=4
206 stability imagenet resnet50 ILSVRC2012_val_00004344 lime_slic_200 seed=0
207 stability imagenet resnet50 ILSVRC2012_val_00004344 lime_slic_200 seed=1
208 stability imagenet resnet50 ILSVRC2012_val_00004344 lime_slic_200 seed=2
209 stability imagenet resnet50 ILSVRC2012_val_00004344 lime_slic_200 seed=3
210 stability imagenet resnet50 ILSVRC2012_val_00004344 lime_slic_200 seed=4
211 stability imagenet resnet50 ILSVRC2012_val_00004344 lime_slic_300 seed=0
212 stability imagenet resnet50 ILSVRC2012_val_00004344 lime_slic_300 seed=1
213 stability imagenet resnet50 ILSVRC2012_val_00004344 lime_slic_300 seed=2
214 stability imagenet resnet50 ILSVRC2012_val_00004344 lime_slic_300 seed=3
215 stability imagenet resnet50 ILSVRC2012_val_00004344 lime_slic_300 seed=4
216 stability imagenet resnet50 ILSVRC2012_val_00004344 rise_grid_4 seed=0
217 stability imagenet resnet50 ILSVRC2012_val_00004344 rise_grid_4 seed=1
218 stability imagenet resnet50 ILSVRC2012_val_00004344 rise_grid_4 seed=2
219 stability imagenet resnet50 ILSVRC2012_val_00004344 rise_grid_4 seed=3
220 stability imagenet resnet50 ILSVRC2012_val_00004344 rise_grid_4 seed=4
221 stability imagenet resnet50 ILSVRC2012_val_00004344 rise_grid_10 seed=0
222 stability imagenet resnet50 ILSVRC2012_val_00004344 rise_grid_10 seed=1
223 stability imagenet resnet50 ILSVRC2012_val_00004344 rise_grid_10 seed=2
224 stability imagenet resnet50 ILSVRC2012_val_00004344 rise_grid_10 seed=3
225 stability imagenet resnet50 ILSVRC2012_val_00004344 rise_grid_10 seed=4
226 stability imagenet resnet50 ILSVRC2012_val_00004344 rise_grid_14 seed=0
227 stability imagenet resnet50 ILSVRC2012_val_00004344 rise_grid_14 seed=1
228 stability imagenet resnet50 ILSVRC2012_val_00004344 rise_grid_14 seed=2
229 stability imagenet resnet50 ILSVRC2012_val_00004344 rise_grid_14 seed=3
230 stability imagenet resnet50 ILSVRC2012_val_00004344 rise_grid_14 seed=4
231 stability imagenet resnet50 ILSVRC2012_val_00004344 lime_mask_0.25 seed=0
232 stability imagenet resnet50 ILSVRC2012_val_00004344 lime_mask_0.25 seed=1
233 stability imagenet resnet50 ILSVRC2012_val_00004344 lime_mask_0.25 seed=2
234 stability imagenet resnet50 ILSVRC2012_val_00004344 lime_mask_0.25 seed=3
235 stability imagenet resnet50 ILSVRC2012_val_00004344 lime_mask_0.25 seed=4
236 stability imagenet resnet50 ILSVRC2012_val_00004344 lime_mask_0.75 seed=0
237 stability imagenet resnet50 ILSVRC2012_val_00004344 lime_mask_0.75 seed=1
238 stability imagenet resnet50 ILSVRC2012_val_00004344 lime_mask_0.75 seed=2
239 stability imagenet resnet50 ILSVRC2012_val_00004344 lime_mask_0.75 seed=3
240 stability imagenet resnet50 ILSVRC2012_val_00004344 lime_mask_0.75 seed=4
241 stability imagenet resnet50 ILSVRC2012_val_00004344 rise_mask_0.25 seed=0
242 stability imagenet resnet50 ILSVRC2012_val_00004344 rise_mask_0.25 seed=1
243 stability imagenet resnet50 ILSVRC2012_val_00004344 rise_mask_0.25 seed=2
244 stability imagenet resnet50 ILSVRC2012_val_00004344 rise_mask_0.25 seed=3
245 stability imagenet resnet50 ILSVRC2012_val_00004344 rise_mask_0.25 seed=4
246 stability imagenet resnet50 ILSVRC2012_val_00004344 rise_mask_0.75 seed=0
247 stability imagenet resnet50 ILSVRC2012_val_00004344 rise_mask_0.75 seed=1
248 stability imagenet resnet50 ILSVRC2012_val_00004344 rise_mask_0.75 seed=2
249 stability imagenet resnet50 ILSVRC2012_val_00004344 rise_mask_0.75 seed=3
250 stability imagenet resnet50 ILSVRC2012_val_00004344 rise_mask_0.75 seed=4
251 stability imagenet resnet50 ILSVRC2012_val_00005454 lime_slic_50 seed=0
252 stability imagenet resnet50 ILSVRC2012_val_00005454 lime_slic_50 seed=1
253 stability imagenet resnet50 ILSVRC2012_val_00005454 lime_slic_50 seed=2
254 stability imagenet resnet50 ILSVRC2012_val_00005454 lime_slic_50 seed=3
255 stability imagenet resnet50 ILSVRC2012_val_00005454 lime_slic_50 seed=4
256 stability imagenet resnet50 ILSVRC2012_val_00005454 lime_slic_200 seed=0
257 stability imagenet resnet50 ILSVRC2012_val_00005454 lime_slic_200 seed=1
258 stability imagenet resnet50 ILSVRC2012_val_00005454 lime_slic_200 seed=2
259 stability imagenet resnet50 ILSVRC2012_val_00005454 lime_slic_200 seed=3
260 stability imagenet resnet50 ILSVRC2012_val_00005454 lime_slic_200 seed=4
261 stability imagenet resnet50 ILSVRC2012_val_00005454 lime_slic_300 seed=0
262 stability imagenet resnet50 ILSVRC2012_val_00005454 lime_slic_300 seed=1
263 stability imagenet resnet50 ILSVRC2012_val_00005454 lime_slic_300 seed=2
264 stability imagenet resnet50 ILSVRC2012_val_00005454 lime_slic_300 seed=3
265 stability imagenet resnet50 ILSVRC2012_val_00005454 lime_slic_300 seed=4
266 stability imagenet resnet50 ILSVRC2012_val_00005454 rise_grid_4 seed=0
267 stability imagenet resnet50 ILSVRC2012_val_00005454 rise_grid_4 seed=1
268 stability imagenet resnet50 ILSVRC2012_val_00005454 rise_grid_4 seed=2
269 stability imagenet resnet50 ILSVRC2012_val_00005454 rise_grid_4 seed=3
270 stability imagenet resnet50 ILSVRC2012_val_00005454 rise_grid_4 seed=4
271 stability imagenet resnet50 ILSVRC2012_val_00005454 rise_grid_10 seed=0
272 stability imagenet resnet50 ILSVRC2012_val_00005454 rise_grid_10 seed=1
273 stability imagenet resnet50 ILSVRC2012_val_00005454 rise_grid_10 seed=2
274 stability imagenet resnet50 ILSVRC2012_val_00005454 rise_grid_10 seed=3
275 stability imagenet resnet50 ILSVRC2012_val_00005454 rise_grid_10 seed=4
276 stability imagenet resnet50 ILSVRC2012_val_00005454 rise_grid_14 seed=0
277 stability imagenet resnet50 ILSVRC2012_val_00005454 rise_grid_14 seed=1
278 stability imagenet resnet50 ILSVRC2012_val_00005454 rise_grid_14 seed=2
279 stability imagenet resnet50 ILSVRC2012_val_00005454 rise_grid_14 seed=3
280 stability imagenet resnet50 ILSVRC2012_val_00005454 rise_grid_14 seed=4
281 stability imagenet resnet50 ILSVRC2012_val_00005454 lime_mask_0.25 seed=0
282 stability imagenet resnet50 ILSVRC2012_val_00005454 lime_mask_0.25 seed=1
283 stability imagenet resnet50 ILSVRC2012_val_00005454 lime_mask_0.25 seed=2
284 stability imagenet resnet50 ILSVRC2012_val_00005454 lime_mask_0.25 seed=3
285 stability imagenet resnet50 ILSVRC2012_val_00005454 lime_mask_0.25 seed=4
286 stability imagenet resnet50 ILSVRC2012_val_00005454 lime_mask_0.75 seed=0
287 stability imagenet resnet50 ILSVRC2012_val_00005454 lime_mask_0.75 seed=1
288 stability imagenet resnet50 ILSVRC2012_val_00005454 lime_mask_0.75 seed=2
289 stability imagenet resnet50 ILSVRC2012_val_00005454 lime_mask_0.75 seed=3
290 stability imagenet resnet50 ILSVRC2012_val_00005454 lime_mask_0.75 seed=4
291 stability imagenet resnet50 ILSVRC2012_val_00005454 rise_mask_0.25 seed=0
292 stability imagenet resnet50 ILSVRC2012_val_00005454 rise_mask_0.25 seed=1
293 stability imagenet resnet50 ILSVRC2012_val_00005454 rise_mask_0.25 seed=2
294 stability imagenet resnet50 ILSVRC2012_val_00005454 rise_mask_0.25 seed=3
295 stability imagenet resnet50 ILSVRC2012_val_00005454 rise_mask_0.25 seed=4
296 stability imagenet resnet50 ILSVRC2012_val_00005454 rise_mask_0.75 seed=0
297 stability imagenet resnet50 ILSVRC2012_val_00005454 rise_mask_0.75 seed=1
298 stability imagenet resnet50 ILSVRC2012_val_00005454 rise_mask_0.75 seed=2
299 stability imagenet resnet50 ILSVRC2012_val_00005454 rise_mask_0.75 seed=3
300 stability imagenet resnet50 ILSVRC2012_val_00005454 rise_mask_0.75 seed=4
301 stability imagenet resnet50 ILSVRC2012_val_00005904 lime_slic_50 seed=0
302 stability imagenet resnet50 ILSVRC2012_val_00005904 lime_slic_50 seed=1
303 stability imagenet resnet50 ILSVRC2012_val_00005904 lime_slic_50 seed=2
304 stability imagenet resnet50 ILSVRC2012_val_00005904 lime_slic_50 seed=3
305 stability imagenet resnet50 ILSVRC2012_val_00005904 lime_slic_50 seed=4
306 stability imagenet resnet50 ILSVRC2012_val_00005904 lime_slic_200 seed=0
307 stability imagenet resnet50 ILSVRC2012_val_00005904 lime_slic_200 seed=1
308 stability imagenet resnet50 ILSVRC2012_val_00005904 lime_slic_200 seed=2
309 stability imagenet resnet50 ILSVRC2012_val_00005904 lime_slic_200 seed=3
310 stability imagenet resnet50 ILSVRC2012_val_00005904 lime_slic_200 seed=4
311 stability imagenet resnet50 ILSVRC2012_val_00005904 lime_slic_300 seed=0
312 stability imagenet resnet50 ILSVRC2012_val_00005904 lime_slic_300 seed=1
313 stability imagenet resnet50 ILSVRC2012_val_00005904 lime_slic_300 seed=2
314 stability imagenet resnet50 ILSVRC2012_val_00005904 lime_slic_300 seed=3
315 stability imagenet resnet50 ILSVRC2012_val_00005904 lime_slic_300 seed=4
316 stability imagenet resnet50 ILSVRC2012_val_00005904 rise_grid_4 seed=0
317 stability imagenet resnet50 ILSVRC2012_val_00005904 rise_grid_4 seed=1
318 stability imagenet resnet50 ILSVRC2012_val_00005904 rise_grid_4 seed=2
319 stability imagenet resnet50 ILSVRC2012_val_00005904 rise_grid_4 seed=3
320 stability imagenet resnet50 ILSVRC2012_val_00005904 rise_grid_4 seed=4
321 stability imagenet resnet50 ILSVRC2012_val_00005904 rise_grid_10 seed=0
322 stability imagenet resnet50 ILSVRC2012_val_00005904 rise_grid_10 seed=1
323 stability imagenet resnet50 ILSVRC2012_val_00005904 rise_grid_10 seed=2
324 stability imagenet resnet50 ILSVRC2012_val_00005904 rise_grid_10 seed=3
325 stability imagenet resnet50 ILSVRC2012_val_00005904 rise_grid_10 seed=4
326 stability imagenet resnet50 ILSVRC2012_val_00005904 rise_grid_14 seed=0
327 stability imagenet resnet50 ILSVRC2012_val_00005904 rise_grid_14 seed=1
328 stability imagenet resnet50 ILSVRC2012_val_00005904 rise_grid_14 seed=2
329 stability imagenet resnet50 ILSVRC2012_val_00005904 rise_grid_14 seed=3
330 stability imagenet resnet50 ILSVRC2012_val_00005904 rise_grid_14 seed=4
331 stability imagenet resnet50 ILSVRC2012_val_00005904 lime_mask_0.25 seed=0
332 stability imagenet resnet50 ILSVRC2012_val_00005904 lime_mask_0.25 seed=1
333 stability imagenet resnet50 ILSVRC2012_val_00005904 lime_mask_0.25 seed=2
334 stability imagenet resnet50 ILSVRC2012_val_00005904 lime_mask_0.25 seed=3
335 stability imagenet resnet50 ILSVRC2012_val_00005904 lime_mask_0.25 seed=4
336 stability imagenet resnet50 ILSVRC2012_val_00005904 lime_mask_0.75 seed=0
337 stability imagenet resnet50 ILSVRC2012_val_00005904 lime_mask_0.75 seed=1
338 stability imagenet resnet50 ILSVRC2012_val_00005904 lime_mask_0.75 seed=2
339 stability imagenet resnet50 ILSVRC2012_val_00005904 lime_mask_0.75 seed=3
340 stability imagenet resnet50 ILSVRC2012_val_00005904 lime_mask_0.75 seed=4
341 stability imagenet resnet50 ILSVRC2012_val_00005904 rise_mask_0.25 seed=0
342 stability imagenet resnet50 ILSVRC2012_val_00005904 rise_mask_0.25 seed=1
343 stability imagenet resnet50 ILSVRC2012_val_00005904 rise_mask_0.25 seed=2
344 stability imagenet resnet50 ILSVRC2012_val_00005904 rise_mask_0.25 seed=3
345 stability imagenet resnet50 ILSVRC2012_val_00005904 rise_mask_0.25 seed=4
346 stability imagenet resnet50 ILSVRC2012_val_00005904 rise_mask_0.75 seed=0
347 stability imagenet resnet50 ILSVRC2012_val_00005904 rise_mask_0.75 seed=1
348 stability imagenet resnet50 ILSVRC2012_val_00005904 rise_mask_0.75 seed=2
349 stability imagenet resnet50 ILSVRC2012_val_00005904 rise_mask_0.75 seed=3
350 stability imagenet resnet50 ILSVRC2012_val_00005904 rise_mask_0.75 seed=4
351 stability imagenet resnet50 ILSVRC2012_val_00006283 lime_slic_50 seed=0
352 stability imagenet resnet50 ILSVRC2012_val_00006283 lime_slic_50 seed=1
353 stability imagenet resnet50 ILSVRC2012_val_00006283 lime_slic_50 seed=2
354 stability imagenet resnet50 ILSVRC2012_val_00006283 lime_slic_50 seed=3
355 stability imagenet resnet50 ILSVRC2012_val_00006283 lime_slic_50 seed=4
356 stability imagenet resnet50 ILSVRC2012_val_00006283 lime_slic_200 seed=0
357 stability imagenet resnet50 ILSVRC2012_val_00006283 lime_slic_200 seed=1
358 stability imagenet resnet50 ILSVRC2012_val_00006283 lime_slic_200 seed=2
359 stability imagenet resnet50 ILSVRC2012_val_00006283 lime_slic_200 seed=3
360 stability imagenet resnet50 ILSVRC2012_val_00006283 lime_slic_200 seed=4
361 stability imagenet resnet50 ILSVRC2012_val_00006283 lime_slic_300 seed=0
362 stability imagenet resnet50 ILSVRC2012_val_00006283 lime_slic_300 seed=1
363 stability imagenet resnet50 ILSVRC2012_val_00006283 lime_slic_300 seed=2
364 stability imagenet resnet50 ILSVRC2012_val_00006283 lime_slic_300 seed=3
365 stability imagenet resnet50 ILSVRC2012_val_00006283 lime_slic_300 seed=4
366 stability imagenet resnet50 ILSVRC2012_val_00006283 rise_grid_4 seed=0
367 stability imagenet resnet50 ILSVRC2012_val_00006283 rise_grid_4 seed=1
368 stability imagenet resnet50 ILSVRC2012_val_00006283 rise_grid_4 seed=2
369 stability imagenet resnet50 ILSVRC2012_val_00006283 rise_grid_4 seed=3
370 stability imagenet resnet50 ILSVRC2012_val_00006283 rise_grid_4 seed=4
371 stability imagenet resnet50 ILSVRC2012_val_00006283 rise_grid_10 seed=0
372 stability imagenet resnet50 ILSVRC2012_val_00006283 rise_grid_10 seed=1
373 stability imagenet resnet50 ILSVRC2012_val_00006283 rise_grid_10 seed=2
374 stability imagenet resnet50 ILSVRC2012_val_00006283 rise_grid_10 seed=3
375 stability imagenet resnet50 ILSVRC2012_val_00006283 rise_grid_10 seed=4
376 stability imagenet resnet50 ILSVRC2012_val_00006283 rise_grid_14 seed=0
377 stability imagenet resnet50 ILSVRC2012_val_00006283 rise_grid_14 seed=1
378 stability imagenet resnet50 ILSVRC2012_val_00006283 rise_grid_14 seed=2
379 stability imagenet resnet50 ILSVRC2012_val_00006283 rise_grid_14 seed=3
380 stability imagenet resnet50 ILSVRC2012_val_00006283 rise_grid_14 seed=4
381 stability imagenet resnet50 ILSVRC2012_val_00006283 lime_mask_0.25 seed=0
382 stability imagenet resnet50 ILSVRC2012_val_00006283 lime_mask_0.25 seed=1
383 stability imagenet resnet50 ILSVRC2012_val_00006283 lime_mask_0.25 seed=2
384 stability imagenet resnet50 ILSVRC2012_val_00006283 lime_mask_0.25 seed=3
385 stability imagenet resnet50 ILSVRC2012_val_00006283 lime_mask_0.25 seed=4
386 stability imagenet resnet50 ILSVRC2012_val_00006283 lime_mask_0.75 seed=0
387 stability imagenet resnet50 ILSVRC2012_val_00006283 lime_mask_0.75 seed=1
388 stability imagenet resnet50 ILSVRC2012_val_00006283 lime_mask_0.75 seed=2
389 stability imagenet resnet50 ILSVRC2012_val_00006283 lime_mask_0.75 seed=3
390 stability imagenet resnet50 ILSVRC2012_val_00006283 lime_mask_0.75 seed=4
391 stability imagenet resnet50 ILSVRC2012_val_00006283 rise_mask_0.25 seed=0
392 stability imagenet resnet50 ILSVRC2012_val_00006283 rise_mask_0.25 seed=1
393 stability imagenet resnet50 ILSVRC2012_val_00006283 rise_mask_0.25 seed=2
394 stability imagenet resnet50 ILSVRC2012_val_00006283 rise_mask_0.25 seed=3
395 stability imagenet resnet50 ILSVRC2012_val_00006283 rise_mask_0.25 seed=4
396 stability imagenet resnet50 ILSVRC2012_val_00006283 rise_mask_0.75 seed=0
397 stability imagenet resnet50 ILSVRC2012_val_00006283 rise_mask_0.75 seed=1
398 stability imagenet resnet50 ILSVRC2012_val_00006283 rise_mask_0.75 seed=2
399 stability imagenet resnet50 ILSVRC2012_val_00006283 rise_mask_0.75 seed=3
400 stability imagenet resnet50 ILSVRC2012_val_00006283 rise_mask_0.75 seed=4
401 stability imagenet resnet50 ILSVRC2012_val_00006551 lime_slic_50 seed=0
402 stability imagenet resnet50 ILSVRC2012_val_00006551 lime_slic_50 seed=1
403 stability imagenet resnet50 ILSVRC2012_val_00006551 lime_slic_50 seed=2
404 stability imagenet resnet50 ILSVRC2012_val_00006551 lime_slic_50 seed=3
405 stability imagenet resnet50 ILSVRC2012_val_00006551 lime_slic_50 seed=4
406 stability imagenet resnet50 ILSVRC2012_val_00006551 lime_slic_200 seed=0
407 stability imagenet resnet50 ILSVRC2012_val_00006551 lime_slic_200 seed=1
408 stability imagenet resnet50 ILSVRC2012_val_00006551 lime_slic_200 seed=2
409 stability imagenet resnet50 ILSVRC2012_val_00006551 lime_slic_200 seed=3
410 stability imagenet resnet50 ILSVRC2012_val_00006551 lime_slic_200 seed=4
411 stability imagenet resnet50 ILSVRC2012_val_00006551 lime_slic_300 seed=0
412 stability imagenet resnet50 ILSVRC2012_val_00006551 lime_slic_300 seed=1
413 stability imagenet resnet50 ILSVRC2012_val_00006551 lime_slic_300 seed=2
414 stability imagenet resnet50 ILSVRC2012_val_00006551 lime_slic_300 seed=3
415 stability imagenet resnet50 ILSVRC2012_val_00006551 lime_slic_300 seed=4
416 stability imagenet resnet50 ILSVRC2012_val_00006551 rise_grid_4 seed=0
417 stability imagenet resnet50 ILSVRC2012_val_00006551 rise_grid_4 seed=1
418 stability imagenet resnet50 ILSVRC2012_val_00006551 rise_grid_4 seed=2
419 stability imagenet resnet50 ILSVRC2012_val_00006551 rise_grid_4 seed=3
420 stability imagenet resnet50 ILSVRC2012_val_00006551 rise_grid_4 seed=4
421 stability imagenet resnet50 ILSVRC2012_val_00006551 rise_grid_10 seed=0
422 stability imagenet resnet50 ILSVRC2012_val_00006551 rise_grid_10 seed=1
423 stability imagenet resnet50 ILSVRC2012_val_00006551 rise_grid_10 seed=2
424 stability imagenet resnet50 ILSVRC2012_val_00006551 rise_grid_10 seed=3
425 stability imagenet resnet50 ILSVRC2012_val_00006551 rise_grid_10 seed=4
426 stability imagenet resnet50 ILSVRC2012_val_00006551 rise_grid_14 seed=0
427 stability imagenet resnet50 ILSVRC2012_val_00006551 rise_grid_14 seed=1
428 stability imagenet resnet50 ILSVRC2012_val_00006551 rise_grid_14 seed=2
429 stability imagenet resnet50 ILSVRC2012_val_00006551 rise_grid_14 seed=3
430 stability imagenet resnet50 ILSVRC2012_val_00006551 rise_grid_14 seed=4
431 stability imagenet resnet50 ILSVRC2012_val_00006551 lime_mask_0.25 seed=0
432 stability imagenet resnet50 ILSVRC2012_val_00006551 lime_mask_0.25 seed=1
433 stability imagenet resnet50 ILSVRC2012_val_00006551 lime_mask_0.25 seed=2
434 stability imagenet resnet50 ILSVRC2012_val_00006551 lime_mask_0.25 seed=3
435 stability imagenet resnet50 ILSVRC2012_val_00006551 lime_mask_0.25 seed=4
436 stability imagenet resnet50 ILSVRC2012_val_00006551 lime_mask_0.75 seed=0
437 stability imagenet resnet50 ILSVRC2012_val_00006551 lime_mask_0.75 seed=1
438 stability imagenet resnet50 ILSVRC2012_val_00006551 lime_mask_0.75 seed=2
439 stability imagenet resnet50 ILSVRC2012_val_00006551 lime_mask_0.75 seed=3
440 stability imagenet resnet50 ILSVRC2012_val_00006551 lime_mask_0.75 seed=4
441 stability imagenet resnet50 ILSVRC2012_val_00006551 rise_mask_0.25 seed=0
442 stability imagenet resnet50 ILSVRC2012_val_00006551 rise_mask_0.25 seed=1
443 stability imagenet resnet50 ILSVRC2012_val_00006551 rise_mask_0.25 seed=2
444 stability imagenet resnet50 ILSVRC2012_val_00006551 rise_mask_0.25 seed=3
445 stability imagenet resnet50 ILSVRC2012_val_00006551 rise_mask_0.25 seed=4
446 stability imagenet resnet50 ILSVRC2012_val_00006551 rise_mask_0.75 seed=0
447 stability imagenet resnet50 ILSVRC2012_val_00006551 rise_mask_0.75 seed=1
448 stability imagenet resnet50 ILSVRC2012_val_00006551 rise_mask_0.75 seed=2
449 stability imagenet resnet50 ILSVRC2012_val_00006551 rise_mask_0.75 seed=3
450 stability imagenet resnet50 ILSVRC2012_val_00006551 rise_mask_0.75 seed=4
451 stability imagenet resnet50 ILSVRC2012_val_00006920 lime_slic_50 seed=0
452 stability imagenet resnet50 ILSVRC2012_val_00006920 lime_slic_50 seed=1
453 stability imagenet resnet50 ILSVRC2012_val_00006920 lime_slic_50 seed=2
454 stability imagenet resnet50 ILSVRC2012_val_00006920 lime_slic_50 seed=3
455 stability imagenet resnet50 ILSVRC2012_val_00006920 lime_slic_50 seed=4
456 stability imagenet resnet50 ILSVRC2012_val_00006920 lime_slic_200 seed=0
457 stability imagenet resnet50 ILSVRC2012_val_00006920 lime_slic_200 seed=1
458 stability imagenet resnet50 ILSVRC2012_val_00006920 lime_slic_200 seed=2
459 stability imagenet resnet50 ILSVRC2012_val_00006920 lime_slic_200 seed=3
460 stability imagenet resnet50 ILSVRC2012_val_00006920 lime_slic_200 seed=4
461 stability imagenet resnet50 ILSVRC2012_val_00006920 lime_slic_300 seed=0
462 stability imagenet resnet50 ILSVRC2012_val_00006920 lime_slic_300 seed=1
463 stability imagenet resnet50 ILSVRC2012_val_00006920 lime_slic_300 seed=2
464 stability imagenet resnet50 ILSVRC2012_val_00006920 lime_slic_300 seed=3
465 stability imagenet resnet50 ILSVRC2012_val_00006920 lime_slic_300 seed=4
466 stability imagenet resnet50 ILSVRC2012_val_00006920 rise_grid_4 seed=0
467 stability imagenet resnet50 ILSVRC2012_val_00006920 rise_grid_4 seed=1
468 stability imagenet resnet50 ILSVRC2012_val_00006920 rise_grid_4 seed=2
469 stability imagenet resnet50 ILSVRC2012_val_00006920 rise_grid_4 seed=3
470 stability imagenet resnet50 ILSVRC2012_val_00006920 rise_grid_4 seed=4
471 stability imagenet resnet50 ILSVRC2012_val_00006920 rise_grid_10 seed=0
472 stability imagenet resnet50 ILSVRC2012_val_00006920 rise_grid_10 seed=1
473 stability imagenet resnet50 ILSVRC2012_val_00006920 rise_grid_10 seed=2
474 stability imagenet resnet50 ILSVRC2012_val_00006920 rise_grid_10 seed=3
475 stability imagenet resnet50 ILSVRC2012_val_00006920 rise_grid_10 seed=4
476 stability imagenet resnet50 ILSVRC2012_val_00006920 rise_grid_14 seed=0
477 stability imagenet resnet50 ILSVRC2012_val_00006920 rise_grid_14 seed=1
478 stability imagenet resnet50 ILSVRC2012_val_00006920 rise_grid_14 seed=2
479 stability imagenet resnet50 ILSVRC2012_val_00006920 rise_grid_14 seed=3
480 stability imagenet resnet50 ILSVRC2012_val_00006920 rise_grid_14 seed=4
481 stability imagenet resnet50 ILSVRC2012_val_00006920 lime_mask_0.25 seed=0
482 stability imagenet resnet50 ILSVRC2012_val_00006920 lime_mask_0.25 seed=1
483 stability imagenet resnet50 ILSVRC2012_val_00006920 lime_mask_0.25 seed=2
484 stability imagenet resnet50 ILSVRC2012_val_00006920 lime_mask_0.25 seed=3
485 stability imagenet resnet50 ILSVRC2012_val_00006920 lime_mask_0.25 seed=4
486 stability imagenet resnet50 ILSVRC2012_val_00006920 lime_mask_0.75 seed=0
487 stability imagenet resnet50 ILSVRC2012_val_00006920 lime_mask_0.75 seed=1
488 stability imagenet resnet50 ILSVRC2012_val_00006920 lime_mask_0.75 seed=2
489 stability imagenet resnet50 ILSVRC2012_val_00006920 lime_mask_0.75 seed=3
490 stability imagenet resnet50 ILSVRC2012_val_00006920 lime_mask_0.75 seed=4
491 stability imagenet resnet50 ILSVRC2012_val_00006920 rise_mask_0.25 seed=0
492 stability imagenet resnet50 ILSVRC2012_val_00006920 rise_mask_0.25 seed=1
493 stability imagenet resnet50 ILSVRC2012_val_00006920 rise_mask_0.25 seed=2
494 stability imagenet resnet50 ILSVRC2012_val_00006920 rise_mask_0.25 seed=3
495 stability imagenet resnet50 ILSVRC2012_val_00006920 rise_mask_0.25 seed=4
496 stability imagenet resnet50 ILSVRC2012_val_00006920 rise_mask_0.75 seed=0
497 stability imagenet resnet50 ILSVRC2012_val_00006920 rise_mask_0.75 seed=1
498 stability imagenet resnet50 ILSVRC2012_val_00006920 rise_mask_0.75 seed=2
499 stability imagenet resnet50 ILSVRC2012_val_00006920 rise_mask_0.75 seed=3
500 stability imagenet resnet50 ILSVRC2012_val_00006920 rise_mask_0.75 seed=4
501 stability imagenet resnet50 ILSVRC2012_val_00007056 lime_slic_50 seed=0
502 stability imagenet resnet50 ILSVRC2012_val_00007056 lime_slic_50 seed=1
503 stability imagenet resnet50 ILSVRC2012_val_00007056 lime_slic_50 seed=2
504 stability imagenet resnet50 ILSVRC2012_val_00007056 lime_slic_50 seed=3
505 stability imagenet resnet50 ILSVRC2012_val_00007056 lime_slic_50 seed=4
506 stability imagenet resnet50 ILSVRC2012_val_00007056 lime_slic_200 seed=0
507 stability imagenet resnet50 ILSVRC2012_val_00007056 lime_slic_200 seed=1
508 stability imagenet resnet50 ILSVRC2012_val_00007056 lime_slic_200 seed=2
509 stability imagenet resnet50 ILSVRC2012_val_00007056 lime_slic_200 seed=3
510 stability imagenet resnet50 ILSVRC2012_val_00007056 lime_slic_200 seed=4
511 stability imagenet resnet50 ILSVRC2012_val_00007056 lime_slic_300 seed=0
512 stability imagenet resnet50 ILSVRC2012_val_00007056 lime_slic_300 seed=1
513 stability imagenet resnet50 ILSVRC2012_val_00007056 lime_slic_300 seed=2
514 stability imagenet resnet50 ILSVRC2012_val_00007056 lime_slic_300 seed=3
515 stability imagenet resnet50 ILSVRC2012_val_00007056 lime_slic_300 seed=4
516 stability imagenet resnet50 ILSVRC2012_val_00007056 rise_grid_4 seed=0
517 stability imagenet resnet50 ILSVRC2012_val_00007056 rise_grid_4 seed=1
518 stability imagenet resnet50 ILSVRC2012_val_00007056 rise_grid_4 seed=2
519 stability imagenet resnet50 ILSVRC2012_val_00007056 rise_grid_4 seed=3
520 stability imagenet resnet50 ILSVRC2012_val_00007056 rise_grid_4 seed=4
521 stability imagenet resnet50 ILSVRC2012_val_00007056 rise_grid_10 seed=0
522 stability imagenet resnet50 ILSVRC2012_val_00007056 rise_grid_10 seed=1
523 stability imagenet resnet50 ILSVRC2012_val_00007056 rise_grid_10 seed=2
524 stability imagenet resnet50 ILSVRC2012_val_00007056 rise_grid_10 seed=3
525 stability imagenet resnet50 ILSVRC2012_val_00007056 rise_grid_10 seed=4
526 stability imagenet resnet50 ILSVRC2012_val_00007056 rise_grid_14 seed=0
527 stability imagenet resnet50 ILSVRC2012_val_00007056 rise_grid_14 seed=1
528 stability imagenet resnet50 ILSVRC2012_val_00007056 rise_grid_14 seed=2
529 stability imagenet resnet50 ILSVRC2012_val_00007056 rise_grid_14 seed=3
530 stability imagenet resnet50 ILSVRC2012_val_00007056 rise_grid_14 seed=4
531 stability imagenet resnet50 ILSVRC2012_val_00007056 lime_mask_0.25 seed=0
532 stability imagenet resnet50 ILSVRC2012_val_00007056 lime_mask_0.25 seed=1
533 stability imagenet resnet50 ILSVRC2012_val_00007056 lime_mask_0.25 seed=2
534 stability imagenet resnet50 ILSVRC2012_val_00007056 lime_mask_0.25 seed=3
535 stability imagenet resnet50 ILSVRC2012_val_00007056 lime_mask_0.25 seed=4
536 stability imagenet resnet50 ILSVRC2012_val_00007056 lime_mask_0.75 seed=0
537 stability imagenet resnet50 ILSVRC2012_val_00007056 lime_mask_0.75 seed=1
538 stability imagenet resnet50 ILSVRC2012_val_00007056 lime_mask_0.75 seed=2
539 stability imagenet resnet50 ILSVRC2012_val_00007056 lime_mask_0.75 seed=3
540 stability imagenet resnet50 ILSVRC2012_val_00007056 lime_mask_0.75 seed=4
541 stability imagenet resnet50 ILSVRC2012_val_00007056 rise_mask_0.25 seed=0
542 stability imagenet resnet50 ILSVRC2012_val_00007056 rise_mask_0.25 seed=1
543 stability imagenet resnet50 ILSVRC2012_val_00007056 rise_mask_0.25 seed=2
544 stability imagenet resnet50 ILSVRC2012_val_00007056 rise_mask_0.25 seed=3
545 stability imagenet resnet50 ILSVRC2012_val_00007056 rise_mask_0.25 seed=4
546 stability imagenet resnet50 ILSVRC2012_val_00007056 rise_mask_0.75 seed=0
547 stability imagenet resnet50 ILSVRC2012_val_00007056 rise_mask_0.75 seed=1
548 stability imagenet resnet50 ILSVRC2012_val_00007056 rise_mask_0.75 seed=2
549 stability imagenet resnet50 ILSVRC2012_val_00007056 rise_mask_0.75 seed=3
550 stability imagenet resnet50 ILSVRC2012_val_00007056 rise_mask_0.75 seed=4
551 stability imagenet resnet50 ILSVRC2012_val_00007254 lime_slic_50 seed=0
552 stability imagenet resnet50 ILSVRC2012_val_00007254 lime_slic_50 seed=1
553 stability imagenet resnet50 ILSVRC2012_val_00007254 lime_slic_50 seed=2
554 stability imagenet resnet50 ILSVRC2012_val_00007254 lime_slic_50 seed=3
555 stability imagenet resnet50 ILSVRC2012_val_00007254 lime_slic_50 seed=4
556 stability imagenet resnet50 ILSVRC2012_val_00007254 lime_slic_200 seed=0
557 stability imagenet resnet50 ILSVRC2012_val_00007254 lime_slic_200 seed=1
558 stability imagenet resnet50 ILSVRC2012_val_00007254 lime_slic_200 seed=2
559 stability imagenet resnet50 ILSVRC2012_val_00007254 lime_slic_200 seed=3
560 stability imagenet resnet50 ILSVRC2012_val_00007254 lime_slic_200 seed=4
561 stability imagenet resnet50 ILSVRC2012_val_00007254 lime_slic_300 seed=0
562 stability imagenet resnet50 ILSVRC2012_val_00007254 lime_slic_300 seed=1
563 stability imagenet resnet50 ILSVRC2012_val_00007254 lime_slic_300 seed=2
564 stability imagenet resnet50 ILSVRC2012_val_00007254 lime_slic_300 seed=3
565 stability imagenet resnet50 ILSVRC2012_val_00007254 lime_slic_300 seed=4
566 stability imagenet resnet50 ILSVRC2012_val_00007254 rise_grid_4 seed=0
567 stability imagenet resnet50 ILSVRC2012_val_00007254 rise_grid_4 seed=1
568 stability imagenet resnet50 ILSVRC2012_val_00007254 rise_grid_4 seed=2
569 stability imagenet resnet50 ILSVRC2012_val_00007254 rise_grid_4 seed=3
570 stability imagenet resnet50 ILSVRC2012_val_00007254 rise_grid_4 seed=4
571 stability imagenet resnet50 ILSVRC2012_val_00007254 rise_grid_10 seed=0
572 stability imagenet resnet50 ILSVRC2012_val_00007254 rise_grid_10 seed=1
573 stability imagenet resnet50 ILSVRC2012_val_00007254 rise_grid_10 seed=2
574 stability imagenet resnet50 ILSVRC2012_val_00007254 rise_grid_10 seed=3
575 stability imagenet resnet50 ILSVRC2012_val_00007254 rise_grid_10 seed=4
576 stability imagenet resnet50 ILSVRC2012_val_00007254 rise_grid_14 seed=0
577 stability imagenet resnet50 ILSVRC2012_val_00007254 rise_grid_14 seed=1
578 stability imagenet resnet50 ILSVRC2012_val_00007254 rise_grid_14 seed=2
579 stability imagenet resnet50 ILSVRC2012_val_00007254 rise_grid_14 seed=3
580 stability imagenet resnet50 ILSVRC2012_val_00007254 rise_grid_14 seed=4
581 stability imagenet resnet50 ILSVRC2012_val_00007254 lime_mask_0.25 seed=0
582 stability imagenet resnet50 ILSVRC2012_val_00007254 lime_mask_0.25 seed=1
583 stability imagenet resnet50 ILSVRC2012_val_00007254 lime_mask_0.25 seed=2
584 stability imagenet resnet50 ILSVRC2012_val_00007254 lime_mask_0.25 seed=3
585 stability imagenet resnet50 ILSVRC2012_val_00007254 lime_mask_0.25 seed=4
586 stability imagenet resnet50 ILSVRC2012_val_00007254 lime_mask_0.75 seed=0
587 stability imagenet resnet50 ILSVRC2012_val_00007254 lime_mask_0.75 seed=1
588 stability imagenet resnet50 ILSVRC2012_val_00007254 lime_mask_0.75 seed=2
589 stability imagenet resnet50 ILSVRC2012_val_00007254 lime_mask_0.75 seed=3
590 stability imagenet resnet50 ILSVRC2012_val_00007254 lime_mask_0.75 seed=4
591 stability imagenet resnet50 ILSVRC2012_val_00007254 rise_mask_0.25 seed=0
592 stability imagenet resnet50 ILSVRC2012_val_00007254 rise_mask_0.25 seed=1
593 stability imagenet resnet50 ILSVRC2012_val_00007254 rise_mask_0.25 seed=2
594 stability imagenet resnet50 ILSVRC2012_val_00007254 rise_mask_0.25 seed=3
595 stability imagenet resnet50 ILSVRC2012_val_00007254 rise_mask_0.25 seed=4
596 stability imagenet resnet50 ILSVRC2012_val_00007254 rise_mask_0.75 seed=0
597 stability imagenet resnet50 ILSVRC2012_val_00007254 rise_mask_0.75 seed=1
598 stability imagenet resnet50 ILSVRC2012_val_00007254 rise_mask_0.75 seed=2
599 stability imagenet resnet50 ILSVRC2012_val_00007254 rise_mask_0.75 seed=3
600 stability imagenet resnet50 ILSVRC2012_val_00007254 rise_mask_0.75 seed=4
601 stability imagenet resnet50 ILSVRC2012_val_00007312 lime_slic_50 seed=0
602 stability imagenet resnet50 ILSVRC2012_val_00007312 lime_slic_50 seed=1
603 stability imagenet resnet50 ILSVRC2012_val_00007312 lime_slic_50 seed=2
604 stability imagenet resnet50 ILSVRC2012_val_00007312 lime_slic_50 seed=3
605 stability imagenet resnet50 ILSVRC2012_val_00007312 lime_slic_50 seed=4
606 stability imagenet resnet50 ILSVRC2012_val_00007312 lime_slic_200 seed=0
607 stability imagenet resnet50 ILSVRC2012_val_00007312 lime_slic_200 seed=1
608 stability imagenet resnet50 ILSVRC2012_val_00007312 lime_slic_200 seed=2
609 stability imagenet resnet50 ILSVRC2012_val_00007312 lime_slic_200 seed=3
610 stability imagenet resnet50 ILSVRC2012_val_00007312 lime_slic_200 seed=4
611 stability imagenet resnet50 ILSVRC2012_val_00007312 lime_slic_300 seed=0
612 stability imagenet resnet50 ILSVRC2012_val_00007312 lime_slic_300 seed=1
613 stability imagenet resnet50 ILSVRC2012_val_00007312 lime_slic_300 seed=2
614 stability imagenet resnet50 ILSVRC2012_val_00007312 lime_slic_300 seed=3
615 stability imagenet resnet50 ILSVRC2012_val_00007312 lime_slic_300 seed=4
616 stability imagenet resnet50 ILSVRC2012_val_00007312 rise_grid_4 seed=0
617 stability imagenet resnet50 ILSVRC2012_val_00007312 rise_grid_4 seed=1
618 stability imagenet resnet50 ILSVRC2012_val_00007312 rise_grid_4 seed=2
619 stability imagenet resnet50 ILSVRC2012_val_00007312 rise_grid_4 seed=3
620 stability imagenet resnet50 ILSVRC2012_val_00007312 rise_grid_4 seed=4
621 stability imagenet resnet50 ILSVRC2012_val_00007312 rise_grid_10 seed=0
622 stability imagenet resnet50 ILSVRC2012_val_00007312 rise_grid_10 seed=1
623 stability imagenet resnet50 ILSVRC2012_val_00007312 rise_grid_10 seed=2
624 stability imagenet resnet50 ILSVRC2012_val_00007312 rise_grid_10 seed=3
625 stability imagenet resnet50 ILSVRC2012_val_00007312 rise_grid_10 seed=4
626 stability imagenet resnet50 ILSVRC2012_val_00007312 rise_grid_14 seed=0
627 stability imagenet resnet50 ILSVRC2012_val_00007312 rise_grid_14 seed=1
628 stability imagenet resnet50 ILSVRC2012_val_00007312 rise_grid_14 seed=2
629 stability imagenet resnet50 ILSVRC2012_val_00007312 rise_grid_14 seed=3
630 stability imagenet resnet50 ILSVRC2012_val_00007312 rise_grid_14 seed=4
631 stability imagenet resnet50 ILSVRC2012_val_00007312 lime_mask_0.25 seed=0
632 stability imagenet resnet50 ILSVRC2012_val_00007312 lime_mask_0.25 seed=1
633 stability imagenet resnet50 ILSVRC2012_val_00007312 lime_mask_0.25 seed=2
634 stability imagenet resnet50 ILSVRC2012_val_00007312 lime_mask_0.25 seed=3
635 stability imagenet resnet50 ILSVRC2012_val_00007312 lime_mask_0.25 seed=4
636 stability imagenet resnet50 ILSVRC2012_val_00007312 lime_mask_0.75 seed=0
637 stability imagenet resnet50 ILSVRC2012_val_00007312 lime_mask_0.75 seed=1
638 stability imagenet resnet50 ILSVRC2012_val_00007312 lime_mask_0.75 seed=2
639 stability imagenet resnet50 ILSVRC2012_val_00007312 lime_mask_0.75 seed=3
640 stability imagenet resnet50 ILSVRC2012_val_00007312 lime_mask_0.75 seed=4
641 stability imagenet resnet50 ILSVRC2012_val_00007312 rise_mask_0.25 seed=0
642 stability imagenet resnet50 ILSVRC2012_val_00007312 rise_mask_0.25 seed=1
643 stability imagenet resnet50 ILSVRC2012_val_00007312 rise_mask_0.25 seed=2
644 stability imagenet resnet50 ILSVRC2012_val_00007312 rise_mask_0.25 seed=3
645 stability imagenet resnet50 ILSVRC2012_val_00007312 rise_mask_0.25 seed=4
646 stability imagenet resnet50 ILSVRC2012_val_00007312 rise_mask_0.75 seed=0
647 stability imagenet resnet50 ILSVRC2012_val_00007312 rise_mask_0.75 seed=1
648 stability imagenet resnet50 ILSVRC2012_val_00007312 rise_mask_0.75 seed=2
649 stability imagenet resnet50 ILSVRC2012_val_00007312 rise_mask_0.75 seed=3
650 stability imagenet resnet50 ILSVRC2012_val_00007312 rise_mask_0.75 seed=4
651 stability imagenet resnet50 ILSVRC2012_val_00007930 lime_slic_50 seed=0
652 stability imagenet resnet50 ILSVRC2012_val_00007930 lime_slic_50 seed=1
653 stability imagenet resnet50 ILSVRC2012_val_00007930 lime_slic_50 seed=2
654 stability imagenet resnet50 ILSVRC2012_val_00007930 lime_slic_50 seed=3
655 stability imagenet resnet50 ILSVRC2012_val_00007930 lime_slic_50 seed=4
656 stability imagenet resnet50 ILSVRC2012_val_00007930 lime_slic_200 seed=0
657 stability imagenet resnet50 ILSVRC2012_val_00007930 lime_slic_200 seed=1
658 stability imagenet resnet50 ILSVRC2012_val_00007930 lime_slic_200 seed=2
659 stability imagenet resnet50 ILSVRC2012_val_00007930 lime_slic_200 seed=3
660 stability imagenet resnet50 ILSVRC2012_val_00007930 lime_slic_200 seed=4
661 stability imagenet resnet50 ILSVRC2012_val_00007930 lime_slic_300 seed=0
662 stability imagenet resnet50 ILSVRC2012_val_00007930 lime_slic_300 seed=1
663 stability imagenet resnet50 ILSVRC2012_val_00007930 lime_slic_300 seed=2
664 stability imagenet resnet50 ILSVRC2012_val_00007930 lime_slic_300 seed=3
665 stability imagenet resnet50 ILSVRC2012_val_00007930 lime_slic_300 seed=4
666 stability imagenet resnet50 ILSVRC2012_val_00007930 rise_grid_4 seed=0
667 stability imagenet resnet50 ILSVRC2012_val_00007930 rise_grid_4 seed=1
668 stability imagenet resnet50 ILSVRC2012_val_00007930 rise_grid_4 seed=2
669 stability imagenet resnet50 ILSVRC2012_val_00007930 rise_grid_4 seed=3
670 stability imagenet resnet50 ILSVRC2012_val_00007930 rise_grid_4 seed=4
671 stability imagenet resnet50 ILSVRC2012_val_00007930 rise_grid_10 seed=0
672 stability imagenet resnet50 ILSVRC2012_val_00007930 rise_grid_10 seed=1
673 stability imagenet resnet50 ILSVRC2012_val_00007930 rise_grid_10 seed=2
674 stability imagenet resnet50 ILSVRC2012_val_00007930 rise_grid_10 seed=3
675 stability imagenet resnet50 ILSVRC2012_val_00007930 rise_grid_10 seed=4
676 stability imagenet resnet50 ILSVRC2012_val_00007930 rise_grid_14 seed=0
677 stability imagenet resnet50 ILSVRC2012_val_00007930 rise_grid_14 seed=1
678 stability imagenet resnet50 ILSVRC2012_val_00007930 rise_grid_14 seed=2
679 stability imagenet resnet50 ILSVRC2012_val_00007930 rise_grid_14 seed=3
680 stability imagenet resnet50 ILSVRC2012_val_00007930 rise_grid_14 seed=4
681 stability imagenet resnet50 ILSVRC2012_val_00007930 lime_mask_0.25 seed=0
682 stability imagenet resnet50 ILSVRC2012_val_00007930 lime_mask_0.25 seed=1
683 stability imagenet resnet50 ILSVRC2012_val_00007930 lime_mask_0.25 seed=2
684 stability imagenet resnet50 ILSVRC2012_val_00007930 lime_mask_0.25 seed=3
685 stability imagenet resnet50 ILSVRC2012_val_00007930 lime_mask_0.25 seed=4
686 stability imagenet resnet50 ILSVRC2012_val_00007930 lime_mask_0.75 seed=0
687 stability imagenet resnet50 ILSVRC2012_val_00007930 lime_mask_0.75 seed=1
688 stability imagenet resnet50 ILSVRC2012_val_00007930 lime_mask_0.75 seed=2
689 stability imagenet resnet50 ILSVRC2012_val_00007930 lime_mask_0.75 seed=3
690 stability imagenet resnet50 ILSVRC2012_val_00007930 lime_mask_0.75 seed=4
691 stability imagenet resnet50 ILSVRC2012_val_00007930 rise_mask_0.25 seed=0
692 stability imagenet resnet50 ILSVRC2012_val_00007930 rise_mask_0.25 seed=1
693 stability imagenet resnet50 ILSVRC2012_val_00007930 rise_mask_0.25 seed=2
694 stability imagenet resnet50 ILSVRC2012_val_00007930 rise_mask_0.25 seed=3
695 stability imagenet resnet50 ILSVRC2012_val_00007930 rise_mask_0.25 seed=4
696 stability imagenet resnet50 ILSVRC2012_val_00007930 rise_mask_0.75 seed=0
697 stability imagenet resnet50 ILSVRC2012_val_00007930 rise_mask_0.75 seed=1
698 stability imagenet resnet50 ILSVRC2012_val_00007930 rise_mask_0.75 seed=2
699 stability imagenet resnet50 ILSVRC2012_val_00007930 rise_mask_0.75 seed=3
700 stability imagenet resnet50 ILSVRC2012_val_00007930 rise_mask_0.75 seed=4
701 stability imagenet resnet50 ILSVRC2012_val_00008228 lime_slic_50 seed=0
702 stability imagenet resnet50 ILSVRC2012_val_00008228 lime_slic_50 seed=1
703 stability imagenet resnet50 ILSVRC2012_val_00008228 lime_slic_50 seed=2
704 stability imagenet resnet50 ILSVRC2012_val_00008228 lime_slic_50 seed=3
705 stability imagenet resnet50 ILSVRC2012_val_00008228 lime_slic_50 seed=4
706 stability imagenet resnet50 ILSVRC2012_val_00008228 lime_slic_200 seed=0
707 stability imagenet resnet50 ILSVRC2012_val_00008228 lime_slic_200 seed=1
708 stability imagenet resnet50 ILSVRC2012_val_00008228 lime_slic_200 seed=2
709 stability imagenet resnet50 ILSVRC2012_val_00008228 lime_slic_200 seed=3
710 stability imagenet resnet50 ILSVRC2012_val_00008228 lime_slic_200 seed=4
711 stability imagenet resnet50 ILSVRC2012_val_00008228 lime_slic_300 seed=0
712 stability imagenet resnet50 ILSVRC2012_val_00008228 lime_slic_300 seed=1
713 stability imagenet resnet50 ILSVRC2012_val_00008228 lime_slic_300 seed=2
714 stability imagenet resnet50 ILSVRC2012_val_00008228 lime_slic_300 seed=3
715 stability imagenet resnet50 ILSVRC2012_val_00008228 lime_slic_300 seed=4
716 stability imagenet resnet50 ILSVRC2012_val_00008228 rise_grid_4 seed=0
717 stability imagenet resnet50 ILSVRC2012_val_00008228 rise_grid_4 seed=1
718 stability imagenet resnet50 ILSVRC2012_val_00008228 rise_grid_4 seed=2
719 stability imagenet resnet50 ILSVRC2012_val_00008228 rise_grid_4 seed=3
720 stability imagenet resnet50 ILSVRC2012_val_00008228 rise_grid_4 seed=4
721 stability imagenet resnet50 ILSVRC2012_val_00008228 rise_grid_10 seed=0
722 stability imagenet resnet50 ILSVRC2012_val_00008228 rise_grid_10 seed=1
723 stability imagenet resnet50 ILSVRC2012_val_00008228 rise_grid_10 seed=2
724 stability imagenet resnet50 ILSVRC2012_val_00008228 rise_grid_10 seed=3
725 stability imagenet resnet50 ILSVRC2012_val_00008228 rise_grid_10 seed=4
726 stability imagenet resnet50 ILSVRC2012_val_00008228 rise_grid_14 seed=0
727 stability imagenet resnet50 ILSVRC2012_val_00008228 rise_grid_14 seed=1
728 stability imagenet resnet50 ILSVRC2012_val_00008228 rise_grid_14 seed=2
729 stability imagenet resnet50 ILSVRC2012_val_00008228 rise_grid_14 seed=3
730 stability imagenet resnet50 ILSVRC2012_val_00008228 rise_grid_14 seed=4
731 stability imagenet resnet50 ILSVRC2012_val_00008228 lime_mask_0.25 seed=0
732 stability imagenet resnet50 ILSVRC2012_val_00008228 lime_mask_0.25 seed=1
733 stability imagenet resnet50 ILSVRC2012_val_00008228 lime_mask_0.25 seed=2
734 stability imagenet resnet50 ILSVRC2012_val_00008228 lime_mask_0.25 seed=3
735 stability imagenet resnet50 ILSVRC2012_val_00008228 lime_mask_0.25 seed=4
736 stability imagenet resnet50 ILSVRC2012_val_00008228 lime_mask_0.75 seed=0
737 stability imagenet resnet50 ILSVRC2012_val_00008228 lime_mask_0.75 seed=1
738 stability imagenet resnet50 ILSVRC2012_val_00008228 lime_mask_0.75 seed=2
739 stability imagenet resnet50 ILSVRC2012_val_00008228 lime_mask_0.75 seed=3
740 stability imagenet resnet50 ILSVRC2012_val_00008228 lime_mask_0.75 seed=4
741 stability imagenet resnet50 ILSVRC2012_val_00008228 rise_mask_0.25 seed=0
742 stability imagenet resnet50 ILSVRC2012_val_00008228 rise_mask_0.25 seed=1
743 stability imagenet resnet50 ILSVRC2012_val_00008228 rise_mask_0.25 seed=2
744 stability imagenet resnet50 ILSVRC2012_val_00008228 rise_mask_0.25 seed=3
745 stability imagenet resnet50 ILSVRC2012_val_00008228 rise_mask_0.25 seed=4
746 stability imagenet resnet50 ILSVRC2012_val_00008228 rise_mask_0.75 seed=0
747 stability imagenet resnet50 ILSVRC2012_val_00008228 rise_mask_0.75 seed=1
748 stability imagenet resnet50 ILSVRC2012_val_00008228 rise_mask_0.75 seed=2
749 stability imagenet resnet50 ILSVRC2012_val_00008228 rise_mask_0.75 seed=3
750 stability imagenet resnet50 ILSVRC2012_val_00008228 rise_mask_0.75 seed=4
751 stability imagenet resnet50 ILSVRC2012_val_00009336 lime_slic_50 seed=0
752 stability imagenet resnet50 ILSVRC2012_val_00009336 lime_slic_50 seed=1
753 stability imagenet resnet50 ILSVRC2012_val_00009336 lime_slic_50 seed=2
754 stability imagenet resnet50 ILSVRC2012_val_00009336 lime_slic_50 seed=3
755 stability imagenet resnet50 ILSVRC2012_val_00009336 lime_slic_50 seed=4
756 stability imagenet resnet50 ILSVRC2012_val_00009336 lime_slic_200 seed=0
757 stability imagenet resnet50 ILSVRC2012_val_00009336 lime_slic_200 seed=1
758 stability imagenet resnet50 ILSVRC2012_val_00009336 lime_slic_200 seed=2
759 stability imagenet resnet50 ILSVRC2012_val_00009336 lime_slic_200 seed=3
760 stability imagenet resnet50 ILSVRC2012_val_00009336 lime_slic_200 seed=4
761 stability imagenet resnet50 ILSVRC2012_val_00009336 lime_slic_300 seed=0
762 stability imagenet resnet50 ILSVRC2012_val_00009336 lime_slic_300 seed=1
763 stability imagenet resnet50 ILSVRC2012_val_00009336 lime_slic_300 seed=2
764 stability imagenet resnet50 ILSVRC2012_val_00009336 lime_slic_300 seed=3
765 stability imagenet resnet50 ILSVRC2012_val_00009336 lime_slic_300 seed=4
766 stability imagenet resnet50 ILSVRC2012_val_00009336 rise_grid_4 seed=0
767 stability imagenet resnet50 ILSVRC2012_val_00009336 rise_grid_4 seed=1
768 stability imagenet resnet50 ILSVRC2012_val_00009336 rise_grid_4 seed=2
769 stability imagenet resnet50 ILSVRC2012_val_00009336 rise_grid_4 seed=3
770 stability imagenet resnet50 ILSVRC2012_val_00009336 rise_grid_4 seed=4
771 stability imagenet resnet50 ILSVRC2012_val_00009336 rise_grid_10 seed=0
772 stability imagenet resnet50 ILSVRC2012_val_00009336 rise_grid_10 seed=1
773 stability imagenet resnet50 ILSVRC2012_val_00009336 rise_grid_10 seed=2
774 stability imagenet resnet50 ILSVRC2012_val_00009336 rise_grid_10 seed=3
775 stability imagenet resnet50 ILSVRC2012_val_00009336 rise_grid_10 seed=4
776 stability imagenet resnet50 ILSVRC2012_val_00009336 rise_grid_14 seed=0
777 stability imagenet resnet50 ILSVRC2012_val_00009336 rise_grid_14 seed=1
778 stability imagenet resnet50 ILSVRC2012_val_00009336 rise_grid_14 seed=2
779 stability imagenet resnet50 ILSVRC2012_val_00009336 rise_grid_14 seed=3
780 stability imagenet resnet50 ILSVRC2012_val_00009336 rise_grid_14 seed=4
781 stability imagenet resnet50 ILSVRC2012_val_00009336 lime_mask_0.25 seed=0
782 stability imagenet resnet50 ILSVRC2012_val_00009336 lime_mask_0.25 seed=1
783 stability imagenet resnet50 ILSVRC2012_val_00009336 lime_mask_0.25 seed=2
784 stability imagenet resnet50 ILSVRC2012_val_00009336 lime_mask_0.25 seed=3
785 stability imagenet resnet50 ILSVRC2012_val_00009336 lime_mask_0.25 seed=4
786 stability imagenet resnet50 ILSVRC2012_val_00009336 lime_mask_0.75 seed=0
787 stability imagenet resnet50 ILSVRC2012_val_00009336 lime_mask_0.75 seed=1
788 stability imagenet resnet50 ILSVRC2012_val_00009336 lime_mask_0.75 seed=2
789 stability imagenet resnet50 ILSVRC2012_val_00009336 lime_mask_0.75 seed=3
790 stability imagenet resnet50 ILSVRC2012_val_00009336 lime_mask_0.75 seed=4
791 stability imagenet resnet50 ILSVRC2012_val_00009336 rise_mask_0.25 seed=0
792 stability imagenet resnet50 ILSVRC2012_val_00009336 rise_mask_0.25 seed=1
793 stability imagenet resnet50 ILSVRC2012_val_00009336 rise_mask_0.25 seed=2
794 stability imagenet resnet50 ILSVRC2012_val_00009336 rise_mask_0.25 seed=3
795 stability imagenet resnet50 ILSVRC2012_val_00009336 rise_mask_0.25 seed=4
796 stability imagenet resnet50 ILSVRC2012_val_00009336 rise_mask_0.75 seed=0
797 stability imagenet resnet50 ILSVRC2012_val_00009336 rise_mask_0.75 seed=1
798 stability imagenet resnet50 ILSVRC2012_val_00009336 rise_mask_0.75 seed=2
799 stability imagenet resnet50 ILSVRC2012_val_00009336 rise_mask_0.75 seed=3
800 stability imagenet resnet50 ILSVRC2012_val_00009336 rise_mask_0.75 seed=4
801 stability imagenet resnet50 ILSVRC2012_val_00009781 lime_slic_50 seed=0
802 stability imagenet resnet50 ILSVRC2012_val_00009781 lime_slic_50 seed=1
803 stability imagenet resnet50 ILSVRC2012_val_00009781 lime_slic_50 seed=2
804 stability imagenet resnet50 ILSVRC2012_val_00009781 lime_slic_50 seed=3
805 stability imagenet resnet50 ILSVRC2012_val_00009781 lime_slic_50 seed=4
806 stability imagenet resnet50 ILSVRC2012_val_00009781 lime_slic_200 seed=0
807 stability imagenet resnet50 ILSVRC2012_val_00009781 lime_slic_200 seed=1
808 stability imagenet resnet50 ILSVRC2012_val_00009781 lime_slic_200 seed=2
809 stability imagenet resnet50 ILSVRC2012_val_00009781 lime_slic_200 seed=3
810 stability imagenet resnet50 ILSVRC2012_val_00009781 lime_slic_200 seed=4
811 stability imagenet resnet50 ILSVRC2012_val_00009781 lime_slic_300 seed=0
812 stability imagenet resnet50 ILSVRC2012_val_00009781 lime_slic_300 seed=1
813 stability imagenet resnet50 ILSVRC2012_val_00009781 lime_slic_300 seed=2
814 stability imagenet resnet50 ILSVRC2012_val_00009781 lime_slic_300 seed=3
815 stability imagenet resnet50 ILSVRC2012_val_00009781 lime_slic_300 seed=4
816 stability imagenet resnet50 ILSVRC2012_val_00009781 rise_grid_4 seed=0
817 stability imagenet resnet50 ILSVRC2012_val_00009781 rise_grid_4 seed=1
818 stability imagenet resnet50 ILSVRC2012_val_00009781 rise_grid_4 seed=2
819 stability imagenet resnet50 ILSVRC2012_val_00009781 rise_grid_4 seed=3
820 stability imagenet resnet50 ILSVRC2012_val_00009781 rise_grid_4 seed=4
821 stability imagenet resnet50 ILSVRC2012_val_00009781 rise_grid_10 seed=0
822 stability imagenet resnet50 ILSVRC2012_val_00009781 rise_grid_10 seed=1
823 stability imagenet resnet50 ILSVRC2012_val_00009781 rise_grid_10 seed=2
824 stability imagenet resnet50 ILSVRC2012_val_00009781 rise_grid_10 seed=3
825 stability imagenet resnet50 ILSVRC2012_val_00009781 rise_grid_10 seed=4
826 stability imagenet resnet50 ILSVRC2012_val_00009781 rise_grid_14 seed=0
827 stability imagenet resnet50 ILSVRC2012_val_00009781 rise_grid_14 seed=1
828 stability imagenet resnet50 ILSVRC2012_val_00009781 rise_grid_14 seed=2
829 stability imagenet resnet50 ILSVRC2012_val_00009781 rise_grid_14 seed=3
830 stability imagenet resnet50 ILSVRC2012_val_00009781 rise_grid_14 seed=4
831 stability imagenet resnet50 ILSVRC2012_val_00009781 lime_mask_0.25 seed=0
832 stability imagenet resnet50 ILSVRC2012_val_00009781 lime_mask_0.25 seed=1
833 stability imagenet resnet50 ILSVRC2012_val_00009781 lime_mask_0.25 seed=2
834 stability imagenet resnet50 ILSVRC2012_val_00009781 lime_mask_0.25 seed=3
835 stability imagenet resnet50 ILSVRC2012_val_00009781 lime_mask_0.25 seed=4
836 stability imagenet resnet50 ILSVRC2012_val_00009781 lime_mask_0.75 seed=0
837 stability imagenet resnet50 ILSVRC2012_val_00009781 lime_mask_0.75 seed=1
838 stability imagenet resnet50 ILSVRC2012_val_00009781 lime_mask_0.75 seed=2
839 stability imagenet resnet50 ILSVRC2012_val_00009781 lime_mask_0.75 seed=3
840 stability imagenet resnet50 ILSVRC2012_val_00009781 lime_mask_0.75 seed=4
841 stability imagenet resnet50 ILSVRC2012_val_00009781 rise_mask_0.25 seed=0
842 stability imagenet resnet50 ILSVRC2012_val_00009781 rise_mask_0.25 seed=1
843 stability imagenet resnet50 ILSVRC2012_val_00009781 rise_mask_0.25 seed=2
844 stability imagenet resnet50 ILSVRC2012_val_00009781 rise_mask_0.25 seed=3
845 stability imagenet resnet50 ILSVRC2012_val_00009781 rise_mask_0.25 seed=4
846 stability imagenet resnet50 ILSVRC2012_val_00009781 rise_mask_0.75 seed=0
847 stability imagenet resnet50 ILSVRC2012_val_00009781 rise_mask_0.75 seed=1
848 stability imagenet resnet50 ILSVRC2012_val_00009781 rise_mask_0.75 seed=2
849 stability imagenet resnet50 ILSVRC2012_val_00009781 rise_mask_0.75 seed=3
850 stability imagenet resnet50 ILSVRC2012_val_00009781 rise_mask_0.75 seed=4
851 stability imagenet resnet50 ILSVRC2012_val_00010310 lime_slic_50 seed=0
852 stability imagenet resnet50 ILSVRC2012_val_00010310 lime_slic_50 seed=1
853 stability imagenet resnet50 ILSVRC2012_val_00010310 lime_slic_50 seed=2
854 stability imagenet resnet50 ILSVRC2012_val_00010310 lime_slic_50 seed=3
855 stability imagenet resnet50 ILSVRC2012_val_00010310 lime_slic_50 seed=4
856 stability imagenet resnet50 ILSVRC2012_val_00010310 lime_slic_200 seed=0
857 stability imagenet resnet50 ILSVRC2012_val_00010310 lime_slic_200 seed=1
858 stability imagenet resnet50 ILSVRC2012_val_00010310 lime_slic_200 seed=2
859 stability imagenet resnet50 ILSVRC2012_val_00010310 lime_slic_200 seed=3
860 stability imagenet resnet50 ILSVRC2012_val_00010310 lime_slic_200 seed=4
861 stability imagenet resnet50 ILSVRC2012_val_00010310 lime_slic_300 seed=0
862 stability imagenet resnet50 ILSVRC2012_val_00010310 lime_slic_300 seed=1
863 stability imagenet resnet50 ILSVRC2012_val_00010310 lime_slic_300 seed=2
864 stability imagenet resnet50 ILSVRC2012_val_00010310 lime_slic_300 seed=3
865 stability imagenet resnet50 ILSVRC2012_val_00010310 lime_slic_300 seed=4
866 stability imagenet resnet50 ILSVRC2012_val_00010310 rise_grid_4 seed=0
867 stability imagenet resnet50 ILSVRC2012_val_00010310 rise_grid_4 seed=1
868 stability imagenet resnet50 ILSVRC2012_val_00010310 rise_grid_4 seed=2
869 stability imagenet resnet50 ILSVRC2012_val_00010310 rise_grid_4 seed=3
870 stability imagenet resnet50 ILSVRC2012_val_00010310 rise_grid_4 seed=4
871 stability imagenet resnet50 ILSVRC2012_val_00010310 rise_grid_10 seed=0
872 stability imagenet resnet50 ILSVRC2012_val_00010310 rise_grid_10 seed=1
873 stability imagenet resnet50 ILSVRC2012_val_00010310 rise_grid_10 seed=2
874 stability imagenet resnet50 ILSVRC2012_val_00010310 rise_grid_10 seed=3
875 stability imagenet resnet50 ILSVRC2012_val_00010310 rise_grid_10 seed=4
876 stability imagenet resnet50 ILSVRC2012_val_00010310 rise_grid_14 seed=0
877 stability imagenet resnet50 ILSVRC2012_val_00010310 rise_grid_14 seed=1
878 stability imagenet resnet50 ILSVRC2012_val_00010310 rise_grid_14 seed=2
879 stability imagenet resnet50 ILSVRC2012_val_00010310 rise_grid_14 seed=3
880 stability imagenet resnet50 ILSVRC2012_val_00010310 rise_grid_14 seed=4
881 stability imagenet resnet50 ILSVRC2012_val_00010310 lime_mask_0.25 seed=0
882 stability imagenet resnet50 ILSVRC2012_val_00010310 lime_mask_0.25 seed=1
883 stability imagenet resnet50 ILSVRC2012_val_00010310 lime_mask_0.25 seed=2
884 stability imagenet resnet50 ILSVRC2012_val_00010310 lime_mask_0.25 seed=3
885 stability imagenet resnet50 ILSVRC2012_val_00010310 lime_mask_0.25 seed=4
886 stability imagenet resnet50 ILSVRC2012_val_00010310 lime_mask_0.75 seed=0
887 stability imagenet resnet50 ILSVRC2012_val_00010310 lime_mask_0.75 seed=1
888 stability imagenet resnet50 ILSVRC2012_val_00010310 lime_mask_0.75 seed=2
889 stability imagenet resnet50 ILSVRC2012_val_00010310 lime_mask_0.75 seed=3
890 stability imagenet resnet50 ILSVRC2012_val_00010310 lime_mask_0.75 seed=4
891 stability imagenet resnet50 ILSVRC2012_val_00010310 rise_mask_0.25 seed=0
892 stability imagenet resnet50 ILSVRC2012_val_00010310 rise_mask_0.25 seed=1
893 stability imagenet resnet50 ILSVRC2012_val_00010310 rise_mask_0.25 seed=2
894 stability imagenet resnet50 ILSVRC2012_val_00010310 rise_mask_0.25 seed=3
895 stability imagenet resnet50 ILSVRC2012_val_00010310 rise_mask_0.25 seed=4
896 stability imagenet resnet50 ILSVRC2012_val_00010310 rise_mask_0.75 seed=0
897 stability imagenet resnet50 ILSVRC2012_val_00010310 rise_mask_0.75 seed=1
898 stability imagenet resnet50 ILSVRC2012_val_00010310 rise_mask_0.75 seed=2
899 stability imagenet resnet50 ILSVRC2012_val_00010310 rise_mask_0.75 seed=3
900 stability imagenet resnet50 ILSVRC2012_val_00010310 rise_mask_0.75 seed=4
901 stability imagenet resnet50 ILSVRC2012_val_00011535 lime_slic_50 seed=0
902 stability imagenet resnet50 ILSVRC2012_val_00011535 lime_slic_50 seed=1
903 stability imagenet resnet50 ILSVRC2012_val_00011535 lime_slic_50 seed=2
904 stability imagenet resnet50 ILSVRC2012_val_00011535 lime_slic_50 seed=3
905 stability imagenet resnet50 ILSVRC2012_val_00011535 lime_slic_50 seed=4
906 stability imagenet resnet50 ILSVRC2012_val_00011535 lime_slic_200 seed=0
907 stability imagenet resnet50 ILSVRC2012_val_00011535 lime_slic_200 seed=1
908 stability imagenet resnet50 ILSVRC2012_val_00011535 lime_slic_200 seed=2
909 stability imagenet resnet50 ILSVRC2012_val_00011535 lime_slic_200 seed=3
910 stability imagenet resnet50 ILSVRC2012_val_00011535 lime_slic_200 seed=4
911 stability imagenet resnet50 ILSVRC2012_val_00011535 lime_slic_300 seed=0
912 stability imagenet resnet50 ILSVRC2012_val_00011535 lime_slic_300 seed=1
913 stability imagenet resnet50 ILSVRC2012_val_00011535 lime_slic_300 seed=2
914 stability imagenet resnet50 ILSVRC2012_val_00011535 lime_slic_300 seed=3
915 stability imagenet resnet50 ILSVRC2012_val_00011535 lime_slic_300 seed=4
916 stability imagenet resnet50 ILSVRC2012_val_00011535 rise_grid_4 seed=0
917 stability imagenet resnet50 ILSVRC2012_val_00011535 rise_grid_4 seed=1
918 stability imagenet resnet50 ILSVRC2012_val_00011535 rise_grid_4 seed=2
919 stability imagenet resnet50 ILSVRC2012_val_00011535 rise_grid_4 seed=3
920 stability imagenet resnet50 ILSVRC2012_val_00011535 rise_grid_4 seed=4
921 stability imagenet resnet50 ILSVRC2012_val_00011535 rise_grid_10 seed=0
922 stability imagenet resnet50 ILSVRC2012_val_00011535 rise_grid_10 seed=1
923 stability imagenet resnet50 ILSVRC2012_val_00011535 rise_grid_10 seed=2
924 stability imagenet resnet50 ILSVRC2012_val_00011535 rise_grid_10 seed=3
925 stability imagenet resnet50 ILSVRC2012_val_00011535 rise_grid_10 seed=4
926 stability imagenet resnet50 ILSVRC2012_val_00011535 rise_grid_14 seed=0
927 stability imagenet resnet50 ILSVRC2012_val_00011535 rise_grid_14 seed=1
928 stability imagenet resnet50 ILSVRC2012_val_00011535 rise_grid_14 seed=2
929 stability imagenet resnet50 ILSVRC2012_val_00011535 rise_grid_14 seed=3
930 stability imagenet resnet50 ILSVRC2012_val_00011535 rise_grid_14 seed=4
931 stability imagenet resnet50 ILSVRC2012_val_00011535 lime_mask_0.25 seed=0
932 stability imagenet resnet50 ILSVRC2012_val_00011535 lime_mask_0.25 seed=1
933 stability imagenet resnet50 ILSVRC2012_val_00011535 lime_mask_0.25 seed=2
934 stability imagenet resnet50 ILSVRC2012_val_00011535 lime_mask_0.25 seed=3
935 stability imagenet resnet50 ILSVRC2012_val_00011535 lime_mask_0.25 seed=4
936 stability imagenet resnet50 ILSVRC2012_val_00011535 lime_mask_0.75 seed=0
937 stability imagenet resnet50 ILSVRC2012_val_00011535 lime_mask_0.75 seed=1
938 stability imagenet resnet50 ILSVRC2012_val_00011535 lime_mask_0.75 seed=2
939 stability imagenet resnet50 ILSVRC2012_val_00011535 lime_mask_0.75 seed=3
940 stability imagenet resnet50 ILSVRC2012_val_00011535 lime_mask_0.75 seed=4
941 stability imagenet resnet50 ILSVRC2012_val_00011535 rise_mask_0.25 seed=0
942 stability imagenet resnet50 ILSVRC2012_val_00011535 rise_mask_0.25 seed=1
943 stability imagenet resnet50 ILSVRC2012_val_00011535 rise_mask_0.25 seed=2
944 stability imagenet resnet50 ILSVRC2012_val_00011535 rise_mask_0.25 seed=3
945 stability imagenet resnet50 ILSVRC2012_val_00011535 rise_mask_0.25 seed=4
946 stability imagenet resnet50 ILSVRC2012_val_00011535 rise_mask_0.75 seed=0
947 stability imagenet resnet50 ILSVRC2012_val_00011535 rise_mask_0.75 seed=1
948 stability imagenet resnet50 ILSVRC2012_val_00011535 rise_mask_0.75 seed=2
949 stability imagenet resnet50 ILSVRC2012_val_00011535 rise_mask_0.75 seed=3
950 stability imagenet resnet50 ILSVRC2012_val_00011535 rise_mask_0.75 seed=4
951 stability imagenet resnet50 ILSVRC2012_val_00012331 lime_slic_50 seed=0
952 stability imagenet resnet50 ILSVRC2012_val_00012331 lime_slic_50 seed=1
953 stability imagenet resnet50 ILSVRC2012_val_00012331 lime_slic_50 seed=2
954 stability imagenet resnet50 ILSVRC2012_val_00012331 lime_slic_50 seed=3
955 stability imagenet resnet50 ILSVRC2012_val_00012331 lime_slic_50 seed=4
956 stability imagenet resnet50 ILSVRC2012_val_00012331 lime_slic_200 seed=0
957 stability imagenet resnet50 ILSVRC2012_val_00012331 lime_slic_200 seed=1
958 stability imagenet resnet50 ILSVRC2012_val_00012331 lime_slic_200 seed=2
959 stability imagenet resnet50 ILSVRC2012_val_00012331 lime_slic_200 seed=3
960 stability imagenet resnet50 ILSVRC2012_val_00012331 lime_slic_200 seed=4
961 stability imagenet resnet50 ILSVRC2012_val_00012331 lime_slic_300 seed=0
962 stability imagenet resnet50 ILSVRC2012_val_00012331 lime_slic_300 seed=1
963 stability imagenet resnet50 ILSVRC2012_val_00012331 lime_slic_300 seed=2
964 stability imagenet resnet50 ILSVRC2012_val_00012331 lime_slic_300 seed=3
965 stability imagenet resnet50 ILSVRC2012_val_00012331 lime_slic_300 seed=4
966 stability imagenet resnet50 ILSVRC2012_val_00012331 rise_grid_4 seed=0
967 stability imagenet resnet50 ILSVRC2012_val_00012331 rise_grid_4 seed=1
968 stability imagenet resnet50 ILSVRC2012_val_00012331 rise_grid_4 seed=2
969 stability imagenet resnet50 ILSVRC2012_val_00012331 rise_grid_4 seed=3
970 stability imagenet resnet50 ILSVRC2012_val_00012331 rise_grid_4 seed=4
971 stability imagenet resnet50 ILSVRC2012_val_00012331 rise_grid_10 seed=0
972 stability imagenet resnet50 ILSVRC2012_val_00012331 rise_grid_10 seed=1
973 stability imagenet resnet50 ILSVRC2012_val_00012331 rise_grid_10 seed=2
974 stability imagenet resnet50 ILSVRC2012_val_00012331 rise_grid_10 seed=3
975 stability imagenet resnet50 ILSVRC2012_val_00012331 rise_grid_10 seed=4
976 stability imagenet resnet50 ILSVRC2012_val_00012331 rise_grid_14 seed=0
977 stability imagenet resnet50 ILSVRC2012_val_00012331 rise_grid_14 seed=1
978 stability imagenet resnet50 ILSVRC2012_val_00012331 rise_grid_14 seed=2
979 stability imagenet resnet50 ILSVRC2012_val_00012331 rise_grid_14 seed=3
980 stability imagenet resnet50 ILSVRC2012_val_00012331 rise_grid_14 seed=4
981 stability imagenet resnet50 ILSVRC2012_val_00012331 lime_mask_0.25 seed=0
982 stability imagenet resnet50 ILSVRC2012_val_00012331 lime_mask_0.25 seed=1
983 stability imagenet resnet50 ILSVRC2012_val_00012331 lime_mask_0.25 seed=2
984 stability imagenet resnet50 ILSVRC2012_val_00012331 lime_mask_0.25 seed=3
985 stability imagenet resnet50 ILSVRC2012_val_00012331 lime_mask_0.25 seed=4
986 stability imagenet resnet50 ILSVRC2012_val_00012331 lime_mask_0.75 seed=0
987 stability imagenet resnet50 ILSVRC2012_val_00012331 lime_mask_0.75 seed=1
988 stability imagenet resnet50 ILSVRC2012_val_00012331 lime_mask_0.75 seed=2
989 stability imagenet resnet50 ILSVRC2012_val_00012331 lime_mask_0.75 seed=3
990 stability imagenet resnet50 ILSVRC2012_val_00012331 lime_mask_0.75 seed=4
991 stability imagenet resnet50 ILSVRC2012_val_00012331 rise_mask_0.25 seed=0
992 stability imagenet resnet50 ILSVRC2012_val_00012331 rise_mask_0.25 seed=1
993 stability imagenet resnet50 ILSVRC2012_val_00012331 rise_mask_0.25 seed=2
994 stability imagenet resnet50 ILSVRC2012_val_00012331 rise_mask_0.25 seed=3
995 stability imagenet resnet50 ILSVRC2012_val_00012331 rise_mask_0.25 seed=4
996 stability imagenet resnet50 ILSVRC2012_val_00012331 rise_mask_0.75 seed=0
997 stability imagenet resnet50 ILSVRC2012_val_00012331 rise_mask_0.75 seed=1
998 stability imagenet resnet50 ILSVRC2012_val_00012331 rise_mask_0.75 seed=2
999 stability imagenet resnet50 ILSVRC2012_val_00012331 rise_mask_0.75 seed=3
1000 stability imagenet resnet50 ILSVRC2012_val_00012331 rise_mask_0.75 seed=4
1001 stability imagenet resnet50 ILSVRC2012_val_00013600 lime_slic_50 seed=0
1002 stability imagenet resnet50 ILSVRC2012_val_00013600 lime_slic_50 seed=1
1003 stability imagenet resnet50 ILSVRC2012_val_00013600 lime_slic_50 seed=2
1004 stability imagenet resnet50 ILSVRC2012_val_00013600 lime_slic_50 seed=3
1005 stability imagenet resnet50 ILSVRC2012_val_00013600 lime_slic_50 seed=4
1006 stability imagenet resnet50 ILSVRC2012_val_00013600 lime_slic_200 seed=0
1007 stability imagenet resnet50 ILSVRC2012_val_00013600 lime_slic_200 seed=1
1008 stability imagenet resnet50 ILSVRC2012_val_00013600 lime_slic_200 seed=2
1009 stability imagenet resnet50 ILSVRC2012_val_00013600 lime_slic_200 seed=3
1010 stability imagenet resnet50 ILSVRC2012_val_00013600 lime_slic_200 seed=4
1011 stability imagenet resnet50 ILSVRC2012_val_00013600 lime_slic_300 seed=0
1012 stability imagenet resnet50 ILSVRC2012_val_00013600 lime_slic_300 seed=1
1013 stability imagenet resnet50 ILSVRC2012_val_00013600 lime_slic_300 seed=2
1014 stability imagenet resnet50 ILSVRC2012_val_00013600 lime_slic_300 seed=3
1015 stability imagenet resnet50 ILSVRC2012_val_00013600 lime_slic_300 seed=4
1016 stability imagenet resnet50 ILSVRC2012_val_00013600 rise_grid_4 seed=0
1017 stability imagenet resnet50 ILSVRC2012_val_00013600 rise_grid_4 seed=1
1018 stability imagenet resnet50 ILSVRC2012_val_00013600 rise_grid_4 seed=2
1019 stability imagenet resnet50 ILSVRC2012_val_00013600 rise_grid_4 seed=3
1020 stability imagenet resnet50 ILSVRC2012_val_00013600 rise_grid_4 seed=4
1021 stability imagenet resnet50 ILSVRC2012_val_00013600 rise_grid_10 seed=0
1022 stability imagenet resnet50 ILSVRC2012_val_00013600 rise_grid_10 seed=1
1023 stability imagenet resnet50 ILSVRC2012_val_00013600 rise_grid_10 seed=2
1024 stability imagenet resnet50 ILSVRC2012_val_00013600 rise_grid_10 seed=3
1025 stability imagenet resnet50 ILSVRC2012_val_00013600 rise_grid_10 seed=4
1026 stability imagenet resnet50 ILSVRC2012_val_00013600 rise_grid_14 seed=0
1027 stability imagenet resnet50 ILSVRC2012_val_00013600 rise_grid_14 seed=1
1028 stability imagenet resnet50 ILSVRC2012_val_00013600 rise_grid_14 seed=2
1029 stability imagenet resnet50 ILSVRC2012_val_00013600 rise_grid_14 seed=3
1030 stability imagenet resnet50 ILSVRC2012_val_00013600 rise_grid_14 seed=4
1031 stability imagenet resnet50 ILSVRC2012_val_00013600 lime_mask_0.25 seed=0
1032 stability imagenet resnet50 ILSVRC2012_val_00013600 lime_mask_0.25 seed=1
1033 stability imagenet resnet50 ILSVRC2012_val_00013600 lime_mask_0.25 seed=2
1034 stability imagenet resnet50 ILSVRC2012_val_00013600 lime_mask_0.25 seed=3
1035 stability imagenet resnet50 ILSVRC2012_val_00013600 lime_mask_0.25 seed=4
1036 stability imagenet resnet50 ILSVRC2012_val_00013600 lime_mask_0.75 seed=0
1037 stability imagenet resnet50 ILSVRC2012_val_00013600 lime_mask_0.75 seed=1
1038 stability imagenet resnet50 ILSVRC2012_val_00013600 lime_mask_0.75 seed=2
1039 stability imagenet resnet50 ILSVRC2012_val_00013600 lime_mask_0.75 seed=3
1040 stability imagenet resnet50 ILSVRC2012_val_00013600 lime_mask_0.75 seed=4
1041 stability imagenet resnet50 ILSVRC2012_val_00013600 rise_mask_0.25 seed=0
1042 stability imagenet resnet50 ILSVRC2012_val_00013600 rise_mask_0.25 seed=1
1043 stability imagenet resnet50 ILSVRC2012_val_00013600 rise_mask_0.25 seed=2
1044 stability imagenet resnet50 ILSVRC2012_val_00013600 rise_mask_0.25 seed=3
1045 stability imagenet resnet50 ILSVRC2012_val_00013600 rise_mask_0.25 seed=4
1046 stability imagenet resnet50 ILSVRC2012_val_00013600 rise_mask_0.75 seed=0
1047 stability imagenet resnet50 ILSVRC2012_val_00013600 rise_mask_0.75 seed=1
1048 stability imagenet resnet50 ILSVRC2012_val_00013600 rise_mask_0.75 seed=2
1049 stability imagenet resnet50 ILSVRC2012_val_00013600 rise_mask_0.75 seed=3
1050 stability imagenet resnet50 ILSVRC2012_val_00013600 rise_mask_0.75 seed=4
1051 stability imagenet resnet50 ILSVRC2012_val_00014108 lime_slic_50 seed=0
1052 stability imagenet resnet50 ILSVRC2012_val_00014108 lime_slic_50 seed=1
1053 stability imagenet resnet50 ILSVRC2012_val_00014108 lime_slic_50 seed=2
1054 stability imagenet resnet50 ILSVRC2012_val_00014108 lime_slic_50 seed=3
1055 stability imagenet resnet50 ILSVRC2012_val_00014108 lime_slic_50 seed=4
1056 stability imagenet resnet50 ILSVRC2012_val_00014108 lime_slic_200 seed=0
1057 stability imagenet resnet50 ILSVRC2012_val_00014108 lime_slic_200 seed=1
1058 stability imagenet resnet50 ILSVRC2012_val_00014108 lime_slic_200 seed=2
1059 stability imagenet resnet50 ILSVRC2012_val_00014108 lime_slic_200 seed=3
1060 stability imagenet resnet50 ILSVRC2012_val_00014108 lime_slic_200 seed=4
1061 stability imagenet resnet50 ILSVRC2012_val_00014108 lime_slic_300 seed=0
1062 stability imagenet resnet50 ILSVRC2012_val_00014108 lime_slic_300 seed=1
1063 stability imagenet resnet50 ILSVRC2012_val_00014108 lime_slic_300 seed=2
1064 stability imagenet resnet50 ILSVRC2012_val_00014108 lime_slic_300 seed=3
1065 stability imagenet resnet50 ILSVRC2012_val_00014108 lime_slic_300 seed=4
1066 stability imagenet resnet50 ILSVRC2012_val_00014108 rise_grid_4 seed=0
1067 stability imagenet resnet50 ILSVRC2012_val_00014108 rise_grid_4 seed=1
1068 stability imagenet resnet50 ILSVRC2012_val_00014108 rise_grid_4 seed=2
1069 stability imagenet resnet50 ILSVRC2012_val_00014108 rise_grid_4 seed=3
1070 stability imagenet resnet50 ILSVRC2012_val_00014108 rise_grid_4 seed=4
1071 stability imagenet resnet50 ILSVRC2012_val_00014108 rise_grid_10 seed=0
1072 stability imagenet resnet50 ILSVRC2012_val_00014108 rise_grid_10 seed=1
1073 stability imagenet resnet50 ILSVRC2012_val_00014108 rise_grid_10 seed=2
1074 stability imagenet resnet50 ILSVRC2012_val_00014108 rise_grid_10 seed=3
1075 stability imagenet resnet50 ILSVRC2012_val_00014108 rise_grid_10 seed=4
1076 stability imagenet resnet50 ILSVRC2012_val_00014108 rise_grid_14 seed=0
1077 stability imagenet resnet50 ILSVRC2012_val_00014108 rise_grid_14 seed=1
1078 stability imagenet resnet50 ILSVRC2012_val_00014108 rise_grid_14 seed=2
1079 stability imagenet resnet50 ILSVRC2012_val_00014108 rise_grid_14 seed=3
1080 stability imagenet resnet50 ILSVRC2012_val_00014108 rise_grid_14 seed=4
1081 stability imagenet resnet50 ILSVRC2012_val_00014108 lime_mask_0.25 seed=0
1082 stability imagenet resnet50 ILSVRC2012_val_00014108 lime_mask_0.25 seed=1
1083 stability imagenet resnet50 ILSVRC2012_val_00014108 lime_mask_0.25 seed=2
1084 stability imagenet resnet50 ILSVRC2012_val_00014108 lime_mask_0.25 seed=3
1085 stability imagenet resnet50 ILSVRC2012_val_00014108 lime_mask_0.25 seed=4
1086 stability imagenet resnet50 ILSVRC2012_val_00014108 lime_mask_0.75 seed=0
1087 stability imagenet resnet50 ILSVRC2012_val_00014108 lime_mask_0.75 seed=1
1088 stability imagenet resnet50 ILSVRC2012_val_00014108 lime_mask_0.75 seed=2
1089 stability imagenet resnet50 ILSVRC2012_val_00014108 lime_mask_0.75 seed=3
1090 stability imagenet resnet50 ILSVRC2012_val_00014108 lime_mask_0.75 seed=4
1091 stability imagenet resnet50 ILSVRC2012_val_00014108 rise_mask_0.25 seed=0
1092 stability imagenet resnet50 ILSVRC2012_val_00014108 rise_mask_0.25 seed=1
1093 stability imagenet resnet50 ILSVRC2012_val_00014108 rise_mask_0.25 seed=2
1094 stability imagenet resnet50 ILSVRC2012_val_00014108 rise_mask_0.25 seed=3
1095 stability imagenet resnet50 ILSVRC2012_val_00014108 rise_mask_0.25 seed=4
1096 stability imagenet resnet50 ILSVRC2012_val_00014108 rise_mask_0.75 seed=0
1097 stability imagenet resnet50 ILSVRC2012_val_00014108 rise_mask_0.75 seed=1
1098 stability imagenet resnet50 ILSVRC2012_val_00014108 rise_mask_0.75 seed=2
1099 stability imagenet resnet50 ILSVRC2012_val_00014108 rise_mask_0.75 seed=3
1100 stability imagenet resnet50 ILSVRC2012_val_00014108 rise_mask_0.75 seed=4
1101 stability imagenet resnet50 ILSVRC2012_val_00014806 lime_slic_50 seed=0
1102 stability imagenet resnet50 ILSVRC2012_val_00014806 lime_slic_50 seed=1
1103 stability imagenet resnet50 ILSVRC2012_val_00014806 lime_slic_50 seed=2
1104 stability imagenet resnet50 ILSVRC2012_val_00014806 lime_slic_50 seed=3
1105 stability imagenet resnet50 ILSVRC2012_val_00014806 lime_slic_50 seed=4
1106 stability imagenet resnet50 ILSVRC2012_val_00014806 lime_slic_200 seed=0
1107 stability imagenet resnet50 ILSVRC2012_val_00014806 lime_slic_200 seed=1
1108 stability imagenet resnet50 ILSVRC2012_val_00014806 lime_slic_200 seed=2
1109 stability imagenet resnet50 ILSVRC2012_val_00014806 lime_slic_200 seed=3
1110 stability imagenet resnet50 ILSVRC2012_val_00014806 lime_slic_200 seed=4
1111 stability imagenet resnet50 ILSVRC2012_val_00014806 lime_slic_300 seed=0
1112 stability imagenet resnet50 ILSVRC2012_val_00014806 lime_slic_300 seed=1
1113 stability imagenet resnet50 ILSVRC2012_val_00014806 lime_slic_300 seed=2
1114 stability imagenet resnet50 ILSVRC2012_val_00014806 lime_slic_300 seed=3
1115 stability imagenet resnet50 ILSVRC2012_val_00014806 lime_slic_300 seed=4
1116 stability imagenet resnet50 ILSVRC2012_val_00014806 rise_grid_4 seed=0
1117 stability imagenet resnet50 ILSVRC2012_val_00014806 rise_grid_4 seed=1
1118 stability imagenet resnet50 ILSVRC2012_val_00014806 rise_grid_4 seed=2
1119 stability imagenet resnet50 ILSVRC2012_val_00014806 rise_grid_4 seed=3
1120 stability imagenet resnet50 ILSVRC2012_val_00014806 rise_grid_4 seed=4
1121 stability imagenet resnet50 ILSVRC2012_val_00014806 rise_grid_10 seed=0
1122 stability imagenet resnet50 ILSVRC2012_val_00014806 rise_grid_10 seed=1
1123 stability imagenet resnet50 ILSVRC2012_val_00014806 rise_grid_10 seed=2
1124 stability imagenet resnet50 ILSVRC2012_val_00014806 rise_grid_10 seed=3
1125 stability imagenet resnet50 ILSVRC2012_val_00014806 rise_grid_10 seed=4
1126 stability imagenet resnet50 ILSVRC2012_val_00014806 rise_grid_14 seed=0
1127 stability imagenet resnet50 ILSVRC2012_val_00014806 rise_grid_14 seed=1
1128 stability imagenet resnet50 ILSVRC2012_val_00014806 rise_grid_14 seed=2
1129 stability imagenet resnet50 ILSVRC2012_val_00014806 rise_grid_14 seed=3
1130 stability imagenet resnet50 ILSVRC2012_val_00014806 rise_grid_14 seed=4
1131 stability imagenet resnet50 ILSVRC2012_val_00014806 lime_mask_0.25 seed=0
1132 stability imagenet resnet50 ILSVRC2012_val_00014806 lime_mask_0.25 seed=1
1133 stability imagenet resnet50 ILSVRC2012_val_00014806 lime_mask_0.25 seed=2
1134 stability imagenet resnet50 ILSVRC2012_val_00014806 lime_mask_0.25 seed=3
1135 stability imagenet resnet50 ILSVRC2012_val_00014806 lime_mask_0.25 seed=4
1136 stability imagenet resnet50 ILSVRC2012_val_00014806 lime_mask_0.75 seed=0
1137 stability imagenet resnet50 ILSVRC2012_val_00014806 lime_mask_0.75 seed=1
1138 stability imagenet resnet50 ILSVRC2012_val_00014806 lime_mask_0.75 seed=2
1139 stability imagenet resnet50 ILSVRC2012_val_00014806 lime_mask_0.75 seed=3
1140 stability imagenet resnet50 ILSVRC2012_val_00014806 lime_mask_0.75 seed=4
1141 stability imagenet resnet50 ILSVRC2012_val_00014806 rise_mask_0.25 seed=0
1142 stability imagenet resnet50 ILSVRC2012_val_00014806 rise_mask_0.25 seed=1
1143 stability imagenet resnet50 ILSVRC2012_val_00014806 rise_mask_0.25 seed=2
1144 stability imagenet resnet50 ILSVRC2012_val_00014806 rise_mask_0.25 seed=3
1145 stability imagenet resnet50 ILSVRC2012_val_00014806 rise_mask_0.25 seed=4
1146 stability imagenet resnet50 ILSVRC2012_val_00014806 rise_mask_0.75 seed=0
1147 stability imagenet resnet50 ILSVRC2012_val_00014806 rise_mask_0.75 seed=1
1148 stability imagenet resnet50 ILSVRC2012_val_00014806 rise_mask_0.75 seed=2
1149 stability imagenet resnet50 ILSVRC2012_val_00014806 rise_mask_0.75 seed=3
1150 stability imagenet resnet50 ILSVRC2012_val_00014806 rise_mask_0.75 seed=4
1151 stability imagenet resnet50 ILSVRC2012_val_00015124 lime_slic_50 seed=0
1152 stability imagenet resnet50 ILSVRC2012_val_00015124 lime_slic_50 seed=1
1153 stability imagenet resnet50 ILSVRC2012_val_00015124 lime_slic_50 seed=2
1154 stability imagenet resnet50 ILSVRC2012_val_00015124 lime_slic_50 seed=3
1155 stability imagenet resnet50 ILSVRC2012_val_00015124 lime_slic_50 seed=4
1156 stability imagenet resnet50 ILSVRC2012_val_00015124 lime_slic_200 seed=0
1157 stability imagenet resnet50 ILSVRC2012_val_00015124 lime_slic_200 seed=1
1158 stability imagenet resnet50 ILSVRC2012_val_00015124 lime_slic_200 seed=2
1159 stability imagenet resnet50 ILSVRC2012_val_00015124 lime_slic_200 seed=3
1160 stability imagenet resnet50 ILSVRC2012_val_00015124 lime_slic_200 seed=4
1161 stability imagenet resnet50 ILSVRC2012_val_00015124 lime_slic_300 seed=0
1162 stability imagenet resnet50 ILSVRC2012_val_00015124 lime_slic_300 seed=1
1163 stability imagenet resnet50 ILSVRC2012_val_00015124 lime_slic_300 seed=2
1164 stability imagenet resnet50 ILSVRC2012_val_00015124 lime_slic_300 seed=3
1165 stability imagenet resnet50 ILSVRC2012_val_00015124 lime_slic_300 seed=4
1166 stability imagenet resnet50 ILSVRC2012_val_00015124 rise_grid_4 seed=0
1167 stability imagenet resnet50 ILSVRC2012_val_00015124 rise_grid_4 seed=1
1168 stability imagenet resnet50 ILSVRC2012_val_00015124 rise_grid_4 seed=2
1169 stability imagenet resnet50 ILSVRC2012_val_00015124 rise_grid_4 seed=3
1170 stability imagenet resnet50 ILSVRC2012_val_00015124 rise_grid_4 seed=4
1171 stability imagenet resnet50 ILSVRC2012_val_00015124 rise_grid_10 seed=0
1172 stability imagenet resnet50 ILSVRC2012_val_00015124 rise_grid_10 seed=1
1173 stability imagenet resnet50 ILSVRC2012_val_00015124 rise_grid_10 seed=2
1174 stability imagenet resnet50 ILSVRC2012_val_00015124 rise_grid_10 seed=3
1175 stability imagenet resnet50 ILSVRC2012_val_00015124 rise_grid_10 seed=4
1176 stability imagenet resnet50 ILSVRC2012_val_00015124 rise_grid_14 seed=0
1177 stability imagenet resnet50 ILSVRC2012_val_00015124 rise_grid_14 seed=1
1178 stability imagenet resnet50 ILSVRC2012_val_00015124 rise_grid_14 seed=2
1179 stability imagenet resnet50 ILSVRC2012_val_00015124 rise_grid_14 seed=3
1180 stability imagenet resnet50 ILSVRC2012_val_00015124 rise_grid_14 seed=4
1181 stability imagenet resnet50 ILSVRC2012_val_00015124 lime_mask_0.25 seed=0
1182 stability imagenet resnet50 ILSVRC2012_val_00015124 lime_mask_0.25 seed=1
1183 stability imagenet resnet50 ILSVRC2012_val_00015124 lime_mask_0.25 seed=2
1184 stability imagenet resnet50 ILSVRC2012_val_00015124 lime_mask_0.25 seed=3
1185 stability imagenet resnet50 ILSVRC2012_val_00015124 lime_mask_0.25 seed=4
1186 stability imagenet resnet50 ILSVRC2012_val_00015124 lime_mask_0.75 seed=0
1187 stability imagenet resnet50 ILSVRC2012_val_00015124 lime_mask_0.75 seed=1
1188 stability imagenet resnet50 ILSVRC2012_val_00015124 lime_mask_0.75 seed=2
1189 stability imagenet resnet50 ILSVRC2012_val_00015124 lime_mask_0.75 seed=3
1190 stability imagenet resnet50 ILSVRC2012_val_00015124 lime_mask_0.75 seed=4
1191 stability imagenet resnet50 ILSVRC2012_val_00015124 rise_mask_0.25 seed=0
1192 stability imagenet resnet50 ILSVRC2012_val_00015124 rise_mask_0.25 seed=1
1193 stability imagenet resnet50 ILSVRC2012_val_00015124 rise_mask_0.25 seed=2
1194 stability imagenet resnet50 ILSVRC2012_val_00015124 rise_mask_0.25 seed=3
1195 stability imagenet resnet50 ILSVRC2012_val_00015124 rise_mask_0.25 seed=4
1196 stability imagenet resnet50 ILSVRC2012_val_00015124 rise_mask_0.75 seed=0
1197 stability imagenet resnet50 ILSVRC2012_val_00015124 rise_mask_0.75 seed=1
1198 stability imagenet resnet50 ILSVRC2012_val_00015124 rise_mask_0.75 seed=2
1199 stability imagenet resnet50 ILSVRC2012_val_00015124 rise_mask_0.75 seed=3
1200 stability imagenet resnet50 ILSVRC2012_val_00015124 rise_mask_0.75 seed=4
1201 stability imagenet resnet50 ILSVRC2012_val_00015975 lime_slic_50 seed=0
1202 stability imagenet resnet50 ILSVRC2012_val_00015975 lime_slic_50 seed=1
1203 stability imagenet resnet50 ILSVRC2012_val_00015975 lime_slic_50 seed=2
1204 stability imagenet resnet50 ILSVRC2012_val_00015975 lime_slic_50 seed=3
1205 stability imagenet resnet50 ILSVRC2012_val_00015975 lime_slic_50 seed=4
1206 stability imagenet resnet50 ILSVRC2012_val_00015975 lime_slic_200 seed=0
1207 stability imagenet resnet50 ILSVRC2012_val_00015975 lime_slic_200 seed=1
1208 stability imagenet resnet50 ILSVRC2012_val_00015975 lime_slic_200 seed=2
1209 stability imagenet resnet50 ILSVRC2012_val_00015975 lime_slic_200 seed=3
1210 stability imagenet resnet50 ILSVRC2012_val_00015975 lime_slic_200 seed=4
1211 stability imagenet resnet50 ILSVRC2012_val_00015975 lime_slic_300 seed=0
1212 stability imagenet resnet50 ILSVRC2012_val_00015975 lime_slic_300 seed=1
1213 stability imagenet resnet50 ILSVRC2012_val_00015975 lime_slic_300 seed=2
1214 stability imagenet resnet50 ILSVRC2012_val_00015975 lime_slic_300 seed=3
1215 stability imagenet resnet50 ILSVRC2012_val_00015975 lime_slic_300 seed=4
1216 stability imagenet resnet50 ILSVRC2012_val_00015975 rise_grid_4 seed=0
1217 stability imagenet resnet50 ILSVRC2012_val_00015975 rise_grid_4 seed=1
1218 stability imagenet resnet50 ILSVRC2012_val_00015975 rise_grid_4 seed=2
1219 stability imagenet resnet50 ILSVRC2012_val_00015975 rise_grid_4 seed=3
1220 stability imagenet resnet50 ILSVRC2012_val_00015975 rise_grid_4 seed=4
1221 stability imagenet resnet50 ILSVRC2012_val_00015975 rise_grid_10 seed=0
1222 stability imagenet resnet50 ILSVRC2012_val_00015975 rise_grid_10 seed=1
1223 stability imagenet resnet50 ILSVRC2012_val_00015975 rise_grid_10 seed=2
1224 stability imagenet resnet50 ILSVRC2012_val_00015975 rise_grid_10 seed=3
1225 stability imagenet resnet50 ILSVRC2012_val_00015975 rise_grid_10 seed=4
1226 stability imagenet resnet50 ILSVRC2012_val_00015975 rise_grid_14 seed=0
1227 stability imagenet resnet50 ILSVRC2012_val_00015975 rise_grid_14 seed=1
1228 stability imagenet resnet50 ILSVRC2012_val_00015975 rise_grid_14 seed=2
1229 stability imagenet resnet50 ILSVRC2012_val_00015975 rise_grid_14 seed=3
1230 stability imagenet resnet50 ILSVRC2012_val_00015975 rise_grid_14 seed=4
1231 stability imagenet resnet50 ILSVRC2012_val_00015975 lime_mask_0.25 seed=0
1232 stability imagenet resnet50 ILSVRC2012_val_00015975 lime_mask_0.25 seed=1
1233 stability imagenet resnet50 ILSVRC2012_val_00015975 lime_mask_0.25 seed=2
1234 stability imagenet resnet50 ILSVRC2012_val_00015975 lime_mask_0.25 seed=3
1235 stability imagenet resnet50 ILSVRC2012_val_00015975 lime_mask_0.25 seed=4
1236 stability imagenet resnet50 ILSVRC2012_val_00015975 lime_mask_0.75 seed=0
1237 stability imagenet resnet50 ILSVRC2012_val_00015975 lime_mask_0.75 seed=1
1238 stability imagenet resnet50 ILSVRC2012_val_00015975 lime_mask_0.75 seed=2
1239 stability imagenet resnet50 ILSVRC2012_val_00015975 lime_mask_0.75 seed=3
1240 stability imagenet resnet50 ILSVRC2012_val_00015975 lime_mask_0.75 seed=4
1241 stability imagenet resnet50 ILSVRC2012_val_00015975 rise_mask_0.25 seed=0
1242 stability imagenet resnet50 ILSVRC2012_val_00015975 rise_mask_0.25 seed=1
1243 stability imagenet resnet50 ILSVRC2012_val_00015975 rise_mask_0.25 seed=2
1244 stability imagenet resnet50 ILSVRC2012_val_00015975 rise_mask_0.25 seed=3
1245 stability imagenet resnet50 ILSVRC2012_val_00015975 rise_mask_0.25 seed=4
1246 stability imagenet resnet50 ILSVRC2012_val_00015975 rise_mask_0.75 seed=0
1247 stability imagenet resnet50 ILSVRC2012_val_00015975 rise_mask_0.75 seed=1
1248 stability imagenet resnet50 ILSVRC2012_val_00015975 rise_mask_0.75 seed=2
1249 stability imagenet resnet50 ILSVRC2012_val_00015975 rise_mask_0.75 seed=3
1250 stability imagenet resnet50 ILSVRC2012_val_00015975 rise_mask_0.75 seed=4
1251 stability imagenet resnet50 ILSVRC2012_val_00017759 lime_slic_50 seed=0
1252 stability imagenet resnet50 ILSVRC2012_val_00017759 lime_slic_50 seed=1
1253 stability imagenet resnet50 ILSVRC2012_val_00017759 lime_slic_50 seed=2
1254 stability imagenet resnet50 ILSVRC2012_val_00017759 lime_slic_50 seed=3
1255 stability imagenet resnet50 ILSVRC2012_val_00017759 lime_slic_50 seed=4
1256 stability imagenet resnet50 ILSVRC2012_val_00017759 lime_slic_200 seed=0
1257 stability imagenet resnet50 ILSVRC2012_val_00017759 lime_slic_200 seed=1
1258 stability imagenet resnet50 ILSVRC2012_val_00017759 lime_slic_200 seed=2
1259 stability imagenet resnet50 ILSVRC2012_val_00017759 lime_slic_200 seed=3
1260 stability imagenet resnet50 ILSVRC2012_val_00017759 lime_slic_200 seed=4
1261 stability imagenet resnet50 ILSVRC2012_val_00017759 lime_slic_300 seed=0
1262 stability imagenet resnet50 ILSVRC2012_val_00017759 lime_slic_300 seed=1
1263 stability imagenet resnet50 ILSVRC2012_val_00017759 lime_slic_300 seed=2
1264 stability imagenet resnet50 ILSVRC2012_val_00017759 lime_slic_300 seed=3
1265 stability imagenet resnet50 ILSVRC2012_val_00017759 lime_slic_300 seed=4
1266 stability imagenet resnet50 ILSVRC2012_val_00017759 rise_grid_4 seed=0
1267 stability imagenet resnet50 ILSVRC2012_val_00017759 rise_grid_4 seed=1
1268 stability imagenet resnet50 ILSVRC2012_val_00017759 rise_grid_4 seed=2
1269 stability imagenet resnet50 ILSVRC2012_val_00017759 rise_grid_4 seed=3
1270 stability imagenet resnet50 ILSVRC2012_val_00017759 rise_grid_4 seed=4
1271 stability imagenet resnet50 ILSVRC2012_val_00017759 rise_grid_10 seed=0
1272 stability imagenet resnet50 ILSVRC2012_val_00017759 rise_grid_10 seed=1
1273 stability imagenet resnet50 ILSVRC2012_val_00017759 rise_grid_10 seed=2
1274 stability imagenet resnet50 ILSVRC2012_val_00017759 rise_grid_10 seed=3
1275 stability imagenet resnet50 ILSVRC2012_val_00017759 rise_grid_10 seed=4
1276 stability imagenet resnet50 ILSVRC2012_val_00017759 rise_grid_14 seed=0
1277 stability imagenet resnet50 ILSVRC2012_val_00017759 rise_grid_14 seed=1
1278 stability imagenet resnet50 ILSVRC2012_val_00017759 rise_grid_14 seed=2
1279 stability imagenet resnet50 ILSVRC2012_val_00017759 rise_grid_14 seed=3
1280 stability imagenet resnet50 ILSVRC2012_val_00017759 rise_grid_14 seed=4
1281 stability imagenet resnet50 ILSVRC2012_val_00017759 lime_mask_0.25 seed=0
1282 stability imagenet resnet50 ILSVRC2012_val_00017759 lime_mask_0.25 seed=1
1283 stability imagenet resnet50 ILSVRC2012_val_00017759 lime_mask_0.25 seed=2
1284 stability imagenet resnet50 ILSVRC2012_val_00017759 lime_mask_0.25 seed=3
1285 stability imagenet resnet50 ILSVRC2012_val_00017759 lime_mask_0.25 seed=4
1286 stability imagenet resnet50 ILSVRC2012_val_00017759 lime_mask_0.75 seed=0
1287 stability imagenet resnet50 ILSVRC2012_val_00017759 lime_mask_0.75 seed=1
1288 stability imagenet resnet50 ILSVRC2012_val_00017759 lime_mask_0.75 seed=2
1289 stability imagenet resnet50 ILSVRC2012_val_00017759 lime_mask_0.75 seed=3
1290 stability imagenet resnet50 ILSVRC2012_val_00017759 lime_mask_0.75 seed=4
1291 stability imagenet resnet50 ILSVRC2012_val_00017759 rise_mask_0.25 seed=0
1292 stability imagenet resnet50 ILSVRC2012_val_00017759 rise_mask_0.25 seed=1
1293 stability imagenet resnet50 ILSVRC2012_val_00017759 rise_mask_0.25 seed=2
1294 stability imagenet resnet50 ILSVRC2012_val_00017759 rise_mask_0.25 seed=3
1295 stability imagenet resnet50 ILSVRC2012_val_00017759 rise_mask_0.25 seed=4
1296 stability imagenet resnet50 ILSVRC2012_val_00017759 rise_mask_0.75 seed=0
1297 stability imagenet resnet50 ILSVRC2012_val_00017759 rise_mask_0.75 seed=1
1298 stability imagenet resnet50 ILSVRC2012_val_00017759 rise_mask_0.75 seed=2
1299 stability imagenet resnet50 ILSVRC2012_val_00017759 rise_mask_0.75 seed=3
1300 stability imagenet resnet50 ILSVRC2012_val_00017759 rise_mask_0.75 seed=4
1301 stability imagenet resnet50 ILSVRC2012_val_00023695 lime_slic_50 seed=0
1302 stability imagenet resnet50 ILSVRC2012_val_00023695 lime_slic_50 seed=1
1303 stability imagenet resnet50 ILSVRC2012_val_00023695 lime_slic_50 seed=2
1304 stability imagenet resnet50 ILSVRC2012_val_00023695 lime_slic_50 seed=3
1305 stability imagenet resnet50 ILSVRC2012_val_00023695 lime_slic_50 seed=4
1306 stability imagenet resnet50 ILSVRC2012_val_00023695 lime_slic_200 seed=0
1307 stability imagenet resnet50 ILSVRC2012_val_00023695 lime_slic_200 seed=1
1308 stability imagenet resnet50 ILSVRC2012_val_00023695 lime_slic_200 seed=2
1309 stability imagenet resnet50 ILSVRC2012_val_00023695 lime_slic_200 seed=3
1310 stability imagenet resnet50 ILSVRC2012_val_00023695 lime_slic_200 seed=4
1311 stability imagenet resnet50 ILSVRC2012_val_00023695 lime_slic_300 seed=0
1312 stability imagenet resnet50 ILSVRC2012_val_00023695 lime_slic_300 seed=1
1313 stability imagenet resnet50 ILSVRC2012_val_00023695 lime_slic_300 seed=2
1314 stability imagenet resnet50 ILSVRC2012_val_00023695 lime_slic_300 seed=3
1315 stability imagenet resnet50 ILSVRC2012_val_00023695 lime_slic_300 seed=4
1316 stability imagenet resnet50 ILSVRC2012_val_00023695 rise_grid_4 seed=0
1317 stability imagenet resnet50 ILSVRC2012_val_00023695 rise_grid_4 seed=1
1318 stability imagenet resnet50 ILSVRC2012_val_00023695 rise_grid_4 seed=2
1319 stability imagenet resnet50 ILSVRC2012_val_00023695 rise_grid_4 seed=3
1320 stability imagenet resnet50 ILSVRC2012_val_00023695 rise_grid_4 seed=4
1321 stability imagenet resnet50 ILSVRC2012_val_00023695 rise_grid_10 seed=0
1322 stability imagenet resnet50 ILSVRC2012_val_00023695 rise_grid_10 seed=1
1323 stability imagenet resnet50 ILSVRC2012_val_00023695 rise_grid_10 seed=2
1324 stability imagenet resnet50 ILSVRC2012_val_00023695 rise_grid_10 seed=3
1325 stability imagenet resnet50 ILSVRC2012_val_00023695 rise_grid_10 seed=4
1326 stability imagenet resnet50 ILSVRC2012_val_00023695 rise_grid_14 seed=0
1327 stability imagenet resnet50 ILSVRC2012_val_00023695 rise_grid_14 seed=1
1328 stability imagenet resnet50 ILSVRC2012_val_00023695 rise_grid_14 seed=2
1329 stability imagenet resnet50 ILSVRC2012_val_00023695 rise_grid_14 seed=3
1330 stability imagenet resnet50 ILSVRC2012_val_00023695 rise_grid_14 seed=4
1331 stability imagenet resnet50 ILSVRC2012_val_00023695 lime_mask_0.25 seed=0
1332 stability imagenet resnet50 ILSVRC2012_val_00023695 lime_mask_0.25 seed=1
1333 stability imagenet resnet50 ILSVRC2012_val_00023695 lime_mask_0.25 seed=2
1334 stability imagenet resnet50 ILSVRC2012_val_00023695 lime_mask_0.25 seed=3
1335 stability imagenet resnet50 ILSVRC2012_val_00023695 lime_mask_0.25 seed=4
1336 stability imagenet resnet50 ILSVRC2012_val_00023695 lime_mask_0.75 seed=0
1337 stability imagenet resnet50 ILSVRC2012_val_00023695 lime_mask_0.75 seed=1
1338 stability imagenet resnet50 ILSVRC2012_val_00023695 lime_mask_0.75 seed=2
1339 stability imagenet resnet50 ILSVRC2012_val_00023695 lime_mask_0.75 seed=3
1340 stability imagenet resnet50 ILSVRC2012_val_00023695 lime_mask_0.75 seed=4
1341 stability imagenet resnet50 ILSVRC2012_val_00023695 rise_mask_0.25 seed=0
1342 stability imagenet resnet50 ILSVRC2012_val_00023695 rise_mask_0.25 seed=1
1343 stability imagenet resnet50 ILSVRC2012_val_00023695 rise_mask_0.25 seed=2
1344 stability imagenet resnet50 ILSVRC2012_val_00023695 rise_mask_0.25 seed=3
1345 stability imagenet resnet50 ILSVRC2012_val_00023695 rise_mask_0.25 seed=4
1346 stability imagenet resnet50 ILSVRC2012_val_00023695 rise_mask_0.75 seed=0
1347 stability imagenet resnet50 ILSVRC2012_val_00023695 rise_mask_0.75 seed=1
1348 stability imagenet resnet50 ILSVRC2012_val_00023695 rise_mask_0.75 seed=2
1349 stability imagenet resnet50 ILSVRC2012_val_00023695 rise_mask_0.75 seed=3
1350 stability imagenet resnet50 ILSVRC2012_val_00023695 rise_mask_0.75 seed=4
1351 stability imagenet resnet50 ILSVRC2012_val_00025180 lime_slic_50 seed=0
1352 stability imagenet resnet50 ILSVRC2012_val_00025180 lime_slic_50 seed=1
1353 stability imagenet resnet50 ILSVRC2012_val_00025180 lime_slic_50 seed=2
1354 stability imagenet resnet50 ILSVRC2012_val_00025180 lime_slic_50 seed=3
1355 stability imagenet resnet50 ILSVRC2012_val_00025180 lime_slic_50 seed=4
1356 stability imagenet resnet50 ILSVRC2012_val_00025180 lime_slic_200 seed=0
1357 stability imagenet resnet50 ILSVRC2012_val_00025180 lime_slic_200 seed=1
1358 stability imagenet resnet50 ILSVRC2012_val_00025180 lime_slic_200 seed=2
1359 stability imagenet resnet50 ILSVRC2012_val_00025180 lime_slic_200 seed=3
1360 stability imagenet resnet50 ILSVRC2012_val_00025180 lime_slic_200 seed=4
1361 stability imagenet resnet50 ILSVRC2012_val_00025180 lime_slic_300 seed=0
1362 stability imagenet resnet50 ILSVRC2012_val_00025180 lime_slic_300 seed=1
1363 stability imagenet resnet50 ILSVRC2012_val_00025180 lime_slic_300 seed=2
1364 stability imagenet resnet50 ILSVRC2012_val_00025180 lime_slic_300 seed=3
1365 stability imagenet resnet50 ILSVRC2012_val_00025180 lime_slic_300 seed=4
1366 stability imagenet resnet50 ILSVRC2012_val_00025180 rise_grid_4 seed=0
1367 stability imagenet resnet50 ILSVRC2012_val_00025180 rise_grid_4 seed=1
1368 stability imagenet resnet50 ILSVRC2012_val_00025180 rise_grid_4 seed=2
1369 stability imagenet resnet50 ILSVRC2012_val_00025180 rise_grid_4 seed=3
1370 stability imagenet resnet50 ILSVRC2012_val_00025180 rise_grid_4 seed=4
1371 stability imagenet resnet50 ILSVRC2012_val_00025180 rise_grid_10 seed=0
1372 stability imagenet resnet50 ILSVRC2012_val_00025180 rise_grid_10 seed=1
1373 stability imagenet resnet50 ILSVRC2012_val_00025180 rise_grid_10 seed=2
1374 stability imagenet resnet50 ILSVRC2012_val_00025180 rise_grid_10 seed=3
1375 stability imagenet resnet50 ILSVRC2012_val_00025180 rise_grid_10 seed=4
1376 stability imagenet resnet50 ILSVRC2012_val_00025180 rise_grid_14 seed=0
1377 stability imagenet resnet50 ILSVRC2012_val_00025180 rise_grid_14 seed=1
1378 stability imagenet resnet50 ILSVRC2012_val_00025180 rise_grid_14 seed=2
1379 stability imagenet resnet50 ILSVRC2012_val_00025180 rise_grid_14 seed=3
1380 stability imagenet resnet50 ILSVRC2012_val_00025180 rise_grid_14 seed=4
1381 stability imagenet resnet50 ILSVRC2012_val_00025180 lime_mask_0.25 seed=0
1382 stability imagenet resnet50 ILSVRC2012_val_00025180 lime_mask_0.25 seed=1
1383 stability imagenet resnet50 ILSVRC2012_val_00025180 lime_mask_0.25 seed=2
1384 stability imagenet resnet50 ILSVRC2012_val_00025180 lime_mask_0.25 seed=3
1385 stability imagenet resnet50 ILSVRC2012_val_00025180 lime_mask_0.25 seed=4
1386 stability imagenet resnet50 ILSVRC2012_val_00025180 lime_mask_0.75 seed=0
1387 stability imagenet resnet50 ILSVRC2012_val_00025180 lime_mask_0.75 seed=1
1388 stability imagenet resnet50 ILSVRC2012_val_00025180 lime_mask_0.75 seed=2
1389 stability imagenet resnet50 ILSVRC2012_val_00025180 lime_mask_0.75 seed=3
1390 stability imagenet resnet50 ILSVRC2012_val_00025180 lime_mask_0.75 seed=4
1391 stability imagenet resnet50 ILSVRC2012_val_00025180 rise_mask_0.25 seed=0
1392 stability imagenet resnet50 ILSVRC2012_val_00025180 rise_mask_0.25 seed=1
1393 stability imagenet resnet50 ILSVRC2012_val_00025180 rise_mask_0.25 seed=2
1394 stability imagenet resnet50 ILSVRC2012_val_00025180 rise_mask_0.25 seed=3
1395 stability imagenet resnet50 ILSVRC2012_val_00025180 rise_mask_0.25 seed=4
1396 stability imagenet resnet50 ILSVRC2012_val_00025180 rise_mask_0.75 seed=0
1397 stability imagenet resnet50 ILSVRC2012_val_00025180 rise_mask_0.75 seed=1
1398 stability imagenet resnet50 ILSVRC2012_val_00025180 rise_mask_0.75 seed=2
1399 stability imagenet resnet50 ILSVRC2012_val_00025180 rise_mask_0.75 seed=3
1400 stability imagenet resnet50 ILSVRC2012_val_00025180 rise_mask_0.75 seed=4
1401 stability imagenet resnet50 ILSVRC2012_val_00026967 lime_slic_50 seed=0
1402 stability imagenet resnet50 ILSVRC2012_val_00026967 lime_slic_50 seed=1
1403 stability imagenet resnet50 ILSVRC2012_val_00026967 lime_slic_50 seed=2
1404 stability imagenet resnet50 ILSVRC2012_val_00026967 lime_slic_50 seed=3
1405 stability imagenet resnet50 ILSVRC2012_val_00026967 lime_slic_50 seed=4
1406 stability imagenet resnet50 ILSVRC2012_val_00026967 lime_slic_200 seed=0
1407 stability imagenet resnet50 ILSVRC2012_val_00026967 lime_slic_200 seed=1
1408 stability imagenet resnet50 ILSVRC2012_val_00026967 lime_slic_200 seed=2
1409 stability imagenet resnet50 ILSVRC2012_val_00026967 lime_slic_200 seed=3
1410 stability imagenet resnet50 ILSVRC2012_val_00026967 lime_slic_200 seed=4
1411 stability imagenet resnet50 ILSVRC2012_val_00026967 lime_slic_300 seed=0
1412 stability imagenet resnet50 ILSVRC2012_val_00026967 lime_slic_300 seed=1
1413 stability imagenet resnet50 ILSVRC2012_val_00026967 lime_slic_300 seed=2
1414 stability imagenet resnet50 ILSVRC2012_val_00026967 lime_slic_300 seed=3
1415 stability imagenet resnet50 ILSVRC2012_val_00026967 lime_slic_300 seed=4
1416 stability imagenet resnet50 ILSVRC2012_val_00026967 rise_grid_4 seed=0
1417 stability imagenet resnet50 ILSVRC2012_val_00026967 rise_grid_4 seed=1
1418 stability imagenet resnet50 ILSVRC2012_val_00026967 rise_grid_4 seed=2
1419 stability imagenet resnet50 ILSVRC2012_val_00026967 rise_grid_4 seed=3
1420 stability imagenet resnet50 ILSVRC2012_val_00026967 rise_grid_4 seed=4
1421 stability imagenet resnet50 ILSVRC2012_val_00026967 rise_grid_10 seed=0
1422 stability imagenet resnet50 ILSVRC2012_val_00026967 rise_grid_10 seed=1
1423 stability imagenet resnet50 ILSVRC2012_val_00026967 rise_grid_10 seed=2
1424 stability imagenet resnet50 ILSVRC2012_val_00026967 rise_grid_10 seed=3
1425 stability imagenet resnet50 ILSVRC2012_val_00026967 rise_grid_10 seed=4
1426 stability imagenet resnet50 ILSVRC2012_val_00026967 rise_grid_14 seed=0
1427 stability imagenet resnet50 ILSVRC2012_val_00026967 rise_grid_14 seed=1
1428 stability imagenet resnet50 ILSVRC2012_val_00026967 rise_grid_14 seed=2
1429 stability imagenet resnet50 ILSVRC2012_val_00026967 rise_grid_14 seed=3
1430 stability imagenet resnet50 ILSVRC2012_val_00026967 rise_grid_14 seed=4
1431 stability imagenet resnet50 ILSVRC2012_val_00026967 lime_mask_0.25 seed=0
1432 stability imagenet resnet50 ILSVRC2012_val_00026967 lime_mask_0.25 seed=1
1433 stability imagenet resnet50 ILSVRC2012_val_00026967 lime_mask_0.25 seed=2
1434 stability imagenet resnet50 ILSVRC2012_val_00026967 lime_mask_0.25 seed=3
1435 stability imagenet resnet50 ILSVRC2012_val_00026967 lime_mask_0.25 seed=4
1436 stability imagenet resnet50 ILSVRC2012_val_00026967 lime_mask_0.75 seed=0
1437 stability imagenet resnet50 ILSVRC2012_val_00026967 lime_mask_0.75 seed=1
1438 stability imagenet resnet50 ILSVRC2012_val_00026967 lime_mask_0.75 seed=2
1439 stability imagenet resnet50 ILSVRC2012_val_00026967 lime_mask_0.75 seed=3
1440 stability imagenet resnet50 ILSVRC2012_val_00026967 lime_mask_0.75 seed=4
1441 stability imagenet resnet50 ILSVRC2012_val_00026967 rise_mask_0.25 seed=0
1442 stability imagenet resnet50 ILSVRC2012_val_00026967 rise_mask_0.25 seed=1
1443 stability imagenet resnet50 ILSVRC2012_val_00026967 rise_mask_0.25 seed=2
1444 stability imagenet resnet50 ILSVRC2012_val_00026967 rise_mask_0.25 seed=3
1445 stability imagenet resnet50 ILSVRC2012_val_00026967 rise_mask_0.25 seed=4
1446 stability imagenet resnet50 ILSVRC2012_val_00026967 rise_mask_0.75 seed=0
1447 stability imagenet resnet50 ILSVRC2012_val_00026967 rise_mask_0.75 seed=1
1448 stability imagenet resnet50 ILSVRC2012_val_00026967 rise_mask_0.75 seed=2
1449 stability imagenet resnet50 ILSVRC2012_val_00026967 rise_mask_0.75 seed=3
1450 stability imagenet resnet50 ILSVRC2012_val_00026967 rise_mask_0.75 seed=4
1451 stability imagenet resnet50 ILSVRC2012_val_00029916 lime_slic_50 seed=0
1452 stability imagenet resnet50 ILSVRC2012_val_00029916 lime_slic_50 seed=1
1453 stability imagenet resnet50 ILSVRC2012_val_00029916 lime_slic_50 seed=2
1454 stability imagenet resnet50 ILSVRC2012_val_00029916 lime_slic_50 seed=3
1455 stability imagenet resnet50 ILSVRC2012_val_00029916 lime_slic_50 seed=4
1456 stability imagenet resnet50 ILSVRC2012_val_00029916 lime_slic_200 seed=0
1457 stability imagenet resnet50 ILSVRC2012_val_00029916 lime_slic_200 seed=1
1458 stability imagenet resnet50 ILSVRC2012_val_00029916 lime_slic_200 seed=2
1459 stability imagenet resnet50 ILSVRC2012_val_00029916 lime_slic_200 seed=3
1460 stability imagenet resnet50 ILSVRC2012_val_00029916 lime_slic_200 seed=4
1461 stability imagenet resnet50 ILSVRC2012_val_00029916 lime_slic_300 seed=0
1462 stability imagenet resnet50 ILSVRC2012_val_00029916 lime_slic_300 seed=1
1463 stability imagenet resnet50 ILSVRC2012_val_00029916 lime_slic_300 seed=2
1464 stability imagenet resnet50 ILSVRC2012_val_00029916 lime_slic_300 seed=3
1465 stability imagenet resnet50 ILSVRC2012_val_00029916 lime_slic_300 seed=4
1466 stability imagenet resnet50 ILSVRC2012_val_00029916 rise_grid_4 seed=0
1467 stability imagenet resnet50 ILSVRC2012_val_00029916 rise_grid_4 seed=1
1468 stability imagenet resnet50 ILSVRC2012_val_00029916 rise_grid_4 seed=2
1469 stability imagenet resnet50 ILSVRC2012_val_00029916 rise_grid_4 seed=3
1470 stability imagenet resnet50 ILSVRC2012_val_00029916 rise_grid_4 seed=4
1471 stability imagenet resnet50 ILSVRC2012_val_00029916 rise_grid_10 seed=0
1472 stability imagenet resnet50 ILSVRC2012_val_00029916 rise_grid_10 seed=1
1473 stability imagenet resnet50 ILSVRC2012_val_00029916 rise_grid_10 seed=2
1474 stability imagenet resnet50 ILSVRC2012_val_00029916 rise_grid_10 seed=3
1475 stability imagenet resnet50 ILSVRC2012_val_00029916 rise_grid_10 seed=4
1476 stability imagenet resnet50 ILSVRC2012_val_00029916 rise_grid_14 seed=0
1477 stability imagenet resnet50 ILSVRC2012_val_00029916 rise_grid_14 seed=1
1478 stability imagenet resnet50 ILSVRC2012_val_00029916 rise_grid_14 seed=2
1479 stability imagenet resnet50 ILSVRC2012_val_00029916 rise_grid_14 seed=3
1480 stability imagenet resnet50 ILSVRC2012_val_00029916 rise_grid_14 seed=4
1481 stability imagenet resnet50 ILSVRC2012_val_00029916 lime_mask_0.25 seed=0
1482 stability imagenet resnet50 ILSVRC2012_val_00029916 lime_mask_0.25 seed=1
1483 stability imagenet resnet50 ILSVRC2012_val_00029916 lime_mask_0.25 seed=2
1484 stability imagenet resnet50 ILSVRC2012_val_00029916 lime_mask_0.25 seed=3
1485 stability imagenet resnet50 ILSVRC2012_val_00029916 lime_mask_0.25 seed=4
1486 stability imagenet resnet50 ILSVRC2012_val_00029916 lime_mask_0.75 seed=0
1487 stability imagenet resnet50 ILSVRC2012_val_00029916 lime_mask_0.75 seed=1
1488 stability imagenet resnet50 ILSVRC2012_val_00029916 lime_mask_0.75 seed=2
1489 stability imagenet resnet50 ILSVRC2012_val_00029916 lime_mask_0.75 seed=3
1490 stability imagenet resnet50 ILSVRC2012_val_00029916 lime_mask_0.75 seed=4
1491 stability imagenet resnet50 ILSVRC2012_val_00029916 rise_mask_0.25 seed=0
1492 stability imagenet resnet50 ILSVRC2012_val_00029916 rise_mask_0.25 seed=1
1493 stability imagenet resnet50 ILSVRC2012_val_00029916 rise_mask_0.25 seed=2
1494 stability imagenet resnet50 ILSVRC2012_val_00029916 rise_mask_0.25 seed=3
1495 stability imagenet resnet50 ILSVRC2012_val_00029916 rise_mask_0.25 seed=4
1496 stability imagenet resnet50 ILSVRC2012_val_00029916 rise_mask_0.75 seed=0
1497 stability imagenet resnet50 ILSVRC2012_val_00029916 rise_mask_0.75 seed=1
1498 stability imagenet resnet50 ILSVRC2012_val_00029916 rise_mask_0.75 seed=2
1499 stability imagenet resnet50 ILSVRC2012_val_00029916 rise_mask_0.75 seed=3
1500 stability imagenet resnet50 ILSVRC2012_val_00029916 rise_mask_0.75 seed=4
1501 stability imagenet resnet50 ILSVRC2012_val_00030571 lime_slic_50 seed=0
1502 stability imagenet resnet50 ILSVRC2012_val_00030571 lime_slic_50 seed=1
1503 stability imagenet resnet50 ILSVRC2012_val_00030571 lime_slic_50 seed=2
1504 stability imagenet resnet50 ILSVRC2012_val_00030571 lime_slic_50 seed=3
1505 stability imagenet resnet50 ILSVRC2012_val_00030571 lime_slic_50 seed=4
1506 stability imagenet resnet50 ILSVRC2012_val_00030571 lime_slic_200 seed=0
1507 stability imagenet resnet50 ILSVRC2012_val_00030571 lime_slic_200 seed=1
1508 stability imagenet resnet50 ILSVRC2012_val_00030571 lime_slic_200 seed=2
1509 stability imagenet resnet50 ILSVRC2012_val_00030571 lime_slic_200 seed=3
1510 stability imagenet resnet50 ILSVRC2012_val_00030571 lime_slic_200 seed=4
1511 stability imagenet resnet50 ILSVRC2012_val_00030571 lime_slic_300 seed=0
1512 stability imagenet resnet50 ILSVRC2012_val_00030571 lime_slic_300 seed=1
1513 stability imagenet resnet50 ILSVRC2012_val_00030571 lime_slic_300 seed=2
1514 stability imagenet resnet50 ILSVRC2012_val_00030571 lime_slic_300 seed=3
1515 stability imagenet resnet50 ILSVRC2012_val_00030571 lime_slic_300 seed=4
1516 stability imagenet resnet50 ILSVRC2012_val_00030571 rise_grid_4 seed=0
1517 stability imagenet resnet50 ILSVRC2012_val_00030571 rise_grid_4 seed=1
1518 stability imagenet resnet50 ILSVRC2012_val_00030571 rise_grid_4 seed=2
1519 stability imagenet resnet50 ILSVRC2012_val_00030571 rise_grid_4 seed=3
1520 stability imagenet resnet50 ILSVRC2012_val_00030571 rise_grid_4 seed=4
1521 stability imagenet resnet50 ILSVRC2012_val_00030571 rise_grid_10 seed=0
1522 stability imagenet resnet50 ILSVRC2012_val_00030571 rise_grid_10 seed=1
1523 stability imagenet resnet50 ILSVRC2012_val_00030571 rise_grid_10 seed=2
1524 stability imagenet resnet50 ILSVRC2012_val_00030571 rise_grid_10 seed=3
1525 stability imagenet resnet50 ILSVRC2012_val_00030571 rise_grid_10 seed=4
1526 stability imagenet resnet50 ILSVRC2012_val_00030571 rise_grid_14 seed=0
1527 stability imagenet resnet50 ILSVRC2012_val_00030571 rise_grid_14 seed=1
1528 stability imagenet resnet50 ILSVRC2012_val_00030571 rise_grid_14 seed=2
1529 stability imagenet resnet50 ILSVRC2012_val_00030571 rise_grid_14 seed=3
1530 stability imagenet resnet50 ILSVRC2012_val_00030571 rise_grid_14 seed=4
1531 stability imagenet resnet50 ILSVRC2012_val_00030571 lime_mask_0.25 seed=0
1532 stability imagenet resnet50 ILSVRC2012_val_00030571 lime_mask_0.25 seed=1
1533 stability imagenet resnet50 ILSVRC2012_val_00030571 lime_mask_0.25 seed=2
1534 stability imagenet resnet50 ILSVRC2012_val_00030571 lime_mask_0.25 seed=3
1535 stability imagenet resnet50 ILSVRC2012_val_00030571 lime_mask_0.25 seed=4
1536 stability imagenet resnet50 ILSVRC2012_val_00030571 lime_mask_0.75 seed=0
1537 stability imagenet resnet50 ILSVRC2012_val_00030571 lime_mask_0.75 seed=1
1538 stability imagenet resnet50 ILSVRC2012_val_00030571 lime_mask_0.75 seed=2
1539 stability imagenet resnet50 ILSVRC2012_val_00030571 lime_mask_0.75 seed=3
1540 stability imagenet resnet50 ILSVRC2012_val_00030571 lime_mask_0.75 seed=4
1541 stability imagenet resnet50 ILSVRC2012_val_00030571 rise_mask_0.25 seed=0
1542 stability imagenet resnet50 ILSVRC2012_val_00030571 rise_mask_0.25 seed=1
1543 stability imagenet resnet50 ILSVRC2012_val_00030571 rise_mask_0.25 seed=2
1544 stability imagenet resnet50 ILSVRC2012_val_00030571 rise_mask_0.25 seed=3
1545 stability imagenet resnet50 ILSVRC2012_val_00030571 rise_mask_0.25 seed=4
1546 stability imagenet resnet50 ILSVRC2012_val_00030571 rise_mask_0.75 seed=0
1547 stability imagenet resnet50 ILSVRC2012_val_00030571 rise_mask_0.75 seed=1
1548 stability imagenet resnet50 ILSVRC2012_val_00030571 rise_mask_0.75 seed=2
1549 stability imagenet resnet50 ILSVRC2012_val_00030571 rise_mask_0.75 seed=3
1550 stability imagenet resnet50 ILSVRC2012_val_00030571 rise_mask_0.75 seed=4
1551 stability imagenet resnet50 ILSVRC2012_val_00031395 lime_slic_50 seed=0
1552 stability imagenet resnet50 ILSVRC2012_val_00031395 lime_slic_50 seed=1
1553 stability imagenet resnet50 ILSVRC2012_val_00031395 lime_slic_50 seed=2
1554 stability imagenet resnet50 ILSVRC2012_val_00031395 lime_slic_50 seed=3
1555 stability imagenet resnet50 ILSVRC2012_val_00031395 lime_slic_50 seed=4
1556 stability imagenet resnet50 ILSVRC2012_val_00031395 lime_slic_200 seed=0
1557 stability imagenet resnet50 ILSVRC2012_val_00031395 lime_slic_200 seed=1
1558 stability imagenet resnet50 ILSVRC2012_val_00031395 lime_slic_200 seed=2
1559 stability imagenet resnet50 ILSVRC2012_val_00031395 lime_slic_200 seed=3
1560 stability imagenet resnet50 ILSVRC2012_val_00031395 lime_slic_200 seed=4
1561 stability imagenet resnet50 ILSVRC2012_val_00031395 lime_slic_300 seed=0
1562 stability imagenet resnet50 ILSVRC2012_val_00031395 lime_slic_300 seed=1
1563 stability imagenet resnet50 ILSVRC2012_val_00031395 lime_slic_300 seed=2
1564 stability imagenet resnet50 ILSVRC2012_val_00031395 lime_slic_300 seed=3
1565 stability imagenet resnet50 ILSVRC2012_val_00031395 lime_slic_300 seed=4
1566 stability imagenet resnet50 ILSVRC2012_val_00031395 rise_grid_4 seed=0
1567 stability imagenet resnet50 ILSVRC2012_val_00031395 rise_grid_4 seed=1
1568 stability imagenet resnet50 ILSVRC2012_val_00031395 rise_grid_4 seed=2
1569 stability imagenet resnet50 ILSVRC2012_val_00031395 rise_grid_4 seed=3
1570 stability imagenet resnet50 ILSVRC2012_val_00031395 rise_grid_4 seed=4
1571 stability imagenet resnet50 ILSVRC2012_val_00031395 rise_grid_10 seed=0
1572 stability imagenet resnet50 ILSVRC2012_val_00031395 rise_grid_10 seed=1
1573 stability imagenet resnet50 ILSVRC2012_val_00031395 rise_grid_10 seed=2
1574 stability imagenet resnet50 ILSVRC2012_val_00031395 rise_grid_10 seed=3
1575 stability imagenet resnet50 ILSVRC2012_val_00031395 rise_grid_10 seed=4
1576 stability imagenet resnet50 ILSVRC2012_val_00031395 rise_grid_14 seed=0
1577 stability imagenet resnet50 ILSVRC2012_val_00031395 rise_grid_14 seed=1
1578 stability imagenet resnet50 ILSVRC2012_val_00031395 rise_grid_14 seed=2
1579 stability imagenet resnet50 ILSVRC2012_val_00031395 rise_grid_14 seed=3
1580 stability imagenet resnet50 ILSVRC2012_val_00031395 rise_grid_14 seed=4
1581 stability imagenet resnet50 ILSVRC2012_val_00031395 lime_mask_0.25 seed=0
1582 stability imagenet resnet50 ILSVRC2012_val_00031395 lime_mask_0.25 seed=1
1583 stability imagenet resnet50 ILSVRC2012_val_00031395 lime_mask_0.25 seed=2
1584 stability imagenet resnet50 ILSVRC2012_val_00031395 lime_mask_0.25 seed=3
1585 stability imagenet resnet50 ILSVRC2012_val_00031395 lime_mask_0.25 seed=4
1586 stability imagenet resnet50 ILSVRC2012_val_00031395 lime_mask_0.75 seed=0
1587 stability imagenet resnet50 ILSVRC2012_val_00031395 lime_mask_0.75 seed=1
1588 stability imagenet resnet50 ILSVRC2012_val_00031395 lime_mask_0.75 seed=2
1589 stability imagenet resnet50 ILSVRC2012_val_00031395 lime_mask_0.75 seed=3
1590 stability imagenet resnet50 ILSVRC2012_val_00031395 lime_mask_0.75 seed=4
1591 stability imagenet resnet50 ILSVRC2012_val_00031395 rise_mask_0.25 seed=0
1592 stability imagenet resnet50 ILSVRC2012_val_00031395 rise_mask_0.25 seed=1
1593 stability imagenet resnet50 ILSVRC2012_val_00031395 rise_mask_0.25 seed=2
1594 stability imagenet resnet50 ILSVRC2012_val_00031395 rise_mask_0.25 seed=3
1595 stability imagenet resnet50 ILSVRC2012_val_00031395 rise_mask_0.25 seed=4
1596 stability imagenet resnet50 ILSVRC2012_val_00031395 rise_mask_0.75 seed=0
1597 stability imagenet resnet50 ILSVRC2012_val_00031395 rise_mask_0.75 seed=1
1598 stability imagenet resnet50 ILSVRC2012_val_00031395 rise_mask_0.75 seed=2
1599 stability imagenet resnet50 ILSVRC2012_val_00031395 rise_mask_0.75 seed=3
1600 stability imagenet resnet50 ILSVRC2012_val_00031395 rise_mask_0.75 seed=4
1601 stability imagenet resnet50 ILSVRC2012_val_00033911 lime_slic_50 seed=0
1602 stability imagenet resnet50 ILSVRC2012_val_00033911 lime_slic_50 seed=1
1603 stability imagenet resnet50 ILSVRC2012_val_00033911 lime_slic_50 seed=2
1604 stability imagenet resnet50 ILSVRC2012_val_00033911 lime_slic_50 seed=3
1605 stability imagenet resnet50 ILSVRC2012_val_00033911 lime_slic_50 seed=4
1606 stability imagenet resnet50 ILSVRC2012_val_00033911 lime_slic_200 seed=0
1607 stability imagenet resnet50 ILSVRC2012_val_00033911 lime_slic_200 seed=1
1608 stability imagenet resnet50 ILSVRC2012_val_00033911 lime_slic_200 seed=2
1609 stability imagenet resnet50 ILSVRC2012_val_00033911 lime_slic_200 seed=3
1610 stability imagenet resnet50 ILSVRC2012_val_00033911 lime_slic_200 seed=4
1611 stability imagenet resnet50 ILSVRC2012_val_00033911 lime_slic_300 seed=0
1612 stability imagenet resnet50 ILSVRC2012_val_00033911 lime_slic_300 seed=1
1613 stability imagenet resnet50 ILSVRC2012_val_00033911 lime_slic_300 seed=2
1614 stability imagenet resnet50 ILSVRC2012_val_00033911 lime_slic_300 seed=3
1615 stability imagenet resnet50 ILSVRC2012_val_00033911 lime_slic_300 seed=4
1616 stability imagenet resnet50 ILSVRC2012_val_00033911 rise_grid_4 seed=0
1617 stability imagenet resnet50 ILSVRC2012_val_00033911 rise_grid_4 seed=1
1618 stability imagenet resnet50 ILSVRC2012_val_00033911 rise_grid_4 seed=2
1619 stability imagenet resnet50 ILSVRC2012_val_00033911 rise_grid_4 seed=3
1620 stability imagenet resnet50 ILSVRC2012_val_00033911 rise_grid_4 seed=4
1621 stability imagenet resnet50 ILSVRC2012_val_00033911 rise_grid_10 seed=0
1622 stability imagenet resnet50 ILSVRC2012_val_00033911 rise_grid_10 seed=1
1623 stability imagenet resnet50 ILSVRC2012_val_00033911 rise_grid_10 seed=2
1624 stability imagenet resnet50 ILSVRC2012_val_00033911 rise_grid_10 seed=3
1625 stability imagenet resnet50 ILSVRC2012_val_00033911 rise_grid_10 seed=4
1626 stability imagenet resnet50 ILSVRC2012_val_00033911 rise_grid_14 seed=0
1627 stability imagenet resnet50 ILSVRC2012_val_00033911 rise_grid_14 seed=1
1628 stability imagenet resnet50 ILSVRC2012_val_00033911 rise_grid_14 seed=2
1629 stability imagenet resnet50 ILSVRC2012_val_00033911 rise_grid_14 seed=3
1630 stability imagenet resnet50 ILSVRC2012_val_00033911 rise_grid_14 seed=4
1631 stability imagenet resnet50 ILSVRC2012_val_00033911 lime_mask_0.25 seed=0
1632 stability imagenet resnet50 ILSVRC2012_val_00033911 lime_mask_0.25 seed=1
1633 stability imagenet resnet50 ILSVRC2012_val_00033911 lime_mask_0.25 seed=2
1634 stability imagenet resnet50 ILSVRC2012_val_00033911 lime_mask_0.25 seed=3
1635 stability imagenet resnet50 ILSVRC2012_val_00033911 lime_mask_0.25 seed=4
1636 stability imagenet resnet50 ILSVRC2012_val_00033911 lime_mask_0.75 seed=0
1637 stability imagenet resnet50 ILSVRC2012_val_00033911 lime_mask_0.75 seed=1
1638 stability imagenet resnet50 ILSVRC2012_val_00033911 lime_mask_0.75 seed=2
1639 stability imagenet resnet50 ILSVRC2012_val_00033911 lime_mask_0.75 seed=3
1640 stability imagenet resnet50 ILSVRC2012_val_00033911 lime_mask_0.75 seed=4
1641 stability imagenet resnet50 ILSVRC2012_val_00033911 rise_mask_0.25 seed=0
1642 stability imagenet resnet50 ILSVRC2012_val_00033911 rise_mask_0.25 seed=1
1643 stability imagenet resnet50 ILSVRC2012_val_00033911 rise_mask_0.25 seed=2
1644 stability imagenet resnet50 ILSVRC2012_val_00033911 rise_mask_0.25 seed=3
1645 stability imagenet resnet50 ILSVRC2012_val_00033911 rise_mask_0.25 seed=4
1646 stability imagenet resnet50 ILSVRC2012_val_00033911 rise_mask_0.75 seed=0
1647 stability imagenet resnet50 ILSVRC2012_val_00033911 rise_mask_0.75 seed=1
1648 stability imagenet resnet50 ILSVRC2012_val_00033911 rise_mask_0.75 seed=2
1649 stability imagenet resnet50 ILSVRC2012_val_00033911 rise_mask_0.75 seed=3
1650 stability imagenet resnet50 ILSVRC2012_val_00033911 rise_mask_0.75 seed=4
1651 stability imagenet resnet50 ILSVRC2012_val_00038443 lime_slic_50 seed=0
1652 stability imagenet resnet50 ILSVRC2012_val_00038443 lime_slic_50 seed=1
1653 stability imagenet resnet50 ILSVRC2012_val_00038443 lime_slic_50 seed=2
1654 stability imagenet resnet50 ILSVRC2012_val_00038443 lime_slic_50 seed=3
1655 stability imagenet resnet50 ILSVRC2012_val_00038443 lime_slic_50 seed=4
1656 stability imagenet resnet50 ILSVRC2012_val_00038443 lime_slic_200 seed=0
1657 stability imagenet resnet50 ILSVRC2012_val_00038443 lime_slic_200 seed=1
1658 stability imagenet resnet50 ILSVRC2012_val_00038443 lime_slic_200 seed=2
1659 stability imagenet resnet50 ILSVRC2012_val_00038443 lime_slic_200 seed=3
1660 stability imagenet resnet50 ILSVRC2012_val_00038443 lime_slic_200 seed=4
1661 stability imagenet resnet50 ILSVRC2012_val_00038443 lime_slic_300 seed=0
1662 stability imagenet resnet50 ILSVRC2012_val_00038443 lime_slic_300 seed=1
1663 stability imagenet resnet50 ILSVRC2012_val_00038443 lime_slic_300 seed=2
1664 stability imagenet resnet50 ILSVRC2012_val_00038443 lime_slic_300 seed=3
1665 stability imagenet resnet50 ILSVRC2012_val_00038443 lime_slic_300 seed=4
1666 stability imagenet resnet50 ILSVRC2012_val_00038443 rise_grid_4 seed=0
1667 stability imagenet resnet50 ILSVRC2012_val_00038443 rise_grid_4 seed=1
1668 stability imagenet resnet50 ILSVRC2012_val_00038443 rise_grid_4 seed=2
1669 stability imagenet resnet50 ILSVRC2012_val_00038443 rise_grid_4 seed=3
1670 stability imagenet resnet50 ILSVRC2012_val_00038443 rise_grid_4 seed=4
1671 stability imagenet resnet50 ILSVRC2012_val_00038443 rise_grid_10 seed=0
1672 stability imagenet resnet50 ILSVRC2012_val_00038443 rise_grid_10 seed=1
1673 stability imagenet resnet50 ILSVRC2012_val_00038443 rise_grid_10 seed=2
1674 stability imagenet resnet50 ILSVRC2012_val_00038443 rise_grid_10 seed=3
1675 stability imagenet resnet50 ILSVRC2012_val_00038443 rise_grid_10 seed=4
1676 stability imagenet resnet50 ILSVRC2012_val_00038443 rise_grid_14 seed=0
1677 stability imagenet resnet50 ILSVRC2012_val_00038443 rise_grid_14 seed=1
1678 stability imagenet resnet50 ILSVRC2012_val_00038443 rise_grid_14 seed=2
1679 stability imagenet resnet50 ILSVRC2012_val_00038443 rise_grid_14 seed=3
1680 stability imagenet resnet50 ILSVRC2012_val_00038443 rise_grid_14 seed=4
1681 stability imagenet resnet50 ILSVRC2012_val_00038443 lime_mask_0.25 seed=0
1682 stability imagenet resnet50 ILSVRC2012_val_00038443 lime_mask_0.25 seed=1
1683 stability imagenet resnet50 ILSVRC2012_val_00038443 lime_mask_0.25 seed=2
1684 stability imagenet resnet50 ILSVRC2012_val_00038443 lime_mask_0.25 seed=3
1685 stability imagenet resnet50 ILSVRC2012_val_00038443 lime_mask_0.25 seed=4
1686 stability imagenet resnet50 ILSVRC2012_val_00038443 lime_mask_0.75 seed=0
1687 stability imagenet resnet50 ILSVRC2012_val_00038443 lime_mask_0.75 seed=1
1688 stability imagenet resnet50 ILSVRC2012_val_00038443 lime_mask_0.75 seed=2
1689 stability imagenet resnet50 ILSVRC2012_val_00038443 lime_mask_0.75 seed=3
1690 stability imagenet resnet50 ILSVRC2012_val_00038443 lime_mask_0.75 seed=4
1691 stability imagenet resnet50 ILSVRC2012_val_00038443 rise_mask_0.25 seed=0
1692 stability imagenet resnet50 ILSVRC2012_val_00038443 rise_mask_0.25 seed=1
1693 stability imagenet resnet50 ILSVRC2012_val_00038443 rise_mask_0.25 seed=2
1694 stability imagenet resnet50 ILSVRC2012_val_00038443 rise_mask_0.25 seed=3
1695 stability imagenet resnet50 ILSVRC2012_val_00038443 rise_mask_0.25 seed=4
1696 stability imagenet resnet50 ILSVRC2012_val_00038443 rise_mask_0.75 seed=0
1697 stability imagenet resnet50 ILSVRC2012_val_00038443 rise_mask_0.75 seed=1
1698 stability imagenet resnet50 ILSVRC2012_val_00038443 rise_mask_0.75 seed=2
1699 stability imagenet resnet50 ILSVRC2012_val_00038443 rise_mask_0.75 seed=3
1700 stability imagenet resnet50 ILSVRC2012_val_00038443 rise_mask_0.75 seed=4
1701 stability imagenet resnet50 ILSVRC2012_val_00039743 lime_slic_50 seed=0
1702 stability imagenet resnet50 ILSVRC2012_val_00039743 lime_slic_50 seed=1
1703 stability imagenet resnet50 ILSVRC2012_val_00039743 lime_slic_50 seed=2
1704 stability imagenet resnet50 ILSVRC2012_val_00039743 lime_slic_50 seed=3
1705 stability imagenet resnet50 ILSVRC2012_val_00039743 lime_slic_50 seed=4
1706 stability imagenet resnet50 ILSVRC2012_val_00039743 lime_slic_200 seed=0
1707 stability imagenet resnet50 ILSVRC2012_val_00039743 lime_slic_200 seed=1
1708 stability imagenet resnet50 ILSVRC2012_val_00039743 lime_slic_200 seed=2
1709 stability imagenet resnet50 ILSVRC2012_val_00039743 lime_slic_200 seed=3
1710 stability imagenet resnet50 ILSVRC2012_val_00039743 lime_slic_200 seed=4
1711 stability imagenet resnet50 ILSVRC2012_val_00039743 lime_slic_300 seed=0
1712 stability imagenet resnet50 ILSVRC2012_val_00039743 lime_slic_300 seed=1
1713 stability imagenet resnet50 ILSVRC2012_val_00039743 lime_slic_300 seed=2
1714 stability imagenet resnet50 ILSVRC2012_val_00039743 lime_slic_300 seed=3
1715 stability imagenet resnet50 ILSVRC2012_val_00039743 lime_slic_300 seed=4
1716 stability imagenet resnet50 ILSVRC2012_val_00039743 rise_grid_4 seed=0
1717 stability imagenet resnet50 ILSVRC2012_val_00039743 rise_grid_4 seed=1
1718 stability imagenet resnet50 ILSVRC2012_val_00039743 rise_grid_4 seed=2
1719 stability imagenet resnet50 ILSVRC2012_val_00039743 rise_grid_4 seed=3
1720 stability imagenet resnet50 ILSVRC2012_val_00039743 rise_grid_4 seed=4
1721 stability imagenet resnet50 ILSVRC2012_val_00039743 rise_grid_10 seed=0
1722 stability imagenet resnet50 ILSVRC2012_val_00039743 rise_grid_10 seed=1
1723 stability imagenet resnet50 ILSVRC2012_val_00039743 rise_grid_10 seed=2
1724 stability imagenet resnet50 ILSVRC2012_val_00039743 rise_grid_10 seed=3
1725 stability imagenet resnet50 ILSVRC2012_val_00039743 rise_grid_10 seed=4
1726 stability imagenet resnet50 ILSVRC2012_val_00039743 rise_grid_14 seed=0
1727 stability imagenet resnet50 ILSVRC2012_val_00039743 rise_grid_14 seed=1
1728 stability imagenet resnet50 ILSVRC2012_val_00039743 rise_grid_14 seed=2
1729 stability imagenet resnet50 ILSVRC2012_val_00039743 rise_grid_14 seed=3
1730 stability imagenet resnet50 ILSVRC2012_val_00039743 rise_grid_14 seed=4
1731 stability imagenet resnet50 ILSVRC2012_val_00039743 lime_mask_0.25 seed=0
1732 stability imagenet resnet50 ILSVRC2012_val_00039743 lime_mask_0.25 seed=1
1733 stability imagenet resnet50 ILSVRC2012_val_00039743 lime_mask_0.25 seed=2
1734 stability imagenet resnet50 ILSVRC2012_val_00039743 lime_mask_0.25 seed=3
1735 stability imagenet resnet50 ILSVRC2012_val_00039743 lime_mask_0.25 seed=4
1736 stability imagenet resnet50 ILSVRC2012_val_00039743 lime_mask_0.75 seed=0
1737 stability imagenet resnet50 ILSVRC2012_val_00039743 lime_mask_0.75 seed=1
1738 stability imagenet resnet50 ILSVRC2012_val_00039743 lime_mask_0.75 seed=2
1739 stability imagenet resnet50 ILSVRC2012_val_00039743 lime_mask_0.75 seed=3
1740 stability imagenet resnet50 ILSVRC2012_val_00039743 lime_mask_0.75 seed=4
1741 stability imagenet resnet50 ILSVRC2012_val_00039743 rise_mask_0.25 seed=0
1742 stability imagenet resnet50 ILSVRC2012_val_00039743 rise_mask_0.25 seed=1
1743 stability imagenet resnet50 ILSVRC2012_val_00039743 rise_mask_0.25 seed=2
1744 stability imagenet resnet50 ILSVRC2012_val_00039743 rise_mask_0.25 seed=3
1745 stability imagenet resnet50 ILSVRC2012_val_00039743 rise_mask_0.25 seed=4
1746 stability imagenet resnet50 ILSVRC2012_val_00039743 rise_mask_0.75 seed=0
1747 stability imagenet resnet50 ILSVRC2012_val_00039743 rise_mask_0.75 seed=1
1748 stability imagenet resnet50 ILSVRC2012_val_00039743 rise_mask_0.75 seed=2
1749 stability imagenet resnet50 ILSVRC2012_val_00039743 rise_mask_0.75 seed=3
1750 stability imagenet resnet50 ILSVRC2012_val_00039743 rise_mask_0.75 seed=4
1751 stability imagenet resnet50 ILSVRC2012_val_00043823 lime_slic_50 seed=0
1752 stability imagenet resnet50 ILSVRC2012_val_00043823 lime_slic_50 seed=1
1753 stability imagenet resnet50 ILSVRC2012_val_00043823 lime_slic_50 seed=2
1754 stability imagenet resnet50 ILSVRC2012_val_00043823 lime_slic_50 seed=3
1755 stability imagenet resnet50 ILSVRC2012_val_00043823 lime_slic_50 seed=4
1756 stability imagenet resnet50 ILSVRC2012_val_00043823 lime_slic_200 seed=0
1757 stability imagenet resnet50 ILSVRC2012_val_00043823 lime_slic_200 seed=1
1758 stability imagenet resnet50 ILSVRC2012_val_00043823 lime_slic_200 seed=2
1759 stability imagenet resnet50 ILSVRC2012_val_00043823 lime_slic_200 seed=3
1760 stability imagenet resnet50 ILSVRC2012_val_00043823 lime_slic_200 seed=4
1761 stability imagenet resnet50 ILSVRC2012_val_00043823 lime_slic_300 seed=0
1762 stability imagenet resnet50 ILSVRC2012_val_00043823 lime_slic_300 seed=1
1763 stability imagenet resnet50 ILSVRC2012_val_00043823 lime_slic_300 seed=2
1764 stability imagenet resnet50 ILSVRC2012_val_00043823 lime_slic_300 seed=3
1765 stability imagenet resnet50 ILSVRC2012_val_00043823 lime_slic_300 seed=4
1766 stability imagenet resnet50 ILSVRC2012_val_00043823 rise_grid_4 seed=0
1767 stability imagenet resnet50 ILSVRC2012_val_00043823 rise_grid_4 seed=1
1768 stability imagenet resnet50 ILSVRC2012_val_00043823 rise_grid_4 seed=2
1769 stability imagenet resnet50 ILSVRC2012_val_00043823 rise_grid_4 seed=3
1770 stability imagenet resnet50 ILSVRC2012_val_00043823 rise_grid_4 seed=4
1771 stability imagenet resnet50 ILSVRC2012_val_00043823 rise_grid_10 seed=0
1772 stability imagenet resnet50 ILSVRC2012_val_00043823 rise_grid_10 seed=1
1773 stability imagenet resnet50 ILSVRC2012_val_00043823 rise_grid_10 seed=2
1774 stability imagenet resnet50 ILSVRC2012_val_00043823 rise_grid_10 seed=3
1775 stability imagenet resnet50 ILSVRC2012_val_00043823 rise_grid_10 seed=4
1776 stability imagenet resnet50 ILSVRC2012_val_00043823 rise_grid_14 seed=0
1777 stability imagenet resnet50 ILSVRC2012_val_00043823 rise_grid_14 seed=1
1778 stability imagenet resnet50 ILSVRC2012_val_00043823 rise_grid_14 seed=2
1779 stability imagenet resnet50 ILSVRC2012_val_00043823 rise_grid_14 seed=3
1780 stability imagenet resnet50 ILSVRC2012_val_00043823 rise_grid_14 seed=4
1781 stability imagenet resnet50 ILSVRC2012_val_00043823 lime_mask_0.25 seed=0
1782 stability imagenet resnet50 ILSVRC2012_val_00043823 lime_mask_0.25 seed=1
1783 stability imagenet resnet50 ILSVRC2012_val_00043823 lime_mask_0.25 seed=2
1784 stability imagenet resnet50 ILSVRC2012_val_00043823 lime_mask_0.25 seed=3
1785 stability imagenet resnet50 ILSVRC2012_val_00043823 lime_mask_0.25 seed=4
1786 stability imagenet resnet50 ILSVRC2012_val_00043823 lime_mask_0.75 seed=0
1787 stability imagenet resnet50 ILSVRC2012_val_00043823 lime_mask_0.75 seed=1
1788 stability imagenet resnet50 ILSVRC2012_val_00043823 lime_mask_0.75 seed=2
1789 stability imagenet resnet50 ILSVRC2012_val_00043823 lime_mask_0.75 seed=3
1790 stability imagenet resnet50 ILSVRC2012_val_00043823 lime_mask_0.75 seed=4
1791 stability imagenet resnet50 ILSVRC2012_val_00043823 rise_mask_0.25 seed=0
1792 stability imagenet resnet50 ILSVRC2012_val_00043823 rise_mask_0.25 seed=1
1793 stability imagenet resnet50 ILSVRC2012_val_00043823 rise_mask_0.25 seed=2
1794 stability imagenet resnet50 ILSVRC2012_val_00043823 rise_mask_0.25 seed=3
1795 stability imagenet resnet50 ILSVRC2012_val_00043823 rise_mask_0.25 seed=4
1796 stability imagenet resnet50 ILSVRC2012_val_00043823 rise_mask_0.75 seed=0
1797 stability imagenet resnet50 ILSVRC2012_val_00043823 rise_mask_0.75 seed=1
1798 stability imagenet resnet50 ILSVRC2012_val_00043823 rise_mask_0.75 seed=2
1799 stability imagenet resnet50 ILSVRC2012_val_00043823 rise_mask_0.75 seed=3
1800 stability imagenet resnet50 ILSVRC2012_val_00043823 rise_mask_0.75 seed=4
1801 stability imagenet resnet50 ILSVRC2012_val_00045743 lime_slic_50 seed=0
1802 stability imagenet resnet50 ILSVRC2012_val_00045743 lime_slic_50 seed=1
1803 stability imagenet resnet50 ILSVRC2012_val_00045743 lime_slic_50 seed=2
1804 stability imagenet resnet50 ILSVRC2012_val_00045743 lime_slic_50 seed=3
1805 stability imagenet resnet50 ILSVRC2012_val_00045743 lime_slic_50 seed=4
1806 stability imagenet resnet50 ILSVRC2012_val_00045743 lime_slic_200 seed=0
1807 stability imagenet resnet50 ILSVRC2012_val_00045743 lime_slic_200 seed=1
1808 stability imagenet resnet50 ILSVRC2012_val_00045743 lime_slic_200 seed=2
1809 stability imagenet resnet50 ILSVRC2012_val_00045743 lime_slic_200 seed=3
1810 stability imagenet resnet50 ILSVRC2012_val_00045743 lime_slic_200 seed=4
1811 stability imagenet resnet50 ILSVRC2012_val_00045743 lime_slic_300 seed=0
1812 stability imagenet resnet50 ILSVRC2012_val_00045743 lime_slic_300 seed=1
1813 stability imagenet resnet50 ILSVRC2012_val_00045743 lime_slic_300 seed=2
1814 stability imagenet resnet50 ILSVRC2012_val_00045743 lime_slic_300 seed=3
1815 stability imagenet resnet50 ILSVRC2012_val_00045743 lime_slic_300 seed=4
1816 stability imagenet resnet50 ILSVRC2012_val_00045743 rise_grid_4 seed=0
1817 stability imagenet resnet50 ILSVRC2012_val_00045743 rise_grid_4 seed=1
1818 stability imagenet resnet50 ILSVRC2012_val_00045743 rise_grid_4 seed=2
1819 stability imagenet resnet50 ILSVRC2012_val_00045743 rise_grid_4 seed=3
1820 stability imagenet resnet50 ILSVRC2012_val_00045743 rise_grid_4 seed=4
1821 stability imagenet resnet50 ILSVRC2012_val_00045743 rise_grid_10 seed=0
1822 stability imagenet resnet50 ILSVRC2012_val_00045743 rise_grid_10 seed=1
1823 stability imagenet resnet50 ILSVRC2012_val_00045743 rise_grid_10 seed=2
1824 stability imagenet resnet50 ILSVRC2012_val_00045743 rise_grid_10 seed=3
1825 stability imagenet resnet50 ILSVRC2012_val_00045743 rise_grid_10 seed=4
1826 stability imagenet resnet50 ILSVRC2012_val_00045743 rise_grid_14 seed=0
1827 stability imagenet resnet50 ILSVRC2012_val_00045743 rise_grid_14 seed=1
1828 stability imagenet resnet50 ILSVRC2012_val_00045743 rise_grid_14 seed=2
1829 stability imagenet resnet50 ILSVRC2012_val_00045743 rise_grid_14 seed=3
1830 stability imagenet resnet50 ILSVRC2012_val_00045743 rise_grid_14 seed=4
1831 stability imagenet resnet50 ILSVRC2012_val_00045743 lime_mask_0.25 seed=0
1832 stability imagenet resnet50 ILSVRC2012_val_00045743 lime_mask_0.25 seed=1
1833 stability imagenet resnet50 ILSVRC2012_val_00045743 lime_mask_0.25 seed=2
1834 stability imagenet resnet50 ILSVRC2012_val_00045743 lime_mask_0.25 seed=3
1835 stability imagenet resnet50 ILSVRC2012_val_00045743 lime_mask_0.25 seed=4
1836 stability imagenet resnet50 ILSVRC2012_val_00045743 lime_mask_0.75 seed=0
1837 stability imagenet resnet50 ILSVRC2012_val_00045743 lime_mask_0.75 seed=1
1838 stability imagenet resnet50 ILSVRC2012_val_00045743 lime_mask_0.75 seed=2
1839 stability imagenet resnet50 ILSVRC2012_val_00045743 lime_mask_0.75 seed=3
1840 stability imagenet resnet50 ILSVRC2012_val_00045743 lime_mask_0.75 seed=4
1841 stability imagenet resnet50 ILSVRC2012_val_00045743 rise_mask_0.25 seed=0
1842 stability imagenet resnet50 ILSVRC2012_val_00045743 rise_mask_0.25 seed=1
1843 stability imagenet resnet50 ILSVRC2012_val_00045743 rise_mask_0.25 seed=2
1844 stability imagenet resnet50 ILSVRC2012_val_00045743 rise_mask_0.25 seed=3
1845 stability imagenet resnet50 ILSVRC2012_val_00045743 rise_mask_0.25 seed=4
1846 stability imagenet resnet50 ILSVRC2012_val_00045743 rise_mask_0.75 seed=0
1847 stability imagenet resnet50 ILSVRC2012_val_00045743 rise_mask_0.75 seed=1
1848 stability imagenet resnet50 ILSVRC2012_val_00045743 rise_mask_0.75 seed=2
1849 stability imagenet resnet50 ILSVRC2012_val_00045743 rise_mask_0.75 seed=3
1850 stability imagenet resnet50 ILSVRC2012_val_00045743 rise_mask_0.75 seed=4
1851 stability imagenet resnet50 ILSVRC2012_val_00046462 lime_slic_50 seed=0
1852 stability imagenet resnet50 ILSVRC2012_val_00046462 lime_slic_50 seed=1
1853 stability imagenet resnet50 ILSVRC2012_val_00046462 lime_slic_50 seed=2
1854 stability imagenet resnet50 ILSVRC2012_val_00046462 lime_slic_50 seed=3
1855 stability imagenet resnet50 ILSVRC2012_val_00046462 lime_slic_50 seed=4
1856 stability imagenet resnet50 ILSVRC2012_val_00046462 lime_slic_200 seed=0
1857 stability imagenet resnet50 ILSVRC2012_val_00046462 lime_slic_200 seed=1
1858 stability imagenet resnet50 ILSVRC2012_val_00046462 lime_slic_200 seed=2
1859 stability imagenet resnet50 ILSVRC2012_val_00046462 lime_slic_200 seed=3
1860 stability imagenet resnet50 ILSVRC2012_val_00046462 lime_slic_200 seed=4
1861 stability imagenet resnet50 ILSVRC2012_val_00046462 lime_slic_300 seed=0
1862 stability imagenet resnet50 ILSVRC2012_val_00046462 lime_slic_300 seed=1
1863 stability imagenet resnet50 ILSVRC2012_val_00046462 lime_slic_300 seed=2
1864 stability imagenet resnet50 ILSVRC2012_val_00046462 lime_slic_300 seed=3
1865 stability imagenet resnet50 ILSVRC2012_val_00046462 lime_slic_300 seed=4
1866 stability imagenet resnet50 ILSVRC2012_val_00046462 rise_grid_4 seed=0
1867 stability imagenet resnet50 ILSVRC2012_val_00046462 rise_grid_4 seed=1
1868 stability imagenet resnet50 ILSVRC2012_val_00046462 rise_grid_4 seed=2
1869 stability imagenet resnet50 ILSVRC2012_val_00046462 rise_grid_4 seed=3
1870 stability imagenet resnet50 ILSVRC2012_val_00046462 rise_grid_4 seed=4
1871 stability imagenet resnet50 ILSVRC2012_val_00046462 rise_grid_10 seed=0
1872 stability imagenet resnet50 ILSVRC2012_val_00046462 rise_grid_10 seed=1
1873 stability imagenet resnet50 ILSVRC2012_val_00046462 rise_grid_10 seed=2
1874 stability imagenet resnet50 ILSVRC2012_val_00046462 rise_grid_10 seed=3
1875 stability imagenet resnet50 ILSVRC2012_val_00046462 rise_grid_10 seed=4
1876 stability imagenet resnet50 ILSVRC2012_val_00046462 rise_grid_14 seed=0
1877 stability imagenet resnet50 ILSVRC2012_val_00046462 rise_grid_14 seed=1
1878 stability imagenet resnet50 ILSVRC2012_val_00046462 rise_grid_14 seed=2
1879 stability imagenet resnet50 ILSVRC2012_val_00046462 rise_grid_14 seed=3
1880 stability imagenet resnet50 ILSVRC2012_val_00046462 rise_grid_14 seed=4
1881 stability imagenet resnet50 ILSVRC2012_val_00046462 lime_mask_0.25 seed=0
1882 stability imagenet resnet50 ILSVRC2012_val_00046462 lime_mask_0.25 seed=1
1883 stability imagenet resnet50 ILSVRC2012_val_00046462 lime_mask_0.25 seed=2
1884 stability imagenet resnet50 ILSVRC2012_val_00046462 lime_mask_0.25 seed=3
1885 stability imagenet resnet50 ILSVRC2012_val_00046462 lime_mask_0.25 seed=4
1886 stability imagenet resnet50 ILSVRC2012_val_00046462 lime_mask_0.75 seed=0
1887 stability imagenet resnet50 ILSVRC2012_val_00046462 lime_mask_0.75 seed=1
1888 stability imagenet resnet50 ILSVRC2012_val_00046462 lime_mask_0.75 seed=2
1889 stability imagenet resnet50 ILSVRC2012_val_00046462 lime_mask_0.75 seed=3
1890 stability imagenet resnet50 ILSVRC2012_val_00046462 lime_mask_0.75 seed=4
1891 stability imagenet resnet50 ILSVRC2012_val_00046462 rise_mask_0.25 seed=0
1892 stability imagenet resnet50 ILSVRC2012_val_00046462 rise_mask_0.25 seed=1
1893 stability imagenet resnet50 ILSVRC2012_val_00046462 rise_mask_0.25 seed=2
1894 stability imagenet resnet50 ILSVRC2012_val_00046462 rise_mask_0.25 seed=3
1895 stability imagenet resnet50 ILSVRC2012_val_00046462 rise_mask_0.25 seed=4
1896 stability imagenet resnet50 ILSVRC2012_val_00046462 rise_mask_0.75 seed=0
1897 stability imagenet resnet50 ILSVRC2012_val_00046462 rise_mask_0.75 seed=1
1898 stability imagenet resnet50 ILSVRC2012_val_00046462 rise_mask_0.75 seed=2
1899 stability imagenet resnet50 ILSVRC2012_val_00046462 rise_mask_0.75 seed=3
1900 stability imagenet resnet50 ILSVRC2012_val_00046462 rise_mask_0.75 seed=4
1901 stability imagenet vgg13 ILSVRC2012_val_00000319 lime_slic_50 seed=0
1902 stability imagenet vgg13 ILSVRC2012_val_00000319 lime_slic_50 seed=1
1903 stability imagenet vgg13 ILSVRC2012_val_00000319 lime_slic_50 seed=2
1904 stability imagenet vgg13 ILSVRC2012_val_00000319 lime_slic_50 seed=3
1905 stability imagenet vgg13 ILSVRC2012_val_00000319 lime_slic_50 seed=4
1906 stability imagenet vgg13 ILSVRC2012_val_00000319 lime_slic_200 seed=0
1907 stability imagenet vgg13 ILSVRC2012_val_00000319 lime_slic_200 seed=1
1908 stability imagenet vgg13 ILSVRC2012_val_00000319 lime_slic_200 seed=2
1909 stability imagenet vgg13 ILSVRC2012_val_00000319 lime_slic_200 seed=3
1910 stability imagenet vgg13 ILSVRC2012_val_00000319 lime_slic_200 seed=4
1911 stability imagenet vgg13 ILSVRC2012_val_00000319 lime_slic_300 seed=0
1912 stability imagenet vgg13 ILSVRC2012_val_00000319 lime_slic_300 seed=1
1913 stability imagenet vgg13 ILSVRC2012_val_00000319 lime_slic_300 seed=2
1914 stability imagenet vgg13 ILSVRC2012_val_00000319 lime_slic_300 seed=3
1915 stability imagenet vgg13 ILSVRC2012_val_00000319 lime_slic_300 seed=4
1916 stability imagenet vgg13 ILSVRC2012_val_00000319 rise_grid_4 seed=0
1917 stability imagenet vgg13 ILSVRC2012_val_00000319 rise_grid_4 seed=1
1918 stability imagenet vgg13 ILSVRC2012_val_00000319 rise_grid_4 seed=2
1919 stability imagenet vgg13 ILSVRC2012_val_00000319 rise_grid_4 seed=3
1920 stability imagenet vgg13 ILSVRC2012_val_00000319 rise_grid_4 seed=4
1921 stability imagenet vgg13 ILSVRC2012_val_00000319 rise_grid_10 seed=0
1922 stability imagenet vgg13 ILSVRC2012_val_00000319 rise_grid_10 seed=1
1923 stability imagenet vgg13 ILSVRC2012_val_00000319 rise_grid_10 seed=2
1924 stability imagenet vgg13 ILSVRC2012_val_00000319 rise_grid_10 seed=3
1925 stability imagenet vgg13 ILSVRC2012_val_00000319 rise_grid_10 seed=4
1926 stability imagenet vgg13 ILSVRC2012_val_00000319 rise_grid_14 seed=0
1927 stability imagenet vgg13 ILSVRC2012_val_00000319 rise_grid_14 seed=1
1928 stability imagenet vgg13 ILSVRC2012_val_00000319 rise_grid_14 seed=2
1929 stability imagenet vgg13 ILSVRC2012_val_00000319 rise_grid_14 seed=3
1930 stability imagenet vgg13 ILSVRC2012_val_00000319 rise_grid_14 seed=4
1931 stability imagenet vgg13 ILSVRC2012_val_00000319 lime_mask_0.25 seed=0
1932 stability imagenet vgg13 ILSVRC2012_val_00000319 lime_mask_0.25 seed=1
1933 stability imagenet vgg13 ILSVRC2012_val_00000319 lime_mask_0.25 seed=2
1934 stability imagenet vgg13 ILSVRC2012_val_00000319 lime_mask_0.25 seed=3
1935 stability imagenet vgg13 ILSVRC2012_val_00000319 lime_mask_0.25 seed=4
1936 stability imagenet vgg13 ILSVRC2012_val_00000319 lime_mask_0.75 seed=0
1937 stability imagenet vgg13 ILSVRC2012_val_00000319 lime_mask_0.75 seed=1
1938 stability imagenet vgg13 ILSVRC2012_val_00000319 lime_mask_0.75 seed=2
1939 stability imagenet vgg13 ILSVRC2012_val_00000319 lime_mask_0.75 seed=3
1940 stability imagenet vgg13 ILSVRC2012_val_00000319 lime_mask_0.75 seed=4
1941 stability imagenet vgg13 ILSVRC2012_val_00000319 rise_mask_0.25 seed=0
1942 stability imagenet vgg13 ILSVRC2012_val_00000319 rise_mask_0.25 seed=1
1943 stability imagenet vgg13 ILSVRC2012_val_00000319 rise_mask_0.25 seed=2
1944 stability imagenet vgg13 ILSVRC2012_val_00000319 rise_mask_0.25 seed=3
1945 stability imagenet vgg13 ILSVRC2012_val_00000319 rise_mask_0.25 seed=4
1946 stability imagenet vgg13 ILSVRC2012_val_00000319 rise_mask_0.75 seed=0
1947 stability imagenet vgg13 ILSVRC2012_val_00000319 rise_mask_0.75 seed=1
1948 stability imagenet vgg13 ILSVRC2012_val_00000319 rise_mask_0.75 seed=2
1949 stability imagenet vgg13 ILSVRC2012_val_00000319 rise_mask_0.75 seed=3
1950 stability imagenet vgg13 ILSVRC2012_val_00000319 rise_mask_0.75 seed=4
1951 stability imagenet vgg13 ILSVRC2012_val_00000604 lime_slic_50 seed=0
1952 stability imagenet vgg13 ILSVRC2012_val_00000604 lime_slic_50 seed=1
1953 stability imagenet vgg13 ILSVRC2012_val_00000604 lime_slic_50 seed=2
1954 stability imagenet vgg13 ILSVRC2012_val_00000604 lime_slic_50 seed=3
1955 stability imagenet vgg13 ILSVRC2012_val_00000604 lime_slic_50 seed=4
1956 stability imagenet vgg13 ILSVRC2012_val_00000604 lime_slic_200 seed=0
1957 stability imagenet vgg13 ILSVRC2012_val_00000604 lime_slic_200 seed=1
1958 stability imagenet vgg13 ILSVRC2012_val_00000604 lime_slic_200 seed=2
1959 stability imagenet vgg13 ILSVRC2012_val_00000604 lime_slic_200 seed=3
1960 stability imagenet vgg13 ILSVRC2012_val_00000604 lime_slic_200 seed=4
1961 stability imagenet vgg13 ILSVRC2012_val_00000604 lime_slic_300 seed=0
1962 stability imagenet vgg13 ILSVRC2012_val_00000604 lime_slic_300 seed=1
1963 stability imagenet vgg13 ILSVRC2012_val_00000604 lime_slic_300 seed=2
1964 stability imagenet vgg13 ILSVRC2012_val_00000604 lime_slic_300 seed=3
1965 stability imagenet vgg13 ILSVRC2012_val_00000604 lime_slic_300 seed=4
1966 stability imagenet vgg13 ILSVRC2012_val_00000604 rise_grid_4 seed=0
1967 stability imagenet vgg13 ILSVRC2012_val_00000604 rise_grid_4 seed=1
1968 stability imagenet vgg13 ILSVRC2012_val_00000604 rise_grid_4 seed=2
1969 stability imagenet vgg13 ILSVRC2012_val_00000604 rise_grid_4 seed=3
1970 stability imagenet vgg13 ILSVRC2012_val_00000604 rise_grid_4 seed=4
1971 stability imagenet vgg13 ILSVRC2012_val_00000604 rise_grid_10 seed=0
1972 stability imagenet vgg13 ILSVRC2012_val_00000604 rise_grid_10 seed=1
1973 stability imagenet vgg13 ILSVRC2012_val_00000604 rise_grid_10 seed=2
1974 stability imagenet vgg13 ILSVRC2012_val_00000604 rise_grid_10 seed=3
1975 stability imagenet vgg13 ILSVRC2012_val_00000604 rise_grid_10 seed=4
1976 stability imagenet vgg13 ILSVRC2012_val_00000604 rise_grid_14 seed=0
1977 stability imagenet vgg13 ILSVRC2012_val_00000604 rise_grid_14 seed=1
1978 stability imagenet vgg13 ILSVRC2012_val_00000604 rise_grid_14 seed=2
1979 stability imagenet vgg13 ILSVRC2012_val_00000604 rise_grid_14 seed=3
1980 stability imagenet vgg13 ILSVRC2012_val_00000604 rise_grid_14 seed=4
1981 stability imagenet vgg13 ILSVRC2012_val_00000604 lime_mask_0.25 seed=0
1982 stability imagenet vgg13 ILSVRC2012_val_00000604 lime_mask_0.25 seed=1
1983 stability imagenet vgg13 ILSVRC2012_val_00000604 lime_mask_0.25 seed=2
1984 stability imagenet vgg13 ILSVRC2012_val_00000604 lime_mask_0.25 seed=3
1985 stability imagenet vgg13 ILSVRC2012_val_00000604 lime_mask_0.25 seed=4
1986 stability imagenet vgg13 ILSVRC2012_val_00000604 lime_mask_0.75 seed=0
1987 stability imagenet vgg13 ILSVRC2012_val_00000604 lime_mask_0.75 seed=1
1988 stability imagenet vgg13 ILSVRC2012_val_00000604 lime_mask_0.75 seed=2
1989 stability imagenet vgg13 ILSVRC2012_val_00000604 lime_mask_0.75 seed=3
1990 stability imagenet vgg13 ILSVRC2012_val_00000604 lime_mask_0.75 seed=4
1991 stability imagenet vgg13 ILSVRC2012_val_00000604 rise_mask_0.25 seed=0
1992 stability imagenet vgg13 ILSVRC2012_val_00000604 rise_mask_0.25 seed=1
1993 stability imagenet vgg13 ILSVRC2012_val_00000604 rise_mask_0.25 seed=2
1994 stability imagenet vgg13 ILSVRC2012_val_00000604 rise_mask_0.25 seed=3
1995 stability imagenet vgg13 ILSVRC2012_val_00000604 rise_mask_0.25 seed=4
1996 stability imagenet vgg13 ILSVRC2012_val_00000604 rise_mask_0.75 seed=0
1997 stability imagenet vgg13 ILSVRC2012_val_00000604 rise_mask_0.75 seed=1
1998 stability imagenet vgg13 ILSVRC2012_val_00000604 rise_mask_0.75 seed=2
1999 stability imagenet vgg13 ILSVRC2012_val_00000604 rise_mask_0.75 seed=3
2000 stability imagenet vgg13 ILSVRC2012_val_00000604 rise_mask_0.75 seed=4
2001 stability imagenet vgg13 ILSVRC2012_val_00002263 lime_slic_50 seed=0
2002 stability imagenet vgg13 ILSVRC2012_val_00002263 lime_slic_50 seed=1
2003 stability imagenet vgg13 ILSVRC2012_val_00002263 lime_slic_50 seed=2
2004 stability imagenet vgg13 ILSVRC2012_val_00002263 lime_slic_50 seed=3
2005 stability imagenet vgg13 ILSVRC2012_val_00002263 lime_slic_50 seed=4
2006 stability imagenet vgg13 ILSVRC2012_val_00002263 lime_slic_200 seed=0
2007 stability imagenet vgg13 ILSVRC2012_val_00002263 lime_slic_200 seed=1
2008 stability imagenet vgg13 ILSVRC2012_val_00002263 lime_slic_200 seed=2
2009 stability imagenet vgg13 ILSVRC2012_val_00002263 lime_slic_200 seed=3
2010 stability imagenet vgg13 ILSVRC2012_val_00002263 lime_slic_200 seed=4
2011 stability imagenet vgg13 ILSVRC2012_val_00002263 lime_slic_300 seed=0
2012 stability imagenet vgg13 ILSVRC2012_val_00002263 lime_slic_300 seed=1
2013 stability imagenet vgg13 ILSVRC2012_val_00002263 lime_slic_300 seed=2
2014 stability imagenet vgg13 ILSVRC2012_val_00002263 lime_slic_300 seed=3
2015 stability imagenet vgg13 ILSVRC2012_val_00002263 lime_slic_300 seed=4
2016 stability imagenet vgg13 ILSVRC2012_val_00002263 rise_grid_4 seed=0
2017 stability imagenet vgg13 ILSVRC2012_val_00002263 rise_grid_4 seed=1
2018 stability imagenet vgg13 ILSVRC2012_val_00002263 rise_grid_4 seed=2
2019 stability imagenet vgg13 ILSVRC2012_val_00002263 rise_grid_4 seed=3
2020 stability imagenet vgg13 ILSVRC2012_val_00002263 rise_grid_4 seed=4
2021 stability imagenet vgg13 ILSVRC2012_val_00002263 rise_grid_10 seed=0
2022 stability imagenet vgg13 ILSVRC2012_val_00002263 rise_grid_10 seed=1
2023 stability imagenet vgg13 ILSVRC2012_val_00002263 rise_grid_10 seed=2
2024 stability imagenet vgg13 ILSVRC2012_val_00002263 rise_grid_10 seed=3
2025 stability imagenet vgg13 ILSVRC2012_val_00002263 rise_grid_10 seed=4
2026 stability imagenet vgg13 ILSVRC2012_val_00002263 rise_grid_14 seed=0
2027 stability imagenet vgg13 ILSVRC2012_val_00002263 rise_grid_14 seed=1
2028 stability imagenet vgg13 ILSVRC2012_val_00002263 rise_grid_14 seed=2
2029 stability imagenet vgg13 ILSVRC2012_val_00002263 rise_grid_14 seed=3
2030 stability imagenet vgg13 ILSVRC2012_val_00002263 rise_grid_14 seed=4
2031 stability imagenet vgg13 ILSVRC2012_val_00002263 lime_mask_0.25 seed=0
2032 stability imagenet vgg13 ILSVRC2012_val_00002263 lime_mask_0.25 seed=1
2033 stability imagenet vgg13 ILSVRC2012_val_00002263 lime_mask_0.25 seed=2
2034 stability imagenet vgg13 ILSVRC2012_val_00002263 lime_mask_0.25 seed=3
2035 stability imagenet vgg13 ILSVRC2012_val_00002263 lime_mask_0.25 seed=4
2036 stability imagenet vgg13 ILSVRC2012_val_00002263 lime_mask_0.75 seed=0
2037 stability imagenet vgg13 ILSVRC2012_val_00002263 lime_mask_0.75 seed=1
2038 stability imagenet vgg13 ILSVRC2012_val_00002263 lime_mask_0.75 seed=2
2039 stability imagenet vgg13 ILSVRC2012_val_00002263 lime_mask_0.75 seed=3
2040 stability imagenet vgg13 ILSVRC2012_val_00002263 lime_mask_0.75 seed=4
2041 stability imagenet vgg13 ILSVRC2012_val_00002263 rise_mask_0.25 seed=0
2042 stability imagenet vgg13 ILSVRC2012_val_00002263 rise_mask_0.25 seed=1
2043 stability imagenet vgg13 ILSVRC2012_val_00002263 rise_mask_0.25 seed=2
2044 stability imagenet vgg13 ILSVRC2012_val_00002263 rise_mask_0.25 seed=3
2045 stability imagenet vgg13 ILSVRC2012_val_00002263 rise_mask_0.25 seed=4
2046 stability imagenet vgg13 ILSVRC2012_val_00002263 rise_mask_0.75 seed=0
2047 stability imagenet vgg13 ILSVRC2012_val_00002263 rise_mask_0.75 seed=1
2048 stability imagenet vgg13 ILSVRC2012_val_00002263 rise_mask_0.75 seed=2
2049 stability imagenet vgg13 ILSVRC2012_val_00002263 rise_mask_0.75 seed=3
2050 stability imagenet vgg13 ILSVRC2012_val_00002263 rise_mask_0.75 seed=4
2051 stability imagenet vgg13 ILSVRC2012_val_00002769 lime_slic_50 seed=0
2052 stability imagenet vgg13 ILSVRC2012_val_00002769 lime_slic_50 seed=1
2053 stability imagenet vgg13 ILSVRC2012_val_00002769 lime_slic_50 seed=2
2054 stability imagenet vgg13 ILSVRC2012_val_00002769 lime_slic_50 seed=3
2055 stability imagenet vgg13 ILSVRC2012_val_00002769 lime_slic_50 seed=4
2056 stability imagenet vgg13 ILSVRC2012_val_00002769 lime_slic_200 seed=0
2057 stability imagenet vgg13 ILSVRC2012_val_00002769 lime_slic_200 seed=1
2058 stability imagenet vgg13 ILSVRC2012_val_00002769 lime_slic_200 seed=2
2059 stability imagenet vgg13 ILSVRC2012_val_00002769 lime_slic_200 seed=3
2060 stability imagenet vgg13 ILSVRC2012_val_00002769 lime_slic_200 seed=4
2061 stability imagenet vgg13 ILSVRC2012_val_00002769 lime_slic_300 seed=0
2062 stability imagenet vgg13 ILSVRC2012_val_00002769 lime_slic_300 seed=1
2063 stability imagenet vgg13 ILSVRC2012_val_00002769 lime_slic_300 seed=2
2064 stability imagenet vgg13 ILSVRC2012_val_00002769 lime_slic_300 seed=3
2065 stability imagenet vgg13 ILSVRC2012_val_00002769 lime_slic_300 seed=4
2066 stability imagenet vgg13 ILSVRC2012_val_00002769 rise_grid_4 seed=0
2067 stability imagenet vgg13 ILSVRC2012_val_00002769 rise_grid_4 seed=1
2068 stability imagenet vgg13 ILSVRC2012_val_00002769 rise_grid_4 seed=2
2069 stability imagenet vgg13 ILSVRC2012_val_00002769 rise_grid_4 seed=3
2070 stability imagenet vgg13 ILSVRC2012_val_00002769 rise_grid_4 seed=4
2071 stability imagenet vgg13 ILSVRC2012_val_00002769 rise_grid_10 seed=0
2072 stability imagenet vgg13 ILSVRC2012_val_00002769 rise_grid_10 seed=1
2073 stability imagenet vgg13 ILSVRC2012_val_00002769 rise_grid_10 seed=2
2074 stability imagenet vgg13 ILSVRC2012_val_00002769 rise_grid_10 seed=3
2075 stability imagenet vgg13 ILSVRC2012_val_00002769 rise_grid_10 seed=4
2076 stability imagenet vgg13 ILSVRC2012_val_00002769 rise_grid_14 seed=0
2077 stability imagenet vgg13 ILSVRC2012_val_00002769 rise_grid_14 seed=1
2078 stability imagenet vgg13 ILSVRC2012_val_00002769 rise_grid_14 seed=2
2079 stability imagenet vgg13 ILSVRC2012_val_00002769 rise_grid_14 seed=3
2080 stability imagenet vgg13 ILSVRC2012_val_00002769 rise_grid_14 seed=4
2081 stability imagenet vgg13 ILSVRC2012_val_00002769 lime_mask_0.25 seed=0
2082 stability imagenet vgg13 ILSVRC2012_val_00002769 lime_mask_0.25 seed=1
2083 stability imagenet vgg13 ILSVRC2012_val_00002769 lime_mask_0.25 seed=2
2084 stability imagenet vgg13 ILSVRC2012_val_00002769 lime_mask_0.25 seed=3
2085 stability imagenet vgg13 ILSVRC2012_val_00002769 lime_mask_0.25 seed=4
2086 stability imagenet vgg13 ILSVRC2012_val_00002769 lime_mask_0.75 seed=0
2087 stability imagenet vgg13 ILSVRC2012_val_00002769 lime_mask_0.75 seed=1
2088 stability imagenet vgg13 ILSVRC2012_val_00002769 lime_mask_0.75 seed=2
2089 stability imagenet vgg13 ILSVRC2012_val_00002769 lime_mask_0.75 seed=3
2090 stability imagenet vgg13 ILSVRC2012_val_00002769 lime_mask_0.75 seed=4
2091 stability imagenet vgg13 ILSVRC2012_val_00002769 rise_mask_0.25 seed=0
2092 stability imagenet vgg13 ILSVRC2012_val_00002769 rise_mask_0.25 seed=1
2093 stability imagenet vgg13 ILSVRC2012_val_00002769 rise_mask_0.25 seed=2
2094 stability imagenet vgg13 ILSVRC2012_val_00002769 rise_mask_0.25 seed=3
2095 stability imagenet vgg13 ILSVRC2012_val_00002769 rise_mask_0.25 seed=4
2096 stability imagenet vgg13 ILSVRC2012_val_00002769 rise_mask_0.75 seed=0
2097 stability imagenet vgg13 ILSVRC2012_val_00002769 rise_mask_0.75 seed=1
2098 stability imagenet vgg13 ILSVRC2012_val_00002769 rise_mask_0.75 seed=2
2099 stability imagenet vgg13 ILSVRC2012_val_00002769 rise_mask_0.75 seed=3
2100 stability imagenet vgg13 ILSVRC2012_val_00002769 rise_mask_0.75 seed=4
2101 stability imagenet vgg13 ILSVRC2012_val_00004344 lime_slic_50 seed=0
2102 stability imagenet vgg13 ILSVRC2012_val_00004344 lime_slic_50 seed=1
2103 stability imagenet vgg13 ILSVRC2012_val_00004344 lime_slic_50 seed=2
2104 stability imagenet vgg13 ILSVRC2012_val_00004344 lime_slic_50 seed=3
2105 stability imagenet vgg13 ILSVRC2012_val_00004344 lime_slic_50 seed=4
2106 stability imagenet vgg13 ILSVRC2012_val_00004344 lime_slic_200 seed=0
2107 stability imagenet vgg13 ILSVRC2012_val_00004344 lime_slic_200 seed=1
2108 stability imagenet vgg13 ILSVRC2012_val_00004344 lime_slic_200 seed=2
2109 stability imagenet vgg13 ILSVRC2012_val_00004344 lime_slic_200 seed=3
2110 stability imagenet vgg13 ILSVRC2012_val_00004344 lime_slic_200 seed=4
2111 stability imagenet vgg13 ILSVRC2012_val_00004344 lime_slic_300 seed=0
2112 stability imagenet vgg13 ILSVRC2012_val_00004344 lime_slic_300 seed=1
2113 stability imagenet vgg13 ILSVRC2012_val_00004344 lime_slic_300 seed=2
2114 stability imagenet vgg13 ILSVRC2012_val_00004344 lime_slic_300 seed=3
2115 stability imagenet vgg13 ILSVRC2012_val_00004344 lime_slic_300 seed=4
2116 stability imagenet vgg13 ILSVRC2012_val_00004344 rise_grid_4 seed=0
2117 stability imagenet vgg13 ILSVRC2012_val_00004344 rise_grid_4 seed=1
2118 stability imagenet vgg13 ILSVRC2012_val_00004344 rise_grid_4 seed=2
2119 stability imagenet vgg13 ILSVRC2012_val_00004344 rise_grid_4 seed=3
2120 stability imagenet vgg13 ILSVRC2012_val_00004344 rise_grid_4 seed=4
2121 stability imagenet vgg13 ILSVRC2012_val_00004344 rise_grid_10 seed=0
2122 stability imagenet vgg13 ILSVRC2012_val_00004344 rise_grid_10 seed=1
2123 stability imagenet vgg13 ILSVRC2012_val_00004344 rise_grid_10 seed=2
2124 stability imagenet vgg13 ILSVRC2012_val_00004344 rise_grid_10 seed=3
2125 stability imagenet vgg13 ILSVRC2012_val_00004344 rise_grid_10 seed=4
2126 stability imagenet vgg13 ILSVRC2012_val_00004344 rise_grid_14 seed=0
2127 stability imagenet vgg13 ILSVRC2012_val_00004344 rise_grid_14 seed=1
2128 stability imagenet vgg13 ILSVRC2012_val_00004344 rise_grid_14 seed=2
2129 stability imagenet vgg13 ILSVRC2012_val_00004344 rise_grid_14 seed=3
2130 stability imagenet vgg13 ILSVRC2012_val_00004344 rise_grid_14 seed=4
2131 stability imagenet vgg13 ILSVRC2012_val_00004344 lime_mask_0.25 seed=0
2132 stability imagenet vgg13 ILSVRC2012_val_00004344 lime_mask_0.25 seed=1
2133 stability imagenet vgg13 ILSVRC2012_val_00004344 lime_mask_0.25 seed=2
2134 stability imagenet vgg13 ILSVRC2012_val_00004344 lime_mask_0.25 seed=3
2135 stability imagenet vgg13 ILSVRC2012_val_00004344 lime_mask_0.25 seed=4
2136 stability imagenet vgg13 ILSVRC2012_val_00004344 lime_mask_0.75 seed=0
2137 stability imagenet vgg13 ILSVRC2012_val_00004344 lime_mask_0.75 seed=1
2138 stability imagenet vgg13 ILSVRC2012_val_00004344 lime_mask_0.75 seed=2
2139 stability imagenet vgg13 ILSVRC2012_val_00004344 lime_mask_0.75 seed=3
2140 stability imagenet vgg13 ILSVRC2012_val_00004344 lime_mask_0.75 seed=4
2141 stability imagenet vgg13 ILSVRC2012_val_00004344 rise_mask_0.25 seed=0
2142 stability imagenet vgg13 ILSVRC2012_val_00004344 rise_mask_0.25 seed=1
2143 stability imagenet vgg13 ILSVRC2012_val_00004344 rise_mask_0.25 seed=2
2144 stability imagenet vgg13 ILSVRC2012_val_00004344 rise_mask_0.25 seed=3
2145 stability imagenet vgg13 ILSVRC2012_val_00004344 rise_mask_0.25 seed=4
2146 stability imagenet vgg13 ILSVRC2012_val_00004344 rise_mask_0.75 seed=0
2147 stability imagenet vgg13 ILSVRC2012_val_00004344 rise_mask_0.75 seed=1
2148 stability imagenet vgg13 ILSVRC2012_val_00004344 rise_mask_0.75 seed=2
2149 stability imagenet vgg13 ILSVRC2012_val_00004344 rise_mask_0.75 seed=3
2150 stability imagenet vgg13 ILSVRC2012_val_00004344 rise_mask_0.75 seed=4
2151 stability imagenet vgg13 ILSVRC2012_val_00005454 lime_slic_50 seed=0
2152 stability imagenet vgg13 ILSVRC2012_val_00005454 lime_slic_50 seed=1
2153 stability imagenet vgg13 ILSVRC2012_val_00005454 lime_slic_50 seed=2
2154 stability imagenet vgg13 ILSVRC2012_val_00005454 lime_slic_50 seed=3
2155 stability imagenet vgg13 ILSVRC2012_val_00005454 lime_slic_50 seed=4
2156 stability imagenet vgg13 ILSVRC2012_val_00005454 lime_slic_200 seed=0
2157 stability imagenet vgg13 ILSVRC2012_val_00005454 lime_slic_200 seed=1
2158 stability imagenet vgg13 ILSVRC2012_val_00005454 lime_slic_200 seed=2
2159 stability imagenet vgg13 ILSVRC2012_val_00005454 lime_slic_200 seed=3
2160 stability imagenet vgg13 ILSVRC2012_val_00005454 lime_slic_200 seed=4
2161 stability imagenet vgg13 ILSVRC2012_val_00005454 lime_slic_300 seed=0
2162 stability imagenet vgg13 ILSVRC2012_val_00005454 lime_slic_300 seed=1
2163 stability imagenet vgg13 ILSVRC2012_val_00005454 lime_slic_300 seed=2
2164 stability imagenet vgg13 ILSVRC2012_val_00005454 lime_slic_300 seed=3
2165 stability imagenet vgg13 ILSVRC2012_val_00005454 lime_slic_300 seed=4
2166 stability imagenet vgg13 ILSVRC2012_val_00005454 rise_grid_4 seed=0
2167 stability imagenet vgg13 ILSVRC2012_val_00005454 rise_grid_4 seed=1
2168 stability imagenet vgg13 ILSVRC2012_val_00005454 rise_grid_4 seed=2
2169 stability imagenet vgg13 ILSVRC2012_val_00005454 rise_grid_4 seed=3
2170 stability imagenet vgg13 ILSVRC2012_val_00005454 rise_grid_4 seed=4
2171 stability imagenet vgg13 ILSVRC2012_val_00005454 rise_grid_10 seed=0
2172 stability imagenet vgg13 ILSVRC2012_val_00005454 rise_grid_10 seed=1
2173 stability imagenet vgg13 ILSVRC2012_val_00005454 rise_grid_10 seed=2
2174 stability imagenet vgg13 ILSVRC2012_val_00005454 rise_grid_10 seed=3
2175 stability imagenet vgg13 ILSVRC2012_val_00005454 rise_grid_10 seed=4
2176 stability imagenet vgg13 ILSVRC2012_val_00005454 rise_grid_14 seed=0
2177 stability imagenet vgg13 ILSVRC2012_val_00005454 rise_grid_14 seed=1
2178 stability imagenet vgg13 ILSVRC2012_val_00005454 rise_grid_14 seed=2
2179 stability imagenet vgg13 ILSVRC2012_val_00005454 rise_grid_14 seed=3
2180 stability imagenet vgg13 ILSVRC2012_val_00005454 rise_grid_14 seed=4
2181 stability imagenet vgg13 ILSVRC2012_val_00005454 lime_mask_0.25 seed=0
2182 stability imagenet vgg13 ILSVRC2012_val_00005454 lime_mask_0.25 seed=1
2183 stability imagenet vgg13 ILSVRC2012_val_00005454 lime_mask_0.25 seed=2
2184 stability imagenet vgg13 ILSVRC2012_val_00005454 lime_mask_0.25 seed=3
2185 stability imagenet vgg13 ILSVRC2012_val_00005454 lime_mask_0.25 seed=4
2186 stability imagenet vgg13 ILSVRC2012_val_00005454 lime_mask_0.75 seed=0
2187 stability imagenet vgg13 ILSVRC2012_val_00005454 lime_mask_0.75 seed=1
2188 stability imagenet vgg13 ILSVRC2012_val_00005454 lime_mask_0.75 seed=2
2189 stability imagenet vgg13 ILSVRC2012_val_00005454 lime_mask_0.75 seed=3
2190 stability imagenet vgg13 ILSVRC2012_val_00005454 lime_mask_0.75 seed=4
2191 stability imagenet vgg13 ILSVRC2012_val_00005454 rise_mask_0.25 seed=0
2192 stability imagenet vgg13 ILSVRC2012_val_00005454 rise_mask_0.25 seed=1
2193 stability imagenet vgg13 ILSVRC2012_val_00005454 rise_mask_0.25 seed=2
2194 stability imagenet vgg13 ILSVRC2012_val_00005454 rise_mask_0.25 seed=3
2195 stability imagenet vgg13 ILSVRC2012_val_00005454 rise_mask_0.25 seed=4
2196 stability imagenet vgg13 ILSVRC2012_val_00005454 rise_mask_0.75 seed=0
2197 stability imagenet vgg13 ILSVRC2012_val_00005454 rise_mask_0.75 seed=1
2198 stability imagenet vgg13 ILSVRC2012_val_00005454 rise_mask_0.75 seed=2
2199 stability imagenet vgg13 ILSVRC2012_val_00005454 rise_mask_0.75 seed=3
2200 stability imagenet vgg13 ILSVRC2012_val_00005454 rise_mask_0.75 seed=4
2201 stability imagenet vgg13 ILSVRC2012_val_00005904 lime_slic_50 seed=0
2202 stability imagenet vgg13 ILSVRC2012_val_00005904 lime_slic_50 seed=1
2203 stability imagenet vgg13 ILSVRC2012_val_00005904 lime_slic_50 seed=2
2204 stability imagenet vgg13 ILSVRC2012_val_00005904 lime_slic_50 seed=3
2205 stability imagenet vgg13 ILSVRC2012_val_00005904 lime_slic_50 seed=4
2206 stability imagenet vgg13 ILSVRC2012_val_00005904 lime_slic_200 seed=0
2207 stability imagenet vgg13 ILSVRC2012_val_00005904 lime_slic_200 seed=1
2208 stability imagenet vgg13 ILSVRC2012_val_00005904 lime_slic_200 seed=2
2209 stability imagenet vgg13 ILSVRC2012_val_00005904 lime_slic_200 seed=3
2210 stability imagenet vgg13 ILSVRC2012_val_00005904 lime_slic_200 seed=4
2211 stability imagenet vgg13 ILSVRC2012_val_00005904 lime_slic_300 seed=0
2212 stability imagenet vgg13 ILSVRC2012_val_00005904 lime_slic_300 seed=1
2213 stability imagenet vgg13 ILSVRC2012_val_00005904 lime_slic_300 seed=2
2214 stability imagenet vgg13 ILSVRC2012_val_00005904 lime_slic_300 seed=3
2215 stability imagenet vgg13 ILSVRC2012_val_00005904 lime_slic_300 seed=4
2216 stability imagenet vgg13 ILSVRC2012_val_00005904 rise_grid_4 seed=0
2217 stability imagenet vgg13 ILSVRC2012_val_00005904 rise_grid_4 seed=1
2218 stability imagenet vgg13 ILSVRC2012_val_00005904 rise_grid_4 seed=2
2219 stability imagenet vgg13 ILSVRC2012_val_00005904 rise_grid_4 seed=3
2220 stability imagenet vgg13 ILSVRC2012_val_00005904 rise_grid_4 seed=4
2221 stability imagenet vgg13 ILSVRC2012_val_00005904 rise_grid_10 seed=0
2222 stability imagenet vgg13 ILSVRC2012_val_00005904 rise_grid_10 seed=1
2223 stability imagenet vgg13 ILSVRC2012_val_00005904 rise_grid_10 seed=2
2224 stability imagenet vgg13 ILSVRC2012_val_00005904 rise_grid_10 seed=3
2225 stability imagenet vgg13 ILSVRC2012_val_00005904 rise_grid_10 seed=4
2226 stability imagenet vgg13 ILSVRC2012_val_00005904 rise_grid_14 seed=0
2227 stability imagenet vgg13 ILSVRC2012_val_00005904 rise_grid_14 seed=1
2228 stability imagenet vgg13 ILSVRC2012_val_00005904 rise_grid_14 seed=2
2229 stability imagenet vgg13 ILSVRC2012_val_00005904 rise_grid_14 seed=3
2230 stability imagenet vgg13 ILSVRC2012_val_00005904 rise_grid_14 seed=4
2231 stability imagenet vgg13 ILSVRC2012_val_00005904 lime_mask_0.25 seed=0
2232 stability imagenet vgg13 ILSVRC2012_val_00005904 lime_mask_0.25 seed=1
2233 stability imagenet vgg13 ILSVRC2012_val_00005904 lime_mask_0.25 seed=2
2234 stability imagenet vgg13 ILSVRC2012_val_00005904 lime_mask_0.25 seed=3
2235 stability imagenet vgg13 ILSVRC2012_val_00005904 lime_mask_0.25 seed=4
2236 stability imagenet vgg13 ILSVRC2012_val_00005904 lime_mask_0.75 seed=0
2237 stability imagenet vgg13 ILSVRC2012_val_00005904 lime_mask_0.75 seed=1
2238 stability imagenet vgg13 ILSVRC2012_val_00005904 lime_mask_0.75 seed=2
2239 stability imagenet vgg13 ILSVRC2012_val_00005904 lime_mask_0.75 seed=3
2240 stability imagenet vgg13 ILSVRC2012_val_00005904 lime_mask_0.75 seed=4
2241 stability imagenet vgg13 ILSVRC2012_val_00005904 rise_mask_0.25 seed=0
2242 stability imagenet vgg13 ILSVRC2012_val_00005904 rise_mask_0.25 seed=1
2243 stability imagenet vgg13 ILSVRC2012_val_00005904 rise_mask_0.25 seed=2
2244 stability imagenet vgg13 ILSVRC2012_val_00005904 rise_mask_0.25 seed=3
2245 stability imagenet vgg13 ILSVRC2012_val_00005904 rise_mask_0.25 seed=4
2246 stability imagenet vgg13 ILSVRC2012_val_00005904 rise_mask_0.75 seed=0
2247 stability imagenet vgg13 ILSVRC2012_val_00005904 rise_mask_0.75 seed=1
2248 stability imagenet vgg13 ILSVRC2012_val_00005904 rise_mask_0.75 seed=2
2249 stability imagenet vgg13 ILSVRC2012_val_00005904 rise_mask_0.75 seed=3
2250 stability imagenet vgg13 ILSVRC2012_val_00005904 rise_mask_0.75 seed=4
2251 stability imagenet vgg13 ILSVRC2012_val_00006283 lime_slic_50 seed=0
2252 stability imagenet vgg13 ILSVRC2012_val_00006283 lime_slic_50 seed=1
2253 stability imagenet vgg13 ILSVRC2012_val_00006283 lime_slic_50 seed=2
2254 stability imagenet vgg13 ILSVRC2012_val_00006283 lime_slic_50 seed=3
2255 stability imagenet vgg13 ILSVRC2012_val_00006283 lime_slic_50 seed=4
2256 stability imagenet vgg13 ILSVRC2012_val_00006283 lime_slic_200 seed=0
2257 stability imagenet vgg13 ILSVRC2012_val_00006283 lime_slic_200 seed=1
2258 stability imagenet vgg13 ILSVRC2012_val_00006283 lime_slic_200 seed=2
2259 stability imagenet vgg13 ILSVRC2012_val_00006283 lime_slic_200 seed=3
2260 stability imagenet vgg13 ILSVRC2012_val_00006283 lime_slic_200 seed=4
2261 stability imagenet vgg13 ILSVRC2012_val_00006283 lime_slic_300 seed=0
2262 stability imagenet vgg13 ILSVRC2012_val_00006283 lime_slic_300 seed=1
2263 stability imagenet vgg13 ILSVRC2012_val_00006283 lime_slic_300 seed=2
2264 stability imagenet vgg13 ILSVRC2012_val_00006283 lime_slic_300 seed=3
2265 stability imagenet vgg13 ILSVRC2012_val_00006283 lime_slic_300 seed=4
2266 stability imagenet vgg13 ILSVRC2012_val_00006283 rise_grid_4 seed=0
2267 stability imagenet vgg13 ILSVRC2012_val_00006283 rise_grid_4 seed=1
2268 stability imagenet vgg13 ILSVRC2012_val_00006283 rise_grid_4 seed=2
2269 stability imagenet vgg13 ILSVRC2012_val_00006283 rise_grid_4 seed=3
2270 stability imagenet vgg13 ILSVRC2012_val_00006283 rise_grid_4 seed=4
2271 stability imagenet vgg13 ILSVRC2012_val_00006283 rise_grid_10 seed=0
2272 stability imagenet vgg13 ILSVRC2012_val_00006283 rise_grid_10 seed=1
2273 stability imagenet vgg13 ILSVRC2012_val_00006283 rise_grid_10 seed=2
2274 stability imagenet vgg13 ILSVRC2012_val_00006283 rise_grid_10 seed=3
2275 stability imagenet vgg13 ILSVRC2012_val_00006283 rise_grid_10 seed=4
2276 stability imagenet vgg13 ILSVRC2012_val_00006283 rise_grid_14 seed=0
2277 stability imagenet vgg13 ILSVRC2012_val_00006283 rise_grid_14 seed=1
2278 stability imagenet vgg13 ILSVRC2012_val_00006283 rise_grid_14 seed=2
2279 stability imagenet vgg13 ILSVRC2012_val_00006283 rise_grid_14 seed=3
2280 stability imagenet vgg13 ILSVRC2012_val_00006283 rise_grid_14 seed=4
2281 stability imagenet vgg13 ILSVRC2012_val_00006283 lime_mask_0.25 seed=0
2282 stability imagenet vgg13 ILSVRC2012_val_00006283 lime_mask_0.25 seed=1
2283 stability imagenet vgg13 ILSVRC2012_val_00006283 lime_mask_0.25 seed=2
2284 stability imagenet vgg13 ILSVRC2012_val_00006283 lime_mask_0.25 seed=3
2285 stability imagenet vgg13 ILSVRC2012_val_00006283 lime_mask_0.25 seed=4
2286 stability imagenet vgg13 ILSVRC2012_val_00006283 lime_mask_0.75 seed=0
2287 stability imagenet vgg13 ILSVRC2012_val_00006283 lime_mask_0.75 seed=1
2288 stability imagenet vgg13 ILSVRC2012_val_00006283 lime_mask_0.75 seed=2
2289 stability imagenet vgg13 ILSVRC2012_val_00006283 lime_mask_0.75 seed=3
2290 stability imagenet vgg13 ILSVRC2012_val_00006283 lime_mask_0.75 seed=4
2291 stability imagenet vgg13 ILSVRC2012_val_00006283 rise_mask_0.25 seed=0
2292 stability imagenet vgg13 ILSVRC2012_val_00006283 rise_mask_0.25 seed=1
2293 stability imagenet vgg13 ILSVRC2012_val_00006283 rise_mask_0.25 seed=2
2294 stability imagenet vgg13 ILSVRC2012_val_00006283 rise_mask_0.25 seed=3
2295 stability imagenet vgg13 ILSVRC2012_val_00006283 rise_mask_0.25 seed=4
2296 stability imagenet vgg13 ILSVRC2012_val_00006283 rise_mask_0.75 seed=0
2297 stability imagenet vgg13 ILSVRC2012_val_00006283 rise_mask_0.75 seed=1
2298 stability imagenet vgg13 ILSVRC2012_val_00006283 rise_mask_0.75 seed=2
2299 stability imagenet vgg13 ILSVRC2012_val_00006283 rise_mask_0.75 seed=3
2300 stability imagenet vgg13 ILSVRC2012_val_00006283 rise_mask_0.75 seed=4
2301 stability imagenet vgg13 ILSVRC2012_val_00006551 lime_slic_50 seed=0
2302 stability imagenet vgg13 ILSVRC2012_val_00006551 lime_slic_50 seed=1
2303 stability imagenet vgg13 ILSVRC2012_val_00006551 lime_slic_50 seed=2
2304 stability imagenet vgg13 ILSVRC2012_val_00006551 lime_slic_50 seed=3
2305 stability imagenet vgg13 ILSVRC2012_val_00006551 lime_slic_50 seed=4
2306 stability imagenet vgg13 ILSVRC2012_val_00006551 lime_slic_200 seed=0
2307 stability imagenet vgg13 ILSVRC2012_val_00006551 lime_slic_200 seed=1
2308 stability imagenet vgg13 ILSVRC2012_val_00006551 lime_slic_200 seed=2
2309 stability imagenet vgg13 ILSVRC2012_val_00006551 lime_slic_200 seed=3
2310 stability imagenet vgg13 ILSVRC2012_val_00006551 lime_slic_200 seed=4
2311 stability imagenet vgg13 ILSVRC2012_val_00006551 lime_slic_300 seed=0
2312 stability imagenet vgg13 ILSVRC2012_val_00006551 lime_slic_300 seed=1
2313 stability imagenet vgg13 ILSVRC2012_val_00006551 lime_slic_300 seed=2
2314 stability imagenet vgg13 ILSVRC2012_val_00006551 lime_slic_300 seed=3
2315 stability imagenet vgg13 ILSVRC2012_val_00006551 lime_slic_300 seed=4
2316 stability imagenet vgg13 ILSVRC2012_val_00006551 rise_grid_4 seed=0
2317 stability imagenet vgg13 ILSVRC2012_val_00006551 rise_grid_4 seed=1
2318 stability imagenet vgg13 ILSVRC2012_val_00006551 rise_grid_4 seed=2
2319 stability imagenet vgg13 ILSVRC2012_val_00006551 rise_grid_4 seed=3
2320 stability imagenet vgg13 ILSVRC2012_val_00006551 rise_grid_4 seed=4
2321 stability imagenet vgg13 ILSVRC2012_val_00006551 rise_grid_10 seed=0
2322 stability imagenet vgg13 ILSVRC2012_val_00006551 rise_grid_10 seed=1
2323 stability imagenet vgg13 ILSVRC2012_val_00006551 rise_grid_10 seed=2
2324 stability imagenet vgg13 ILSVRC2012_val_00006551 rise_grid_10 seed=3
2325 stability imagenet vgg13 ILSVRC2012_val_00006551 rise_grid_10 seed=4
2326 stability imagenet vgg13 ILSVRC2012_val_00006551 rise_grid_14 seed=0
2327 stability imagenet vgg13 ILSVRC2012_val_00006551 rise_grid_14 seed=1
2328 stability imagenet vgg13 ILSVRC2012_val_00006551 rise_grid_14 seed=2
2329 stability imagenet vgg13 ILSVRC2012_val_00006551 rise_grid_14 seed=3
2330 stability imagenet vgg13 ILSVRC2012_val_00006551 rise_grid_14 seed=4
2331 stability imagenet vgg13 ILSVRC2012_val_00006551 lime_mask_0.25 seed=0
2332 stability imagenet vgg13 ILSVRC2012_val_00006551 lime_mask_0.25 seed=1
2333 stability imagenet vgg13 ILSVRC2012_val_00006551 lime_mask_0.25 seed=2
2334 stability imagenet vgg13 ILSVRC2012_val_00006551 lime_mask_0.25 seed=3
2335 stability imagenet vgg13 ILSVRC2012_val_00006551 lime_mask_0.25 seed=4
2336 stability imagenet vgg13 ILSVRC2012_val_00006551 lime_mask_0.75 seed=0
2337 stability imagenet vgg13 ILSVRC2012_val_00006551 lime_mask_0.75 seed=1
2338 stability imagenet vgg13 ILSVRC2012_val_00006551 lime_mask_0.75 seed=2
2339 stability imagenet vgg13 ILSVRC2012_val_00006551 lime_mask_0.75 seed=3
2340 stability imagenet vgg13 ILSVRC2012_val_00006551 lime_mask_0.75 seed=4
2341 stability imagenet vgg13 ILSVRC2012_val_00006551 rise_mask_0.25 seed=0
2342 stability imagenet vgg13 ILSVRC2012_val_00006551 rise_mask_0.25 seed=1
2343 stability imagenet vgg13 ILSVRC2012_val_00006551 rise_mask_0.25 seed=2
2344 stability imagenet vgg13 ILSVRC2012_val_00006551 rise_mask_0.25 seed=3
2345 stability imagenet vgg13 ILSVRC2012_val_00006551 rise_mask_0.25 seed=4
2346 stability imagenet vgg13 ILSVRC2012_val_00006551 rise_mask_0.75 seed=0
2347 stability imagenet vgg13 ILSVRC2012_val_00006551 rise_mask_0.75 seed=1
2348 stability imagenet vgg13 ILSVRC2012_val_00006551 rise_mask_0.75 seed=2
2349 stability imagenet vgg13 ILSVRC2012_val_00006551 rise_mask_0.75 seed=3
2350 stability imagenet vgg13 ILSVRC2012_val_00006551 rise_mask_0.75 seed=4
2351 stability imagenet vgg13 ILSVRC2012_val_00006920 lime_slic_50 seed=0
2352 stability imagenet vgg13 ILSVRC2012_val_00006920 lime_slic_50 seed=1
2353 stability imagenet vgg13 ILSVRC2012_val_00006920 lime_slic_50 seed=2
2354 stability imagenet vgg13 ILSVRC2012_val_00006920 lime_slic_50 seed=3
2355 stability imagenet vgg13 ILSVRC2012_val_00006920 lime_slic_50 seed=4
2356 stability imagenet vgg13 ILSVRC2012_val_00006920 lime_slic_200 seed=0
2357 stability imagenet vgg13 ILSVRC2012_val_00006920 lime_slic_200 seed=1
2358 stability imagenet vgg13 ILSVRC2012_val_00006920 lime_slic_200 seed=2
2359 stability imagenet vgg13 ILSVRC2012_val_00006920 lime_slic_200 seed=3
2360 stability imagenet vgg13 ILSVRC2012_val_00006920 lime_slic_200 seed=4
2361 stability imagenet vgg13 ILSVRC2012_val_00006920 lime_slic_300 seed=0
2362 stability imagenet vgg13 ILSVRC2012_val_00006920 lime_slic_300 seed=1
2363 stability imagenet vgg13 ILSVRC2012_val_00006920 lime_slic_300 seed=2
2364 stability imagenet vgg13 ILSVRC2012_val_00006920 lime_slic_300 seed=3
2365 stability imagenet vgg13 ILSVRC2012_val_00006920 lime_slic_300 seed=4
2366 stability imagenet vgg13 ILSVRC2012_val_00006920 rise_grid_4 seed=0
2367 stability imagenet vgg13 ILSVRC2012_val_00006920 rise_grid_4 seed=1
2368 stability imagenet vgg13 ILSVRC2012_val_00006920 rise_grid_4 seed=2
2369 stability imagenet vgg13 ILSVRC2012_val_00006920 rise_grid_4 seed=3
2370 stability imagenet vgg13 ILSVRC2012_val_00006920 rise_grid_4 seed=4
2371 stability imagenet vgg13 ILSVRC2012_val_00006920 rise_grid_10 seed=0
2372 stability imagenet vgg13 ILSVRC2012_val_00006920 rise_grid_10 seed=1
2373 stability imagenet vgg13 ILSVRC2012_val_00006920 rise_grid_10 seed=2
2374 stability imagenet vgg13 ILSVRC2012_val_00006920 rise_grid_10 seed=3
2375 stability imagenet vgg13 ILSVRC2012_val_00006920 rise_grid_10 seed=4
2376 stability imagenet vgg13 ILSVRC2012_val_00006920 rise_grid_14 seed=0
2377 stability imagenet vgg13 ILSVRC2012_val_00006920 rise_grid_14 seed=1
2378 stability imagenet vgg13 ILSVRC2012_val_00006920 rise_grid_14 seed=2
2379 stability imagenet vgg13 ILSVRC2012_val_00006920 rise_grid_14 seed=3
2380 stability imagenet vgg13 ILSVRC2012_val_00006920 rise_grid_14 seed=4
2381 stability imagenet vgg13 ILSVRC2012_val_00006920 lime_mask_0.25 seed=0
2382 stability imagenet vgg13 ILSVRC2012_val_00006920 lime_mask_0.25 seed=1
2383 stability imagenet vgg13 ILSVRC2012_val_00006920 lime_mask_0.25 seed=2
2384 stability imagenet vgg13 ILSVRC2012_val_00006920 lime_mask_0.25 seed=3
2385 stability imagenet vgg13 ILSVRC2012_val_00006920 lime_mask_0.25 seed=4
2386 stability imagenet vgg13 ILSVRC2012_val_00006920 lime_mask_0.75 seed=0
2387 stability imagenet vgg13 ILSVRC2012_val_00006920 lime_mask_0.75 seed=1
2388 stability imagenet vgg13 ILSVRC2012_val_00006920 lime_mask_0.75 seed=2
2389 stability imagenet vgg13 ILSVRC2012_val_00006920 lime_mask_0.75 seed=3
2390 stability imagenet vgg13 ILSVRC2012_val_00006920 lime_mask_0.75 seed=4
2391 stability imagenet vgg13 ILSVRC2012_val_00006920 rise_mask_0.25 seed=0
2392 stability imagenet vgg13 ILSVRC2012_val_00006920 rise_mask_0.25 seed=1
2393 stability imagenet vgg13 ILSVRC2012_val_00006920 rise_mask_0.25 seed=2
2394 stability imagenet vgg13 ILSVRC2012_val_00006920 rise_mask_0.25 seed=3
2395 stability imagenet vgg13 ILSVRC2012_val_00006920 rise_mask_0.25 seed=4
2396 stability imagenet vgg13 ILSVRC2012_val_00006920 rise_mask_0.75 seed=0
2397 stability imagenet vgg13 ILSVRC2012_val_00006920 rise_mask_0.75 seed=1
2398 stability imagenet vgg13 ILSVRC2012_val_00006920 rise_mask_0.75 seed=2
2399 stability imagenet vgg13 ILSVRC2012_val_00006920 rise_mask_0.75 seed=3
2400 stability imagenet vgg13 ILSVRC2012_val_00006920 rise_mask_0.75 seed=4
2401 stability imagenet vgg13 ILSVRC2012_val_00007056 lime_slic_50 seed=0
2402 stability imagenet vgg13 ILSVRC2012_val_00007056 lime_slic_50 seed=1
2403 stability imagenet vgg13 ILSVRC2012_val_00007056 lime_slic_50 seed=2
2404 stability imagenet vgg13 ILSVRC2012_val_00007056 lime_slic_50 seed=3
2405 stability imagenet vgg13 ILSVRC2012_val_00007056 lime_slic_50 seed=4
2406 stability imagenet vgg13 ILSVRC2012_val_00007056 lime_slic_200 seed=0
2407 stability imagenet vgg13 ILSVRC2012_val_00007056 lime_slic_200 seed=1
2408 stability imagenet vgg13 ILSVRC2012_val_00007056 lime_slic_200 seed=2
2409 stability imagenet vgg13 ILSVRC2012_val_00007056 lime_slic_200 seed=3
2410 stability imagenet vgg13 ILSVRC2012_val_00007056 lime_slic_200 seed=4
2411 stability imagenet vgg13 ILSVRC2012_val_00007056 lime_slic_300 seed=0
2412 stability imagenet vgg13 ILSVRC2012_val_00007056 lime_slic_300 seed=1
2413 stability imagenet vgg13 ILSVRC2012_val_00007056 lime_slic_300 seed=2
2414 stability imagenet vgg13 ILSVRC2012_val_00007056 lime_slic_300 seed=3
2415 stability imagenet vgg13 ILSVRC2012_val_00007056 lime_slic_300 seed=4
2416 stability imagenet vgg13 ILSVRC2012_val_00007056 rise_grid_4 seed=0
2417 stability imagenet vgg13 ILSVRC2012_val_00007056 rise_grid_4 seed=1
2418 stability imagenet vgg13 ILSVRC2012_val_00007056 rise_grid_4 seed=2
2419 stability imagenet vgg13 ILSVRC2012_val_00007056 rise_grid_4 seed=3
2420 stability imagenet vgg13 ILSVRC2012_val_00007056 rise_grid_4 seed=4
2421 stability imagenet vgg13 ILSVRC2012_val_00007056 rise_grid_10 seed=0
2422 stability imagenet vgg13 ILSVRC2012_val_00007056 rise_grid_10 seed=1
2423 stability imagenet vgg13 ILSVRC2012_val_00007056 rise_grid_10 seed=2
2424 stability imagenet vgg13 ILSVRC2012_val_00007056 rise_grid_10 seed=3
2425 stability imagenet vgg13 ILSVRC2012_val_00007056 rise_grid_10 seed=4
2426 stability imagenet vgg13 ILSVRC2012_val_00007056 rise_grid_14 seed=0
2427 stability imagenet vgg13 ILSVRC2012_val_00007056 rise_grid_14 seed=1
2428 stability imagenet vgg13 ILSVRC2012_val_00007056 rise_grid_14 seed=2
2429 stability imagenet vgg13 ILSVRC2012_val_00007056 rise_grid_14 seed=3
2430 stability imagenet vgg13 ILSVRC2012_val_00007056 rise_grid_14 seed=4
2431 stability imagenet vgg13 ILSVRC2012_val_00007056 lime_mask_0.25 seed=0
2432 stability imagenet vgg13 ILSVRC2012_val_00007056 lime_mask_0.25 seed=1
2433 stability imagenet vgg13 ILSVRC2012_val_00007056 lime_mask_0.25 seed=2
2434 stability imagenet vgg13 ILSVRC2012_val_00007056 lime_mask_0.25 seed=3
2435 stability imagenet vgg13 ILSVRC2012_val_00007056 lime_mask_0.25 seed=4
2436 stability imagenet vgg13 ILSVRC2012_val_00007056 lime_mask_0.75 seed=0
2437 stability imagenet vgg13 ILSVRC2012_val_00007056 lime_mask_0.75 seed=1
2438 stability imagenet vgg13 ILSVRC2012_val_00007056 lime_mask_0.75 seed=2
2439 stability imagenet vgg13 ILSVRC2012_val_00007056 lime_mask_0.75 seed=3
2440 stability imagenet vgg13 ILSVRC2012_val_00007056 lime_mask_0.75 seed=4
2441 stability imagenet vgg13 ILSVRC2012_val_00007056 rise_mask_0.25 seed=0
2442 stability imagenet vgg13 ILSVRC2012_val_00007056 rise_mask_0.25 seed=1
2443 stability imagenet vgg13 ILSVRC2012_val_00007056 rise_mask_0.25 seed=2
2444 stability imagenet vgg13 ILSVRC2012_val_00007056 rise_mask_0.25 seed=3
2445 stability imagenet vgg13 ILSVRC2012_val_00007056 rise_mask_0.25 seed=4
2446 stability imagenet vgg13 ILSVRC2012_val_00007056 rise_mask_0.75 seed=0
2447 stability imagenet vgg13 ILSVRC2012_val_00007056 rise_mask_0.75 seed=1
2448 stability imagenet vgg13 ILSVRC2012_val_00007056 rise_mask_0.75 seed=2
2449 stability imagenet vgg13 ILSVRC2012_val_00007056 rise_mask_0.75 seed=3
2450 stability imagenet vgg13 ILSVRC2012_val_00007056 rise_mask_0.75 seed=4
2451 stability imagenet vgg13 ILSVRC2012_val_00007254 lime_slic_50 seed=0
2452 stability imagenet vgg13 ILSVRC2012_val_00007254 lime_slic_50 seed=1
2453 stability imagenet vgg13 ILSVRC2012_val_00007254 lime_slic_50 seed=2
2454 stability imagenet vgg13 ILSVRC2012_val_00007254 lime_slic_50 seed=3
2455 stability imagenet vgg13 ILSVRC2012_val_00007254 lime_slic_50 seed=4
2456 stability imagenet vgg13 ILSVRC2012_val_00007254 lime_slic_200 seed=0
2457 stability imagenet vgg13 ILSVRC2012_val_00007254 lime_slic_200 seed=1
2458 stability imagenet vgg13 ILSVRC2012_val_00007254 lime_slic_200 seed=2
2459 stability imagenet vgg13 ILSVRC2012_val_00007254 lime_slic_200 seed=3
2460 stability imagenet vgg13 ILSVRC2012_val_00007254 lime_slic_200 seed=4
2461 stability imagenet vgg13 ILSVRC2012_val_00007254 lime_slic_300 seed=0
2462 stability imagenet vgg13 ILSVRC2012_val_00007254 lime_slic_300 seed=1
2463 stability imagenet vgg13 ILSVRC2012_val_00007254 lime_slic_300 seed=2
2464 stability imagenet vgg13 ILSVRC2012_val_00007254 lime_slic_300 seed=3
2465 stability imagenet vgg13 ILSVRC2012_val_00007254 lime_slic_300 seed=4
2466 stability imagenet vgg13 ILSVRC2012_val_00007254 rise_grid_4 seed=0
2467 stability imagenet vgg13 ILSVRC2012_val_00007254 rise_grid_4 seed=1
2468 stability imagenet vgg13 ILSVRC2012_val_00007254 rise_grid_4 seed=2
2469 stability imagenet vgg13 ILSVRC2012_val_00007254 rise_grid_4 seed=3
2470 stability imagenet vgg13 ILSVRC2012_val_00007254 rise_grid_4 seed=4
2471 stability imagenet vgg13 ILSVRC2012_val_00007254 rise_grid_10 seed=0
2472 stability imagenet vgg13 ILSVRC2012_val_00007254 rise_grid_10 seed=1
2473 stability imagenet vgg13 ILSVRC2012_val_00007254 rise_grid_10 seed=2
2474 stability imagenet vgg13 ILSVRC2012_val_00007254 rise_grid_10 seed=3
2475 stability imagenet vgg13 ILSVRC2012_val_00007254 rise_grid_10 seed=4
2476 stability imagenet vgg13 ILSVRC2012_val_00007254 rise_grid_14 seed=0
2477 stability imagenet vgg13 ILSVRC2012_val_00007254 rise_grid_14 seed=1
2478 stability imagenet vgg13 ILSVRC2012_val_00007254 rise_grid_14 seed=2
2479 stability imagenet vgg13 ILSVRC2012_val_00007254 rise_grid_14 seed=3
2480 stability imagenet vgg13 ILSVRC2012_val_00007254 rise_grid_14 seed=4
2481 stability imagenet vgg13 ILSVRC2012_val_00007254 lime_mask_0.25 seed=0
2482 stability imagenet vgg13 ILSVRC2012_val_00007254 lime_mask_0.25 seed=1
2483 stability imagenet vgg13 ILSVRC2012_val_00007254 lime_mask_0.25 seed=2
2484 stability imagenet vgg13 ILSVRC2012_val_00007254 lime_mask_0.25 seed=3
2485 stability imagenet vgg13 ILSVRC2012_val_00007254 lime_mask_0.25 seed=4
2486 stability imagenet vgg13 ILSVRC2012_val_00007254 lime_mask_0.75 seed=0
2487 stability imagenet vgg13 ILSVRC2012_val_00007254 lime_mask_0.75 seed=1
2488 stability imagenet vgg13 ILSVRC2012_val_00007254 lime_mask_0.75 seed=2
2489 stability imagenet vgg13 ILSVRC2012_val_00007254 lime_mask_0.75 seed=3
2490 stability imagenet vgg13 ILSVRC2012_val_00007254 lime_mask_0.75 seed=4
2491 stability imagenet vgg13 ILSVRC2012_val_00007254 rise_mask_0.25 seed=0
2492 stability imagenet vgg13 ILSVRC2012_val_00007254 rise_mask_0.25 seed=1
2493 stability imagenet vgg13 ILSVRC2012_val_00007254 rise_mask_0.25 seed=2
2494 stability imagenet vgg13 ILSVRC2012_val_00007254 rise_mask_0.25 seed=3
2495 stability imagenet vgg13 ILSVRC2012_val_00007254 rise_mask_0.25 seed=4
2496 stability imagenet vgg13 ILSVRC2012_val_00007254 rise_mask_0.75 seed=0
2497 stability imagenet vgg13 ILSVRC2012_val_00007254 rise_mask_0.75 seed=1
2498 stability imagenet vgg13 ILSVRC2012_val_00007254 rise_mask_0.75 seed=2
2499 stability imagenet vgg13 ILSVRC2012_val_00007254 rise_mask_0.75 seed=3
2500 stability imagenet vgg13 ILSVRC2012_val_00007254 rise_mask_0.75 seed=4
2501 stability imagenet vgg13 ILSVRC2012_val_00007312 lime_slic_50 seed=0
2502 stability imagenet vgg13 ILSVRC2012_val_00007312 lime_slic_50 seed=1
2503 stability imagenet vgg13 ILSVRC2012_val_00007312 lime_slic_50 seed=2
2504 stability imagenet vgg13 ILSVRC2012_val_00007312 lime_slic_50 seed=3
2505 stability imagenet vgg13 ILSVRC2012_val_00007312 lime_slic_50 seed=4
2506 stability imagenet vgg13 ILSVRC2012_val_00007312 lime_slic_200 seed=0
2507 stability imagenet vgg13 ILSVRC2012_val_00007312 lime_slic_200 seed=1
2508 stability imagenet vgg13 ILSVRC2012_val_00007312 lime_slic_200 seed=2
2509 stability imagenet vgg13 ILSVRC2012_val_00007312 lime_slic_200 seed=3
2510 stability imagenet vgg13 ILSVRC2012_val_00007312 lime_slic_200 seed=4
2511 stability imagenet vgg13 ILSVRC2012_val_00007312 lime_slic_300 seed=0
2512 stability imagenet vgg13 ILSVRC2012_val_00007312 lime_slic_300 seed=1
2513 stability imagenet vgg13 ILSVRC2012_val_00007312 lime_slic_300 seed=2
2514 stability imagenet vgg13 ILSVRC2012_val_00007312 lime_slic_300 seed=3
2515 stability imagenet vgg13 ILSVRC2012_val_00007312 lime_slic_300 seed=4
2516 stability imagenet vgg13 ILSVRC2012_val_00007312 rise_grid_4 seed=0
2517 stability imagenet vgg13 ILSVRC2012_val_00007312 rise_grid_4 seed=1
2518 stability imagenet vgg13 ILSVRC2012_val_00007312 rise_grid_4 seed=2
2519 stability imagenet vgg13 ILSVRC2012_val_00007312 rise_grid_4 seed=3
2520 stability imagenet vgg13 ILSVRC2012_val_00007312 rise_grid_4 seed=4
2521 stability imagenet vgg13 ILSVRC2012_val_00007312 rise_grid_10 seed=0
2522 stability imagenet vgg13 ILSVRC2012_val_00007312 rise_grid_10 seed=1
2523 stability imagenet vgg13 ILSVRC2012_val_00007312 rise_grid_10 seed=2
2524 stability imagenet vgg13 ILSVRC2012_val_00007312 rise_grid_10 seed=3
2525 stability imagenet vgg13 ILSVRC2012_val_00007312 rise_grid_10 seed=4
2526 stability imagenet vgg13 ILSVRC2012_val_00007312 rise_grid_14 seed=0
2527 stability imagenet vgg13 ILSVRC2012_val_00007312 rise_grid_14 seed=1
2528 stability imagenet vgg13 ILSVRC2012_val_00007312 rise_grid_14 seed=2
2529 stability imagenet vgg13 ILSVRC2012_val_00007312 rise_grid_14 seed=3
2530 stability imagenet vgg13 ILSVRC2012_val_00007312 rise_grid_14 seed=4
2531 stability imagenet vgg13 ILSVRC2012_val_00007312 lime_mask_0.25 seed=0
2532 stability imagenet vgg13 ILSVRC2012_val_00007312 lime_mask_0.25 seed=1
2533 stability imagenet vgg13 ILSVRC2012_val_00007312 lime_mask_0.25 seed=2
2534 stability imagenet vgg13 ILSVRC2012_val_00007312 lime_mask_0.25 seed=3
2535 stability imagenet vgg13 ILSVRC2012_val_00007312 lime_mask_0.25 seed=4
2536 stability imagenet vgg13 ILSVRC2012_val_00007312 lime_mask_0.75 seed=0
2537 stability imagenet vgg13 ILSVRC2012_val_00007312 lime_mask_0.75 seed=1
2538 stability imagenet vgg13 ILSVRC2012_val_00007312 lime_mask_0.75 seed=2
2539 stability imagenet vgg13 ILSVRC2012_val_00007312 lime_mask_0.75 seed=3
2540 stability imagenet vgg13 ILSVRC2012_val_00007312 lime_mask_0.75 seed=4
2541 stability imagenet vgg13 ILSVRC2012_val_00007312 rise_mask_0.25 seed=0
2542 stability imagenet vgg13 ILSVRC2012_val_00007312 rise_mask_0.25 seed=1
2543 stability imagenet vgg13 ILSVRC2012_val_00007312 rise_mask_0.25 seed=2
2544 stability imagenet vgg13 ILSVRC2012_val_00007312 rise_mask_0.25 seed=3
2545 stability imagenet vgg13 ILSVRC2012_val_00007312 rise_mask_0.25 seed=4
2546 stability imagenet vgg13 ILSVRC2012_val_00007312 rise_mask_0.75 seed=0
2547 stability imagenet vgg13 ILSVRC2012_val_00007312 rise_mask_0.75 seed=1
2548 stability imagenet vgg13 ILSVRC2012_val_00007312 rise_mask_0.75 seed=2
2549 stability imagenet vgg13 ILSVRC2012_val_00007312 rise_mask_0.75 seed=3
2550 stability imagenet vgg13 ILSVRC2012_val_00007312 rise_mask_0.75 seed=4
2551 stability imagenet vgg13 ILSVRC2012_val_00007930 lime_slic_50 seed=0
2552 stability imagenet vgg13 ILSVRC2012_val_00007930 lime_slic_50 seed=1
2553 stability imagenet vgg13 ILSVRC2012_val_00007930 lime_slic_50 seed=2
2554 stability imagenet vgg13 ILSVRC2012_val_00007930 lime_slic_50 seed=3
2555 stability imagenet vgg13 ILSVRC2012_val_00007930 lime_slic_50 seed=4
2556 stability imagenet vgg13 ILSVRC2012_val_00007930 lime_slic_200 seed=0
2557 stability imagenet vgg13 ILSVRC2012_val_00007930 lime_slic_200 seed=1
2558 stability imagenet vgg13 ILSVRC2012_val_00007930 lime_slic_200 seed=2
2559 stability imagenet vgg13 ILSVRC2012_val_00007930 lime_slic_200 seed=3
2560 stability imagenet vgg13 ILSVRC2012_val_00007930 lime_slic_200 seed=4
2561 stability imagenet vgg13 ILSVRC2012_val_00007930 lime_slic_300 seed=0
2562 stability imagenet vgg13 ILSVRC2012_val_00007930 lime_slic_300 seed=1
2563 stability imagenet vgg13 ILSVRC2012_val_00007930 lime_slic_300 seed=2
2564 stability imagenet vgg13 ILSVRC2012_val_00007930 lime_slic_300 seed=3
2565 stability imagenet vgg13 ILSVRC2012_val_00007930 lime_slic_300 seed=4
2566 stability imagenet vgg13 ILSVRC2012_val_00007930 rise_grid_4 seed=0
2567 stability imagenet vgg13 ILSVRC2012_val_00007930 rise_grid_4 seed=1
2568 stability imagenet vgg13 ILSVRC2012_val_00007930 rise_grid_4 seed=2
2569 stability imagenet vgg13 ILSVRC2012_val_00007930 rise_grid_4 seed=3
2570 stability imagenet vgg13 ILSVRC2012_val_00007930 rise_grid_4 seed=4
2571 stability imagenet vgg13 ILSVRC2012_val_00007930 rise_grid_10 seed=0
2572 stability imagenet vgg13 ILSVRC2012_val_00007930 rise_grid_10 seed=1
2573 stability imagenet vgg13 ILSVRC2012_val_00007930 rise_grid_10 seed=2
2574 stability imagenet vgg13 ILSVRC2012_val_00007930 rise_grid_10 seed=3
2575 stability imagenet vgg13 ILSVRC2012_val_00007930 rise_grid_10 seed=4
2576 stability imagenet vgg13 ILSVRC2012_val_00007930 rise_grid_14 seed=0
2577 stability imagenet vgg13 ILSVRC2012_val_00007930 rise_grid_14 seed=1
2578 stability imagenet vgg13 ILSVRC2012_val_00007930 rise_grid_14 seed=2
2579 stability imagenet vgg13 ILSVRC2012_val_00007930 rise_grid_14 seed=3
2580 stability imagenet vgg13 ILSVRC2012_val_00007930 rise_grid_14 seed=4
2581 stability imagenet vgg13 ILSVRC2012_val_00007930 lime_mask_0.25 seed=0
2582 stability imagenet vgg13 ILSVRC2012_val_00007930 lime_mask_0.25 seed=1
2583 stability imagenet vgg13 ILSVRC2012_val_00007930 lime_mask_0.25 seed=2
2584 stability imagenet vgg13 ILSVRC2012_val_00007930 lime_mask_0.25 seed=3
2585 stability imagenet vgg13 ILSVRC2012_val_00007930 lime_mask_0.25 seed=4
2586 stability imagenet vgg13 ILSVRC2012_val_00007930 lime_mask_0.75 seed=0
2587 stability imagenet vgg13 ILSVRC2012_val_00007930 lime_mask_0.75 seed=1
2588 stability imagenet vgg13 ILSVRC2012_val_00007930 lime_mask_0.75 seed=2
2589 stability imagenet vgg13 ILSVRC2012_val_00007930 lime_mask_0.75 seed=3
2590 stability imagenet vgg13 ILSVRC2012_val_00007930 lime_mask_0.75 seed=4
2591 stability imagenet vgg13 ILSVRC2012_val_00007930 rise_mask_0.25 seed=0
2592 stability imagenet vgg13 ILSVRC2012_val_00007930 rise_mask_0.25 seed=1
2593 stability imagenet vgg13 ILSVRC2012_val_00007930 rise_mask_0.25 seed=2
2594 stability imagenet vgg13 ILSVRC2012_val_00007930 rise_mask_0.25 seed=3
2595 stability imagenet vgg13 ILSVRC2012_val_00007930 rise_mask_0.25 seed=4
2596 stability imagenet vgg13 ILSVRC2012_val_00007930 rise_mask_0.75 seed=0
2597 stability imagenet vgg13 ILSVRC2012_val_00007930 rise_mask_0.75 seed=1
2598 stability imagenet vgg13 ILSVRC2012_val_00007930 rise_mask_0.75 seed=2
2599 stability imagenet vgg13 ILSVRC2012_val_00007930 rise_mask_0.75 seed=3
2600 stability imagenet vgg13 ILSVRC2012_val_00007930 rise_mask_0.75 seed=4
2601 stability imagenet vgg13 ILSVRC2012_val_00008228 lime_slic_50 seed=0
2602 stability imagenet vgg13 ILSVRC2012_val_00008228 lime_slic_50 seed=1
2603 stability imagenet vgg13 ILSVRC2012_val_00008228 lime_slic_50 seed=2
2604 stability imagenet vgg13 ILSVRC2012_val_00008228 lime_slic_50 seed=3
2605 stability imagenet vgg13 ILSVRC2012_val_00008228 lime_slic_50 seed=4
2606 stability imagenet vgg13 ILSVRC2012_val_00008228 lime_slic_200 seed=0
2607 stability imagenet vgg13 ILSVRC2012_val_00008228 lime_slic_200 seed=1
2608 stability imagenet vgg13 ILSVRC2012_val_00008228 lime_slic_200 seed=2
2609 stability imagenet vgg13 ILSVRC2012_val_00008228 lime_slic_200 seed=3
2610 stability imagenet vgg13 ILSVRC2012_val_00008228 lime_slic_200 seed=4
2611 stability imagenet vgg13 ILSVRC2012_val_00008228 lime_slic_300 seed=0
2612 stability imagenet vgg13 ILSVRC2012_val_00008228 lime_slic_300 seed=1
2613 stability imagenet vgg13 ILSVRC2012_val_00008228 lime_slic_300 seed=2
2614 stability imagenet vgg13 ILSVRC2012_val_00008228 lime_slic_300 seed=3
2615 stability imagenet vgg13 ILSVRC2012_val_00008228 lime_slic_300 seed=4
2616 stability imagenet vgg13 ILSVRC2012_val_00008228 rise_grid_4 seed=0
2617 stability imagenet vgg13 ILSVRC2012_val_00008228 rise_grid_4 seed=1
2618 stability imagenet vgg13 ILSVRC2012_val_00008228 rise_grid_4 seed=2
2619 stability imagenet vgg13 ILSVRC2012_val_00008228 rise_grid_4 seed=3
2620 stability imagenet vgg13 ILSVRC2012_val_00008228 rise_grid_4 seed=4
2621 stability imagenet vgg13 ILSVRC2012_val_00008228 rise_grid_10 seed=0
2622 stability imagenet vgg13 ILSVRC2012_val_00008228 rise_grid_10 seed=1
2623 stability imagenet vgg13 ILSVRC2012_val_00008228 rise_grid_10 seed=2
2624 stability imagenet vgg13 ILSVRC2012_val_00008228 rise_grid_10 seed=3
2625 stability imagenet vgg13 ILSVRC2012_val_00008228 rise_grid_10 seed=4
2626 stability imagenet vgg13 ILSVRC2012_val_00008228 rise_grid_14 seed=0
2627 stability imagenet vgg13 ILSVRC2012_val_00008228 rise_grid_14 seed=1
2628 stability imagenet vgg13 ILSVRC2012_val_00008228 rise_grid_14 seed=2
2629 stability imagenet vgg13 ILSVRC2012_val_00008228 rise_grid_14 seed=3
2630 stability imagenet vgg13 ILSVRC2012_val_00008228 rise_grid_14 seed=4
2631 stability imagenet vgg13 ILSVRC2012_val_00008228 lime_mask_0.25 seed=0
2632 stability imagenet vgg13 ILSVRC2012_val_00008228 lime_mask_0.25 seed=1
2633 stability imagenet vgg13 ILSVRC2012_val_00008228 lime_mask_0.25 seed=2
2634 stability imagenet vgg13 ILSVRC2012_val_00008228 lime_mask_0.25 seed=3
2635 stability imagenet vgg13 ILSVRC2012_val_00008228 lime_mask_0.25 seed=4
2636 stability imagenet vgg13 ILSVRC2012_val_00008228 lime_mask_0.75 seed=0
2637 stability imagenet vgg13 ILSVRC2012_val_00008228 lime_mask_0.75 seed=1
2638 stability imagenet vgg13 ILSVRC2012_val_00008228 lime_mask_0.75 seed=2
2639 stability imagenet vgg13 ILSVRC2012_val_00008228 lime_mask_0.75 seed=3
2640 stability imagenet vgg13 ILSVRC2012_val_00008228 lime_mask_0.75 seed=4
2641 stability imagenet vgg13 ILSVRC2012_val_00008228 rise_mask_0.25 seed=0
2642 stability imagenet vgg13 ILSVRC2012_val_00008228 rise_mask_0.25 seed=1
2643 stability imagenet vgg13 ILSVRC2012_val_00008228 rise_mask_0.25 seed=2
2644 stability imagenet vgg13 ILSVRC2012_val_00008228 rise_mask_0.25 seed=3
2645 stability imagenet vgg13 ILSVRC2012_val_00008228 rise_mask_0.25 seed=4
2646 stability imagenet vgg13 ILSVRC2012_val_00008228 rise_mask_0.75 seed=0
2647 stability imagenet vgg13 ILSVRC2012_val_00008228 rise_mask_0.75 seed=1
2648 stability imagenet vgg13 ILSVRC2012_val_00008228 rise_mask_0.75 seed=2
2649 stability imagenet vgg13 ILSVRC2012_val_00008228 rise_mask_0.75 seed=3
2650 stability imagenet vgg13 ILSVRC2012_val_00008228 rise_mask_0.75 seed=4
2651 stability imagenet vgg13 ILSVRC2012_val_00009336 lime_slic_50 seed=0
2652 stability imagenet vgg13 ILSVRC2012_val_00009336 lime_slic_50 seed=1
2653 stability imagenet vgg13 ILSVRC2012_val_00009336 lime_slic_50 seed=2
2654 stability imagenet vgg13 ILSVRC2012_val_00009336 lime_slic_50 seed=3
2655 stability imagenet vgg13 ILSVRC2012_val_00009336 lime_slic_50 seed=4
2656 stability imagenet vgg13 ILSVRC2012_val_00009336 lime_slic_200 seed=0
2657 stability imagenet vgg13 ILSVRC2012_val_00009336 lime_slic_200 seed=1
2658 stability imagenet vgg13 ILSVRC2012_val_00009336 lime_slic_200 seed=2
2659 stability imagenet vgg13 ILSVRC2012_val_00009336 lime_slic_200 seed=3
2660 stability imagenet vgg13 ILSVRC2012_val_00009336 lime_slic_200 seed=4
2661 stability imagenet vgg13 ILSVRC2012_val_00009336 lime_slic_300 seed=0
2662 stability imagenet vgg13 ILSVRC2012_val_00009336 lime_slic_300 seed=1
2663 stability imagenet vgg13 ILSVRC2012_val_00009336 lime_slic_300 seed=2
2664 stability imagenet vgg13 ILSVRC2012_val_00009336 lime_slic_300 seed=3
2665 stability imagenet vgg13 ILSVRC2012_val_00009336 lime_slic_300 seed=4
2666 stability imagenet vgg13 ILSVRC2012_val_00009336 rise_grid_4 seed=0
2667 stability imagenet vgg13 ILSVRC2012_val_00009336 rise_grid_4 seed=1
2668 stability imagenet vgg13 ILSVRC2012_val_00009336 rise_grid_4 seed=2
2669 stability imagenet vgg13 ILSVRC2012_val_00009336 rise_grid_4 seed=3
2670 stability imagenet vgg13 ILSVRC2012_val_00009336 rise_grid_4 seed=4
2671 stability imagenet vgg13 ILSVRC2012_val_00009336 rise_grid_10 seed=0
2672 stability imagenet vgg13 ILSVRC2012_val_00009336 rise_grid_10 seed=1
2673 stability imagenet vgg13 ILSVRC2012_val_00009336 rise_grid_10 seed=2
2674 stability imagenet vgg13 ILSVRC2012_val_00009336 rise_grid_10 seed=3
2675 stability imagenet vgg13 ILSVRC2012_val_00009336 rise_grid_10 seed=4
2676 stability imagenet vgg13 ILSVRC2012_val_00009336 rise_grid_14 seed=0
2677 stability imagenet vgg13 ILSVRC2012_val_00009336 rise_grid_14 seed=1
2678 stability imagenet vgg13 ILSVRC2012_val_00009336 rise_grid_14 seed=2
2679 stability imagenet vgg13 ILSVRC2012_val_00009336 rise_grid_14 seed=3
2680 stability imagenet vgg13 ILSVRC2012_val_00009336 rise_grid_14 seed=4
2681 stability imagenet vgg13 ILSVRC2012_val_00009336 lime_mask_0.25 seed=0
2682 stability imagenet vgg13 ILSVRC2012_val_00009336 lime_mask_0.25 seed=1
2683 stability imagenet vgg13 ILSVRC2012_val_00009336 lime_mask_0.25 seed=2
2684 stability imagenet vgg13 ILSVRC2012_val_00009336 lime_mask_0.25 seed=3
2685 stability imagenet vgg13 ILSVRC2012_val_00009336 lime_mask_0.25 seed=4
2686 stability imagenet vgg13 ILSVRC2012_val_00009336 lime_mask_0.75 seed=0
2687 stability imagenet vgg13 ILSVRC2012_val_00009336 lime_mask_0.75 seed=1
2688 stability imagenet vgg13 ILSVRC2012_val_00009336 lime_mask_0.75 seed=2
2689 stability imagenet vgg13 ILSVRC2012_val_00009336 lime_mask_0.75 seed=3
2690 stability imagenet vgg13 ILSVRC2012_val_00009336 lime_mask_0.75 seed=4
2691 stability imagenet vgg13 ILSVRC2012_val_00009336 rise_mask_0.25 seed=0
2692 stability imagenet vgg13 ILSVRC2012_val_00009336 rise_mask_0.25 seed=1
2693 stability imagenet vgg13 ILSVRC2012_val_00009336 rise_mask_0.25 seed=2
2694 stability imagenet vgg13 ILSVRC2012_val_00009336 rise_mask_0.25 seed=3
2695 stability imagenet vgg13 ILSVRC2012_val_00009336 rise_mask_0.25 seed=4
2696 stability imagenet vgg13 ILSVRC2012_val_00009336 rise_mask_0.75 seed=0
2697 stability imagenet vgg13 ILSVRC2012_val_00009336 rise_mask_0.75 seed=1
2698 stability imagenet vgg13 ILSVRC2012_val_00009336 rise_mask_0.75 seed=2
2699 stability imagenet vgg13 ILSVRC2012_val_00009336 rise_mask_0.75 seed=3
2700 stability imagenet vgg13 ILSVRC2012_val_00009336 rise_mask_0.75 seed=4
2701 stability imagenet vgg13 ILSVRC2012_val_00009781 lime_slic_50 seed=0
2702 stability imagenet vgg13 ILSVRC2012_val_00009781 lime_slic_50 seed=1
2703 stability imagenet vgg13 ILSVRC2012_val_00009781 lime_slic_50 seed=2
2704 stability imagenet vgg13 ILSVRC2012_val_00009781 lime_slic_50 seed=3
2705 stability imagenet vgg13 ILSVRC2012_val_00009781 lime_slic_50 seed=4
2706 stability imagenet vgg13 ILSVRC2012_val_00009781 lime_slic_200 seed=0
2707 stability imagenet vgg13 ILSVRC2012_val_00009781 lime_slic_200 seed=1
2708 stability imagenet vgg13 ILSVRC2012_val_00009781 lime_slic_200 seed=2
2709 stability imagenet vgg13 ILSVRC2012_val_00009781 lime_slic_200 seed=3
2710 stability imagenet vgg13 ILSVRC2012_val_00009781 lime_slic_200 seed=4
2711 stability imagenet vgg13 ILSVRC2012_val_00009781 lime_slic_300 seed=0
2712 stability imagenet vgg13 ILSVRC2012_val_00009781 lime_slic_300 seed=1
2713 stability imagenet vgg13 ILSVRC2012_val_00009781 lime_slic_300 seed=2
2714 stability imagenet vgg13 ILSVRC2012_val_00009781 lime_slic_300 seed=3
2715 stability imagenet vgg13 ILSVRC2012_val_00009781 lime_slic_300 seed=4
2716 stability imagenet vgg13 ILSVRC2012_val_00009781 rise_grid_4 seed=0
2717 stability imagenet vgg13 ILSVRC2012_val_00009781 rise_grid_4 seed=1
2718 stability imagenet vgg13 ILSVRC2012_val_00009781 rise_grid_4 seed=2
2719 stability imagenet vgg13 ILSVRC2012_val_00009781 rise_grid_4 seed=3
2720 stability imagenet vgg13 ILSVRC2012_val_00009781 rise_grid_4 seed=4
2721 stability imagenet vgg13 ILSVRC2012_val_00009781 rise_grid_10 seed=0
2722 stability imagenet vgg13 ILSVRC2012_val_00009781 rise_grid_10 seed=1
2723 stability imagenet vgg13 ILSVRC2012_val_00009781 rise_grid_10 seed=2
2724 stability imagenet vgg13 ILSVRC2012_val_00009781 rise_grid_10 seed=3
2725 stability imagenet vgg13 ILSVRC2012_val_00009781 rise_grid_10 seed=4
2726 stability imagenet vgg13 ILSVRC2012_val_00009781 rise_grid_14 seed=0
2727 stability imagenet vgg13 ILSVRC2012_val_00009781 rise_grid_14 seed=1
2728 stability imagenet vgg13 ILSVRC2012_val_00009781 rise_grid_14 seed=2
2729 stability imagenet vgg13 ILSVRC2012_val_00009781 rise_grid_14 seed=3
2730 stability imagenet vgg13 ILSVRC2012_val_00009781 rise_grid_14 seed=4
2731 stability imagenet vgg13 ILSVRC2012_val_00009781 lime_mask_0.25 seed=0
2732 stability imagenet vgg13 ILSVRC2012_val_00009781 lime_mask_0.25 seed=1
2733 stability imagenet vgg13 ILSVRC2012_val_00009781 lime_mask_0.25 seed=2
2734 stability imagenet vgg13 ILSVRC2012_val_00009781 lime_mask_0.25 seed=3
2735 stability imagenet vgg13 ILSVRC2012_val_00009781 lime_mask_0.25 seed=4
2736 stability imagenet vgg13 ILSVRC2012_val_00009781 lime_mask_0.75 seed=0
2737 stability imagenet vgg13 ILSVRC2012_val_00009781 lime_mask_0.75 seed=1
2738 stability imagenet vgg13 ILSVRC2012_val_00009781 lime_mask_0.75 seed=2
2739 stability imagenet vgg13 ILSVRC2012_val_00009781 lime_mask_0.75 seed=3
2740 stability imagenet vgg13 ILSVRC2012_val_00009781 lime_mask_0.75 seed=4
2741 stability imagenet vgg13 ILSVRC2012_val_00009781 rise_mask_0.25 seed=0
2742 stability imagenet vgg13 ILSVRC2012_val_00009781 rise_mask_0.25 seed=1
2743 stability imagenet vgg13 ILSVRC2012_val_00009781 rise_mask_0.25 seed=2
2744 stability imagenet vgg13 ILSVRC2012_val_00009781 rise_mask_0.25 seed=3
2745 stability imagenet vgg13 ILSVRC2012_val_00009781 rise_mask_0.25 seed=4
2746 stability imagenet vgg13 ILSVRC2012_val_00009781 rise_mask_0.75 seed=0
2747 stability imagenet vgg13 ILSVRC2012_val_00009781 rise_mask_0.75 seed=1
2748 stability imagenet vgg13 ILSVRC2012_val_00009781 rise_mask_0.75 seed=2
2749 stability imagenet vgg13 ILSVRC2012_val_00009781 rise_mask_0.75 seed=3
2750 stability imagenet vgg13 ILSVRC2012_val_00009781 rise_mask_0.75 seed=4
2751 stability imagenet vgg13 ILSVRC2012_val_00010310 lime_slic_50 seed=0
2752 stability imagenet vgg13 ILSVRC2012_val_00010310 lime_slic_50 seed=1
2753 stability imagenet vgg13 ILSVRC2012_val_00010310 lime_slic_50 seed=2
2754 stability imagenet vgg13 ILSVRC2012_val_00010310 lime_slic_50 seed=3
2755 stability imagenet vgg13 ILSVRC2012_val_00010310 lime_slic_50 seed=4
2756 stability imagenet vgg13 ILSVRC2012_val_00010310 lime_slic_200 seed=0
2757 stability imagenet vgg13 ILSVRC2012_val_00010310 lime_slic_200 seed=1
2758 stability imagenet vgg13 ILSVRC2012_val_00010310 lime_slic_200 seed=2
2759 stability imagenet vgg13 ILSVRC2012_val_00010310 lime_slic_200 seed=3
2760 stability imagenet vgg13 ILSVRC2012_val_00010310 lime_slic_200 seed=4
2761 stability imagenet vgg13 ILSVRC2012_val_00010310 lime_slic_300 seed=0
2762 stability imagenet vgg13 ILSVRC2012_val_00010310 lime_slic_300 seed=1
2763 stability imagenet vgg13 ILSVRC2012_val_00010310 lime_slic_300 seed=2
2764 stability imagenet vgg13 ILSVRC2012_val_00010310 lime_slic_300 seed=3
2765 stability imagenet vgg13 ILSVRC2012_val_00010310 lime_slic_300 seed=4
2766 stability imagenet vgg13 ILSVRC2012_val_00010310 rise_grid_4 seed=0
2767 stability imagenet vgg13 ILSVRC2012_val_00010310 rise_grid_4 seed=1
2768 stability imagenet vgg13 ILSVRC2012_val_00010310 rise_grid_4 seed=2
2769 stability imagenet vgg13 ILSVRC2012_val_00010310 rise_grid_4 seed=3
2770 stability imagenet vgg13 ILSVRC2012_val_00010310 rise_grid_4 seed=4
2771 stability imagenet vgg13 ILSVRC2012_val_00010310 rise_grid_10 seed=0
2772 stability imagenet vgg13 ILSVRC2012_val_00010310 rise_grid_10 seed=1
2773 stability imagenet vgg13 ILSVRC2012_val_00010310 rise_grid_10 seed=2
2774 stability imagenet vgg13 ILSVRC2012_val_00010310 rise_grid_10 seed=3
2775 stability imagenet vgg13 ILSVRC2012_val_00010310 rise_grid_10 seed=4
2776 stability imagenet vgg13 ILSVRC2012_val_00010310 rise_grid_14 seed=0
2777 stability imagenet vgg13 ILSVRC2012_val_00010310 rise_grid_14 seed=1
2778 stability imagenet vgg13 ILSVRC2012_val_00010310 rise_grid_14 seed=2
2779 stability imagenet vgg13 ILSVRC2012_val_00010310 rise_grid_14 seed=3
2780 stability imagenet vgg13 ILSVRC2012_val_00010310 rise_grid_14 seed=4
2781 stability imagenet vgg13 ILSVRC2012_val_00010310 lime_mask_0.25 seed=0
2782 stability imagenet vgg13 ILSVRC2012_val_00010310 lime_mask_0.25 seed=1
2783 stability imagenet vgg13 ILSVRC2012_val_00010310 lime_mask_0.25 seed=2
2784 stability imagenet vgg13 ILSVRC2012_val_00010310 lime_mask_0.25 seed=3
2785 stability imagenet vgg13 ILSVRC2012_val_00010310 lime_mask_0.25 seed=4
2786 stability imagenet vgg13 ILSVRC2012_val_00010310 lime_mask_0.75 seed=0
2787 stability imagenet vgg13 ILSVRC2012_val_00010310 lime_mask_0.75 seed=1
2788 stability imagenet vgg13 ILSVRC2012_val_00010310 lime_mask_0.75 seed=2
2789 stability imagenet vgg13 ILSVRC2012_val_00010310 lime_mask_0.75 seed=3
2790 stability imagenet vgg13 ILSVRC2012_val_00010310 lime_mask_0.75 seed=4
2791 stability imagenet vgg13 ILSVRC2012_val_00010310 rise_mask_0.25 seed=0
2792 stability imagenet vgg13 ILSVRC2012_val_00010310 rise_mask_0.25 seed=1
2793 stability imagenet vgg13 ILSVRC2012_val_00010310 rise_mask_0.25 seed=2
2794 stability imagenet vgg13 ILSVRC2012_val_00010310 rise_mask_0.25 seed=3
2795 stability imagenet vgg13 ILSVRC2012_val_00010310 rise_mask_0.25 seed=4
2796 stability imagenet vgg13 ILSVRC2012_val_00010310 rise_mask_0.75 seed=0
2797 stability imagenet vgg13 ILSVRC2012_val_00010310 rise_mask_0.75 seed=1
2798 stability imagenet vgg13 ILSVRC2012_val_00010310 rise_mask_0.75 seed=2
2799 stability imagenet vgg13 ILSVRC2012_val_00010310 rise_mask_0.75 seed=3
2800 stability imagenet vgg13 ILSVRC2012_val_00010310 rise_mask_0.75 seed=4
2801 stability imagenet vgg13 ILSVRC2012_val_00011535 lime_slic_50 seed=0
2802 stability imagenet vgg13 ILSVRC2012_val_00011535 lime_slic_50 seed=1
2803 stability imagenet vgg13 ILSVRC2012_val_00011535 lime_slic_50 seed=2
2804 stability imagenet vgg13 ILSVRC2012_val_00011535 lime_slic_50 seed=3
2805 stability imagenet vgg13 ILSVRC2012_val_00011535 lime_slic_50 seed=4
2806 stability imagenet vgg13 ILSVRC2012_val_00011535 lime_slic_200 seed=0
2807 stability imagenet vgg13 ILSVRC2012_val_00011535 lime_slic_200 seed=1
2808 stability imagenet vgg13 ILSVRC2012_val_00011535 lime_slic_200 seed=2
2809 stability imagenet vgg13 ILSVRC2012_val_00011535 lime_slic_200 seed=3
2810 stability imagenet vgg13 ILSVRC2012_val_00011535 lime_slic_200 seed=4
2811 stability imagenet vgg13 ILSVRC2012_val_00011535 lime_slic_300 seed=0
2812 stability imagenet vgg13 ILSVRC2012_val_00011535 lime_slic_300 seed=1
2813 stability imagenet vgg13 ILSVRC2012_val_00011535 lime_slic_300 seed=2
2814 stability imagenet vgg13 ILSVRC2012_val_00011535 lime_slic_300 seed=3
2815 stability imagenet vgg13 ILSVRC2012_val_00011535 lime_slic_300 seed=4
2816 stability imagenet vgg13 ILSVRC2012_val_00011535 rise_grid_4 seed=0
2817 stability imagenet vgg13 ILSVRC2012_val_00011535 rise_grid_4 seed=1
2818 stability imagenet vgg13 ILSVRC2012_val_00011535 rise_grid_4 seed=2
2819 stability imagenet vgg13 ILSVRC2012_val_00011535 rise_grid_4 seed=3
2820 stability imagenet vgg13 ILSVRC2012_val_00011535 rise_grid_4 seed=4
2821 stability imagenet vgg13 ILSVRC2012_val_00011535 rise_grid_10 seed=0
2822 stability imagenet vgg13 ILSVRC2012_val_00011535 rise_grid_10 seed=1
2823 stability imagenet vgg13 ILSVRC2012_val_00011535 rise_grid_10 seed=2
2824 stability imagenet vgg13 ILSVRC2012_val_00011535 rise_grid_10 seed=3
2825 stability imagenet vgg13 ILSVRC2012_val_00011535 rise_grid_10 seed=4
2826 stability imagenet vgg13 ILSVRC2012_val_00011535 rise_grid_14 seed=0
2827 stability imagenet vgg13 ILSVRC2012_val_00011535 rise_grid_14 seed=1
2828 stability imagenet vgg13 ILSVRC2012_val_00011535 rise_grid_14 seed=2
2829 stability imagenet vgg13 ILSVRC2012_val_00011535 rise_grid_14 seed=3
2830 stability imagenet vgg13 ILSVRC2012_val_00011535 rise_grid_14 seed=4
2831 stability imagenet vgg13 ILSVRC2012_val_00011535 lime_mask_0.25 seed=0
2832 stability imagenet vgg13 ILSVRC2012_val_00011535 lime_mask_0.25 seed=1
2833 stability imagenet vgg13 ILSVRC2012_val_00011535 lime_mask_0.25 seed=2
2834 stability imagenet vgg13 ILSVRC2012_val_00011535 lime_mask_0.25 seed=3
2835 stability imagenet vgg13 ILSVRC2012_val_00011535 lime_mask_0.25 seed=4
2836 stability imagenet vgg13 ILSVRC2012_val_00011535 lime_mask_0.75 seed=0
2837 stability imagenet vgg13 ILSVRC2012_val_00011535 lime_mask_0.75 seed=1
2838 stability imagenet vgg13 ILSVRC2012_val_00011535 lime_mask_0.75 seed=2
2839 stability imagenet vgg13 ILSVRC2012_val_00011535 lime_mask_0.75 seed=3
2840 stability imagenet vgg13 ILSVRC2012_val_00011535 lime_mask_0.75 seed=4
2841 stability imagenet vgg13 ILSVRC2012_val_00011535 rise_mask_0.25 seed=0
2842 stability imagenet vgg13 ILSVRC2012_val_00011535 rise_mask_0.25 seed=1
2843 stability imagenet vgg13 ILSVRC2012_val_00011535 rise_mask_0.25 seed=2
2844 stability imagenet vgg13 ILSVRC2012_val_00011535 rise_mask_0.25 seed=3
2845 stability imagenet vgg13 ILSVRC2012_val_00011535 rise_mask_0.25 seed=4
2846 stability imagenet vgg13 ILSVRC2012_val_00011535 rise_mask_0.75 seed=0
2847 stability imagenet vgg13 ILSVRC2012_val_00011535 rise_mask_0.75 seed=1
2848 stability imagenet vgg13 ILSVRC2012_val_00011535 rise_mask_0.75 seed=2
2849 stability imagenet vgg13 ILSVRC2012_val_00011535 rise_mask_0.75 seed=3
2850 stability imagenet vgg13 ILSVRC2012_val_00011535 rise_mask_0.75 seed=4
2851 stability imagenet vgg13 ILSVRC2012_val_00012331 lime_slic_50 seed=0
2852 stability imagenet vgg13 ILSVRC2012_val_00012331 lime_slic_50 seed=1
2853 stability imagenet vgg13 ILSVRC2012_val_00012331 lime_slic_50 seed=2
2854 stability imagenet vgg13 ILSVRC2012_val_00012331 lime_slic_50 seed=3
2855 stability imagenet vgg13 ILSVRC2012_val_00012331 lime_slic_50 seed=4
2856 stability imagenet vgg13 ILSVRC2012_val_00012331 lime_slic_200 seed=0
2857 stability imagenet vgg13 ILSVRC2012_val_00012331 lime_slic_200 seed=1
2858 stability imagenet vgg13 ILSVRC2012_val_00012331 lime_slic_200 seed=2
2859 stability imagenet vgg13 ILSVRC2012_val_00012331 lime_slic_200 seed=3
2860 stability imagenet vgg13 ILSVRC2012_val_00012331 lime_slic_200 seed=4
2861 stability imagenet vgg13 ILSVRC2012_val_00012331 lime_slic_300 seed=0
2862 stability imagenet vgg13 ILSVRC2012_val_00012331 lime_slic_300 seed=1
2863 stability imagenet vgg13 ILSVRC2012_val_00012331 lime_slic_300 seed=2
2864 stability imagenet vgg13 ILSVRC2012_val_00012331 lime_slic_300 seed=3
2865 stability imagenet vgg13 ILSVRC2012_val_00012331 lime_slic_300 seed=4
2866 stability imagenet vgg13 ILSVRC2012_val_00012331 rise_grid_4 seed=0
2867 stability imagenet vgg13 ILSVRC2012_val_00012331 rise_grid_4 seed=1
2868 stability imagenet vgg13 ILSVRC2012_val_00012331 rise_grid_4 seed=2
2869 stability imagenet vgg13 ILSVRC2012_val_00012331 rise_grid_4 seed=3
2870 stability imagenet vgg13 ILSVRC2012_val_00012331 rise_grid_4 seed=4
2871 stability imagenet vgg13 ILSVRC2012_val_00012331 rise_grid_10 seed=0
2872 stability imagenet vgg13 ILSVRC2012_val_00012331 rise_grid_10 seed=1
2873 stability imagenet vgg13 ILSVRC2012_val_00012331 rise_grid_10 seed=2
2874 stability imagenet vgg13 ILSVRC2012_val_00012331 rise_grid_10 seed=3
2875 stability imagenet vgg13 ILSVRC2012_val_00012331 rise_grid_10 seed=4
2876 stability imagenet vgg13 ILSVRC2012_val_00012331 rise_grid_14 seed=0
2877 stability imagenet vgg13 ILSVRC2012_val_00012331 rise_grid_14 seed=1
2878 stability imagenet vgg13 ILSVRC2012_val_00012331 rise_grid_14 seed=2
2879 stability imagenet vgg13 ILSVRC2012_val_00012331 rise_grid_14 seed=3
2880 stability imagenet vgg13 ILSVRC2012_val_00012331 rise_grid_14 seed=4
2881 stability imagenet vgg13 ILSVRC2012_val_00012331 lime_mask_0.25 seed=0
2882 stability imagenet vgg13 ILSVRC2012_val_00012331 lime_mask_0.25 seed=1
2883 stability imagenet vgg13 ILSVRC2012_val_00012331 lime_mask_0.25 seed=2
2884 stability imagenet vgg13 ILSVRC2012_val_00012331 lime_mask_0.25 seed=3
2885 stability imagenet vgg13 ILSVRC2012_val_00012331 lime_mask_0.25 seed=4
2886 stability imagenet vgg13 ILSVRC2012_val_00012331 lime_mask_0.75 seed=0
2887 stability imagenet vgg13 ILSVRC2012_val_00012331 lime_mask_0.75 seed=1
2888 stability imagenet vgg13 ILSVRC2012_val_00012331 lime_mask_0.75 seed=2
2889 stability imagenet vgg13 ILSVRC2012_val_00012331 lime_mask_0.75 seed=3
2890 stability imagenet vgg13 ILSVRC2012_val_00012331 lime_mask_0.75 seed=4
2891 stability imagenet vgg13 ILSVRC2012_val_00012331 rise_mask_0.25 seed=0
2892 stability imagenet vgg13 ILSVRC2012_val_00012331 rise_mask_0.25 seed=1
2893 stability imagenet vgg13 ILSVRC2012_val_00012331 rise_mask_0.25 seed=2
2894 stability imagenet vgg13 ILSVRC2012_val_00012331 rise_mask_0.25 seed=3
2895 stability imagenet vgg13 ILSVRC2012_val_00012331 rise_mask_0.25 seed=4
2896 stability imagenet vgg13 ILSVRC2012_val_00012331 rise_mask_0.75 seed=0
2897 stability imagenet vgg13 ILSVRC2012_val_00012331 rise_mask_0.75 seed=1
2898 stability imagenet vgg13 ILSVRC2012_val_00012331 rise_mask_0.75 seed=2
2899 stability imagenet vgg13 ILSVRC2012_val_00012331 rise_mask_0.75 seed=3
2900 stability imagenet vgg13 ILSVRC2012_val_00012331 rise_mask_0.75 seed=4
2901 stability imagenet vgg13 ILSVRC2012_val_00013600 lime_slic_50 seed=0
2902 stability imagenet vgg13 ILSVRC2012_val_00013600 lime_slic_50 seed=1
2903 stability imagenet vgg13 ILSVRC2012_val_00013600 lime_slic_50 seed=2
2904 stability imagenet vgg13 ILSVRC2012_val_00013600 lime_slic_50 seed=3
2905 stability imagenet vgg13 ILSVRC2012_val_00013600 lime_slic_50 seed=4
2906 stability imagenet vgg13 ILSVRC2012_val_00013600 lime_slic_200 seed=0
2907 stability imagenet vgg13 ILSVRC2012_val_00013600 lime_slic_200 seed=1
2908 stability imagenet vgg13 ILSVRC2012_val_00013600 lime_slic_200 seed=2
2909 stability imagenet vgg13 ILSVRC2012_val_00013600 lime_slic_200 seed=3
2910 stability imagenet vgg13 ILSVRC2012_val_00013600 lime_slic_200 seed=4
2911 stability imagenet vgg13 ILSVRC2012_val_00013600 lime_slic_300 seed=0
2912 stability imagenet vgg13 ILSVRC2012_val_00013600 lime_slic_300 seed=1
2913 stability imagenet vgg13 ILSVRC2012_val_00013600 lime_slic_300 seed=2
2914 stability imagenet vgg13 ILSVRC2012_val_00013600 lime_slic_300 seed=3
2915 stability imagenet vgg13 ILSVRC2012_val_00013600 lime_slic_300 seed=4
2916 stability imagenet vgg13 ILSVRC2012_val_00013600 rise_grid_4 seed=0
2917 stability imagenet vgg13 ILSVRC2012_val_00013600 rise_grid_4 seed=1
2918 stability imagenet vgg13 ILSVRC2012_val_00013600 rise_grid_4 seed=2
2919 stability imagenet vgg13 ILSVRC2012_val_00013600 rise_grid_4 seed=3
2920 stability imagenet vgg13 ILSVRC2012_val_00013600 rise_grid_4 seed=4
2921 stability imagenet vgg13 ILSVRC2012_val_00013600 rise_grid_10 seed=0
2922 stability imagenet vgg13 ILSVRC2012_val_00013600 rise_grid_10 seed=1
2923 stability imagenet vgg13 ILSVRC2012_val_00013600 rise_grid_10 seed=2
2924 stability imagenet vgg13 ILSVRC2012_val_00013600 rise_grid_10 seed=3
2925 stability imagenet vgg13 ILSVRC2012_val_00013600 rise_grid_10 seed=4
2926 stability imagenet vgg13 ILSVRC2012_val_00013600 rise_grid_14 seed=0
2927 stability imagenet vgg13 ILSVRC2012_val_00013600 rise_grid_14 seed=1
2928 stability imagenet vgg13 ILSVRC2012_val_00013600 rise_grid_14 seed=2
2929 stability imagenet vgg13 ILSVRC2012_val_00013600 rise_grid_14 seed=3
2930 stability imagenet vgg13 ILSVRC2012_val_00013600 rise_grid_14 seed=4
2931 stability imagenet vgg13 ILSVRC2012_val_00013600 lime_mask_0.25 seed=0
2932 stability imagenet vgg13 ILSVRC2012_val_00013600 lime_mask_0.25 seed=1
2933 stability imagenet vgg13 ILSVRC2012_val_00013600 lime_mask_0.25 seed=2
2934 stability imagenet vgg13 ILSVRC2012_val_00013600 lime_mask_0.25 seed=3
2935 stability imagenet vgg13 ILSVRC2012_val_00013600 lime_mask_0.25 seed=4
2936 stability imagenet vgg13 ILSVRC2012_val_00013600 lime_mask_0.75 seed=0
2937 stability imagenet vgg13 ILSVRC2012_val_00013600 lime_mask_0.75 seed=1
2938 stability imagenet vgg13 ILSVRC2012_val_00013600 lime_mask_0.75 seed=2
2939 stability imagenet vgg13 ILSVRC2012_val_00013600 lime_mask_0.75 seed=3
2940 stability imagenet vgg13 ILSVRC2012_val_00013600 lime_mask_0.75 seed=4
2941 stability imagenet vgg13 ILSVRC2012_val_00013600 rise_mask_0.25 seed=0
2942 stability imagenet vgg13 ILSVRC2012_val_00013600 rise_mask_0.25 seed=1
2943 stability imagenet vgg13 ILSVRC2012_val_00013600 rise_mask_0.25 seed=2
2944 stability imagenet vgg13 ILSVRC2012_val_00013600 rise_mask_0.25 seed=3
2945 stability imagenet vgg13 ILSVRC2012_val_00013600 rise_mask_0.25 seed=4
2946 stability imagenet vgg13 ILSVRC2012_val_00013600 rise_mask_0.75 seed=0
2947 stability imagenet vgg13 ILSVRC2012_val_00013600 rise_mask_0.75 seed=1
2948 stability imagenet vgg13 ILSVRC2012_val_00013600 rise_mask_0.75 seed=2
2949 stability imagenet vgg13 ILSVRC2012_val_00013600 rise_mask_0.75 seed=3
2950 stability imagenet vgg13 ILSVRC2012_val_00013600 rise_mask_0.75 seed=4
2951 stability imagenet vgg13 ILSVRC2012_val_00014108 lime_slic_50 seed=0
2952 stability imagenet vgg13 ILSVRC2012_val_00014108 lime_slic_50 seed=1
2953 stability imagenet vgg13 ILSVRC2012_val_00014108 lime_slic_50 seed=2
2954 stability imagenet vgg13 ILSVRC2012_val_00014108 lime_slic_50 seed=3
2955 stability imagenet vgg13 ILSVRC2012_val_00014108 lime_slic_50 seed=4
2956 stability imagenet vgg13 ILSVRC2012_val_00014108 lime_slic_200 seed=0
2957 stability imagenet vgg13 ILSVRC2012_val_00014108 lime_slic_200 seed=1
2958 stability imagenet vgg13 ILSVRC2012_val_00014108 lime_slic_200 seed=2
2959 stability imagenet vgg13 ILSVRC2012_val_00014108 lime_slic_200 seed=3
2960 stability imagenet vgg13 ILSVRC2012_val_00014108 lime_slic_200 seed=4
2961 stability imagenet vgg13 ILSVRC2012_val_00014108 lime_slic_300 seed=0
2962 stability imagenet vgg13 ILSVRC2012_val_00014108 lime_slic_300 seed=1
2963 stability imagenet vgg13 ILSVRC2012_val_00014108 lime_slic_300 seed=2
2964 stability imagenet vgg13 ILSVRC2012_val_00014108 lime_slic_300 seed=3
2965 stability imagenet vgg13 ILSVRC2012_val_00014108 lime_slic_300 seed=4
2966 stability imagenet vgg13 ILSVRC2012_val_00014108 rise_grid_4 seed=0
2967 stability imagenet vgg13 ILSVRC2012_val_00014108 rise_grid_4 seed=1
2968 stability imagenet vgg13 ILSVRC2012_val_00014108 rise_grid_4 seed=2
2969 stability imagenet vgg13 ILSVRC2012_val_00014108 rise_grid_4 seed=3
2970 stability imagenet vgg13 ILSVRC2012_val_00014108 rise_grid_4 seed=4
2971 stability imagenet vgg13 ILSVRC2012_val_00014108 rise_grid_10 seed=0
2972 stability imagenet vgg13 ILSVRC2012_val_00014108 rise_grid_10 seed=1
2973 stability imagenet vgg13 ILSVRC2012_val_00014108 rise_grid_10 seed=2
2974 stability imagenet vgg13 ILSVRC2012_val_00014108 rise_grid_10 seed=3
2975 stability imagenet vgg13 ILSVRC2012_val_00014108 rise_grid_10 seed=4
2976 stability imagenet vgg13 ILSVRC2012_val_00014108 rise_grid_14 seed=0
2977 stability imagenet vgg13 ILSVRC2012_val_00014108 rise_grid_14 seed=1
2978 stability imagenet vgg13 ILSVRC2012_val_00014108 rise_grid_14 seed=2
2979 stability imagenet vgg13 ILSVRC2012_val_00014108 rise_grid_14 seed=3
2980 stability imagenet vgg13 ILSVRC2012_val_00014108 rise_grid_14 seed=4
2981 stability imagenet vgg13 ILSVRC2012_val_00014108 lime_mask_0.25 seed=0
2982 stability imagenet vgg13 ILSVRC2012_val_00014108 lime_mask_0.25 seed=1
2983 stability imagenet vgg13 ILSVRC2012_val_00014108 lime_mask_0.25 seed=2
2984 stability imagenet vgg13 ILSVRC2012_val_00014108 lime_mask_0.25 seed=3
2985 stability imagenet vgg13 ILSVRC2012_val_00014108 lime_mask_0.25 seed=4
2986 stability imagenet vgg13 ILSVRC2012_val_00014108 lime_mask_0.75 seed=0
2987 stability imagenet vgg13 ILSVRC2012_val_00014108 lime_mask_0.75 seed=1
2988 stability imagenet vgg13 ILSVRC2012_val_00014108 lime_mask_0.75 seed=2
2989 stability imagenet vgg13 ILSVRC2012_val_00014108 lime_mask_0.75 seed=3
2990 stability imagenet vgg13 ILSVRC2012_val_00014108 lime_mask_0.75 seed=4
2991 stability imagenet vgg13 ILSVRC2012_val_00014108 rise_mask_0.25 seed=0
2992 stability imagenet vgg13 ILSVRC2012_val_00014108 rise_mask_0.25 seed=1
2993 stability imagenet vgg13 ILSVRC2012_val_00014108 rise_mask_0.25 seed=2
2994 stability imagenet vgg13 ILSVRC2012_val_00014108 rise_mask_0.25 seed=3
2995 stability imagenet vgg13 ILSVRC2012_val_00014108 rise_mask_0.25 seed=4
2996 stability imagenet vgg13 ILSVRC2012_val_00014108 rise_mask_0.75 seed=0
2997 stability imagenet vgg13 ILSVRC2012_val_00014108 rise_mask_0.75 seed=1
2998 stability imagenet vgg13 ILSVRC2012_val_00014108 rise_mask_0.75 seed=2
2999 stability imagenet vgg13 ILSVRC2012_val_00014108 rise_mask_0.75 seed=3
3000 stability imagenet vgg13 ILSVRC2012_val_00014108 rise_mask_0.75 seed=4
3001 stability imagenet vgg13 ILSVRC2012_val_00014806 lime_slic_50 seed=0
3002 stability imagenet vgg13 ILSVRC2012_val_00014806 lime_slic_50 seed=1
3003 stability imagenet vgg13 ILSVRC2012_val_00014806 lime_slic_50 seed=2
3004 stability imagenet vgg13 ILSVRC2012_val_00014806 lime_slic_50 seed=3
3005 stability imagenet vgg13 ILSVRC2012_val_00014806 lime_slic_50 seed=4
3006 stability imagenet vgg13 ILSVRC2012_val_00014806 lime_slic_200 seed=0
3007 stability imagenet vgg13 ILSVRC2012_val_00014806 lime_slic_200 seed=1
3008 stability imagenet vgg13 ILSVRC2012_val_00014806 lime_slic_200 seed=2
3009 stability imagenet vgg13 ILSVRC2012_val_00014806 lime_slic_200 seed=3
3010 stability imagenet vgg13 ILSVRC2012_val_00014806 lime_slic_200 seed=4
3011 stability imagenet vgg13 ILSVRC2012_val_00014806 lime_slic_300 seed=0
3012 stability imagenet vgg13 ILSVRC2012_val_00014806 lime_slic_300 seed=1
3013 stability imagenet vgg13 ILSVRC2012_val_00014806 lime_slic_300 seed=2
3014 stability imagenet vgg13 ILSVRC2012_val_00014806 lime_slic_300 seed=3
3015 stability imagenet vgg13 ILSVRC2012_val_00014806 lime_slic_300 seed=4
3016 stability imagenet vgg13 ILSVRC2012_val_00014806 rise_grid_4 seed=0
3017 stability imagenet vgg13 ILSVRC2012_val_00014806 rise_grid_4 seed=1
3018 stability imagenet vgg13 ILSVRC2012_val_00014806 rise_grid_4 seed=2
3019 stability imagenet vgg13 ILSVRC2012_val_00014806 rise_grid_4 seed=3
3020 stability imagenet vgg13 ILSVRC2012_val_00014806 rise_grid_4 seed=4
3021 stability imagenet vgg13 ILSVRC2012_val_00014806 rise_grid_10 seed=0
3022 stability imagenet vgg13 ILSVRC2012_val_00014806 rise_grid_10 seed=1
3023 stability imagenet vgg13 ILSVRC2012_val_00014806 rise_grid_10 seed=2
3024 stability imagenet vgg13 ILSVRC2012_val_00014806 rise_grid_10 seed=3
3025 stability imagenet vgg13 ILSVRC2012_val_00014806 rise_grid_10 seed=4
3026 stability imagenet vgg13 ILSVRC2012_val_00014806 rise_grid_14 seed=0
3027 stability imagenet vgg13 ILSVRC2012_val_00014806 rise_grid_14 seed=1
3028 stability imagenet vgg13 ILSVRC2012_val_00014806 rise_grid_14 seed=2
3029 stability imagenet vgg13 ILSVRC2012_val_00014806 rise_grid_14 seed=3
3030 stability imagenet vgg13 ILSVRC2012_val_00014806 rise_grid_14 seed=4
3031 stability imagenet vgg13 ILSVRC2012_val_00014806 lime_mask_0.25 seed=0
3032 stability imagenet vgg13 ILSVRC2012_val_00014806 lime_mask_0.25 seed=1
3033 stability imagenet vgg13 ILSVRC2012_val_00014806 lime_mask_0.25 seed=2
3034 stability imagenet vgg13 ILSVRC2012_val_00014806 lime_mask_0.25 seed=3
3035 stability imagenet vgg13 ILSVRC2012_val_00014806 lime_mask_0.25 seed=4
3036 stability imagenet vgg13 ILSVRC2012_val_00014806 lime_mask_0.75 seed=0
3037 stability imagenet vgg13 ILSVRC2012_val_00014806 lime_mask_0.75 seed=1
3038 stability imagenet vgg13 ILSVRC2012_val_00014806 lime_mask_0.75 seed=2
3039 stability imagenet vgg13 ILSVRC2012_val_00014806 lime_mask_0.75 seed=3
3040 stability imagenet vgg13 ILSVRC2012_val_00014806 lime_mask_0.75 seed=4
3041 stability imagenet vgg13 ILSVRC2012_val_00014806 rise_mask_0.25 seed=0
3042 stability imagenet vgg13 ILSVRC2012_val_00014806 rise_mask_0.25 seed=1
3043 stability imagenet vgg13 ILSVRC2012_val_00014806 rise_mask_0.25 seed=2
3044 stability imagenet vgg13 ILSVRC2012_val_00014806 rise_mask_0.25 seed=3
3045 stability imagenet vgg13 ILSVRC2012_val_00014806 rise_mask_0.25 seed=4
3046 stability imagenet vgg13 ILSVRC2012_val_00014806 rise_mask_0.75 seed=0
3047 stability imagenet vgg13 ILSVRC2012_val_00014806 rise_mask_0.75 seed=1
3048 stability imagenet vgg13 ILSVRC2012_val_00014806 rise_mask_0.75 seed=2
3049 stability imagenet vgg13 ILSVRC2012_val_00014806 rise_mask_0.75 seed=3
3050 stability imagenet vgg13 ILSVRC2012_val_00014806 rise_mask_0.75 seed=4
3051 stability imagenet vgg13 ILSVRC2012_val_00015124 lime_slic_50 seed=0
3052 stability imagenet vgg13 ILSVRC2012_val_00015124 lime_slic_50 seed=1
3053 stability imagenet vgg13 ILSVRC2012_val_00015124 lime_slic_50 seed=2
3054 stability imagenet vgg13 ILSVRC2012_val_00015124 lime_slic_50 seed=3
3055 stability imagenet vgg13 ILSVRC2012_val_00015124 lime_slic_50 seed=4
3056 stability imagenet vgg13 ILSVRC2012_val_00015124 lime_slic_200 seed=0
3057 stability imagenet vgg13 ILSVRC2012_val_00015124 lime_slic_200 seed=1
3058 stability imagenet vgg13 ILSVRC2012_val_00015124 lime_slic_200 seed=2
3059 stability imagenet vgg13 ILSVRC2012_val_00015124 lime_slic_200 seed=3
3060 stability imagenet vgg13 ILSVRC2012_val_00015124 lime_slic_200 seed=4
3061 stability imagenet vgg13 ILSVRC2012_val_00015124 lime_slic_300 seed=0
3062 stability imagenet vgg13 ILSVRC2012_val_00015124 lime_slic_300 seed=1
3063 stability imagenet vgg13 ILSVRC2012_val_00015124 lime_slic_300 seed=2
3064 stability imagenet vgg13 ILSVRC2012_val_00015124 lime_slic_300 seed=3
3065 stability imagenet vgg13 ILSVRC2012_val_00015124 lime_slic_300 seed=4
3066 stability imagenet vgg13 ILSVRC2012_val_00015124 rise_grid_4 seed=0
3067 stability imagenet vgg13 ILSVRC2012_val_00015124 rise_grid_4 seed=1
3068 stability imagenet vgg13 ILSVRC2012_val_00015124 rise_grid_4 seed=2
3069 stability imagenet vgg13 ILSVRC2012_val_00015124 rise_grid_4 seed=3
3070 stability imagenet vgg13 ILSVRC2012_val_00015124 rise_grid_4 seed=4
3071 stability imagenet vgg13 ILSVRC2012_val_00015124 rise_grid_10 seed=0
3072 stability imagenet vgg13 ILSVRC2012_val_00015124 rise_grid_10 seed=1
3073 stability imagenet vgg13 ILSVRC2012_val_00015124 rise_grid_10 seed=2
3074 stability imagenet vgg13 ILSVRC2012_val_00015124 rise_grid_10 seed=3
3075 stability imagenet vgg13 ILSVRC2012_val_00015124 rise_grid_10 seed=4
3076 stability imagenet vgg13 ILSVRC2012_val_00015124 rise_grid_14 seed=0
3077 stability imagenet vgg13 ILSVRC2012_val_00015124 rise_grid_14 seed=1
3078 stability imagenet vgg13 ILSVRC2012_val_00015124 rise_grid_14 seed=2
3079 stability imagenet vgg13 ILSVRC2012_val_00015124 rise_grid_14 seed=3
3080 stability imagenet vgg13 ILSVRC2012_val_00015124 rise_grid_14 seed=4
3081 stability imagenet vgg13 ILSVRC2012_val_00015124 lime_mask_0.25 seed=0
3082 stability imagenet vgg13 ILSVRC2012_val_00015124 lime_mask_0.25 seed=1
3083 stability imagenet vgg13 ILSVRC2012_val_00015124 lime_mask_0.25 seed=2
3084 stability imagenet vgg13 ILSVRC2012_val_00015124 lime_mask_0.25 seed=3
3085 stability imagenet vgg13 ILSVRC2012_val_00015124 lime_mask_0.25 seed=4
3086 stability imagenet vgg13 ILSVRC2012_val_00015124 lime_mask_0.75 seed=0
3087 stability imagenet vgg13 ILSVRC2012_val_00015124 lime_mask_0.75 seed=1
3088 stability imagenet vgg13 ILSVRC2012_val_00015124 lime_mask_0.75 seed=2
3089 stability imagenet vgg13 ILSVRC2012_val_00015124 lime_mask_0.75 seed=3
3090 stability imagenet vgg13 ILSVRC2012_val_00015124 lime_mask_0.75 seed=4
3091 stability imagenet vgg13 ILSVRC2012_val_00015124 rise_mask_0.25 seed=0
3092 stability imagenet vgg13 ILSVRC2012_val_00015124 rise_mask_0.25 seed=1
3093 stability imagenet vgg13 ILSVRC2012_val_00015124 rise_mask_0.25 seed=2
3094 stability imagenet vgg13 ILSVRC2012_val_00015124 rise_mask_0.25 seed=3
3095 stability imagenet vgg13 ILSVRC2012_val_00015124 rise_mask_0.25 seed=4
3096 stability imagenet vgg13 ILSVRC2012_val_00015124 rise_mask_0.75 seed=0
3097 stability imagenet vgg13 ILSVRC2012_val_00015124 rise_mask_0.75 seed=1
3098 stability imagenet vgg13 ILSVRC2012_val_00015124 rise_mask_0.75 seed=2
3099 stability imagenet vgg13 ILSVRC2012_val_00015124 rise_mask_0.75 seed=3
3100 stability imagenet vgg13 ILSVRC2012_val_00015124 rise_mask_0.75 seed=4
3101 stability imagenet vgg13 ILSVRC2012_val_00015975 lime_slic_50 seed=0
3102 stability imagenet vgg13 ILSVRC2012_val_00015975 lime_slic_50 seed=1
3103 stability imagenet vgg13 ILSVRC2012_val_00015975 lime_slic_50 seed=2
3104 stability imagenet vgg13 ILSVRC2012_val_00015975 lime_slic_50 seed=3
3105 stability imagenet vgg13 ILSVRC2012_val_00015975 lime_slic_50 seed=4
3106 stability imagenet vgg13 ILSVRC2012_val_00015975 lime_slic_200 seed=0
3107 stability imagenet vgg13 ILSVRC2012_val_00015975 lime_slic_200 seed=1
3108 stability imagenet vgg13 ILSVRC2012_val_00015975 lime_slic_200 seed=2
3109 stability imagenet vgg13 ILSVRC2012_val_00015975 lime_slic_200 seed=3
3110 stability imagenet vgg13 ILSVRC2012_val_00015975 lime_slic_200 seed=4
3111 stability imagenet vgg13 ILSVRC2012_val_00015975 lime_slic_300 seed=0
3112 stability imagenet vgg13 ILSVRC2012_val_00015975 lime_slic_300 seed=1
3113 stability imagenet vgg13 ILSVRC2012_val_00015975 lime_slic_300 seed=2
3114 stability imagenet vgg13 ILSVRC2012_val_00015975 lime_slic_300 seed=3
3115 stability imagenet vgg13 ILSVRC2012_val_00015975 lime_slic_300 seed=4
3116 stability imagenet vgg13 ILSVRC2012_val_00015975 rise_grid_4 seed=0
3117 stability imagenet vgg13 ILSVRC2012_val_00015975 rise_grid_4 seed=1
3118 stability imagenet vgg13 ILSVRC2012_val_00015975 rise_grid_4 seed=2
3119 stability imagenet vgg13 ILSVRC2012_val_00015975 rise_grid_4 seed=3
3120 stability imagenet vgg13 ILSVRC2012_val_00015975 rise_grid_4 seed=4
3121 stability imagenet vgg13 ILSVRC2012_val_00015975 rise_grid_10 seed=0
3122 stability imagenet vgg13 ILSVRC2012_val_00015975 rise_grid_10 seed=1
3123 stability imagenet vgg13 ILSVRC2012_val_00015975 rise_grid_10 seed=2
3124 stability imagenet vgg13 ILSVRC2012_val_00015975 rise_grid_10 seed=3
3125 stability imagenet vgg13 ILSVRC2012_val_00015975 rise_grid_10 seed=4
3126 stability imagenet vgg13 ILSVRC2012_val_00015975 rise_grid_14 seed=0
3127 stability imagenet vgg13 ILSVRC2012_val_00015975 rise_grid_14 seed=1
3128 stability imagenet vgg13 ILSVRC2012_val_00015975 rise_grid_14 seed=2
3129 stability imagenet vgg13 ILSVRC2012_val_00015975 rise_grid_14 seed=3
3130 stability imagenet vgg13 ILSVRC2012_val_00015975 rise_grid_14 seed=4
3131 stability imagenet vgg13 ILSVRC2012_val_00015975 lime_mask_0.25 seed=0
3132 stability imagenet vgg13 ILSVRC2012_val_00015975 lime_mask_0.25 seed=1
3133 stability imagenet vgg13 ILSVRC2012_val_00015975 lime_mask_0.25 seed=2
3134 stability imagenet vgg13 ILSVRC2012_val_00015975 lime_mask_0.25 seed=3
3135 stability imagenet vgg13 ILSVRC2012_val_00015975 lime_mask_0.25 seed=4
3136 stability imagenet vgg13 ILSVRC2012_val_00015975 lime_mask_0.75 seed=0
3137 stability imagenet vgg13 ILSVRC2012_val_00015975 lime_mask_0.75 seed=1
3138 stability imagenet vgg13 ILSVRC2012_val_00015975 lime_mask_0.75 seed=2
3139 stability imagenet vgg13 ILSVRC2012_val_00015975 lime_mask_0.75 seed=3
3140 stability imagenet vgg13 ILSVRC2012_val_00015975 lime_mask_0.75 seed=4
3141 stability imagenet vgg13 ILSVRC2012_val_00015975 rise_mask_0.25 seed=0
3142 stability imagenet vgg13 ILSVRC2012_val_00015975 rise_mask_0.25 seed=1
3143 stability imagenet vgg13 ILSVRC2012_val_00015975 rise_mask_0.25 seed=2
3144 stability imagenet vgg13 ILSVRC2012_val_00015975 rise_mask_0.25 seed=3
3145 stability imagenet vgg13 ILSVRC2012_val_00015975 rise_mask_0.25 seed=4
3146 stability imagenet vgg13 ILSVRC2012_val_00015975 rise_mask_0.75 seed=0
3147 stability imagenet vgg13 ILSVRC2012_val_00015975 rise_mask_0.75 seed=1
3148 stability imagenet vgg13 ILSVRC2012_val_00015975 rise_mask_0.75 seed=2
3149 stability imagenet vgg13 ILSVRC2012_val_00015975 rise_mask_0.75 seed=3
3150 stability imagenet vgg13 ILSVRC2012_val_00015975 rise_mask_0.75 seed=4
3151 stability imagenet vgg13 ILSVRC2012_val_00017759 lime_slic_50 seed=0
3152 stability imagenet vgg13 ILSVRC2012_val_00017759 lime_slic_50 seed=1
3153 stability imagenet vgg13 ILSVRC2012_val_00017759 lime_slic_50 seed=2
3154 stability imagenet vgg13 ILSVRC2012_val_00017759 lime_slic_50 seed=3
3155 stability imagenet vgg13 ILSVRC2012_val_00017759 lime_slic_50 seed=4
3156 stability imagenet vgg13 ILSVRC2012_val_00017759 lime_slic_200 seed=0
3157 stability imagenet vgg13 ILSVRC2012_val_00017759 lime_slic_200 seed=1
3158 stability imagenet vgg13 ILSVRC2012_val_00017759 lime_slic_200 seed=2
3159 stability imagenet vgg13 ILSVRC2012_val_00017759 lime_slic_200 seed=3
3160 stability imagenet vgg13 ILSVRC2012_val_00017759 lime_slic_200 seed=4
3161 stability imagenet vgg13 ILSVRC2012_val_00017759 lime_slic_300 seed=0
3162 stability imagenet vgg13 ILSVRC2012_val_00017759 lime_slic_300 seed=1
3163 stability imagenet vgg13 ILSVRC2012_val_00017759 lime_slic_300 seed=2
3164 stability imagenet vgg13 ILSVRC2012_val_00017759 lime_slic_300 seed=3
3165 stability imagenet vgg13 ILSVRC2012_val_00017759 lime_slic_300 seed=4
3166 stability imagenet vgg13 ILSVRC2012_val_00017759 rise_grid_4 seed=0
3167 stability imagenet vgg13 ILSVRC2012_val_00017759 rise_grid_4 seed=1
3168 stability imagenet vgg13 ILSVRC2012_val_00017759 rise_grid_4 seed=2
3169 stability imagenet vgg13 ILSVRC2012_val_00017759 rise_grid_4 seed=3
3170 stability imagenet vgg13 ILSVRC2012_val_00017759 rise_grid_4 seed=4
3171 stability imagenet vgg13 ILSVRC2012_val_00017759 rise_grid_10 seed=0
3172 stability imagenet vgg13 ILSVRC2012_val_00017759 rise_grid_10 seed=1
3173 stability imagenet vgg13 ILSVRC2012_val_00017759 rise_grid_10 seed=2
3174 stability imagenet vgg13 ILSVRC2012_val_00017759 rise_grid_10 seed=3
3175 stability imagenet vgg13 ILSVRC2012_val_00017759 rise_grid_10 seed=4
3176 stability imagenet vgg13 ILSVRC2012_val_00017759 rise_grid_14 seed=0
3177 stability imagenet vgg13 ILSVRC2012_val_00017759 rise_grid_14 seed=1
3178 stability imagenet vgg13 ILSVRC2012_val_00017759 rise_grid_14 seed=2
3179 stability imagenet vgg13 ILSVRC2012_val_00017759 rise_grid_14 seed=3
3180 stability imagenet vgg13 ILSVRC2012_val_00017759 rise_grid_14 seed=4
3181 stability imagenet vgg13 ILSVRC2012_val_00017759 lime_mask_0.25 seed=0
3182 stability imagenet vgg13 ILSVRC2012_val_00017759 lime_mask_0.25 seed=1
3183 stability imagenet vgg13 ILSVRC2012_val_00017759 lime_mask_0.25 seed=2
3184 stability imagenet vgg13 ILSVRC2012_val_00017759 lime_mask_0.25 seed=3
3185 stability imagenet vgg13 ILSVRC2012_val_00017759 lime_mask_0.25 seed=4
3186 stability imagenet vgg13 ILSVRC2012_val_00017759 lime_mask_0.75 seed=0
3187 stability imagenet vgg13 ILSVRC2012_val_00017759 lime_mask_0.75 seed=1
3188 stability imagenet vgg13 ILSVRC2012_val_00017759 lime_mask_0.75 seed=2
3189 stability imagenet vgg13 ILSVRC2012_val_00017759 lime_mask_0.75 seed=3
3190 stability imagenet vgg13 ILSVRC2012_val_00017759 lime_mask_0.75 seed=4
3191 stability imagenet vgg13 ILSVRC2012_val_00017759 rise_mask_0.25 seed=0
3192 stability imagenet vgg13 ILSVRC2012_val_00017759 rise_mask_0.25 seed=1
3193 stability imagenet vgg13 ILSVRC2012_val_00017759 rise_mask_0.25 seed=2
3194 stability imagenet vgg13 ILSVRC2012_val_00017759 rise_mask_0.25 seed=3
3195 stability imagenet vgg13 ILSVRC2012_val_00017759 rise_mask_0.25 seed=4
3196 stability imagenet vgg13 ILSVRC2012_val_00017759 rise_mask_0.75 seed=0
3197 stability imagenet vgg13 ILSVRC2012_val_00017759 rise_mask_0.75 seed=1
3198 stability imagenet vgg13 ILSVRC2012_val_00017759 rise_mask_0.75 seed=2
3199 stability imagenet vgg13 ILSVRC2012_val_00017759 rise_mask_0.75 seed=3
3200 stability imagenet vgg13 ILSVRC2012_val_00017759 rise_mask_0.75 seed=4
3201 stability imagenet vgg13 ILSVRC2012_val_00023695 lime_slic_50 seed=0
3202 stability imagenet vgg13 ILSVRC2012_val_00023695 lime_slic_50 seed=1
3203 stability imagenet vgg13 ILSVRC2012_val_00023695 lime_slic_50 seed=2
3204 stability imagenet vgg13 ILSVRC2012_val_00023695 lime_slic_50 seed=3
3205 stability imagenet vgg13 ILSVRC2012_val_00023695 lime_slic_50 seed=4
3206 stability imagenet vgg13 ILSVRC2012_val_00023695 lime_slic_200 seed=0
3207 stability imagenet vgg13 ILSVRC2012_val_00023695 lime_slic_200 seed=1
3208 stability imagenet vgg13 ILSVRC2012_val_00023695 lime_slic_200 seed=2
3209 stability imagenet vgg13 ILSVRC2012_val_00023695 lime_slic_200 seed=3
3210 stability imagenet vgg13 ILSVRC2012_val_00023695 lime_slic_200 seed=4
3211 stability imagenet vgg13 ILSVRC2012_val_00023695 lime_slic_300 seed=0
3212 stability imagenet vgg13 ILSVRC2012_val_00023695 lime_slic_300 seed=1
3213 stability imagenet vgg13 ILSVRC2012_val_00023695 lime_slic_300 seed=2
3214 stability imagenet vgg13 ILSVRC2012_val_00023695 lime_slic_300 seed=3
3215 stability imagenet vgg13 ILSVRC2012_val_00023695 lime_slic_300 seed=4
3216 stability imagenet vgg13 ILSVRC2012_val_00023695 rise_grid_4 seed=0
3217 stability imagenet vgg13 ILSVRC2012_val_00023695 rise_grid_4 seed=1
3218 stability imagenet vgg13 ILSVRC2012_val_00023695 rise_grid_4 seed=2
3219 stability imagenet vgg13 ILSVRC2012_val_00023695 rise_grid_4 seed=3
3220 stability imagenet vgg13 ILSVRC2012_val_00023695 rise_grid_4 seed=4
3221 stability imagenet vgg13 ILSVRC2012_val_00023695 rise_grid_10 seed=0
3222 stability imagenet vgg13 ILSVRC2012_val_00023695 rise_grid_10 seed=1
3223 stability imagenet vgg13 ILSVRC2012_val_00023695 rise_grid_10 seed=2
3224 stability imagenet vgg13 ILSVRC2012_val_00023695 rise_grid_10 seed=3
3225 stability imagenet vgg13 ILSVRC2012_val_00023695 rise_grid_10 seed=4
3226 stability imagenet vgg13 ILSVRC2012_val_00023695 rise_grid_14 seed=0
3227 stability imagenet vgg13 ILSVRC2012_val_00023695 rise_grid_14 seed=1
3228 stability imagenet vgg13 ILSVRC2012_val_00023695 rise_grid_14 seed=2
3229 stability imagenet vgg13 ILSVRC2012_val_00023695 rise_grid_14 seed=3
3230 stability imagenet vgg13 ILSVRC2012_val_00023695 rise_grid_14 seed=4
3231 stability imagenet vgg13 ILSVRC2012_val_00023695 lime_mask_0.25 seed=0
3232 stability imagenet vgg13 ILSVRC2012_val_00023695 lime_mask_0.25 seed=1
3233 stability imagenet vgg13 ILSVRC2012_val_00023695 lime_mask_0.25 seed=2
3234 stability imagenet vgg13 ILSVRC2012_val_00023695 lime_mask_0.25 seed=3
3235 stability imagenet vgg13 ILSVRC2012_val_00023695 lime_mask_0.25 seed=4
3236 stability imagenet vgg13 ILSVRC2012_val_00023695 lime_mask_0.75 seed=0
3237 stability imagenet vgg13 ILSVRC2012_val_00023695 lime_mask_0.75 seed=1
3238 stability imagenet vgg13 ILSVRC2012_val_00023695 lime_mask_0.75 seed=2
3239 stability imagenet vgg13 ILSVRC2012_val_00023695 lime_mask_0.75 seed=3
3240 stability imagenet vgg13 ILSVRC2012_val_00023695 lime_mask_0.75 seed=4
3241 stability imagenet vgg13 ILSVRC2012_val_00023695 rise_mask_0.25 seed=0
3242 stability imagenet vgg13 ILSVRC2012_val_00023695 rise_mask_0.25 seed=1
3243 stability imagenet vgg13 ILSVRC2012_val_00023695 rise_mask_0.25 seed=2
3244 stability imagenet vgg13 ILSVRC2012_val_00023695 rise_mask_0.25 seed=3
3245 stability imagenet vgg13 ILSVRC2012_val_00023695 rise_mask_0.25 seed=4
3246 stability imagenet vgg13 ILSVRC2012_val_00023695 rise_mask_0.75 seed=0
3247 stability imagenet vgg13 ILSVRC2012_val_00023695 rise_mask_0.75 seed=1
3248 stability imagenet vgg13 ILSVRC2012_val_00023695 rise_mask_0.75 seed=2
3249 stability imagenet vgg13 ILSVRC2012_val_00023695 rise_mask_0.75 seed=3
3250 stability imagenet vgg13 ILSVRC2012_val_00023695 rise_mask_0.75 seed=4
3251 stability imagenet vgg13 ILSVRC2012_val_00025180 lime_slic_50 seed=0
3252 stability imagenet vgg13 ILSVRC2012_val_00025180 lime_slic_50 seed=1
3253 stability imagenet vgg13 ILSVRC2012_val_00025180 lime_slic_50 seed=2
3254 stability imagenet vgg13 ILSVRC2012_val_00025180 lime_slic_50 seed=3
3255 stability imagenet vgg13 ILSVRC2012_val_00025180 lime_slic_50 seed=4
3256 stability imagenet vgg13 ILSVRC2012_val_00025180 lime_slic_200 seed=0
3257 stability imagenet vgg13 ILSVRC2012_val_00025180 lime_slic_200 seed=1
3258 stability imagenet vgg13 ILSVRC2012_val_00025180 lime_slic_200 seed=2
3259 stability imagenet vgg13 ILSVRC2012_val_00025180 lime_slic_200 seed=3
3260 stability imagenet vgg13 ILSVRC2012_val_00025180 lime_slic_200 seed=4
3261 stability imagenet vgg13 ILSVRC2012_val_00025180 lime_slic_300 seed=0
3262 stability imagenet vgg13 ILSVRC2012_val_00025180 lime_slic_300 seed=1
3263 stability imagenet vgg13 ILSVRC2012_val_00025180 lime_slic_300 seed=2
3264 stability imagenet vgg13 ILSVRC2012_val_00025180 lime_slic_300 seed=3
3265 stability imagenet vgg13 ILSVRC2012_val_00025180 lime_slic_300 seed=4
3266 stability imagenet vgg13 ILSVRC2012_val_00025180 rise_grid_4 seed=0
3267 stability imagenet vgg13 ILSVRC2012_val_00025180 rise_grid_4 seed=1
3268 stability imagenet vgg13 ILSVRC2012_val_00025180 rise_grid_4 seed=2
3269 stability imagenet vgg13 ILSVRC2012_val_00025180 rise_grid_4 seed=3
3270 stability imagenet vgg13 ILSVRC2012_val_00025180 rise_grid_4 seed=4
3271 stability imagenet vgg13 ILSVRC2012_val_00025180 rise_grid_10 seed=0
3272 stability imagenet vgg13 ILSVRC2012_val_00025180 rise_grid_10 seed=1
3273 stability imagenet vgg13 ILSVRC2012_val_00025180 rise_grid_10 seed=2
3274 stability imagenet vgg13 ILSVRC2012_val_00025180 rise_grid_10 seed=3
3275 stability imagenet vgg13 ILSVRC2012_val_00025180 rise_grid_10 seed=4
3276 stability imagenet vgg13 ILSVRC2012_val_00025180 rise_grid_14 seed=0
3277 stability imagenet vgg13 ILSVRC2012_val_00025180 rise_grid_14 seed=1
3278 stability imagenet vgg13 ILSVRC2012_val_00025180 rise_grid_14 seed=2
3279 stability imagenet vgg13 ILSVRC2012_val_00025180 rise_grid_14 seed=3
3280 stability imagenet vgg13 ILSVRC2012_val_00025180 rise_grid_14 seed=4
3281 stability imagenet vgg13 ILSVRC2012_val_00025180 lime_mask_0.25 seed=0
3282 stability imagenet vgg13 ILSVRC2012_val_00025180 lime_mask_0.25 seed=1
3283 stability imagenet vgg13 ILSVRC2012_val_00025180 lime_mask_0.25 seed=2
3284 stability imagenet vgg13 ILSVRC2012_val_00025180 lime_mask_0.25 seed=3
3285 stability imagenet vgg13 ILSVRC2012_val_00025180 lime_mask_0.25 seed=4
3286 stability imagenet vgg13 ILSVRC2012_val_00025180 lime_mask_0.75 seed=0
3287 stability imagenet vgg13 ILSVRC2012_val_00025180 lime_mask_0.75 seed=1
3288 stability imagenet vgg13 ILSVRC2012_val_00025180 lime_mask_0.75 seed=2
3289 stability imagenet vgg13 ILSVRC2012_val_00025180 lime_mask_0.75 seed=3
3290 stability imagenet vgg13 ILSVRC2012_val_00025180 lime_mask_0.75 seed=4
3291 stability imagenet vgg13 ILSVRC2012_val_00025180 rise_mask_0.25 seed=0
3292 stability imagenet vgg13 ILSVRC2012_val_00025180 rise_mask_0.25 seed=1
3293 stability imagenet vgg13 ILSVRC2012_val_00025180 rise_mask_0.25 seed=2
3294 stability imagenet vgg13 ILSVRC2012_val_00025180 rise_mask_0.25 seed=3
3295 stability imagenet vgg13 ILSVRC2012_val_00025180 rise_mask_0.25 seed=4
3296 stability imagenet vgg13 ILSVRC2012_val_00025180 rise_mask_0.75 seed=0
3297 stability imagenet vgg13 ILSVRC2012_val_00025180 rise_mask_0.75 seed=1
3298 stability imagenet vgg13 ILSVRC2012_val_00025180 rise_mask_0.75 seed=2
3299 stability imagenet vgg13 ILSVRC2012_val_00025180 rise_mask_0.75 seed=3
3300 stability imagenet vgg13 ILSVRC2012_val_00025180 rise_mask_0.75 seed=4
3301 stability imagenet vgg13 ILSVRC2012_val_00026967 lime_slic_50 seed=0
3302 stability imagenet vgg13 ILSVRC2012_val_00026967 lime_slic_50 seed=1
3303 stability imagenet vgg13 ILSVRC2012_val_00026967 lime_slic_50 seed=2
3304 stability imagenet vgg13 ILSVRC2012_val_00026967 lime_slic_50 seed=3
3305 stability imagenet vgg13 ILSVRC2012_val_00026967 lime_slic_50 seed=4
3306 stability imagenet vgg13 ILSVRC2012_val_00026967 lime_slic_200 seed=0
3307 stability imagenet vgg13 ILSVRC2012_val_00026967 lime_slic_200 seed=1
3308 stability imagenet vgg13 ILSVRC2012_val_00026967 lime_slic_200 seed=2
3309 stability imagenet vgg13 ILSVRC2012_val_00026967 lime_slic_200 seed=3
3310 stability imagenet vgg13 ILSVRC2012_val_00026967 lime_slic_200 seed=4
3311 stability imagenet vgg13 ILSVRC2012_val_00026967 lime_slic_300 seed=0
3312 stability imagenet vgg13 ILSVRC2012_val_00026967 lime_slic_300 seed=1
3313 stability imagenet vgg13 ILSVRC2012_val_00026967 lime_slic_300 seed=2
3314 stability imagenet vgg13 ILSVRC2012_val_00026967 lime_slic_300 seed=3
3315 stability imagenet vgg13 ILSVRC2012_val_00026967 lime_slic_300 seed=4
3316 stability imagenet vgg13 ILSVRC2012_val_00026967 rise_grid_4 seed=0
3317 stability imagenet vgg13 ILSVRC2012_val_00026967 rise_grid_4 seed=1
3318 stability imagenet vgg13 ILSVRC2012_val_00026967 rise_grid_4 seed=2
3319 stability imagenet vgg13 ILSVRC2012_val_00026967 rise_grid_4 seed=3
3320 stability imagenet vgg13 ILSVRC2012_val_00026967 rise_grid_4 seed=4
3321 stability imagenet vgg13 ILSVRC2012_val_00026967 rise_grid_10 seed=0
3322 stability imagenet vgg13 ILSVRC2012_val_00026967 rise_grid_10 seed=1
3323 stability imagenet vgg13 ILSVRC2012_val_00026967 rise_grid_10 seed=2
3324 stability imagenet vgg13 ILSVRC2012_val_00026967 rise_grid_10 seed=3
3325 stability imagenet vgg13 ILSVRC2012_val_00026967 rise_grid_10 seed=4
3326 stability imagenet vgg13 ILSVRC2012_val_00026967 rise_grid_14 seed=0
3327 stability imagenet vgg13 ILSVRC2012_val_00026967 rise_grid_14 seed=1
3328 stability imagenet vgg13 ILSVRC2012_val_00026967 rise_grid_14 seed=2
3329 stability imagenet vgg13 ILSVRC2012_val_00026967 rise_grid_14 seed=3
3330 stability imagenet vgg13 ILSVRC2012_val_00026967 rise_grid_14 seed=4
3331 stability imagenet vgg13 ILSVRC2012_val_00026967 lime_mask_0.25 seed=0
3332 stability imagenet vgg13 ILSVRC2012_val_00026967 lime_mask_0.25 seed=1
3333 stability imagenet vgg13 ILSVRC2012_val_00026967 lime_mask_0.25 seed=2
3334 stability imagenet vgg13 ILSVRC2012_val_00026967 lime_mask_0.25 seed=3
3335 stability imagenet vgg13 ILSVRC2012_val_00026967 lime_mask_0.25 seed=4
3336 stability imagenet vgg13 ILSVRC2012_val_00026967 lime_mask_0.75 seed=0
3337 stability imagenet vgg13 ILSVRC2012_val_00026967 lime_mask_0.75 seed=1
3338 stability imagenet vgg13 ILSVRC2012_val_00026967 lime_mask_0.75 seed=2
3339 stability imagenet vgg13 ILSVRC2012_val_00026967 lime_mask_0.75 seed=3
3340 stability imagenet vgg13 ILSVRC2012_val_00026967 lime_mask_0.75 seed=4
3341 stability imagenet vgg13 ILSVRC2012_val_00026967 rise_mask_0.25 seed=0
3342 stability imagenet vgg13 ILSVRC2012_val_00026967 rise_mask_0.25 seed=1
3343 stability imagenet vgg13 ILSVRC2012_val_00026967 rise_mask_0.25 seed=2
3344 stability imagenet vgg13 ILSVRC2012_val_00026967 rise_mask_0.25 seed=3
3345 stability imagenet vgg13 ILSVRC2012_val_00026967 rise_mask_0.25 seed=4
3346 stability imagenet vgg13 ILSVRC2012_val_00026967 rise_mask_0.75 seed=0
3347 stability imagenet vgg13 ILSVRC2012_val_00026967 rise_mask_0.75 seed=1
3348 stability imagenet vgg13 ILSVRC2012_val_00026967 rise_mask_0.75 seed=2
3349 stability imagenet vgg13 ILSVRC2012_val_00026967 rise_mask_0.75 seed=3
3350 stability imagenet vgg13 ILSVRC2012_val_00026967 rise_mask_0.75 seed=4
3351 stability imagenet vgg13 ILSVRC2012_val_00029916 lime_slic_50 seed=0
3352 stability imagenet vgg13 ILSVRC2012_val_00029916 lime_slic_50 seed=1
3353 stability imagenet vgg13 ILSVRC2012_val_00029916 lime_slic_50 seed=2
3354 stability imagenet vgg13 ILSVRC2012_val_00029916 lime_slic_50 seed=3
3355 stability imagenet vgg13 ILSVRC2012_val_00029916 lime_slic_50 seed=4
3356 stability imagenet vgg13 ILSVRC2012_val_00029916 lime_slic_200 seed=0
3357 stability imagenet vgg13 ILSVRC2012_val_00029916 lime_slic_200 seed=1
3358 stability imagenet vgg13 ILSVRC2012_val_00029916 lime_slic_200 seed=2
3359 stability imagenet vgg13 ILSVRC2012_val_00029916 lime_slic_200 seed=3
3360 stability imagenet vgg13 ILSVRC2012_val_00029916 lime_slic_200 seed=4
3361 stability imagenet vgg13 ILSVRC2012_val_00029916 lime_slic_300 seed=0
3362 stability imagenet vgg13 ILSVRC2012_val_00029916 lime_slic_300 seed=1
3363 stability imagenet vgg13 ILSVRC2012_val_00029916 lime_slic_300 seed=2
3364 stability imagenet vgg13 ILSVRC2012_val_00029916 lime_slic_300 seed=3
3365 stability imagenet vgg13 ILSVRC2012_val_00029916 lime_slic_300 seed=4
3366 stability imagenet vgg13 ILSVRC2012_val_00029916 rise_grid_4 seed=0
3367 stability imagenet vgg13 ILSVRC2012_val_00029916 rise_grid_4 seed=1
3368 stability imagenet vgg13 ILSVRC2012_val_00029916 rise_grid_4 seed=2
3369 stability imagenet vgg13 ILSVRC2012_val_00029916 rise_grid_4 seed=3
3370 stability imagenet vgg13 ILSVRC2012_val_00029916 rise_grid_4 seed=4
3371 stability imagenet vgg13 ILSVRC2012_val_00029916 rise_grid_10 seed=0
3372 stability imagenet vgg13 ILSVRC2012_val_00029916 rise_grid_10 seed=1
3373 stability imagenet vgg13 ILSVRC2012_val_00029916 rise_grid_10 seed=2
3374 stability imagenet vgg13 ILSVRC2012_val_00029916 rise_grid_10 seed=3
3375 stability imagenet vgg13 ILSVRC2012_val_00029916 rise_grid_10 seed=4
3376 stability imagenet vgg13 ILSVRC2012_val_00029916 rise_grid_14 seed=0
3377 stability imagenet vgg13 ILSVRC2012_val_00029916 rise_grid_14 seed=1
3378 stability imagenet vgg13 ILSVRC2012_val_00029916 rise_grid_14 seed=2
3379 stability imagenet vgg13 ILSVRC2012_val_00029916 rise_grid_14 seed=3
3380 stability imagenet vgg13 ILSVRC2012_val_00029916 rise_grid_14 seed=4
3381 stability imagenet vgg13 ILSVRC2012_val_00029916 lime_mask_0.25 seed=0
3382 stability imagenet vgg13 ILSVRC2012_val_00029916 lime_mask_0.25 seed=1
3383 stability imagenet vgg13 ILSVRC2012_val_00029916 lime_mask_0.25 seed=2
3384 stability imagenet vgg13 ILSVRC2012_val_00029916 lime_mask_0.25 seed=3
3385 stability imagenet vgg13 ILSVRC2012_val_00029916 lime_mask_0.25 seed=4
3386 stability imagenet vgg13 ILSVRC2012_val_00029916 lime_mask_0.75 seed=0
3387 stability imagenet vgg13 ILSVRC2012_val_00029916 lime_mask_0.75 seed=1
3388 stability imagenet vgg13 ILSVRC2012_val_00029916 lime_mask_0.75 seed=2
3389 stability imagenet vgg13 ILSVRC2012_val_00029916 lime_mask_0.75 seed=3
3390 stability imagenet vgg13 ILSVRC2012_val_00029916 lime_mask_0.75 seed=4
3391 stability imagenet vgg13 ILSVRC2012_val_00029916 rise_mask_0.25 seed=0
3392 stability imagenet vgg13 ILSVRC2012_val_00029916 rise_mask_0.25 seed=1
3393 stability imagenet vgg13 ILSVRC2012_val_00029916 rise_mask_0.25 seed=2
3394 stability imagenet vgg13 ILSVRC2012_val_00029916 rise_mask_0.25 seed=3
3395 stability imagenet vgg13 ILSVRC2012_val_00029916 rise_mask_0.25 seed=4
3396 stability imagenet vgg13 ILSVRC2012_val_00029916 rise_mask_0.75 seed=0
3397 stability imagenet vgg13 ILSVRC2012_val_00029916 rise_mask_0.75 seed=1
3398 stability imagenet vgg13 ILSVRC2012_val_00029916 rise_mask_0.75 seed=2
3399 stability imagenet vgg13 ILSVRC2012_val_00029916 rise_mask_0.75 seed=3
3400 stability imagenet vgg13 ILSVRC2012_val_00029916 rise_mask_0.75 seed=4
3401 stability imagenet vgg13 ILSVRC2012_val_00030571 lime_slic_50 seed=0
3402 stability imagenet vgg13 ILSVRC2012_val_00030571 lime_slic_50 seed=1
3403 stability imagenet vgg13 ILSVRC2012_val_00030571 lime_slic_50 seed=2
3404 stability imagenet vgg13 ILSVRC2012_val_00030571 lime_slic_50 seed=3
3405 stability imagenet vgg13 ILSVRC2012_val_00030571 lime_slic_50 seed=4
3406 stability imagenet vgg13 ILSVRC2012_val_00030571 lime_slic_200 seed=0
3407 stability imagenet vgg13 ILSVRC2012_val_00030571 lime_slic_200 seed=1
3408 stability imagenet vgg13 ILSVRC2012_val_00030571 lime_slic_200 seed=2
3409 stability imagenet vgg13 ILSVRC2012_val_00030571 lime_slic_200 seed=3
3410 stability imagenet vgg13 ILSVRC2012_val_00030571 lime_slic_200 seed=4
3411 stability imagenet vgg13 ILSVRC2012_val_00030571 lime_slic_300 seed=0
3412 stability imagenet vgg13 ILSVRC2012_val_00030571 lime_slic_300 seed=1
3413 stability imagenet vgg13 ILSVRC2012_val_00030571 lime_slic_300 seed=2
3414 stability imagenet vgg13 ILSVRC2012_val_00030571 lime_slic_300 seed=3
3415 stability imagenet vgg13 ILSVRC2012_val_00030571 lime_slic_300 seed=4
3416 stability imagenet vgg13 ILSVRC2012_val_00030571 rise_grid_4 seed=0
3417 stability imagenet vgg13 ILSVRC2012_val_00030571 rise_grid_4 seed=1
3418 stability imagenet vgg13 ILSVRC2012_val_00030571 rise_grid_4 seed=2
3419 stability imagenet vgg13 ILSVRC2012_val_00030571 rise_grid_4 seed=3
3420 stability imagenet vgg13 ILSVRC2012_val_00030571 rise_grid_4 seed=4
3421 stability imagenet vgg13 ILSVRC2012_val_00030571 rise_grid_10 seed=0
3422 stability imagenet vgg13 ILSVRC2012_val_00030571 rise_grid_10 seed=1
3423 stability imagenet vgg13 ILSVRC2012_val_00030571 rise_grid_10 seed=2
3424 stability imagenet vgg13 ILSVRC2012_val_00030571 rise_grid_10 seed=3
3425 stability imagenet vgg13 ILSVRC2012_val_00030571 rise_grid_10 seed=4
3426 stability imagenet vgg13 ILSVRC2012_val_00030571 rise_grid_14 seed=0
3427 stability imagenet vgg13 ILSVRC2012_val_00030571 rise_grid_14 seed=1
3428 stability imagenet vgg13 ILSVRC2012_val_00030571 rise_grid_14 seed=2
3429 stability imagenet vgg13 ILSVRC2012_val_00030571 rise_grid_14 seed=3
3430 stability imagenet vgg13 ILSVRC2012_val_00030571 rise_grid_14 seed=4
3431 stability imagenet vgg13 ILSVRC2012_val_00030571 lime_mask_0.25 seed=0
3432 stability imagenet vgg13 ILSVRC2012_val_00030571 lime_mask_0.25 seed=1
3433 stability imagenet vgg13 ILSVRC2012_val_00030571 lime_mask_0.25 seed=2
3434 stability imagenet vgg13 ILSVRC2012_val_00030571 lime_mask_0.25 seed=3
3435 stability imagenet vgg13 ILSVRC2012_val_00030571 lime_mask_0.25 seed=4
3436 stability imagenet vgg13 ILSVRC2012_val_00030571 lime_mask_0.75 seed=0
3437 stability imagenet vgg13 ILSVRC2012_val_00030571 lime_mask_0.75 seed=1
3438 stability imagenet vgg13 ILSVRC2012_val_00030571 lime_mask_0.75 seed=2
3439 stability imagenet vgg13 ILSVRC2012_val_00030571 lime_mask_0.75 seed=3
3440 stability imagenet vgg13 ILSVRC2012_val_00030571 lime_mask_0.75 seed=4
3441 stability imagenet vgg13 ILSVRC2012_val_00030571 rise_mask_0.25 seed=0
3442 stability imagenet vgg13 ILSVRC2012_val_00030571 rise_mask_0.25 seed=1
3443 stability imagenet vgg13 ILSVRC2012_val_00030571 rise_mask_0.25 seed=2
3444 stability imagenet vgg13 ILSVRC2012_val_00030571 rise_mask_0.25 seed=3
3445 stability imagenet vgg13 ILSVRC2012_val_00030571 rise_mask_0.25 seed=4
3446 stability imagenet vgg13 ILSVRC2012_val_00030571 rise_mask_0.75 seed=0
3447 stability imagenet vgg13 ILSVRC2012_val_00030571 rise_mask_0.75 seed=1
3448 stability imagenet vgg13 ILSVRC2012_val_00030571 rise_mask_0.75 seed=2
3449 stability imagenet vgg13 ILSVRC2012_val_00030571 rise_mask_0.75 seed=3
3450 stability imagenet vgg13 ILSVRC2012_val_00030571 rise_mask_0.75 seed=4
3451 stability imagenet vgg13 ILSVRC2012_val_00031395 lime_slic_50 seed=0
3452 stability imagenet vgg13 ILSVRC2012_val_00031395 lime_slic_50 seed=1
3453 stability imagenet vgg13 ILSVRC2012_val_00031395 lime_slic_50 seed=2
3454 stability imagenet vgg13 ILSVRC2012_val_00031395 lime_slic_50 seed=3
3455 stability imagenet vgg13 ILSVRC2012_val_00031395 lime_slic_50 seed=4
3456 stability imagenet vgg13 ILSVRC2012_val_00031395 lime_slic_200 seed=0
3457 stability imagenet vgg13 ILSVRC2012_val_00031395 lime_slic_200 seed=1
3458 stability imagenet vgg13 ILSVRC2012_val_00031395 lime_slic_200 seed=2
3459 stability imagenet vgg13 ILSVRC2012_val_00031395 lime_slic_200 seed=3
3460 stability imagenet vgg13 ILSVRC2012_val_00031395 lime_slic_200 seed=4
3461 stability imagenet vgg13 ILSVRC2012_val_00031395 lime_slic_300 seed=0
3462 stability imagenet vgg13 ILSVRC2012_val_00031395 lime_slic_300 seed=1
3463 stability imagenet vgg13 ILSVRC2012_val_00031395 lime_slic_300 seed=2
3464 stability imagenet vgg13 ILSVRC2012_val_00031395 lime_slic_300 seed=3
3465 stability imagenet vgg13 ILSVRC2012_val_00031395 lime_slic_300 seed=4
3466 stability imagenet vgg13 ILSVRC2012_val_00031395 rise_grid_4 seed=0
3467 stability imagenet vgg13 ILSVRC2012_val_00031395 rise_grid_4 seed=1
3468 stability imagenet vgg13 ILSVRC2012_val_00031395 rise_grid_4 seed=2
3469 stability imagenet vgg13 ILSVRC2012_val_00031395 rise_grid_4 seed=3
3470 stability imagenet vgg13 ILSVRC2012_val_00031395 rise_grid_4 seed=4
3471 stability imagenet vgg13 ILSVRC2012_val_00031395 rise_grid_10 seed=0
3472 stability imagenet vgg13 ILSVRC2012_val_00031395 rise_grid_10 seed=1
3473 stability imagenet vgg13 ILSVRC2012_val_00031395 rise_grid_10 seed=2
3474 stability imagenet vgg13 ILSVRC2012_val_00031395 rise_grid_10 seed=3
3475 stability imagenet vgg13 ILSVRC2012_val_00031395 rise_grid_10 seed=4
3476 stability imagenet vgg13 ILSVRC2012_val_00031395 rise_grid_14 seed=0
3477 stability imagenet vgg13 ILSVRC2012_val_00031395 rise_grid_14 seed=1
3478 stability imagenet vgg13 ILSVRC2012_val_00031395 rise_grid_14 seed=2
3479 stability imagenet vgg13 ILSVRC2012_val_00031395 rise_grid_14 seed=3
3480 stability imagenet vgg13 ILSVRC2012_val_00031395 rise_grid_14 seed=4
3481 stability imagenet vgg13 ILSVRC2012_val_00031395 lime_mask_0.25 seed=0
3482 stability imagenet vgg13 ILSVRC2012_val_00031395 lime_mask_0.25 seed=1
3483 stability imagenet vgg13 ILSVRC2012_val_00031395 lime_mask_0.25 seed=2
3484 stability imagenet vgg13 ILSVRC2012_val_00031395 lime_mask_0.25 seed=3
3485 stability imagenet vgg13 ILSVRC2012_val_00031395 lime_mask_0.25 seed=4
3486 stability imagenet vgg13 ILSVRC2012_val_00031395 lime_mask_0.75 seed=0
3487 stability imagenet vgg13 ILSVRC2012_val_00031395 lime_mask_0.75 seed=1
3488 stability imagenet vgg13 ILSVRC2012_val_00031395 lime_mask_0.75 seed=2
3489 stability imagenet vgg13 ILSVRC2012_val_00031395 lime_mask_0.75 seed=3
3490 stability imagenet vgg13 ILSVRC2012_val_00031395 lime_mask_0.75 seed=4
3491 stability imagenet vgg13 ILSVRC2012_val_00031395 rise_mask_0.25 seed=0
3492 stability imagenet vgg13 ILSVRC2012_val_00031395 rise_mask_0.25 seed=1
3493 stability imagenet vgg13 ILSVRC2012_val_00031395 rise_mask_0.25 seed=2
3494 stability imagenet vgg13 ILSVRC2012_val_00031395 rise_mask_0.25 seed=3
3495 stability imagenet vgg13 ILSVRC2012_val_00031395 rise_mask_0.25 seed=4
3496 stability imagenet vgg13 ILSVRC2012_val_00031395 rise_mask_0.75 seed=0
3497 stability imagenet vgg13 ILSVRC2012_val_00031395 rise_mask_0.75 seed=1
3498 stability imagenet vgg13 ILSVRC2012_val_00031395 rise_mask_0.75 seed=2
3499 stability imagenet vgg13 ILSVRC2012_val_00031395 rise_mask_0.75 seed=3
3500 stability imagenet vgg13 ILSVRC2012_val_00031395 rise_mask_0.75 seed=4
3501 stability imagenet vgg13 ILSVRC2012_val_00033911 lime_slic_50 seed=0
3502 stability imagenet vgg13 ILSVRC2012_val_00033911 lime_slic_50 seed=1
3503 stability imagenet vgg13 ILSVRC2012_val_00033911 lime_slic_50 seed=2
3504 stability imagenet vgg13 ILSVRC2012_val_00033911 lime_slic_50 seed=3
3505 stability imagenet vgg13 ILSVRC2012_val_00033911 lime_slic_50 seed=4
3506 stability imagenet vgg13 ILSVRC2012_val_00033911 lime_slic_200 seed=0
3507 stability imagenet vgg13 ILSVRC2012_val_00033911 lime_slic_200 seed=1
3508 stability imagenet vgg13 ILSVRC2012_val_00033911 lime_slic_200 seed=2
3509 stability imagenet vgg13 ILSVRC2012_val_00033911 lime_slic_200 seed=3
3510 stability imagenet vgg13 ILSVRC2012_val_00033911 lime_slic_200 seed=4
3511 stability imagenet vgg13 ILSVRC2012_val_00033911 lime_slic_300 seed=0
3512 stability imagenet vgg13 ILSVRC2012_val_00033911 lime_slic_300 seed=1
3513 stability imagenet vgg13 ILSVRC2012_val_00033911 lime_slic_300 seed=2
3514 stability imagenet vgg13 ILSVRC2012_val_00033911 lime_slic_300 seed=3
3515 stability imagenet vgg13 ILSVRC2012_val_00033911 lime_slic_300 seed=4
3516 stability imagenet vgg13 ILSVRC2012_val_00033911 rise_grid_4 seed=0
3517 stability imagenet vgg13 ILSVRC2012_val_00033911 rise_grid_4 seed=1
3518 stability imagenet vgg13 ILSVRC2012_val_00033911 rise_grid_4 seed=2
3519 stability imagenet vgg13 ILSVRC2012_val_00033911 rise_grid_4 seed=3
3520 stability imagenet vgg13 ILSVRC2012_val_00033911 rise_grid_4 seed=4
3521 stability imagenet vgg13 ILSVRC2012_val_00033911 rise_grid_10 seed=0
3522 stability imagenet vgg13 ILSVRC2012_val_00033911 rise_grid_10 seed=1
3523 stability imagenet vgg13 ILSVRC2012_val_00033911 rise_grid_10 seed=2
3524 stability imagenet vgg13 ILSVRC2012_val_00033911 rise_grid_10 seed=3
3525 stability imagenet vgg13 ILSVRC2012_val_00033911 rise_grid_10 seed=4
3526 stability imagenet vgg13 ILSVRC2012_val_00033911 rise_grid_14 seed=0
3527 stability imagenet vgg13 ILSVRC2012_val_00033911 rise_grid_14 seed=1
3528 stability imagenet vgg13 ILSVRC2012_val_00033911 rise_grid_14 seed=2
3529 stability imagenet vgg13 ILSVRC2012_val_00033911 rise_grid_14 seed=3
3530 stability imagenet vgg13 ILSVRC2012_val_00033911 rise_grid_14 seed=4
3531 stability imagenet vgg13 ILSVRC2012_val_00033911 lime_mask_0.25 seed=0
3532 stability imagenet vgg13 ILSVRC2012_val_00033911 lime_mask_0.25 seed=1
3533 stability imagenet vgg13 ILSVRC2012_val_00033911 lime_mask_0.25 seed=2
3534 stability imagenet vgg13 ILSVRC2012_val_00033911 lime_mask_0.25 seed=3
3535 stability imagenet vgg13 ILSVRC2012_val_00033911 lime_mask_0.25 seed=4
3536 stability imagenet vgg13 ILSVRC2012_val_00033911 lime_mask_0.75 seed=0
3537 stability imagenet vgg13 ILSVRC2012_val_00033911 lime_mask_0.75 seed=1
3538 stability imagenet vgg13 ILSVRC2012_val_00033911 lime_mask_0.75 seed=2
3539 stability imagenet vgg13 ILSVRC2012_val_00033911 lime_mask_0.75 seed=3
3540 stability imagenet vgg13 ILSVRC2012_val_00033911 lime_mask_0.75 seed=4
3541 stability imagenet vgg13 ILSVRC2012_val_00033911 rise_mask_0.25 seed=0
3542 stability imagenet vgg13 ILSVRC2012_val_00033911 rise_mask_0.25 seed=1
3543 stability imagenet vgg13 ILSVRC2012_val_00033911 rise_mask_0.25 seed=2
3544 stability imagenet vgg13 ILSVRC2012_val_00033911 rise_mask_0.25 seed=3
3545 stability imagenet vgg13 ILSVRC2012_val_00033911 rise_mask_0.25 seed=4
3546 stability imagenet vgg13 ILSVRC2012_val_00033911 rise_mask_0.75 seed=0
3547 stability imagenet vgg13 ILSVRC2012_val_00033911 rise_mask_0.75 seed=1
3548 stability imagenet vgg13 ILSVRC2012_val_00033911 rise_mask_0.75 seed=2
3549 stability imagenet vgg13 ILSVRC2012_val_00033911 rise_mask_0.75 seed=3
3550 stability imagenet vgg13 ILSVRC2012_val_00033911 rise_mask_0.75 seed=4
3551 stability imagenet vgg13 ILSVRC2012_val_00038443 lime_slic_50 seed=0
3552 stability imagenet vgg13 ILSVRC2012_val_00038443 lime_slic_50 seed=1
3553 stability imagenet vgg13 ILSVRC2012_val_00038443 lime_slic_50 seed=2
3554 stability imagenet vgg13 ILSVRC2012_val_00038443 lime_slic_50 seed=3
3555 stability imagenet vgg13 ILSVRC2012_val_00038443 lime_slic_50 seed=4
3556 stability imagenet vgg13 ILSVRC2012_val_00038443 lime_slic_200 seed=0
3557 stability imagenet vgg13 ILSVRC2012_val_00038443 lime_slic_200 seed=1
3558 stability imagenet vgg13 ILSVRC2012_val_00038443 lime_slic_200 seed=2
3559 stability imagenet vgg13 ILSVRC2012_val_00038443 lime_slic_200 seed=3
3560 stability imagenet vgg13 ILSVRC2012_val_00038443 lime_slic_200 seed=4
3561 stability imagenet vgg13 ILSVRC2012_val_00038443 lime_slic_300 seed=0
3562 stability imagenet vgg13 ILSVRC2012_val_00038443 lime_slic_300 seed=1
3563 stability imagenet vgg13 ILSVRC2012_val_00038443 lime_slic_300 seed=2
3564 stability imagenet vgg13 ILSVRC2012_val_00038443 lime_slic_300 seed=3
3565 stability imagenet vgg13 ILSVRC2012_val_00038443 lime_slic_300 seed=4
3566 stability imagenet vgg13 ILSVRC2012_val_00038443 rise_grid_4 seed=0
3567 stability imagenet vgg13 ILSVRC2012_val_00038443 rise_grid_4 seed=1
3568 stability imagenet vgg13 ILSVRC2012_val_00038443 rise_grid_4 seed=2
3569 stability imagenet vgg13 ILSVRC2012_val_00038443 rise_grid_4 seed=3
3570 stability imagenet vgg13 ILSVRC2012_val_00038443 rise_grid_4 seed=4
3571 stability imagenet vgg13 ILSVRC2012_val_00038443 rise_grid_10 seed=0
3572 stability imagenet vgg13 ILSVRC2012_val_00038443 rise_grid_10 seed=1
3573 stability imagenet vgg13 ILSVRC2012_val_00038443 rise_grid_10 seed=2
3574 stability imagenet vgg13 ILSVRC2012_val_00038443 rise_grid_10 seed=3
3575 stability imagenet vgg13 ILSVRC2012_val_00038443 rise_grid_10 seed=4
3576 stability imagenet vgg13 ILSVRC2012_val_00038443 rise_grid_14 seed=0
3577 stability imagenet vgg13 ILSVRC2012_val_00038443 rise_grid_14 seed=1
3578 stability imagenet vgg13 ILSVRC2012_val_00038443 rise_grid_14 seed=2
3579 stability imagenet vgg13 ILSVRC2012_val_00038443 rise_grid_14 seed=3
3580 stability imagenet vgg13 ILSVRC2012_val_00038443 rise_grid_14 seed=4
3581 stability imagenet vgg13 ILSVRC2012_val_00038443 lime_mask_0.25 seed=0
3582 stability imagenet vgg13 ILSVRC2012_val_00038443 lime_mask_0.25 seed=1
3583 stability imagenet vgg13 ILSVRC2012_val_00038443 lime_mask_0.25 seed=2
3584 stability imagenet vgg13 ILSVRC2012_val_00038443 lime_mask_0.25 seed=3
3585 stability imagenet vgg13 ILSVRC2012_val_00038443 lime_mask_0.25 seed=4
3586 stability imagenet vgg13 ILSVRC2012_val_00038443 lime_mask_0.75 seed=0
3587 stability imagenet vgg13 ILSVRC2012_val_00038443 lime_mask_0.75 seed=1
3588 stability imagenet vgg13 ILSVRC2012_val_00038443 lime_mask_0.75 seed=2
3589 stability imagenet vgg13 ILSVRC2012_val_00038443 lime_mask_0.75 seed=3
3590 stability imagenet vgg13 ILSVRC2012_val_00038443 lime_mask_0.75 seed=4
3591 stability imagenet vgg13 ILSVRC2012_val_00038443 rise_mask_0.25 seed=0
3592 stability imagenet vgg13 ILSVRC2012_val_00038443 rise_mask_0.25 seed=1
3593 stability imagenet vgg13 ILSVRC2012_val_00038443 rise_mask_0.25 seed=2
3594 stability imagenet vgg13 ILSVRC2012_val_00038443 rise_mask_0.25 seed=3
3595 stability imagenet vgg13 ILSVRC2012_val_00038443 rise_mask_0.25 seed=4
3596 stability imagenet vgg13 ILSVRC2012_val_00038443 rise_mask_0.75 seed=0
3597 stability imagenet vgg13 ILSVRC2012_val_00038443 rise_mask_0.75 seed=1
3598 stability imagenet vgg13 ILSVRC2012_val_00038443 rise_mask_0.75 seed=2
3599 stability imagenet vgg13 ILSVRC2012_val_00038443 rise_mask_0.75 seed=3
3600 stability imagenet vgg13 ILSVRC2012_val_00038443 rise_mask_0.75 seed=4
3601 stability imagenet vgg13 ILSVRC2012_val_00039743 lime_slic_50 seed=0
3602 stability imagenet vgg13 ILSVRC2012_val_00039743 lime_slic_50 seed=1
3603 stability imagenet vgg13 ILSVRC2012_val_00039743 lime_slic_50 seed=2
3604 stability imagenet vgg13 ILSVRC2012_val_00039743 lime_slic_50 seed=3
3605 stability imagenet vgg13 ILSVRC2012_val_00039743 lime_slic_50 seed=4
3606 stability imagenet vgg13 ILSVRC2012_val_00039743 lime_slic_200 seed=0
3607 stability imagenet vgg13 ILSVRC2012_val_00039743 lime_slic_200 seed=1
3608 stability imagenet vgg13 ILSVRC2012_val_00039743 lime_slic_200 seed=2
3609 stability imagenet vgg13 ILSVRC2012_val_00039743 lime_slic_200 seed=3
3610 stability imagenet vgg13 ILSVRC2012_val_00039743 lime_slic_200 seed=4
3611 stability imagenet vgg13 ILSVRC2012_val_00039743 lime_slic_300 seed=0
3612 stability imagenet vgg13 ILSVRC2012_val_00039743 lime_slic_300 seed=1
3613 stability imagenet vgg13 ILSVRC2012_val_00039743 lime_slic_300 seed=2
3614 stability imagenet vgg13 ILSVRC2012_val_00039743 lime_slic_300 seed=3
3615 stability imagenet vgg13 ILSVRC2012_val_00039743 lime_slic_300 seed=4
3616 stability imagenet vgg13 ILSVRC2012_val_00039743 rise_grid_4 seed=0
3617 stability imagenet vgg13 ILSVRC2012_val_00039743 rise_grid_4 seed=1
3618 stability imagenet vgg13 ILSVRC2012_val_00039743 rise_grid_4 seed=2
3619 stability imagenet vgg13 ILSVRC2012_val_00039743 rise_grid_4 seed=3
3620 stability imagenet vgg13 ILSVRC2012_val_00039743 rise_grid_4 seed=4
3621 stability imagenet vgg13 ILSVRC2012_val_00039743 rise_grid_10 seed=0
3622 stability imagenet vgg13 ILSVRC2012_val_00039743 rise_grid_10 seed=1
3623 stability imagenet vgg13 ILSVRC2012_val_00039743 rise_grid_10 seed=2
3624 stability imagenet vgg13 ILSVRC2012_val_00039743 rise_grid_10 seed=3
3625 stability imagenet vgg13 ILSVRC2012_val_00039743 rise_grid_10 seed=4
3626 stability imagenet vgg13 ILSVRC2012_val_00039743 rise_grid_14 seed=0
3627 stability imagenet vgg13 ILSVRC2012_val_00039743 rise_grid_14 seed=1
3628 stability imagenet vgg13 ILSVRC2012_val_00039743 rise_grid_14 seed=2
3629 stability imagenet vgg13 ILSVRC2012_val_00039743 rise_grid_14 seed=3
3630 stability imagenet vgg13 ILSVRC2012_val_00039743 rise_grid_14 seed=4
3631 stability imagenet vgg13 ILSVRC2012_val_00039743 lime_mask_0.25 seed=0
3632 stability imagenet vgg13 ILSVRC2012_val_00039743 lime_mask_0.25 seed=1
3633 stability imagenet vgg13 ILSVRC2012_val_00039743 lime_mask_0.25 seed=2
3634 stability imagenet vgg13 ILSVRC2012_val_00039743 lime_mask_0.25 seed=3
3635 stability imagenet vgg13 ILSVRC2012_val_00039743 lime_mask_0.25 seed=4
3636 stability imagenet vgg13 ILSVRC2012_val_00039743 lime_mask_0.75 seed=0
3637 stability imagenet vgg13 ILSVRC2012_val_00039743 lime_mask_0.75 seed=1
3638 stability imagenet vgg13 ILSVRC2012_val_00039743 lime_mask_0.75 seed=2
3639 stability imagenet vgg13 ILSVRC2012_val_00039743 lime_mask_0.75 seed=3
3640 stability imagenet vgg13 ILSVRC2012_val_00039743 lime_mask_0.75 seed=4
3641 stability imagenet vgg13 ILSVRC2012_val_00039743 rise_mask_0.25 seed=0
3642 stability imagenet vgg13 ILSVRC2012_val_00039743 rise_mask_0.25 seed=1
3643 stability imagenet vgg13 ILSVRC2012_val_00039743 rise_mask_0.25 seed=2
3644 stability imagenet vgg13 ILSVRC2012_val_00039743 rise_mask_0.25 seed=3
3645 stability imagenet vgg13 ILSVRC2012_val_00039743 rise_mask_0.25 seed=4
3646 stability imagenet vgg13 ILSVRC2012_val_00039743 rise_mask_0.75 seed=0
3647 stability imagenet vgg13 ILSVRC2012_val_00039743 rise_mask_0.75 seed=1
3648 stability imagenet vgg13 ILSVRC2012_val_00039743 rise_mask_0.75 seed=2
3649 stability imagenet vgg13 ILSVRC2012_val_00039743 rise_mask_0.75 seed=3
3650 stability imagenet vgg13 ILSVRC2012_val_00039743 rise_mask_0.75 seed=4
3651 stability imagenet vgg13 ILSVRC2012_val_00043823 lime_slic_50 seed=0
3652 stability imagenet vgg13 ILSVRC2012_val_00043823 lime_slic_50 seed=1
3653 stability imagenet vgg13 ILSVRC2012_val_00043823 lime_slic_50 seed=2
3654 stability imagenet vgg13 ILSVRC2012_val_00043823 lime_slic_50 seed=3
3655 stability imagenet vgg13 ILSVRC2012_val_00043823 lime_slic_50 seed=4
3656 stability imagenet vgg13 ILSVRC2012_val_00043823 lime_slic_200 seed=0
3657 stability imagenet vgg13 ILSVRC2012_val_00043823 lime_slic_200 seed=1
3658 stability imagenet vgg13 ILSVRC2012_val_00043823 lime_slic_200 seed=2
3659 stability imagenet vgg13 ILSVRC2012_val_00043823 lime_slic_200 seed=3
3660 stability imagenet vgg13 ILSVRC2012_val_00043823 lime_slic_200 seed=4
3661 stability imagenet vgg13 ILSVRC2012_val_00043823 lime_slic_300 seed=0
3662 stability imagenet vgg13 ILSVRC2012_val_00043823 lime_slic_300 seed=1
3663 stability imagenet vgg13 ILSVRC2012_val_00043823 lime_slic_300 seed=2
3664 stability imagenet vgg13 ILSVRC2012_val_00043823 lime_slic_300 seed=3
3665 stability imagenet vgg13 ILSVRC2012_val_00043823 lime_slic_300 seed=4
3666 stability imagenet vgg13 ILSVRC2012_val_00043823 rise_grid_4 seed=0
3667 stability imagenet vgg13 ILSVRC2012_val_00043823 rise_grid_4 seed=1
3668 stability imagenet vgg13 ILSVRC2012_val_00043823 rise_grid_4 seed=2
3669 stability imagenet vgg13 ILSVRC2012_val_00043823 rise_grid_4 seed=3
3670 stability imagenet vgg13 ILSVRC2012_val_00043823 rise_grid_4 seed=4
3671 stability imagenet vgg13 ILSVRC2012_val_00043823 rise_grid_10 seed=0
3672 stability imagenet vgg13 ILSVRC2012_val_00043823 rise_grid_10 seed=1
3673 stability imagenet vgg13 ILSVRC2012_val_00043823 rise_grid_10 seed=2
3674 stability imagenet vgg13 ILSVRC2012_val_00043823 rise_grid_10 seed=3
3675 stability imagenet vgg13 ILSVRC2012_val_00043823 rise_grid_10 seed=4
3676 stability imagenet vgg13 ILSVRC2012_val_00043823 rise_grid_14 seed=0
3677 stability imagenet vgg13 ILSVRC2012_val_00043823 rise_grid_14 seed=1
3678 stability imagenet vgg13 ILSVRC2012_val_00043823 rise_grid_14 seed=2
3679 stability imagenet vgg13 ILSVRC2012_val_00043823 rise_grid_14 seed=3
3680 stability imagenet vgg13 ILSVRC2012_val_00043823 rise_grid_14 seed=4
3681 stability imagenet vgg13 ILSVRC2012_val_00043823 lime_mask_0.25 seed=0
3682 stability imagenet vgg13 ILSVRC2012_val_00043823 lime_mask_0.25 seed=1
3683 stability imagenet vgg13 ILSVRC2012_val_00043823 lime_mask_0.25 seed=2
3684 stability imagenet vgg13 ILSVRC2012_val_00043823 lime_mask_0.25 seed=3
3685 stability imagenet vgg13 ILSVRC2012_val_00043823 lime_mask_0.25 seed=4
3686 stability imagenet vgg13 ILSVRC2012_val_00043823 lime_mask_0.75 seed=0
3687 stability imagenet vgg13 ILSVRC2012_val_00043823 lime_mask_0.75 seed=1
3688 stability imagenet vgg13 ILSVRC2012_val_00043823 lime_mask_0.75 seed=2
3689 stability imagenet vgg13 ILSVRC2012_val_00043823 lime_mask_0.75 seed=3
3690 stability imagenet vgg13 ILSVRC2012_val_00043823 lime_mask_0.75 seed=4
3691 stability imagenet vgg13 ILSVRC2012_val_00043823 rise_mask_0.25 seed=0
3692 stability imagenet vgg13 ILSVRC2012_val_00043823 rise_mask_0.25 seed=1
3693 stability imagenet vgg13 ILSVRC2012_val_00043823 rise_mask_0.25 seed=2
3694 stability imagenet vgg13 ILSVRC2012_val_00043823 rise_mask_0.25 seed=3
3695 stability imagenet vgg13 ILSVRC2012_val_00043823 rise_mask_0.25 seed=4
3696 stability imagenet vgg13 ILSVRC2012_val_00043823 rise_mask_0.75 seed=0
3697 stability imagenet vgg13 ILSVRC2012_val_00043823 rise_mask_0.75 seed=1
3698 stability imagenet vgg13 ILSVRC2012_val_00043823 rise_mask_0.75 seed=2
3699 stability imagenet vgg13 ILSVRC2012_val_00043823 rise_mask_0.75 seed=3
3700 stability imagenet vgg13 ILSVRC2012_val_00043823 rise_mask_0.75 seed=4
3701 stability imagenet vgg13 ILSVRC2012_val_00045743 lime_slic_50 seed=0
3702 stability imagenet vgg13 ILSVRC2012_val_00045743 lime_slic_50 seed=1
3703 stability imagenet vgg13 ILSVRC2012_val_00045743 lime_slic_50 seed=2
3704 stability imagenet vgg13 ILSVRC2012_val_00045743 lime_slic_50 seed=3
3705 stability imagenet vgg13 ILSVRC2012_val_00045743 lime_slic_50 seed=4
3706 stability imagenet vgg13 ILSVRC2012_val_00045743 lime_slic_200 seed=0
3707 stability imagenet vgg13 ILSVRC2012_val_00045743 lime_slic_200 seed=1
3708 stability imagenet vgg13 ILSVRC2012_val_00045743 lime_slic_200 seed=2
3709 stability imagenet vgg13 ILSVRC2012_val_00045743 lime_slic_200 seed=3
3710 stability imagenet vgg13 ILSVRC2012_val_00045743 lime_slic_200 seed=4
3711 stability imagenet vgg13 ILSVRC2012_val_00045743 lime_slic_300 seed=0
3712 stability imagenet vgg13 ILSVRC2012_val_00045743 lime_slic_300 seed=1
3713 stability imagenet vgg13 ILSVRC2012_val_00045743 lime_slic_300 seed=2
3714 stability imagenet vgg13 ILSVRC2012_val_00045743 lime_slic_300 seed=3
3715 stability imagenet vgg13 ILSVRC2012_val_00045743 lime_slic_300 seed=4
3716 stability imagenet vgg13 ILSVRC2012_val_00045743 rise_grid_4 seed=0
3717 stability imagenet vgg13 ILSVRC2012_val_00045743 rise_grid_4 seed=1
3718 stability imagenet vgg13 ILSVRC2012_val_00045743 rise_grid_4 seed=2
3719 stability imagenet vgg13 ILSVRC2012_val_00045743 rise_grid_4 seed=3
3720 stability imagenet vgg13 ILSVRC2012_val_00045743 rise_grid_4 seed=4
3721 stability imagenet vgg13 ILSVRC2012_val_00045743 rise_grid_10 seed=0
3722 stability imagenet vgg13 ILSVRC2012_val_00045743 rise_grid_10 seed=1
3723 stability imagenet vgg13 ILSVRC2012_val_00045743 rise_grid_10 seed=2
3724 stability imagenet vgg13 ILSVRC2012_val_00045743 rise_grid_10 seed=3
3725 stability imagenet vgg13 ILSVRC2012_val_00045743 rise_grid_10 seed=4
3726 stability imagenet vgg13 ILSVRC2012_val_00045743 rise_grid_14 seed=0
3727 stability imagenet vgg13 ILSVRC2012_val_00045743 rise_grid_14 seed=1
3728 stability imagenet vgg13 ILSVRC2012_val_00045743 rise_grid_14 seed=2
3729 stability imagenet vgg13 ILSVRC2012_val_00045743 rise_grid_14 seed=3
3730 stability imagenet vgg13 ILSVRC2012_val_00045743 rise_grid_14 seed=4
3731 stability imagenet vgg13 ILSVRC2012_val_00045743 lime_mask_0.25 seed=0
3732 stability imagenet vgg13 ILSVRC2012_val_00045743 lime_mask_0.25 seed=1
3733 stability imagenet vgg13 ILSVRC2012_val_00045743 lime_mask_0.25 seed=2
3734 stability imagenet vgg13 ILSVRC2012_val_00045743 lime_mask_0.25 seed=3
3735 stability imagenet vgg13 ILSVRC2012_val_00045743 lime_mask_0.25 seed=4
3736 stability imagenet vgg13 ILSVRC2012_val_00045743 lime_mask_0.75 seed=0
3737 stability imagenet vgg13 ILSVRC2012_val_00045743 lime_mask_0.75 seed=1
3738 stability imagenet vgg13 ILSVRC2012_val_00045743 lime_mask_0.75 seed=2
3739 stability imagenet vgg13 ILSVRC2012_val_00045743 lime_mask_0.75 seed=3
3740 stability imagenet vgg13 ILSVRC2012_val_00045743 lime_mask_0.75 seed=4
3741 stability imagenet vgg13 ILSVRC2012_val_00045743 rise_mask_0.25 seed=0
3742 stability imagenet vgg13 ILSVRC2012_val_00045743 rise_mask_0.25 seed=1
3743 stability imagenet vgg13 ILSVRC2012_val_00045743 rise_mask_0.25 seed=2
3744 stability imagenet vgg13 ILSVRC2012_val_00045743 rise_mask_0.25 seed=3
3745 stability imagenet vgg13 ILSVRC2012_val_00045743 rise_mask_0.25 seed=4
3746 stability imagenet vgg13 ILSVRC2012_val_00045743 rise_mask_0.75 seed=0
3747 stability imagenet vgg13 ILSVRC2012_val_00045743 rise_mask_0.75 seed=1
3748 stability imagenet vgg13 ILSVRC2012_val_00045743 rise_mask_0.75 seed=2
3749 stability imagenet vgg13 ILSVRC2012_val_00045743 rise_mask_0.75 seed=3
3750 stability imagenet vgg13 ILSVRC2012_val_00045743 rise_mask_0.75 seed=4
3751 stability imagenet vgg13 ILSVRC2012_val_00046462 lime_slic_50 seed=0
3752 stability imagenet vgg13 ILSVRC2012_val_00046462 lime_slic_50 seed=1
3753 stability imagenet vgg13 ILSVRC2012_val_00046462 lime_slic_50 seed=2
3754 stability imagenet vgg13 ILSVRC2012_val_00046462 lime_slic_50 seed=3
3755 stability imagenet vgg13 ILSVRC2012_val_00046462 lime_slic_50 seed=4
3756 stability imagenet vgg13 ILSVRC2012_val_00046462 lime_slic_200 seed=0
3757 stability imagenet vgg13 ILSVRC2012_val_00046462 lime_slic_200 seed=1
3758 stability imagenet vgg13 ILSVRC2012_val_00046462 lime_slic_200 seed=2
3759 stability imagenet vgg13 ILSVRC2012_val_00046462 lime_slic_200 seed=3
3760 stability imagenet vgg13 ILSVRC2012_val_00046462 lime_slic_200 seed=4
3761 stability imagenet vgg13 ILSVRC2012_val_00046462 lime_slic_300 seed=0
3762 stability imagenet vgg13 ILSVRC2012_val_00046462 lime_slic_300 seed=1
3763 stability imagenet vgg13 ILSVRC2012_val_00046462 lime_slic_300 seed=2
3764 stability imagenet vgg13 ILSVRC2012_val_00046462 lime_slic_300 seed=3
3765 stability imagenet vgg13 ILSVRC2012_val_00046462 lime_slic_300 seed=4
3766 stability imagenet vgg13 ILSVRC2012_val_00046462 rise_grid_4 seed=0
3767 stability imagenet vgg13 ILSVRC2012_val_00046462 rise_grid_4 seed=1
3768 stability imagenet vgg13 ILSVRC2012_val_00046462 rise_grid_4 seed=2
3769 stability imagenet vgg13 ILSVRC2012_val_00046462 rise_grid_4 seed=3
3770 stability imagenet vgg13 ILSVRC2012_val_00046462 rise_grid_4 seed=4
3771 stability imagenet vgg13 ILSVRC2012_val_00046462 rise_grid_10 seed=0
3772 stability imagenet vgg13 ILSVRC2012_val_00046462 rise_grid_10 seed=1
3773 stability imagenet vgg13 ILSVRC2012_val_00046462 rise_grid_10 seed=2
3774 stability imagenet vgg13 ILSVRC2012_val_00046462 rise_grid_10 seed=3
3775 stability imagenet vgg13 ILSVRC2012_val_00046462 rise_grid_10 seed=4
3776 stability imagenet vgg13 ILSVRC2012_val_00046462 rise_grid_14 seed=0
3777 stability imagenet vgg13 ILSVRC2012_val_00046462 rise_grid_14 seed=1
3778 stability imagenet vgg13 ILSVRC2012_val_00046462 rise_grid_14 seed=2
3779 stability imagenet vgg13 ILSVRC2012_val_00046462 rise_grid_14 seed=3
3780 stability imagenet vgg13 ILSVRC2012_val_00046462 rise_grid_14 seed=4
3781 stability imagenet vgg13 ILSVRC2012_val_00046462 lime_mask_0.25 seed=0
3782 stability imagenet vgg13 ILSVRC2012_val_00046462 lime_mask_0.25 seed=1
3783 stability imagenet vgg13 ILSVRC2012_val_00046462 lime_mask_0.25 seed=2
3784 stability imagenet vgg13 ILSVRC2012_val_00046462 lime_mask_0.25 seed=3
3785 stability imagenet vgg13 ILSVRC2012_val_00046462 lime_mask_0.25 seed=4
3786 stability imagenet vgg13 ILSVRC2012_val_00046462 lime_mask_0.75 seed=0
3787 stability imagenet vgg13 ILSVRC2012_val_00046462 lime_mask_0.75 seed=1
3788 stability imagenet vgg13 ILSVRC2012_val_00046462 lime_mask_0.75 seed=2
3789 stability imagenet vgg13 ILSVRC2012_val_00046462 lime_mask_0.75 seed=3
3790 stability imagenet vgg13 ILSVRC2012_val_00046462 lime_mask_0.75 seed=4
3791 stability imagenet vgg13 ILSVRC2012_val_00046462 rise_mask_0.25 seed=0
3792 stability imagenet vgg13 ILSVRC2012_val_00046462 rise_mask_0.25 seed=1
3793 stability imagenet vgg13 ILSVRC2012_val_00046462 rise_mask_0.25 seed=2
3794 stability imagenet vgg13 ILSVRC2012_val_00046462 rise_mask_0.25 seed=3
3795 stability imagenet vgg13 ILSVRC2012_val_00046462 rise_mask_0.25 seed=4
3796 stability imagenet vgg13 ILSVRC2012_val_00046462 rise_mask_0.75 seed=0
3797 stability imagenet vgg13 ILSVRC2012_val_00046462 rise_mask_0.75 seed=1
3798 stability imagenet vgg13 ILSVRC2012_val_00046462 rise_mask_0.75 seed=2
3799 stability imagenet vgg13 ILSVRC2012_val_00046462 rise_mask_0.75 seed=3
3800 stability imagenet vgg13 ILSVRC2012_val_00046462 rise_mask_0.75 seed=4
