1 done imagenet resnet50 ILSVRC2012_val_00000319 lime_slic_300 seed=1 2.19s
2 done imagenet resnet50 ILSVRC2012_val_00000319 rise_mask_0.25 seed=0 3.64s
3 done imagenet resnet50 ILSVRC2012_val_00000319 rise_grid_4 seed=4 3.86s
4 done imagenet resnet50 ILSVRC2012_val_00000319 lime_mask_0.75 seed=3 2.16s
5 done imagenet resnet50 ILSVRC2012_val_00000319 rise_mask_0.75 seed=1 3.69s
6 done imagenet resnet50 ILSVRC2012_val_00000319 rise_grid_14 seed=4 3.57s
7 done imagenet resnet50 ILSVRC2012_val_00000319 rise_grid_10 seed=4 3.50s
8 done imagenet resnet50 ILSVRC2012_val_00000319 rise_grid_14 seed=2 3.10s
9 done imagenet resnet50 ILSVRC2012_val_00000319 rise_mask_0.25 seed=2 3.52s
10 done imagenet resnet50 ILSVRC2012_val_00000319 rise_grid_10 seed=2 3.52s
11 done imagenet resnet50 ILSVRC2012_val_00000319 lime_mask_0.25 seed=1 2.17s
12 done imagenet resnet50 ILSVRC2012_val_00000319 lime_slic_200 seed=1 2.17s
13 done imagenet resnet50 ILSVRC2012_val_00000319 lime_mask_0.25 seed=3 2.16s
14 done imagenet resnet50 ILSVRC2012_val_00000319 lime_mask_0.25 seed=4 2.15s
15 done imagenet resnet50 ILSVRC2012_val_00000319 lime_slic_200 seed=3 2.20s
16 done imagenet resnet50 ILSVRC2012_val_00000319 lime_mask_0.75 seed=4 2.16s
17 done imagenet resnet50 ILSVRC2012_val_00000319 rise_mask_0.75 seed=4 3.30s
18 done imagenet resnet50 ILSVRC2012_val_00000319 lime_slic_50 seed=4 2.18s
19 done imagenet resnet50 ILSVRC2012_val_00000319 rise_grid_4 seed=0 3.67s
20 done imagenet resnet50 ILSVRC2012_val_00000319 lime_mask_0.25 seed=2 2.21s
21 done imagenet resnet50 ILSVRC2012_val_00000319 rise_grid_14 seed=3 3.10s
22 done imagenet resnet50 ILSVRC2012_val_00000319 lime_slic_50 seed=2 2.20s
23 done imagenet resnet50 ILSVRC2012_val_00000319 rise_mask_0.25 seed=3 4.48s
24 done imagenet resnet50 ILSVRC2012_val_00000319 rise_grid_10 seed=1 4.19s
25 done imagenet resnet50 ILSVRC2012_val_00000319 rise_mask_0.75 seed=3 3.30s
26 done imagenet resnet50 ILSVRC2012_val_00000319 lime_mask_0.25 seed=0 2.16s
27 done imagenet resnet50 ILSVRC2012_val_00000319 rise_mask_0.75 seed=2 3.34s
28 done imagenet resnet50 ILSVRC2012_val_00000319 lime_slic_50 seed=3 2.16s
29 done imagenet resnet50 ILSVRC2012_val_00000319 rise_grid_4 seed=3 3.73s
30 done imagenet resnet50 ILSVRC2012_val_00000319 rise_grid_10 seed=3 3.27s
31 done imagenet resnet50 ILSVRC2012_val_00000319 rise_grid_4 seed=1 3.66s
32 done imagenet resnet50 ILSVRC2012_val_00000319 rise_mask_0.25 seed=4 3.46s
33 done imagenet resnet50 ILSVRC2012_val_00000319 lime_slic_200 seed=2 2.22s
34 done imagenet resnet50 ILSVRC2012_val_00000319 rise_grid_14 seed=1 3.05s
35 done imagenet resnet50 ILSVRC2012_val_00000319 lime_slic_300 seed=0 2.20s
36 done imagenet resnet50 ILSVRC2012_val_00000319 rise_grid_4 seed=2 4.63s
37 done imagenet resnet50 ILSVRC2012_val_00000319 rise_mask_0.75 seed=0 4.46s
38 done imagenet resnet50 ILSVRC2012_val_00000319 lime_slic_300 seed=2 2.29s
39 done imagenet resnet50 ILSVRC2012_val_00000319 lime_slic_200 seed=0 2.23s
40 done imagenet resnet50 ILSVRC2012_val_00000319 lime_mask_0.75 seed=1 2.10s
41 done imagenet resnet50 ILSVRC2012_val_00000319 rise_grid_14 seed=0 3.85s
42 done imagenet resnet50 ILSVRC2012_val_00000319 lime_slic_200 seed=4 2.19s
43 done imagenet resnet50 ILSVRC2012_val_00000319 lime_mask_0.75 seed=0 2.14s
44 done imagenet resnet50 ILSVRC2012_val_00000319 lime_slic_50 seed=1 2.12s
45 done imagenet resnet50 ILSVRC2012_val_00000319 rise_grid_10 seed=0 3.34s
46 done imagenet resnet50 ILSVRC2012_val_00000319 lime_mask_0.75 seed=2 2.16s
47 done imagenet resnet50 ILSVRC2012_val_00000319 lime_slic_300 seed=3 2.22s
48 done imagenet resnet50 ILSVRC2012_val_00000319 lime_slic_50 seed=0 2.16s
49 done imagenet resnet50 ILSVRC2012_val_00000319 rise_mask_0.25 seed=1 3.45s
50 done imagenet resnet50 ILSVRC2012_val_00000319 lime_slic_300 seed=4 2.21s
51 done imagenet resnet50 ILSVRC2012_val_00000604 rise_grid_4 seed=1 3.77s
52 done imagenet resnet50 ILSVRC2012_val_00000604 lime_slic_200 seed=0 2.22s
53 done imagenet resnet50 ILSVRC2012_val_00000604 rise_grid_10 seed=2 3.29s
54 done imagenet resnet50 ILSVRC2012_val_00000604 rise_grid_4 seed=4 3.99s
55 done imagenet resnet50 ILSVRC2012_val_00000604 rise_grid_14 seed=2 3.14s
56 done imagenet resnet50 ILSVRC2012_val_00000604 lime_mask_0.75 seed=2 2.17s
57 done imagenet resnet50 ILSVRC2012_val_00000604 lime_mask_0.25 seed=4 2.16s
58 done imagenet resnet50 ILSVRC2012_val_00000604 rise_mask_0.75 seed=1 4.48s
59 done imagenet resnet50 ILSVRC2012_val_00000604 lime_mask_0.75 seed=3 2.24s
60 done imagenet resnet50 ILSVRC2012_val_00000604 lime_slic_300 seed=0 2.23s
61 done imagenet resnet50 ILSVRC2012_val_00000604 rise_mask_0.75 seed=2 4.47s
62 done imagenet resnet50 ILSVRC2012_val_00000604 lime_slic_50 seed=1 2.20s
63 done imagenet resnet50 ILSVRC2012_val_00000604 rise_mask_0.75 seed=3 3.95s
64 done imagenet resnet50 ILSVRC2012_val_00000604 lime_slic_300 seed=1 2.24s
65 done imagenet resnet50 ILSVRC2012_val_00000604 rise_mask_0.75 seed=0 3.73s
66 done imagenet resnet50 ILSVRC2012_val_00000604 lime_mask_0.25 seed=0 2.18s
67 done imagenet resnet50 ILSVRC2012_val_00000604 lime_mask_0.75 seed=4 2.27s
68 done imagenet resnet50 ILSVRC2012_val_00000604 lime_mask_0.25 seed=2 2.23s
69 done imagenet resnet50 ILSVRC2012_val_00000604 lime_slic_50 seed=3 2.34s
70 done imagenet resnet50 ILSVRC2012_val_00000604 rise_mask_0.25 seed=1 3.65s
71 done imagenet resnet50 ILSVRC2012_val_00000604 lime_slic_50 seed=2 2.32s
72 done imagenet resnet50 ILSVRC2012_val_00000604 lime_mask_0.25 seed=3 2.45s
73 done imagenet resnet50 ILSVRC2012_val_00000604 lime_mask_0.75 seed=0 2.34s
74 done imagenet resnet50 ILSVRC2012_val_00000604 rise_grid_14 seed=4 3.16s
75 done imagenet resnet50 ILSVRC2012_val_00000604 rise_grid_10 seed=0 3.32s
76 done imagenet resnet50 ILSVRC2012_val_00000604 rise_grid_14 seed=3 3.20s
77 done imagenet resnet50 ILSVRC2012_val_00000604 rise_mask_0.25 seed=4 3.61s
78 done imagenet resnet50 ILSVRC2012_val_00000604 lime_slic_300 seed=2 2.32s
79 done imagenet resnet50 ILSVRC2012_val_00000604 lime_slic_300 seed=4 2.34s
80 done imagenet resnet50 ILSVRC2012_val_00000604 lime_mask_0.75 seed=1 2.27s
81 done imagenet resnet50 ILSVRC2012_val_00000604 lime_slic_50 seed=0 2.27s
82 done imagenet resnet50 ILSVRC2012_val_00000604 rise_grid_10 seed=3 3.50s
83 done imagenet resnet50 ILSVRC2012_val_00000604 lime_slic_200 seed=3 2.39s
84 done imagenet resnet50 ILSVRC2012_val_00000604 rise_grid_14 seed=1 3.55s
85 done imagenet resnet50 ILSVRC2012_val_00000604 rise_grid_4 seed=3 3.79s
86 done imagenet resnet50 ILSVRC2012_val_00000604 rise_mask_0.25 seed=0 3.93s
87 done imagenet resnet50 ILSVRC2012_val_00000604 rise_mask_0.75 seed=4 4.20s
88 done imagenet resnet50 ILSVRC2012_val_00000604 lime_slic_300 seed=3 2.37s
89 done imagenet resnet50 ILSVRC2012_val_00000604 lime_slic_200 seed=1 2.34s
90 done imagenet resnet50 ILSVRC2012_val_00000604 lime_slic_50 seed=4 2.29s
91 done imagenet resnet50 ILSVRC2012_val_00000604 rise_grid_4 seed=2 4.99s
92 done imagenet resnet50 ILSVRC2012_val_00000604 lime_slic_200 seed=4 2.35s
93 done imagenet resnet50 ILSVRC2012_val_00000604 rise_grid_4 seed=0 3.91s
94 done imagenet resnet50 ILSVRC2012_val_00000604 rise_grid_14 seed=0 3.29s
95 done imagenet resnet50 ILSVRC2012_val_00000604 rise_grid_10 seed=4 3.48s
96 done imagenet resnet50 ILSVRC2012_val_00000604 rise_grid_10 seed=1 3.49s
97 done imagenet resnet50 ILSVRC2012_val_00000604 rise_mask_0.25 seed=3 3.58s
98 done imagenet resnet50 ILSVRC2012_val_00000604 rise_mask_0.25 seed=2 3.89s
99 done imagenet resnet50 ILSVRC2012_val_00000604 lime_slic_200 seed=2 2.23s
100 done imagenet resnet50 ILSVRC2012_val_00000604 lime_mask_0.25 seed=1 2.17s
101 done imagenet resnet50 ILSVRC2012_val_00002263 lime_slic_300 seed=2 2.23s
102 done imagenet resnet50 ILSVRC2012_val_00002263 rise_mask_0.25 seed=3 3.90s
103 done imagenet resnet50 ILSVRC2012_val_00002263 rise_mask_0.75 seed=1 3.35s
104 done imagenet resnet50 ILSVRC2012_val_00002263 lime_slic_300 seed=3 2.22s
105 done imagenet resnet50 ILSVRC2012_val_00002263 lime_mask_0.25 seed=1 2.16s
106 done imagenet resnet50 ILSVRC2012_val_00002263 lime_mask_0.25 seed=3 2.17s
107 done imagenet resnet50 ILSVRC2012_val_00002263 lime_slic_300 seed=4 2.24s
108 done imagenet resnet50 ILSVRC2012_val_00002263 lime_mask_0.25 seed=2 2.20s
109 done imagenet resnet50 ILSVRC2012_val_00002263 rise_grid_14 seed=4 3.14s
110 done imagenet resnet50 ILSVRC2012_val_00002263 rise_grid_4 seed=0 3.69s
111 done imagenet resnet50 ILSVRC2012_val_00002263 rise_mask_0.75 seed=4 3.34s
112 done imagenet resnet50 ILSVRC2012_val_00002263 rise_grid_10 seed=0 3.32s
113 done imagenet resnet50 ILSVRC2012_val_00002263 lime_slic_300 seed=1 2.24s
114 done imagenet resnet50 ILSVRC2012_val_00002263 lime_mask_0.25 seed=4 2.18s
115 done imagenet resnet50 ILSVRC2012_val_00002263 rise_mask_0.25 seed=2 3.33s
116 done imagenet resnet50 ILSVRC2012_val_00002263 rise_grid_4 seed=3 3.72s
117 done imagenet resnet50 ILSVRC2012_val_00002263 lime_slic_300 seed=0 2.24s
118 done imagenet resnet50 ILSVRC2012_val_00002263 rise_grid_4 seed=4 3.72s
119 done imagenet resnet50 ILSVRC2012_val_00002263 lime_slic_50 seed=0 2.21s
120 done imagenet resnet50 ILSVRC2012_val_00002263 lime_slic_200 seed=0 2.24s
121 done imagenet resnet50 ILSVRC2012_val_00002263 lime_mask_0.75 seed=1 2.23s
122 done imagenet resnet50 ILSVRC2012_val_00002263 rise_grid_14 seed=0 3.12s
123 done imagenet resnet50 ILSVRC2012_val_00002263 lime_slic_200 seed=4 2.28s
124 done imagenet resnet50 ILSVRC2012_val_00002263 rise_mask_0.75 seed=0 3.33s
125 done imagenet resnet50 ILSVRC2012_val_00002263 lime_slic_50 seed=1 2.21s
126 done imagenet resnet50 ILSVRC2012_val_00002263 rise_mask_0.75 seed=3 3.43s
127 done imagenet resnet50 ILSVRC2012_val_00002263 rise_grid_14 seed=2 3.29s
128 done imagenet resnet50 ILSVRC2012_val_00002263 rise_mask_0.75 seed=2 3.96s
129 done imagenet resnet50 ILSVRC2012_val_00002263 lime_mask_0.75 seed=2 2.23s
130 done imagenet resnet50 ILSVRC2012_val_00002263 rise_grid_10 seed=2 3.48s
131 done imagenet resnet50 ILSVRC2012_val_00002263 lime_slic_50 seed=3 2.22s
132 done imagenet resnet50 ILSVRC2012_val_00002263 rise_grid_10 seed=1 3.26s
133 done imagenet resnet50 ILSVRC2012_val_00002263 rise_mask_0.25 seed=1 3.31s
134 done imagenet resnet50 ILSVRC2012_val_00002263 lime_slic_50 seed=2 2.23s
135 done imagenet resnet50 ILSVRC2012_val_00002263 lime_mask_0.75 seed=0 2.23s
136 done imagenet resnet50 ILSVRC2012_val_00002263 rise_grid_14 seed=3 4.10s
137 done imagenet resnet50 ILSVRC2012_val_00002263 lime_slic_200 seed=3 2.53s
138 done imagenet resnet50 ILSVRC2012_val_00002263 lime_slic_200 seed=1 2.55s
139 done imagenet resnet50 ILSVRC2012_val_00002263 lime_slic_50 seed=4 2.55s
140 done imagenet resnet50 ILSVRC2012_val_00002263 lime_mask_0.25 seed=0 2.49s
141 done imagenet resnet50 ILSVRC2012_val_00002263 rise_grid_10 seed=4 4.19s
142 done imagenet resnet50 ILSVRC2012_val_00002263 lime_mask_0.75 seed=4 2.41s
143 done imagenet resnet50 ILSVRC2012_val_00002263 rise_grid_4 seed=2 4.89s
144 done imagenet resnet50 ILSVRC2012_val_00002263 rise_grid_4 seed=1 4.88s
145 done imagenet resnet50 ILSVRC2012_val_00002263 rise_grid_14 seed=1 3.60s
146 done imagenet resnet50 ILSVRC2012_val_00002263 lime_mask_0.75 seed=3 2.23s
147 done imagenet resnet50 ILSVRC2012_val_00002263 rise_mask_0.25 seed=0 4.04s
148 done imagenet resnet50 ILSVRC2012_val_00002263 rise_grid_10 seed=3 3.34s
149 done imagenet resnet50 ILSVRC2012_val_00002263 rise_mask_0.25 seed=4 3.38s
150 done imagenet resnet50 ILSVRC2012_val_00002263 lime_slic_200 seed=2 2.27s
151 done imagenet resnet50 ILSVRC2012_val_00002769 rise_grid_4 seed=2 3.75s
152 done imagenet resnet50 ILSVRC2012_val_00002769 lime_slic_200 seed=3 2.23s
153 done imagenet resnet50 ILSVRC2012_val_00002769 lime_slic_300 seed=1 2.20s
154 done imagenet resnet50 ILSVRC2012_val_00002769 lime_slic_50 seed=3 2.17s
155 done imagenet resnet50 ILSVRC2012_val_00002769 rise_grid_4 seed=4 3.73s
156 done imagenet resnet50 ILSVRC2012_val_00002769 lime_mask_0.25 seed=3 2.16s
157 done imagenet resnet50 ILSVRC2012_val_00002769 rise_mask_0.75 seed=0 3.39s
158 done imagenet resnet50 ILSVRC2012_val_00002769 lime_mask_0.75 seed=4 2.22s
159 done imagenet resnet50 ILSVRC2012_val_00002769 lime_mask_0.25 seed=1 2.23s
160 done imagenet resnet50 ILSVRC2012_val_00002769 lime_mask_0.25 seed=4 2.19s
161 done imagenet resnet50 ILSVRC2012_val_00002769 rise_mask_0.25 seed=1 3.30s
162 done imagenet resnet50 ILSVRC2012_val_00002769 lime_slic_300 seed=0 2.24s
163 done imagenet resnet50 ILSVRC2012_val_00002769 rise_grid_14 seed=4 3.16s
164 done imagenet resnet50 ILSVRC2012_val_00002769 lime_mask_0.25 seed=2 2.21s
165 done imagenet resnet50 ILSVRC2012_val_00002769 rise_grid_10 seed=2 3.29s
166 done imagenet resnet50 ILSVRC2012_val_00002769 rise_grid_4 seed=0 3.79s
167 done imagenet resnet50 ILSVRC2012_val_00002769 lime_slic_300 seed=3 2.30s
168 done imagenet resnet50 ILSVRC2012_val_00002769 rise_grid_10 seed=4 3.28s
169 done imagenet resnet50 ILSVRC2012_val_00002769 rise_mask_0.75 seed=3 3.36s
170 done imagenet resnet50 ILSVRC2012_val_00002769 rise_mask_0.25 seed=0 3.45s
171 done imagenet resnet50 ILSVRC2012_val_00002769 lime_slic_50 seed=0 2.24s
172 done imagenet resnet50 ILSVRC2012_val_00002769 rise_grid_14 seed=0 3.09s
173 done imagenet resnet50 ILSVRC2012_val_00002769 rise_mask_0.75 seed=2 3.34s
174 done imagenet resnet50 ILSVRC2012_val_00002769 rise_grid_14 seed=3 4.23s
175 done imagenet resnet50 ILSVRC2012_val_00002769 rise_mask_0.25 seed=3 4.47s
176 done imagenet resnet50 ILSVRC2012_val_00002769 rise_mask_0.25 seed=2 3.57s
177 done imagenet resnet50 ILSVRC2012_val_00002769 rise_grid_10 seed=0 3.31s
178 done imagenet resnet50 ILSVRC2012_val_00002769 lime_slic_200 seed=1 2.27s
179 done imagenet resnet50 ILSVRC2012_val_00002769 rise_grid_14 seed=1 3.14s
180 done imagenet resnet50 ILSVRC2012_val_00002769 lime_mask_0.75 seed=3 2.25s
181 done imagenet resnet50 ILSVRC2012_val_00002769 lime_slic_200 seed=0 2.26s
182 done imagenet resnet50 ILSVRC2012_val_00002769 rise_mask_0.75 seed=4 3.35s
183 done imagenet resnet50 ILSVRC2012_val_00002769 rise_grid_4 seed=3 3.76s
184 done imagenet resnet50 ILSVRC2012_val_00002769 lime_slic_50 seed=2 2.17s
185 done imagenet resnet50 ILSVRC2012_val_00002769 rise_grid_14 seed=2 3.21s
186 done imagenet resnet50 ILSVRC2012_val_00002769 rise_grid_10 seed=1 3.30s
187 done imagenet resnet50 ILSVRC2012_val_00002769 lime_mask_0.75 seed=1 2.16s
188 done imagenet resnet50 ILSVRC2012_val_00002769 rise_mask_0.25 seed=4 3.39s
189 done imagenet resnet50 ILSVRC2012_val_00002769 lime_mask_0.75 seed=0 2.18s
190 done imagenet resnet50 ILSVRC2012_val_00002769 rise_grid_4 seed=1 3.67s
191 done imagenet resnet50 ILSVRC2012_val_00002769 lime_slic_200 seed=4 2.19s
192 done imagenet resnet50 ILSVRC2012_val_00002769 lime_slic_300 seed=2 2.22s
193 done imagenet resnet50 ILSVRC2012_val_00002769 lime_slic_50 seed=1 2.17s
194 done imagenet resnet50 ILSVRC2012_val_00002769 lime_mask_0.25 seed=0 2.13s
195 done imagenet resnet50 ILSVRC2012_val_00002769 lime_slic_200 seed=2 2.17s
196 done imagenet resnet50 ILSVRC2012_val_00002769 lime_mask_0.75 seed=2 2.16s
197 done imagenet resnet50 ILSVRC2012_val_00002769 lime_slic_300 seed=4 2.24s
198 done imagenet resnet50 ILSVRC2012_val_00002769 rise_mask_0.75 seed=1 3.35s
199 done imagenet resnet50 ILSVRC2012_val_00002769 rise_grid_10 seed=3 3.45s
200 done imagenet resnet50 ILSVRC2012_val_00002769 lime_slic_50 seed=4 2.20s
201 done imagenet resnet50 ILSVRC2012_val_00004344 lime_slic_200 seed=3 2.25s
202 done imagenet resnet50 ILSVRC2012_val_00004344 lime_slic_300 seed=2 2.27s
203 done imagenet resnet50 ILSVRC2012_val_00004344 lime_slic_50 seed=1 2.19s
204 done imagenet resnet50 ILSVRC2012_val_00004344 rise_grid_14 seed=4 3.13s
205 done imagenet resnet50 ILSVRC2012_val_00004344 rise_mask_0.75 seed=2 3.36s
206 done imagenet resnet50 ILSVRC2012_val_00004344 lime_slic_300 seed=0 2.29s
207 done imagenet resnet50 ILSVRC2012_val_00004344 rise_grid_4 seed=0 3.65s
208 done imagenet resnet50 ILSVRC2012_val_00004344 lime_mask_0.75 seed=2 2.24s
209 done imagenet resnet50 ILSVRC2012_val_00004344 rise_mask_0.25 seed=4 4.41s
210 done imagenet resnet50 ILSVRC2012_val_00004344 rise_mask_0.75 seed=4 4.13s
211 done imagenet resnet50 ILSVRC2012_val_00004344 rise_grid_14 seed=2 3.18s
212 done imagenet resnet50 ILSVRC2012_val_00004344 rise_grid_10 seed=2 3.26s
213 done imagenet resnet50 ILSVRC2012_val_00004344 rise_grid_4 seed=2 4.81s
214 done imagenet resnet50 ILSVRC2012_val_00004344 rise_grid_4 seed=4 4.87s
215 done imagenet resnet50 ILSVRC2012_val_00004344 lime_mask_0.25 seed=4 2.20s
216 done imagenet resnet50 ILSVRC2012_val_00004344 rise_grid_10 seed=3 4.40s
217 done imagenet resnet50 ILSVRC2012_val_00004344 rise_mask_0.75 seed=3 4.54s
218 done imagenet resnet50 ILSVRC2012_val_00004344 lime_slic_50 seed=2 2.21s
219 done imagenet resnet50 ILSVRC2012_val_00004344 rise_grid_14 seed=3 3.21s
220 done imagenet resnet50 ILSVRC2012_val_00004344 lime_mask_0.25 seed=0 2.19s
221 done imagenet resnet50 ILSVRC2012_val_00004344 rise_grid_14 seed=1 3.15s
222 done imagenet resnet50 ILSVRC2012_val_00004344 rise_grid_4 seed=1 3.82s
223 done imagenet resnet50 ILSVRC2012_val_00004344 lime_mask_0.75 seed=3 2.22s
224 done imagenet resnet50 ILSVRC2012_val_00004344 lime_mask_0.25 seed=1 2.18s
225 done imagenet resnet50 ILSVRC2012_val_00004344 rise_grid_14 seed=0 3.15s
226 done imagenet resnet50 ILSVRC2012_val_00004344 lime_slic_50 seed=4 2.19s
227 done imagenet resnet50 ILSVRC2012_val_00004344 lime_slic_300 seed=4 2.21s
228 done imagenet resnet50 ILSVRC2012_val_00004344 rise_mask_0.25 seed=1 3.41s
229 done imagenet resnet50 ILSVRC2012_val_00004344 lime_mask_0.75 seed=4 2.22s
230 done imagenet resnet50 ILSVRC2012_val_00004344 lime_slic_200 seed=0 2.25s
231 done imagenet resnet50 ILSVRC2012_val_00004344 rise_grid_10 seed=4 3.72s
232 done imagenet resnet50 ILSVRC2012_val_00004344 rise_mask_0.75 seed=1 3.46s
233 done imagenet resnet50 ILSVRC2012_val_00004344 lime_mask_0.75 seed=1 2.20s
234 done imagenet resnet50 ILSVRC2012_val_00004344 lime_slic_200 seed=4 2.25s
235 done imagenet resnet50 ILSVRC2012_val_00004344 lime_slic_300 seed=3 2.32s
236 done imagenet resnet50 ILSVRC2012_val_00004344 lime_slic_200 seed=1 2.27s
237 done imagenet resnet50 ILSVRC2012_val_00004344 rise_grid_10 seed=0 3.47s
238 done imagenet resnet50 ILSVRC2012_val_00004344 rise_grid_10 seed=1 3.31s
239 done imagenet resnet50 ILSVRC2012_val_00004344 rise_mask_0.25 seed=2 3.46s
240 done imagenet resnet50 ILSVRC2012_val_00004344 lime_slic_50 seed=3 2.26s
241 done imagenet resnet50 ILSVRC2012_val_00004344 rise_grid_4 seed=3 4.13s
242 done imagenet resnet50 ILSVRC2012_val_00004344 lime_mask_0.25 seed=2 2.31s
243 done imagenet resnet50 ILSVRC2012_val_00004344 lime_mask_0.75 seed=0 2.27s
244 done imagenet resnet50 ILSVRC2012_val_00004344 lime_slic_50 seed=0 2.29s
245 done imagenet resnet50 ILSVRC2012_val_00004344 rise_mask_0.25 seed=3 3.40s
246 done imagenet resnet50 ILSVRC2012_val_00004344 lime_mask_0.25 seed=3 2.28s
247 done imagenet resnet50 ILSVRC2012_val_00004344 lime_slic_300 seed=1 2.32s
248 done imagenet resnet50 ILSVRC2012_val_00004344 lime_slic_200 seed=2 2.28s
249 done imagenet resnet50 ILSVRC2012_val_00004344 rise_mask_0.25 seed=0 3.45s
250 done imagenet resnet50 ILSVRC2012_val_00004344 rise_mask_0.75 seed=0 3.49s
251 done imagenet resnet50 ILSVRC2012_val_00005454 rise_grid_4 seed=2 4.41s
252 done imagenet resnet50 ILSVRC2012_val_00005454 lime_slic_300 seed=4 2.25s
253 done imagenet resnet50 ILSVRC2012_val_00005454 lime_slic_50 seed=3 2.19s
254 done imagenet resnet50 ILSVRC2012_val_00005454 rise_grid_4 seed=4 3.78s
255 done imagenet resnet50 ILSVRC2012_val_00005454 lime_mask_0.75 seed=1 2.19s
256 done imagenet resnet50 ILSVRC2012_val_00005454 rise_mask_0.75 seed=3 3.36s
257 done imagenet resnet50 ILSVRC2012_val_00005454 rise_grid_10 seed=2 3.28s
258 done imagenet resnet50 ILSVRC2012_val_00005454 lime_slic_200 seed=1 2.22s
259 done imagenet resnet50 ILSVRC2012_val_00005454 rise_grid_14 seed=4 3.14s
260 done imagenet resnet50 ILSVRC2012_val_00005454 lime_mask_0.25 seed=3 2.19s
261 done imagenet resnet50 ILSVRC2012_val_00005454 lime_slic_300 seed=2 2.24s
262 done imagenet resnet50 ILSVRC2012_val_00005454 rise_grid_4 seed=1 3.63s
263 done imagenet resnet50 ILSVRC2012_val_00005454 rise_mask_0.75 seed=1 3.28s
264 done imagenet resnet50 ILSVRC2012_val_00005454 lime_slic_200 seed=0 2.24s
265 done imagenet resnet50 ILSVRC2012_val_00005454 lime_slic_50 seed=4 2.24s
266 done imagenet resnet50 ILSVRC2012_val_00005454 lime_mask_0.75 seed=2 2.21s
267 done imagenet resnet50 ILSVRC2012_val_00005454 rise_grid_14 seed=0 3.11s
268 done imagenet resnet50 ILSVRC2012_val_00005454 rise_grid_4 seed=0 3.71s
269 done imagenet resnet50 ILSVRC2012_val_00005454 rise_grid_10 seed=1 3.25s
270 done imagenet resnet50 ILSVRC2012_val_00005454 rise_mask_0.25 seed=4 3.31s
271 done imagenet resnet50 ILSVRC2012_val_00005454 rise_mask_0.25 seed=1 3.31s
272 done imagenet resnet50 ILSVRC2012_val_00005454 rise_mask_0.25 seed=2 3.35s
273 done imagenet resnet50 ILSVRC2012_val_00005454 rise_mask_0.25 seed=0 3.32s
274 done imagenet resnet50 ILSVRC2012_val_00005454 rise_grid_10 seed=3 3.25s
275 done imagenet resnet50 ILSVRC2012_val_00005454 rise_grid_4 seed=3 3.68s
276 done imagenet resnet50 ILSVRC2012_val_00005454 rise_grid_14 seed=2 3.12s
277 done imagenet resnet50 ILSVRC2012_val_00005454 rise_grid_10 seed=0 3.29s
278 done imagenet resnet50 ILSVRC2012_val_00005454 lime_slic_300 seed=3 2.26s
279 done imagenet resnet50 ILSVRC2012_val_00005454 lime_slic_300 seed=1 2.25s
280 done imagenet resnet50 ILSVRC2012_val_00005454 rise_grid_10 seed=4 3.26s
281 done imagenet resnet50 ILSVRC2012_val_00005454 lime_slic_200 seed=3 2.24s
282 done imagenet resnet50 ILSVRC2012_val_00005454 rise_mask_0.25 seed=3 3.33s
283 done imagenet resnet50 ILSVRC2012_val_00005454 rise_grid_14 seed=3 3.11s
284 done imagenet resnet50 ILSVRC2012_val_00005454 rise_mask_0.75 seed=4 3.34s
285 done imagenet resnet50 ILSVRC2012_val_00005454 lime_mask_0.75 seed=0 2.22s
286 done imagenet resnet50 ILSVRC2012_val_00005454 lime_slic_50 seed=1 2.20s
287 done imagenet resnet50 ILSVRC2012_val_00005454 lime_slic_200 seed=4 2.22s
288 done imagenet resnet50 ILSVRC2012_val_00005454 lime_slic_50 seed=0 2.18s
289 done imagenet resnet50 ILSVRC2012_val_00005454 lime_mask_0.25 seed=1 2.20s
290 done imagenet resnet50 ILSVRC2012_val_00005454 lime_mask_0.75 seed=4 2.15s
291 done imagenet resnet50 ILSVRC2012_val_00005454 lime_mask_0.75 seed=3 2.17s
292 done imagenet resnet50 ILSVRC2012_val_00005454 rise_mask_0.75 seed=0 3.35s
293 done imagenet resnet50 ILSVRC2012_val_00005454 rise_mask_0.75 seed=2 3.27s
294 done imagenet resnet50 ILSVRC2012_val_00005454 rise_grid_14 seed=1 3.16s
295 done imagenet resnet50 ILSVRC2012_val_00005454 lime_slic_300 seed=0 2.24s
296 done imagenet resnet50 ILSVRC2012_val_00005454 lime_mask_0.25 seed=0 2.26s
297 done imagenet resnet50 ILSVRC2012_val_00005454 lime_mask_0.25 seed=2 2.24s
298 done imagenet resnet50 ILSVRC2012_val_00005454 lime_slic_200 seed=2 2.28s
299 done imagenet resnet50 ILSVRC2012_val_00005454 lime_mask_0.25 seed=4 2.24s
300 done imagenet resnet50 ILSVRC2012_val_00005454 lime_slic_50 seed=2 2.23s
301 done imagenet resnet50 ILSVRC2012_val_00005904 rise_mask_0.25 seed=0 3.50s
302 done imagenet resnet50 ILSVRC2012_val_00005904 lime_slic_300 seed=4 2.28s
303 done imagenet resnet50 ILSVRC2012_val_00005904 rise_grid_10 seed=1 3.25s
304 done imagenet resnet50 ILSVRC2012_val_00005904 lime_slic_50 seed=4 2.21s
305 done imagenet resnet50 ILSVRC2012_val_00005904 lime_slic_200 seed=2 2.27s
306 done imagenet resnet50 ILSVRC2012_val_00005904 rise_grid_10 seed=2 3.35s
307 done imagenet resnet50 ILSVRC2012_val_00005904 lime_mask_0.75 seed=1 2.23s
308 done imagenet resnet50 ILSVRC2012_val_00005904 lime_mask_0.75 seed=4 2.26s
309 done imagenet resnet50 ILSVRC2012_val_00005904 lime_slic_300 seed=3 2.28s
310 done imagenet resnet50 ILSVRC2012_val_00005904 lime_mask_0.25 seed=0 2.24s
311 done imagenet resnet50 ILSVRC2012_val_00005904 lime_slic_50 seed=0 2.22s
312 done imagenet resnet50 ILSVRC2012_val_00005904 rise_grid_14 seed=3 3.07s
313 done imagenet resnet50 ILSVRC2012_val_00005904 rise_grid_14 seed=1 3.59s
314 done imagenet resnet50 ILSVRC2012_val_00005904 lime_mask_0.75 seed=0 2.23s
315 done imagenet resnet50 ILSVRC2012_val_00005904 rise_mask_0.25 seed=1 3.28s
316 done imagenet resnet50 ILSVRC2012_val_00005904 rise_grid_14 seed=4 3.09s
317 done imagenet resnet50 ILSVRC2012_val_00005904 rise_grid_10 seed=3 3.39s
318 done imagenet resnet50 ILSVRC2012_val_00005904 lime_mask_0.25 seed=1 2.21s
319 done imagenet resnet50 ILSVRC2012_val_00005904 rise_mask_0.25 seed=3 3.30s
320 done imagenet resnet50 ILSVRC2012_val_00005904 rise_mask_0.25 seed=2 3.30s
321 done imagenet resnet50 ILSVRC2012_val_00005904 rise_mask_0.75 seed=0 3.31s
322 done imagenet resnet50 ILSVRC2012_val_00005904 lime_mask_0.25 seed=2 2.24s
323 done imagenet resnet50 ILSVRC2012_val_00005904 lime_slic_200 seed=1 2.27s
324 done imagenet resnet50 ILSVRC2012_val_00005904 lime_mask_0.25 seed=3 2.22s
325 done imagenet resnet50 ILSVRC2012_val_00005904 rise_mask_0.75 seed=2 3.29s
326 done imagenet resnet50 ILSVRC2012_val_00005904 lime_mask_0.25 seed=4 2.22s
327 done imagenet resnet50 ILSVRC2012_val_00005904 rise_mask_0.75 seed=1 3.29s
328 done imagenet resnet50 ILSVRC2012_val_00005904 lime_slic_200 seed=0 2.27s
329 done imagenet resnet50 ILSVRC2012_val_00005904 lime_mask_0.75 seed=3 2.23s
330 done imagenet resnet50 ILSVRC2012_val_00005904 rise_mask_0.75 seed=3 3.29s
331 done imagenet resnet50 ILSVRC2012_val_00005904 rise_grid_4 seed=2 3.68s
332 done imagenet resnet50 ILSVRC2012_val_00005904 lime_slic_50 seed=2 2.23s
333 done imagenet resnet50 ILSVRC2012_val_00005904 lime_slic_50 seed=1 2.26s
334 done imagenet resnet50 ILSVRC2012_val_00005904 rise_mask_0.75 seed=4 4.49s
335 done imagenet resnet50 ILSVRC2012_val_00005904 rise_grid_10 seed=4 4.42s
336 done imagenet resnet50 ILSVRC2012_val_00005904 rise_grid_14 seed=2 4.24s
337 done imagenet resnet50 ILSVRC2012_val_00005904 rise_mask_0.25 seed=4 4.48s
338 done imagenet resnet50 ILSVRC2012_val_00005904 lime_mask_0.75 seed=2 2.26s
339 done imagenet resnet50 ILSVRC2012_val_00005904 rise_grid_4 seed=1 4.88s
340 done imagenet resnet50 ILSVRC2012_val_00005904 rise_grid_10 seed=0 3.33s
341 done imagenet resnet50 ILSVRC2012_val_00005904 lime_slic_200 seed=4 2.25s
342 done imagenet resnet50 ILSVRC2012_val_00005904 rise_grid_14 seed=0 3.06s
343 done imagenet resnet50 ILSVRC2012_val_00005904 rise_grid_4 seed=0 3.69s
344 done imagenet resnet50 ILSVRC2012_val_00005904 lime_slic_300 seed=1 2.27s
345 done imagenet resnet50 ILSVRC2012_val_00005904 rise_grid_4 seed=4 3.65s
346 done imagenet resnet50 ILSVRC2012_val_00005904 lime_slic_50 seed=3 2.22s
347 done imagenet resnet50 ILSVRC2012_val_00005904 lime_slic_200 seed=3 2.22s
348 done imagenet resnet50 ILSVRC2012_val_00005904 rise_grid_4 seed=3 4.87s
349 done imagenet resnet50 ILSVRC2012_val_00005904 lime_slic_300 seed=0 2.28s
350 done imagenet resnet50 ILSVRC2012_val_00005904 lime_slic_300 seed=2 2.27s
351 done imagenet resnet50 ILSVRC2012_val_00006283 lime_mask_0.75 seed=0 2.18s
352 done imagenet resnet50 ILSVRC2012_val_00006283 rise_grid_4 seed=2 4.87s
353 done imagenet resnet50 ILSVRC2012_val_00006283 rise_grid_10 seed=0 4.42s
354 done imagenet resnet50 ILSVRC2012_val_00006283 rise_grid_4 seed=4 4.14s
355 done imagenet resnet50 ILSVRC2012_val_00006283 lime_mask_0.75 seed=2 2.22s
356 done imagenet resnet50 ILSVRC2012_val_00006283 lime_mask_0.75 seed=1 2.22s
357 done imagenet resnet50 ILSVRC2012_val_00006283 rise_grid_10 seed=3 3.31s
358 done imagenet resnet50 ILSVRC2012_val_00006283 lime_slic_200 seed=1 2.23s
359 done imagenet resnet50 ILSVRC2012_val_00006283 rise_mask_0.75 seed=3 3.31s
360 done imagenet resnet50 ILSVRC2012_val_00006283 lime_slic_300 seed=0 2.24s
361 done imagenet resnet50 ILSVRC2012_val_00006283 rise_grid_14 seed=0 3.10s
362 done imagenet resnet50 ILSVRC2012_val_00006283 lime_mask_0.75 seed=3 2.19s
363 done imagenet resnet50 ILSVRC2012_val_00006283 rise_mask_0.25 seed=3 3.39s
364 done imagenet resnet50 ILSVRC2012_val_00006283 rise_mask_0.25 seed=0 3.30s
365 done imagenet resnet50 ILSVRC2012_val_00006283 rise_grid_14 seed=4 3.10s
366 done imagenet resnet50 ILSVRC2012_val_00006283 rise_mask_0.75 seed=4 3.31s
367 done imagenet resnet50 ILSVRC2012_val_00006283 rise_grid_14 seed=3 3.34s
368 done imagenet resnet50 ILSVRC2012_val_00006283 rise_mask_0.75 seed=2 4.48s
369 done imagenet resnet50 ILSVRC2012_val_00006283 lime_mask_0.25 seed=0 2.19s
370 done imagenet resnet50 ILSVRC2012_val_00006283 lime_slic_300 seed=4 2.25s
371 done imagenet resnet50 ILSVRC2012_val_00006283 lime_slic_200 seed=3 2.29s
372 done imagenet resnet50 ILSVRC2012_val_00006283 lime_slic_200 seed=2 2.25s
373 done imagenet resnet50 ILSVRC2012_val_00006283 lime_mask_0.25 seed=4 2.20s
374 done imagenet resnet50 ILSVRC2012_val_00006283 lime_mask_0.25 seed=3 2.24s
375 done imagenet resnet50 ILSVRC2012_val_00006283 rise_grid_14 seed=1 4.26s
376 done imagenet resnet50 ILSVRC2012_val_00006283 lime_slic_300 seed=1 2.33s
377 done imagenet resnet50 ILSVRC2012_val_00006283 lime_mask_0.25 seed=2 2.26s
378 done imagenet resnet50 ILSVRC2012_val_00006283 rise_grid_4 seed=3 4.24s
379 done imagenet resnet50 ILSVRC2012_val_00006283 lime_slic_50 seed=2 2.27s
380 done imagenet resnet50 ILSVRC2012_val_00006283 rise_grid_10 seed=1 4.43s
381 done imagenet resnet50 ILSVRC2012_val_00006283 lime_slic_50 seed=0 2.26s
382 done imagenet resnet50 ILSVRC2012_val_00006283 lime_slic_50 seed=1 2.26s
383 done imagenet resnet50 ILSVRC2012_val_00006283 rise_mask_0.25 seed=1 4.48s
384 done imagenet resnet50 ILSVRC2012_val_00006283 lime_slic_50 seed=3 2.26s
385 done imagenet resnet50 ILSVRC2012_val_00006283 rise_grid_10 seed=2 4.21s
386 done imagenet resnet50 ILSVRC2012_val_00006283 lime_slic_300 seed=3 2.34s
387 done imagenet resnet50 ILSVRC2012_val_00006283 rise_mask_0.25 seed=4 3.36s
388 done imagenet resnet50 ILSVRC2012_val_00006283 rise_grid_4 seed=0 3.70s
389 done imagenet resnet50 ILSVRC2012_val_00006283 lime_slic_300 seed=2 2.36s
390 done imagenet resnet50 ILSVRC2012_val_00006283 rise_grid_14 seed=2 3.10s
391 done imagenet resnet50 ILSVRC2012_val_00006283 lime_slic_50 seed=4 2.29s
392 done imagenet resnet50 ILSVRC2012_val_00006283 rise_mask_0.25 seed=2 3.28s
393 done imagenet resnet50 ILSVRC2012_val_00006283 lime_mask_0.75 seed=4 2.24s
394 done imagenet resnet50 ILSVRC2012_val_00006283 rise_mask_0.75 seed=0 3.31s
395 done imagenet resnet50 ILSVRC2012_val_00006283 lime_mask_0.25 seed=1 2.28s
396 done imagenet resnet50 ILSVRC2012_val_00006283 lime_slic_200 seed=4 2.30s
397 done imagenet resnet50 ILSVRC2012_val_00006283 rise_grid_4 seed=1 3.70s
398 done imagenet resnet50 ILSVRC2012_val_00006283 rise_mask_0.75 seed=1 3.32s
399 done imagenet resnet50 ILSVRC2012_val_00006283 rise_grid_10 seed=4 3.33s
400 done imagenet resnet50 ILSVRC2012_val_00006283 lime_slic_200 seed=0 2.32s
401 done imagenet resnet50 ILSVRC2012_val_00006551 rise_grid_10 seed=2 3.30s
402 done imagenet resnet50 ILSVRC2012_val_00006551 lime_slic_300 seed=1 2.28s
403 done imagenet resnet50 ILSVRC2012_val_00006551 rise_mask_0.25 seed=2 3.60s
404 done imagenet resnet50 ILSVRC2012_val_00006551 rise_mask_0.75 seed=3 3.33s
405 done imagenet resnet50 ILSVRC2012_val_00006551 rise_grid_4 seed=0 4.87s
406 done imagenet resnet50 ILSVRC2012_val_00006551 rise_mask_0.25 seed=1 3.65s
407 done imagenet resnet50 ILSVRC2012_val_00006551 lime_mask_0.75 seed=4 2.27s
408 done imagenet resnet50 ILSVRC2012_val_00006551 rise_grid_14 seed=2 3.33s
409 done imagenet resnet50 ILSVRC2012_val_00006551 rise_grid_4 seed=1 3.80s
410 done imagenet resnet50 ILSVRC2012_val_00006551 rise_mask_0.75 seed=1 4.08s
411 done imagenet resnet50 ILSVRC2012_val_00006551 rise_grid_10 seed=4 3.32s
412 done imagenet resnet50 ILSVRC2012_val_00006551 lime_slic_300 seed=2 2.30s
413 done imagenet resnet50 ILSVRC2012_val_00006551 lime_slic_50 seed=2 2.14s
414 done imagenet resnet50 ILSVRC2012_val_00006551 rise_mask_0.75 seed=2 3.43s
415 done imagenet resnet50 ILSVRC2012_val_00006551 rise_grid_4 seed=4 4.90s
416 done imagenet resnet50 ILSVRC2012_val_00006551 lime_slic_300 seed=3 2.22s
417 done imagenet resnet50 ILSVRC2012_val_00006551 lime_slic_200 seed=3 2.23s
418 done imagenet resnet50 ILSVRC2012_val_00006551 lime_slic_300 seed=4 2.25s
419 done imagenet resnet50 ILSVRC2012_val_00006551 rise_grid_14 seed=1 3.64s
420 done imagenet resnet50 ILSVRC2012_val_00006551 rise_mask_0.75 seed=4 3.37s
421 done imagenet resnet50 ILSVRC2012_val_00006551 lime_mask_0.25 seed=4 2.22s
422 done imagenet resnet50 ILSVRC2012_val_00006551 lime_slic_200 seed=2 2.28s
423 done imagenet resnet50 ILSVRC2012_val_00006551 rise_mask_0.25 seed=4 3.35s
424 done imagenet resnet50 ILSVRC2012_val_00006551 lime_slic_300 seed=0 2.33s
425 done imagenet resnet50 ILSVRC2012_val_00006551 lime_slic_50 seed=0 2.24s
426 done imagenet resnet50 ILSVRC2012_val_00006551 lime_mask_0.25 seed=2 2.25s
427 done imagenet resnet50 ILSVRC2012_val_00006551 lime_mask_0.75 seed=0 2.25s
428 done imagenet resnet50 ILSVRC2012_val_00006551 lime_mask_0.25 seed=0 2.25s
429 done imagenet resnet50 ILSVRC2012_val_00006551 lime_slic_200 seed=0 2.27s
430 done imagenet resnet50 ILSVRC2012_val_00006551 lime_slic_50 seed=1 2.29s
431 done imagenet resnet50 ILSVRC2012_val_00006551 rise_grid_10 seed=3 4.45s
432 done imagenet resnet50 ILSVRC2012_val_00006551 rise_mask_0.25 seed=3 4.51s
433 done imagenet resnet50 ILSVRC2012_val_00006551 lime_mask_0.25 seed=3 2.26s
434 done imagenet resnet50 ILSVRC2012_val_00006551 rise_grid_14 seed=0 4.76s
435 done imagenet resnet50 ILSVRC2012_val_00006551 lime_slic_200 seed=1 2.71s
436 done imagenet resnet50 ILSVRC2012_val_00006551 rise_grid_10 seed=0 5.05s
437 done imagenet resnet50 ILSVRC2012_val_00006551 lime_slic_50 seed=4 2.70s
438 done imagenet resnet50 ILSVRC2012_val_00006551 rise_grid_10 seed=1 5.07s
439 done imagenet resnet50 ILSVRC2012_val_00006551 lime_mask_0.75 seed=3 2.70s
440 done imagenet resnet50 ILSVRC2012_val_00006551 lime_mask_0.25 seed=1 2.70s
441 done imagenet resnet50 ILSVRC2012_val_00006551 rise_mask_0.25 seed=0 5.15s
442 done imagenet resnet50 ILSVRC2012_val_00006551 lime_slic_50 seed=3 2.68s
443 done imagenet resnet50 ILSVRC2012_val_00006551 rise_grid_4 seed=2 5.80s
444 done imagenet resnet50 ILSVRC2012_val_00006551 rise_grid_14 seed=3 4.76s
445 done imagenet resnet50 ILSVRC2012_val_00006551 lime_slic_200 seed=4 2.72s
446 done imagenet resnet50 ILSVRC2012_val_00006551 rise_grid_14 seed=4 4.76s
447 done imagenet resnet50 ILSVRC2012_val_00006551 lime_mask_0.75 seed=2 2.69s
448 done imagenet resnet50 ILSVRC2012_val_00006551 rise_mask_0.75 seed=0 5.23s
449 done imagenet resnet50 ILSVRC2012_val_00006551 lime_mask_0.75 seed=1 2.70s
450 done imagenet resnet50 ILSVRC2012_val_00006551 rise_grid_4 seed=3 5.81s
451 done imagenet resnet50 ILSVRC2012_val_00006920 lime_mask_0.25 seed=3 2.73s
452 done imagenet resnet50 ILSVRC2012_val_00006920 rise_mask_0.75 seed=2 5.18s
453 done imagenet resnet50 ILSVRC2012_val_00006920 rise_mask_0.25 seed=1 5.15s
454 done imagenet resnet50 ILSVRC2012_val_00006920 rise_mask_0.25 seed=2 5.14s
455 done imagenet resnet50 ILSVRC2012_val_00006920 lime_slic_50 seed=3 2.72s
456 done imagenet resnet50 ILSVRC2012_val_00006920 rise_mask_0.75 seed=3 5.15s
457 done imagenet resnet50 ILSVRC2012_val_00006920 lime_slic_200 seed=4 2.73s
458 done imagenet resnet50 ILSVRC2012_val_00006920 rise_grid_10 seed=1 4.26s
459 done imagenet resnet50 ILSVRC2012_val_00006920 lime_slic_200 seed=1 2.25s
460 done imagenet resnet50 ILSVRC2012_val_00006920 lime_slic_50 seed=0 2.21s
461 done imagenet resnet50 ILSVRC2012_val_00006920 rise_grid_14 seed=4 3.11s
462 done imagenet resnet50 ILSVRC2012_val_00006920 lime_slic_300 seed=1 2.33s
463 done imagenet resnet50 ILSVRC2012_val_00006920 rise_grid_4 seed=3 4.40s
464 done imagenet resnet50 ILSVRC2012_val_00006920 rise_mask_0.25 seed=3 3.32s
465 done imagenet resnet50 ILSVRC2012_val_00006920 lime_slic_300 seed=2 2.25s
466 done imagenet resnet50 ILSVRC2012_val_00006920 rise_grid_10 seed=0 3.25s
467 done imagenet resnet50 ILSVRC2012_val_00006920 rise_grid_4 seed=2 3.66s
468 done imagenet resnet50 ILSVRC2012_val_00006920 rise_grid_4 seed=1 3.65s
469 done imagenet resnet50 ILSVRC2012_val_00006920 rise_mask_0.75 seed=0 3.29s
470 done imagenet resnet50 ILSVRC2012_val_00006920 lime_slic_200 seed=3 2.23s
471 done imagenet resnet50 ILSVRC2012_val_00006920 rise_grid_14 seed=0 3.11s
472 done imagenet resnet50 ILSVRC2012_val_00006920 rise_mask_0.75 seed=1 3.30s
473 done imagenet resnet50 ILSVRC2012_val_00006920 lime_mask_0.75 seed=3 2.22s
474 done imagenet resnet50 ILSVRC2012_val_00006920 lime_mask_0.75 seed=4 2.21s
475 done imagenet resnet50 ILSVRC2012_val_00006920 lime_slic_300 seed=4 2.27s
476 done imagenet resnet50 ILSVRC2012_val_00006920 lime_slic_300 seed=0 2.27s
477 done imagenet resnet50 ILSVRC2012_val_00006920 rise_grid_10 seed=3 3.25s
478 done imagenet resnet50 ILSVRC2012_val_00006920 lime_mask_0.25 seed=1 2.21s
479 done imagenet resnet50 ILSVRC2012_val_00006920 rise_grid_14 seed=1 3.11s
480 done imagenet resnet50 ILSVRC2012_val_00006920 rise_mask_0.25 seed=4 3.32s
481 done imagenet resnet50 ILSVRC2012_val_00006920 rise_grid_14 seed=3 3.12s
482 done imagenet resnet50 ILSVRC2012_val_00006920 lime_mask_0.75 seed=2 2.28s
483 done imagenet resnet50 ILSVRC2012_val_00006920 rise_grid_10 seed=4 4.44s
484 done imagenet resnet50 ILSVRC2012_val_00006920 lime_mask_0.75 seed=1 2.24s
485 done imagenet resnet50 ILSVRC2012_val_00006920 rise_grid_4 seed=0 3.65s
486 done imagenet resnet50 ILSVRC2012_val_00006920 lime_mask_0.25 seed=4 2.23s
487 done imagenet resnet50 ILSVRC2012_val_00006920 lime_slic_200 seed=0 2.26s
488 done imagenet resnet50 ILSVRC2012_val_00006920 rise_mask_0.25 seed=0 3.34s
489 done imagenet resnet50 ILSVRC2012_val_00006920 lime_slic_300 seed=3 2.34s
490 done imagenet resnet50 ILSVRC2012_val_00006920 lime_slic_50 seed=4 2.23s
491 done imagenet resnet50 ILSVRC2012_val_00006920 lime_slic_50 seed=1 2.24s
492 done imagenet resnet50 ILSVRC2012_val_00006920 rise_grid_14 seed=2 4.25s
493 done imagenet resnet50 ILSVRC2012_val_00006920 rise_mask_0.75 seed=4 3.89s
494 done imagenet resnet50 ILSVRC2012_val_00006920 lime_mask_0.25 seed=2 2.24s
495 done imagenet resnet50 ILSVRC2012_val_00006920 rise_grid_4 seed=4 4.39s
496 done imagenet resnet50 ILSVRC2012_val_00006920 lime_mask_0.75 seed=0 2.23s
497 done imagenet resnet50 ILSVRC2012_val_00006920 lime_slic_50 seed=2 2.24s
498 done imagenet resnet50 ILSVRC2012_val_00006920 lime_slic_200 seed=2 2.26s
499 done imagenet resnet50 ILSVRC2012_val_00006920 lime_mask_0.25 seed=0 2.24s
500 done imagenet resnet50 ILSVRC2012_val_00006920 rise_grid_10 seed=2 3.29s
501 done imagenet resnet50 ILSVRC2012_val_00007056 rise_grid_14 seed=2 3.11s
502 done imagenet resnet50 ILSVRC2012_val_00007056 rise_grid_10 seed=4 3.28s
503 done imagenet resnet50 ILSVRC2012_val_00007056 rise_mask_0.25 seed=3 3.34s
504 done imagenet resnet50 ILSVRC2012_val_00007056 lime_slic_50 seed=3 2.19s
505 done imagenet resnet50 ILSVRC2012_val_00007056 lime_slic_200 seed=0 2.22s
506 done imagenet resnet50 ILSVRC2012_val_00007056 lime_mask_0.25 seed=3 2.16s
507 done imagenet resnet50 ILSVRC2012_val_00007056 rise_grid_10 seed=0 3.27s
508 done imagenet resnet50 ILSVRC2012_val_00007056 lime_mask_0.25 seed=1 2.17s
509 done imagenet resnet50 ILSVRC2012_val_00007056 lime_slic_200 seed=1 2.20s
510 done imagenet resnet50 ILSVRC2012_val_00007056 lime_mask_0.75 seed=2 2.16s
511 done imagenet resnet50 ILSVRC2012_val_00007056 rise_mask_0.75 seed=0 3.32s
512 done imagenet resnet50 ILSVRC2012_val_00007056 lime_slic_50 seed=4 2.18s
513 done imagenet resnet50 ILSVRC2012_val_00007056 lime_mask_0.75 seed=3 2.20s
514 done imagenet resnet50 ILSVRC2012_val_00007056 lime_slic_300 seed=0 2.28s
515 done imagenet resnet50 ILSVRC2012_val_00007056 lime_slic_200 seed=2 2.28s
516 done imagenet resnet50 ILSVRC2012_val_00007056 rise_grid_4 seed=0 3.68s
517 done imagenet resnet50 ILSVRC2012_val_00007056 lime_slic_50 seed=0 2.28s
518 done imagenet resnet50 ILSVRC2012_val_00007056 rise_grid_14 seed=3 3.17s
519 done imagenet resnet50 ILSVRC2012_val_00007056 lime_slic_300 seed=4 2.34s
520 done imagenet resnet50 ILSVRC2012_val_00007056 lime_mask_0.75 seed=0 2.28s
521 done imagenet resnet50 ILSVRC2012_val_00007056 rise_mask_0.75 seed=3 3.51s
522 done imagenet resnet50 ILSVRC2012_val_00007056 lime_mask_0.75 seed=1 2.23s
523 done imagenet resnet50 ILSVRC2012_val_00007056 rise_grid_4 seed=4 3.66s
524 done imagenet resnet50 ILSVRC2012_val_00007056 rise_grid_14 seed=0 4.29s
525 done imagenet resnet50 ILSVRC2012_val_00007056 rise_grid_4 seed=3 4.88s
526 done imagenet resnet50 ILSVRC2012_val_00007056 rise_mask_0.75 seed=2 3.32s
527 done imagenet resnet50 ILSVRC2012_val_00007056 lime_slic_300 seed=3 2.33s
528 done imagenet resnet50 ILSVRC2012_val_00007056 lime_slic_50 seed=1 2.27s
529 done imagenet resnet50 ILSVRC2012_val_00007056 lime_mask_0.25 seed=0 2.25s
530 done imagenet resnet50 ILSVRC2012_val_00007056 rise_grid_4 seed=1 3.66s
531 done imagenet resnet50 ILSVRC2012_val_00007056 lime_slic_200 seed=3 2.27s
532 done imagenet resnet50 ILSVRC2012_val_00007056 lime_mask_0.75 seed=4 2.26s
533 done imagenet resnet50 ILSVRC2012_val_00007056 lime_slic_300 seed=2 2.29s
534 done imagenet resnet50 ILSVRC2012_val_00007056 rise_grid_10 seed=2 3.29s
535 done imagenet resnet50 ILSVRC2012_val_00007056 lime_slic_200 seed=4 2.27s
536 done imagenet resnet50 ILSVRC2012_val_00007056 rise_grid_14 seed=4 3.11s
537 done imagenet resnet50 ILSVRC2012_val_00007056 rise_grid_4 seed=2 3.66s
538 done imagenet resnet50 ILSVRC2012_val_00007056 rise_mask_0.25 seed=0 3.31s
539 done imagenet resnet50 ILSVRC2012_val_00007056 rise_grid_14 seed=1 3.12s
540 done imagenet resnet50 ILSVRC2012_val_00007056 rise_mask_0.25 seed=2 3.32s
541 done imagenet resnet50 ILSVRC2012_val_00007056 rise_mask_0.75 seed=4 3.33s
542 done imagenet resnet50 ILSVRC2012_val_00007056 lime_slic_300 seed=1 2.29s
543 done imagenet resnet50 ILSVRC2012_val_00007056 rise_grid_10 seed=3 4.42s
544 done imagenet resnet50 ILSVRC2012_val_00007056 rise_grid_10 seed=1 3.74s
545 done imagenet resnet50 ILSVRC2012_val_00007056 rise_mask_0.25 seed=1 3.30s
546 done imagenet resnet50 ILSVRC2012_val_00007056 rise_mask_0.75 seed=1 3.30s
547 done imagenet resnet50 ILSVRC2012_val_00007056 lime_slic_50 seed=2 2.22s
548 done imagenet resnet50 ILSVRC2012_val_00007056 rise_mask_0.25 seed=4 3.30s
549 done imagenet resnet50 ILSVRC2012_val_00007056 lime_mask_0.25 seed=4 2.23s
550 done imagenet resnet50 ILSVRC2012_val_00007056 lime_mask_0.25 seed=2 2.23s
551 done imagenet resnet50 ILSVRC2012_val_00007254 rise_mask_0.75 seed=2 3.31s
552 done imagenet resnet50 ILSVRC2012_val_00007254 lime_slic_50 seed=0 2.18s
553 done imagenet resnet50 ILSVRC2012_val_00007254 rise_grid_10 seed=0 3.26s
554 done imagenet resnet50 ILSVRC2012_val_00007254 lime_mask_0.75 seed=0 2.20s
555 done imagenet resnet50 ILSVRC2012_val_00007254 lime_slic_200 seed=4 2.24s
556 done imagenet resnet50 ILSVRC2012_val_00007254 rise_grid_10 seed=3 3.26s
557 done imagenet resnet50 ILSVRC2012_val_00007254 rise_mask_0.25 seed=1 4.07s
558 done imagenet resnet50 ILSVRC2012_val_00007254 rise_mask_0.75 seed=4 4.49s
559 done imagenet resnet50 ILSVRC2012_val_00007254 rise_mask_0.25 seed=4 4.49s
560 done imagenet resnet50 ILSVRC2012_val_00007254 lime_slic_50 seed=1 2.18s
561 done imagenet resnet50 ILSVRC2012_val_00007254 lime_slic_50 seed=4 2.19s
562 done imagenet resnet50 ILSVRC2012_val_00007254 rise_mask_0.75 seed=1 4.47s
563 done imagenet resnet50 ILSVRC2012_val_00007254 rise_grid_10 seed=4 4.08s
564 done imagenet resnet50 ILSVRC2012_val_00007254 rise_mask_0.25 seed=0 3.31s
565 done imagenet resnet50 ILSVRC2012_val_00007254 lime_slic_300 seed=2 2.31s
566 done imagenet resnet50 ILSVRC2012_val_00007254 rise_grid_4 seed=0 3.66s
567 done imagenet resnet50 ILSVRC2012_val_00007254 lime_mask_0.75 seed=1 2.25s
568 done imagenet resnet50 ILSVRC2012_val_00007254 lime_mask_0.75 seed=4 2.25s
569 done imagenet resnet50 ILSVRC2012_val_00007254 lime_slic_300 seed=1 2.30s
570 done imagenet resnet50 ILSVRC2012_val_00007254 rise_mask_0.25 seed=3 3.31s
571 done imagenet resnet50 ILSVRC2012_val_00007254 lime_slic_300 seed=0 2.29s
572 done imagenet resnet50 ILSVRC2012_val_00007254 rise_grid_10 seed=2 3.28s
573 done imagenet resnet50 ILSVRC2012_val_00007254 rise_mask_0.75 seed=0 3.45s
574 done imagenet resnet50 ILSVRC2012_val_00007254 rise_grid_4 seed=2 3.69s
575 done imagenet resnet50 ILSVRC2012_val_00007254 rise_grid_10 seed=1 3.25s
576 done imagenet resnet50 ILSVRC2012_val_00007254 lime_slic_50 seed=2 2.20s
577 done imagenet resnet50 ILSVRC2012_val_00007254 lime_mask_0.25 seed=4 2.17s
578 done imagenet resnet50 ILSVRC2012_val_00007254 lime_slic_300 seed=3 2.26s
579 done imagenet resnet50 ILSVRC2012_val_00007254 lime_mask_0.25 seed=0 2.20s
580 done imagenet resnet50 ILSVRC2012_val_00007254 rise_grid_4 seed=1 3.65s
581 done imagenet resnet50 ILSVRC2012_val_00007254 rise_grid_14 seed=0 3.09s
582 done imagenet resnet50 ILSVRC2012_val_00007254 lime_slic_50 seed=3 2.22s
583 done imagenet resnet50 ILSVRC2012_val_00007254 lime_mask_0.25 seed=2 2.21s
584 done imagenet resnet50 ILSVRC2012_val_00007254 lime_slic_200 seed=0 2.25s
585 done imagenet resnet50 ILSVRC2012_val_00007254 lime_slic_300 seed=4 2.26s
586 done imagenet resnet50 ILSVRC2012_val_00007254 lime_mask_0.25 seed=1 2.24s
587 done imagenet resnet50 ILSVRC2012_val_00007254 lime_slic_200 seed=2 2.29s
588 done imagenet resnet50 ILSVRC2012_val_00007254 rise_mask_0.25 seed=2 4.50s
589 done imagenet resnet50 ILSVRC2012_val_00007254 rise_grid_4 seed=4 4.90s
590 done imagenet resnet50 ILSVRC2012_val_00007254 lime_slic_200 seed=1 2.29s
591 done imagenet resnet50 ILSVRC2012_val_00007254 rise_grid_4 seed=3 4.42s
592 done imagenet resnet50 ILSVRC2012_val_00007254 rise_grid_14 seed=1 3.12s
593 done imagenet resnet50 ILSVRC2012_val_00007254 lime_mask_0.75 seed=2 2.27s
594 done imagenet resnet50 ILSVRC2012_val_00007254 rise_grid_14 seed=3 3.13s
595 done imagenet resnet50 ILSVRC2012_val_00007254 lime_mask_0.25 seed=3 2.27s
596 done imagenet resnet50 ILSVRC2012_val_00007254 rise_mask_0.75 seed=3 4.02s
597 done imagenet resnet50 ILSVRC2012_val_00007254 rise_grid_14 seed=4 3.61s
598 done imagenet resnet50 ILSVRC2012_val_00007254 lime_mask_0.75 seed=3 2.20s
599 done imagenet resnet50 ILSVRC2012_val_00007254 rise_grid_14 seed=2 3.08s
600 done imagenet resnet50 ILSVRC2012_val_00007254 lime_slic_200 seed=3 2.24s
601 done imagenet resnet50 ILSVRC2012_val_00007312 rise_mask_0.25 seed=1 3.30s
602 done imagenet resnet50 ILSVRC2012_val_00007312 lime_slic_200 seed=4 2.24s
603 done imagenet resnet50 ILSVRC2012_val_00007312 rise_grid_14 seed=3 3.09s
604 done imagenet resnet50 ILSVRC2012_val_00007312 rise_mask_0.25 seed=4 3.31s
605 done imagenet resnet50 ILSVRC2012_val_00007312 rise_mask_0.75 seed=3 3.31s
606 done imagenet resnet50 ILSVRC2012_val_00007312 lime_slic_300 seed=1 2.26s
607 done imagenet resnet50 ILSVRC2012_val_00007312 lime_mask_0.25 seed=2 2.20s
608 done imagenet resnet50 ILSVRC2012_val_00007312 lime_mask_0.75 seed=0 2.21s
609 done imagenet resnet50 ILSVRC2012_val_00007312 lime_slic_50 seed=4 2.26s
610 done imagenet resnet50 ILSVRC2012_val_00007312 rise_mask_0.75 seed=0 3.30s
611 done imagenet resnet50 ILSVRC2012_val_00007312 rise_grid_14 seed=4 3.10s
612 done imagenet resnet50 ILSVRC2012_val_00007312 lime_slic_300 seed=3 2.28s
613 done imagenet resnet50 ILSVRC2012_val_00007312 rise_grid_10 seed=2 3.57s
614 done imagenet resnet50 ILSVRC2012_val_00007312 lime_mask_0.25 seed=1 2.22s
615 done imagenet resnet50 ILSVRC2012_val_00007312 rise_grid_4 seed=2 4.88s
616 done imagenet resnet50 ILSVRC2012_val_00007312 rise_mask_0.75 seed=1 3.63s
617 done imagenet resnet50 ILSVRC2012_val_00007312 rise_mask_0.75 seed=4 3.37s
618 done imagenet resnet50 ILSVRC2012_val_00007312 rise_mask_0.25 seed=3 3.33s
619 done imagenet resnet50 ILSVRC2012_val_00007312 rise_mask_0.75 seed=2 3.32s
620 done imagenet resnet50 ILSVRC2012_val_00007312 rise_grid_14 seed=0 3.10s
621 done imagenet resnet50 ILSVRC2012_val_00007312 lime_slic_300 seed=4 2.30s
622 done imagenet resnet50 ILSVRC2012_val_00007312 lime_mask_0.75 seed=4 2.25s
623 done imagenet resnet50 ILSVRC2012_val_00007312 lime_slic_50 seed=0 2.21s
624 done imagenet resnet50 ILSVRC2012_val_00007312 lime_slic_200 seed=3 2.24s
625 done imagenet resnet50 ILSVRC2012_val_00007312 rise_mask_0.25 seed=0 3.56s
626 done imagenet resnet50 ILSVRC2012_val_00007312 rise_grid_10 seed=0 3.25s
627 done imagenet resnet50 ILSVRC2012_val_00007312 rise_grid_4 seed=0 3.64s
628 done imagenet resnet50 ILSVRC2012_val_00007312 rise_grid_10 seed=3 4.04s
629 done imagenet resnet50 ILSVRC2012_val_00007312 lime_mask_0.75 seed=2 2.21s
630 done imagenet resnet50 ILSVRC2012_val_00007312 rise_grid_14 seed=1 3.41s
631 done imagenet resnet50 ILSVRC2012_val_00007312 rise_mask_0.25 seed=2 3.32s
632 done imagenet resnet50 ILSVRC2012_val_00007312 lime_mask_0.25 seed=4 2.26s
633 done imagenet resnet50 ILSVRC2012_val_00007312 lime_slic_300 seed=0 2.34s
634 done imagenet resnet50 ILSVRC2012_val_00007312 lime_slic_300 seed=2 2.34s
635 done imagenet resnet50 ILSVRC2012_val_00007312 rise_grid_4 seed=3 4.40s
636 done imagenet resnet50 ILSVRC2012_val_00007312 lime_mask_0.75 seed=1 2.29s
637 done imagenet resnet50 ILSVRC2012_val_00007312 lime_slic_50 seed=3 2.30s
638 done imagenet resnet50 ILSVRC2012_val_00007312 lime_slic_50 seed=1 2.25s
639 done imagenet resnet50 ILSVRC2012_val_00007312 lime_slic_200 seed=0 2.31s
640 done imagenet resnet50 ILSVRC2012_val_00007312 lime_mask_0.75 seed=3 2.28s
641 done imagenet resnet50 ILSVRC2012_val_00007312 rise_grid_10 seed=4 3.31s
642 done imagenet resnet50 ILSVRC2012_val_00007312 lime_slic_200 seed=1 2.31s
643 done imagenet resnet50 ILSVRC2012_val_00007312 lime_slic_50 seed=2 2.28s
644 done imagenet resnet50 ILSVRC2012_val_00007312 lime_slic_200 seed=2 2.31s
645 done imagenet resnet50 ILSVRC2012_val_00007312 rise_grid_4 seed=1 3.68s
646 done imagenet resnet50 ILSVRC2012_val_00007312 rise_grid_10 seed=1 3.30s
647 done imagenet resnet50 ILSVRC2012_val_00007312 rise_grid_14 seed=2 3.12s
648 done imagenet resnet50 ILSVRC2012_val_00007312 lime_mask_0.25 seed=0 2.27s
649 done imagenet resnet50 ILSVRC2012_val_00007312 lime_mask_0.25 seed=3 2.28s
650 done imagenet resnet50 ILSVRC2012_val_00007312 rise_grid_4 seed=4 3.67s
651 done imagenet resnet50 ILSVRC2012_val_00007930 rise_grid_10 seed=4 3.28s
652 done imagenet resnet50 ILSVRC2012_val_00007930 rise_grid_14 seed=4 3.12s
653 done imagenet resnet50 ILSVRC2012_val_00007930 lime_slic_200 seed=2 2.29s
654 done imagenet resnet50 ILSVRC2012_val_00007930 lime_mask_0.25 seed=1 2.21s
655 done imagenet resnet50 ILSVRC2012_val_00007930 rise_grid_4 seed=2 4.88s
656 done imagenet resnet50 ILSVRC2012_val_00007930 lime_mask_0.75 seed=4 2.22s
657 done imagenet resnet50 ILSVRC2012_val_00007930 lime_slic_200 seed=1 2.25s
658 done imagenet resnet50 ILSVRC2012_val_00007930 rise_grid_14 seed=2 4.23s
659 done imagenet resnet50 ILSVRC2012_val_00007930 rise_grid_14 seed=3 4.23s
660 done imagenet resnet50 ILSVRC2012_val_00007930 rise_grid_10 seed=2 4.42s
661 done imagenet resnet50 ILSVRC2012_val_00007930 rise_mask_0.25 seed=2 3.70s
662 done imagenet resnet50 ILSVRC2012_val_00007930 lime_mask_0.75 seed=3 2.23s
663 done imagenet resnet50 ILSVRC2012_val_00007930 rise_mask_0.25 seed=0 3.27s
664 done imagenet resnet50 ILSVRC2012_val_00007930 lime_slic_300 seed=4 2.31s
665 done imagenet resnet50 ILSVRC2012_val_00007930 lime_mask_0.25 seed=0 2.22s
666 done imagenet resnet50 ILSVRC2012_val_00007930 lime_slic_300 seed=1 2.28s
667 done imagenet resnet50 ILSVRC2012_val_00007930 rise_grid_10 seed=1 3.27s
668 done imagenet resnet50 ILSVRC2012_val_00007930 rise_grid_10 seed=0 3.24s
669 done imagenet resnet50 ILSVRC2012_val_00007930 rise_mask_0.25 seed=3 3.31s
670 done imagenet resnet50 ILSVRC2012_val_00007930 lime_mask_0.25 seed=4 2.27s
671 done imagenet resnet50 ILSVRC2012_val_00007930 rise_mask_0.25 seed=1 3.32s
672 done imagenet resnet50 ILSVRC2012_val_00007930 lime_slic_50 seed=2 2.22s
673 done imagenet resnet50 ILSVRC2012_val_00007930 rise_mask_0.75 seed=3 3.32s
674 done imagenet resnet50 ILSVRC2012_val_00007930 rise_grid_4 seed=3 3.68s
675 done imagenet resnet50 ILSVRC2012_val_00007930 rise_grid_4 seed=0 3.73s
676 done imagenet resnet50 ILSVRC2012_val_00007930 lime_slic_50 seed=3 2.27s
677 done imagenet resnet50 ILSVRC2012_val_00007930 rise_grid_10 seed=3 3.63s
678 done imagenet resnet50 ILSVRC2012_val_00007930 lime_slic_200 seed=0 2.29s
679 done imagenet resnet50 ILSVRC2012_val_00007930 lime_slic_50 seed=4 2.27s
680 done imagenet resnet50 ILSVRC2012_val_00007930 lime_mask_0.25 seed=3 2.25s
681 done imagenet resnet50 ILSVRC2012_val_00007930 rise_grid_4 seed=1 4.74s
682 done imagenet resnet50 ILSVRC2012_val_00007930 lime_mask_0.75 seed=2 2.32s
683 done imagenet resnet50 ILSVRC2012_val_00007930 rise_mask_0.25 seed=4 3.80s
684 done imagenet resnet50 ILSVRC2012_val_00007930 lime_slic_200 seed=4 2.38s
685 done imagenet resnet50 ILSVRC2012_val_00007930 lime_slic_50 seed=0 2.37s
686 done imagenet resnet50 ILSVRC2012_val_00007930 lime_slic_300 seed=0 2.41s
687 done imagenet resnet50 ILSVRC2012_val_00007930 rise_grid_14 seed=0 4.25s
688 done imagenet resnet50 ILSVRC2012_val_00007930 lime_mask_0.75 seed=0 2.21s
689 done imagenet resnet50 ILSVRC2012_val_00007930 lime_mask_0.75 seed=1 2.22s
690 done imagenet resnet50 ILSVRC2012_val_00007930 rise_mask_0.75 seed=2 4.27s
691 done imagenet resnet50 ILSVRC2012_val_00007930 lime_slic_300 seed=3 2.27s
692 done imagenet resnet50 ILSVRC2012_val_00007930 lime_slic_300 seed=2 2.29s
693 done imagenet resnet50 ILSVRC2012_val_00007930 lime_mask_0.25 seed=2 2.21s
694 done imagenet resnet50 ILSVRC2012_val_00007930 rise_mask_0.75 seed=0 3.32s
695 done imagenet resnet50 ILSVRC2012_val_00007930 lime_slic_200 seed=3 2.25s
696 done imagenet resnet50 ILSVRC2012_val_00007930 rise_mask_0.75 seed=4 3.32s
697 done imagenet resnet50 ILSVRC2012_val_00007930 rise_mask_0.75 seed=1 4.49s
698 done imagenet resnet50 ILSVRC2012_val_00007930 rise_grid_4 seed=4 4.89s
699 done imagenet resnet50 ILSVRC2012_val_00007930 rise_grid_14 seed=1 3.23s
700 done imagenet resnet50 ILSVRC2012_val_00007930 lime_slic_50 seed=1 2.20s
701 done imagenet resnet50 ILSVRC2012_val_00008228 lime_slic_300 seed=0 2.23s
702 done imagenet resnet50 ILSVRC2012_val_00008228 lime_mask_0.25 seed=0 2.19s
703 done imagenet resnet50 ILSVRC2012_val_00008228 rise_grid_4 seed=2 3.62s
704 done imagenet resnet50 ILSVRC2012_val_00008228 rise_grid_10 seed=2 3.25s
705 done imagenet resnet50 ILSVRC2012_val_00008228 lime_slic_50 seed=0 2.17s
706 done imagenet resnet50 ILSVRC2012_val_00008228 lime_slic_300 seed=4 2.23s
707 done imagenet resnet50 ILSVRC2012_val_00008228 rise_grid_4 seed=0 3.65s
708 done imagenet resnet50 ILSVRC2012_val_00008228 rise_mask_0.25 seed=4 3.31s
709 done imagenet resnet50 ILSVRC2012_val_00008228 rise_mask_0.25 seed=3 3.30s
710 done imagenet resnet50 ILSVRC2012_val_00008228 rise_mask_0.75 seed=1 3.30s
711 done imagenet resnet50 ILSVRC2012_val_00008228 lime_slic_50 seed=2 2.17s
712 done imagenet resnet50 ILSVRC2012_val_00008228 lime_slic_300 seed=3 2.23s
713 done imagenet resnet50 ILSVRC2012_val_00008228 rise_grid_14 seed=4 4.25s
714 done imagenet resnet50 ILSVRC2012_val_00008228 rise_grid_14 seed=3 3.85s
715 done imagenet resnet50 ILSVRC2012_val_00008228 rise_mask_0.75 seed=0 3.32s
716 done imagenet resnet50 ILSVRC2012_val_00008228 lime_slic_50 seed=3 2.22s
717 done imagenet resnet50 ILSVRC2012_val_00008228 rise_grid_4 seed=1 3.96s
718 done imagenet resnet50 ILSVRC2012_val_00008228 rise_grid_4 seed=4 4.88s
719 done imagenet resnet50 ILSVRC2012_val_00008228 lime_mask_0.25 seed=4 2.18s
720 done imagenet resnet50 ILSVRC2012_val_00008228 rise_mask_0.25 seed=2 4.49s
721 done imagenet resnet50 ILSVRC2012_val_00008228 rise_grid_4 seed=3 4.88s
722 done imagenet resnet50 ILSVRC2012_val_00008228 rise_mask_0.25 seed=1 4.49s
723 done imagenet resnet50 ILSVRC2012_val_00008228 lime_mask_0.75 seed=1 2.16s
724 done imagenet resnet50 ILSVRC2012_val_00008228 rise_mask_0.25 seed=0 4.48s
725 done imagenet resnet50 ILSVRC2012_val_00008228 lime_mask_0.25 seed=2 2.16s
726 done imagenet resnet50 ILSVRC2012_val_00008228 rise_grid_10 seed=3 4.45s
727 done imagenet resnet50 ILSVRC2012_val_00008228 rise_mask_0.75 seed=4 4.48s
728 done imagenet resnet50 ILSVRC2012_val_00008228 rise_grid_14 seed=2 4.22s
729 done imagenet resnet50 ILSVRC2012_val_00008228 rise_grid_10 seed=0 4.42s
730 done imagenet resnet50 ILSVRC2012_val_00008228 lime_slic_50 seed=1 2.16s
731 done imagenet resnet50 ILSVRC2012_val_00008228 rise_grid_10 seed=1 4.40s
732 done imagenet resnet50 ILSVRC2012_val_00008228 lime_mask_0.75 seed=0 2.16s
733 done imagenet resnet50 ILSVRC2012_val_00008228 lime_slic_200 seed=2 2.26s
734 done imagenet resnet50 ILSVRC2012_val_00008228 lime_slic_200 seed=0 2.26s
735 done imagenet resnet50 ILSVRC2012_val_00008228 lime_slic_300 seed=1 2.30s
736 done imagenet resnet50 ILSVRC2012_val_00008228 lime_slic_50 seed=4 2.22s
737 done imagenet resnet50 ILSVRC2012_val_00008228 rise_grid_14 seed=0 4.23s
738 done imagenet resnet50 ILSVRC2012_val_00008228 lime_mask_0.25 seed=1 2.23s
739 done imagenet resnet50 ILSVRC2012_val_00008228 rise_mask_0.75 seed=2 4.49s
740 done imagenet resnet50 ILSVRC2012_val_00008228 lime_mask_0.75 seed=3 2.23s
741 done imagenet resnet50 ILSVRC2012_val_00008228 lime_slic_200 seed=3 2.26s
742 done imagenet resnet50 ILSVRC2012_val_00008228 lime_slic_300 seed=2 2.30s
743 done imagenet resnet50 ILSVRC2012_val_00008228 lime_slic_200 seed=4 2.26s
744 done imagenet resnet50 ILSVRC2012_val_00008228 rise_grid_14 seed=1 4.23s
745 done imagenet resnet50 ILSVRC2012_val_00008228 lime_mask_0.75 seed=4 2.23s
746 done imagenet resnet50 ILSVRC2012_val_00008228 lime_slic_200 seed=1 2.25s
747 done imagenet resnet50 ILSVRC2012_val_00008228 lime_mask_0.75 seed=2 2.23s
748 done imagenet resnet50 ILSVRC2012_val_00008228 rise_grid_10 seed=4 4.42s
749 done imagenet resnet50 ILSVRC2012_val_00008228 lime_mask_0.25 seed=3 2.22s
750 done imagenet resnet50 ILSVRC2012_val_00008228 rise_mask_0.75 seed=3 4.48s
751 done imagenet resnet50 ILSVRC2012_val_00009336 lime_mask_0.25 seed=3 2.21s
752 done imagenet resnet50 ILSVRC2012_val_00009336 lime_mask_0.75 seed=1 2.21s
753 done imagenet resnet50 ILSVRC2012_val_00009336 lime_mask_0.25 seed=1 2.22s
754 done imagenet resnet50 ILSVRC2012_val_00009336 lime_mask_0.25 seed=0 2.20s
755 done imagenet resnet50 ILSVRC2012_val_00009336 rise_grid_14 seed=0 4.23s
756 done imagenet resnet50 ILSVRC2012_val_00009336 rise_mask_0.75 seed=4 4.47s
757 done imagenet resnet50 ILSVRC2012_val_00009336 lime_slic_200 seed=0 2.22s
758 done imagenet resnet50 ILSVRC2012_val_00009336 rise_grid_4 seed=4 4.86s
759 done imagenet resnet50 ILSVRC2012_val_00009336 rise_grid_10 seed=4 4.42s
760 done imagenet resnet50 ILSVRC2012_val_00009336 lime_slic_300 seed=2 2.27s
761 done imagenet resnet50 ILSVRC2012_val_00009336 lime_slic_300 seed=4 2.27s
762 done imagenet resnet50 ILSVRC2012_val_00009336 rise_mask_0.25 seed=3 4.48s
763 done imagenet resnet50 ILSVRC2012_val_00009336 lime_slic_200 seed=3 2.25s
764 done imagenet resnet50 ILSVRC2012_val_00009336 rise_grid_10 seed=0 4.42s
765 done imagenet resnet50 ILSVRC2012_val_00009336 lime_mask_0.75 seed=0 2.22s
766 done imagenet resnet50 ILSVRC2012_val_00009336 lime_slic_50 seed=3 2.25s
767 done imagenet resnet50 ILSVRC2012_val_00009336 rise_grid_10 seed=1 4.45s
768 done imagenet resnet50 ILSVRC2012_val_00009336 rise_grid_4 seed=1 4.94s
769 done imagenet resnet50 ILSVRC2012_val_00009336 rise_mask_0.25 seed=0 4.57s
770 done imagenet resnet50 ILSVRC2012_val_00009336 rise_grid_4 seed=0 4.88s
771 done imagenet resnet50 ILSVRC2012_val_00009336 rise_mask_0.25 seed=1 3.88s
772 done imagenet resnet50 ILSVRC2012_val_00009336 rise_grid_14 seed=3 4.01s
773 done imagenet resnet50 ILSVRC2012_val_00009336 rise_grid_10 seed=2 4.42s
774 done imagenet resnet50 ILSVRC2012_val_00009336 rise_mask_0.75 seed=2 4.48s
775 done imagenet resnet50 ILSVRC2012_val_00009336 rise_grid_14 seed=1 4.23s
776 done imagenet resnet50 ILSVRC2012_val_00009336 lime_slic_300 seed=0 2.30s
777 done imagenet resnet50 ILSVRC2012_val_00009336 lime_slic_200 seed=2 2.29s
778 done imagenet resnet50 ILSVRC2012_val_00009336 lime_slic_200 seed=4 2.27s
779 done imagenet resnet50 ILSVRC2012_val_00009336 rise_grid_4 seed=2 4.88s
780 done imagenet resnet50 ILSVRC2012_val_00009336 rise_grid_10 seed=3 4.42s
781 done imagenet resnet50 ILSVRC2012_val_00009336 lime_slic_50 seed=0 2.24s
782 done imagenet resnet50 ILSVRC2012_val_00009336 lime_slic_50 seed=4 2.23s
783 done imagenet resnet50 ILSVRC2012_val_00009336 lime_slic_50 seed=1 2.19s
784 done imagenet resnet50 ILSVRC2012_val_00009336 rise_grid_4 seed=3 4.86s
785 done imagenet resnet50 ILSVRC2012_val_00009336 rise_mask_0.75 seed=3 4.49s
786 done imagenet resnet50 ILSVRC2012_val_00009336 lime_mask_0.25 seed=2 2.22s
787 done imagenet resnet50 ILSVRC2012_val_00009336 lime_slic_50 seed=2 2.24s
788 done imagenet resnet50 ILSVRC2012_val_00009336 rise_mask_0.75 seed=0 4.47s
789 done imagenet resnet50 ILSVRC2012_val_00009336 rise_mask_0.25 seed=2 4.49s
790 done imagenet resnet50 ILSVRC2012_val_00009336 rise_mask_0.25 seed=4 4.49s
791 done imagenet resnet50 ILSVRC2012_val_00009336 lime_slic_300 seed=1 2.31s
792 done imagenet resnet50 ILSVRC2012_val_00009336 lime_slic_200 seed=1 2.30s
793 done imagenet resnet50 ILSVRC2012_val_00009336 rise_grid_14 seed=4 4.28s
794 done imagenet resnet50 ILSVRC2012_val_00009336 lime_mask_0.75 seed=2 2.29s
795 done imagenet resnet50 ILSVRC2012_val_00009336 lime_mask_0.25 seed=4 2.30s
796 done imagenet resnet50 ILSVRC2012_val_00009336 lime_mask_0.75 seed=3 2.30s
797 done imagenet resnet50 ILSVRC2012_val_00009336 lime_slic_300 seed=3 2.34s
798 done imagenet resnet50 ILSVRC2012_val_00009336 rise_mask_0.75 seed=1 3.46s
799 done imagenet resnet50 ILSVRC2012_val_00009336 rise_grid_14 seed=2 4.24s
800 done imagenet resnet50 ILSVRC2012_val_00009336 lime_mask_0.75 seed=4 2.21s
801 done imagenet resnet50 ILSVRC2012_val_00009781 rise_grid_10 seed=0 3.87s
802 done imagenet resnet50 ILSVRC2012_val_00009781 lime_slic_300 seed=4 2.30s
803 done imagenet resnet50 ILSVRC2012_val_00009781 lime_slic_200 seed=0 2.26s
804 done imagenet resnet50 ILSVRC2012_val_00009781 rise_grid_4 seed=1 3.66s
805 done imagenet resnet50 ILSVRC2012_val_00009781 rise_grid_10 seed=4 3.28s
806 done imagenet resnet50 ILSVRC2012_val_00009781 lime_slic_300 seed=2 2.28s
807 done imagenet resnet50 ILSVRC2012_val_00009781 lime_mask_0.75 seed=1 2.25s
808 done imagenet resnet50 ILSVRC2012_val_00009781 rise_grid_10 seed=2 4.25s
809 done imagenet resnet50 ILSVRC2012_val_00009781 rise_mask_0.75 seed=4 4.48s
810 done imagenet resnet50 ILSVRC2012_val_00009781 rise_grid_4 seed=4 4.88s
811 done imagenet resnet50 ILSVRC2012_val_00009781 rise_grid_4 seed=2 4.88s
812 done imagenet resnet50 ILSVRC2012_val_00009781 lime_mask_0.25 seed=1 2.18s
813 done imagenet resnet50 ILSVRC2012_val_00009781 rise_grid_14 seed=1 4.11s
814 done imagenet resnet50 ILSVRC2012_val_00009781 lime_slic_50 seed=2 2.23s
815 done imagenet resnet50 ILSVRC2012_val_00009781 rise_mask_0.25 seed=3 3.29s
816 done imagenet resnet50 ILSVRC2012_val_00009781 lime_mask_0.75 seed=3 2.23s
817 done imagenet resnet50 ILSVRC2012_val_00009781 rise_grid_14 seed=4 3.09s
818 done imagenet resnet50 ILSVRC2012_val_00009781 lime_mask_0.75 seed=4 2.23s
819 done imagenet resnet50 ILSVRC2012_val_00009781 rise_mask_0.25 seed=1 3.50s
820 done imagenet resnet50 ILSVRC2012_val_00009781 rise_grid_14 seed=0 3.09s
821 done imagenet resnet50 ILSVRC2012_val_00009781 lime_slic_200 seed=3 2.26s
822 done imagenet resnet50 ILSVRC2012_val_00009781 lime_slic_200 seed=2 2.26s
823 done imagenet resnet50 ILSVRC2012_val_00009781 rise_mask_0.75 seed=2 3.31s
824 done imagenet resnet50 ILSVRC2012_val_00009781 rise_grid_14 seed=2 3.09s
825 done imagenet resnet50 ILSVRC2012_val_00009781 rise_grid_4 seed=0 4.30s
826 done imagenet resnet50 ILSVRC2012_val_00009781 rise_mask_0.25 seed=2 4.48s
827 done imagenet resnet50 ILSVRC2012_val_00009781 lime_slic_50 seed=4 2.22s
828 done imagenet resnet50 ILSVRC2012_val_00009781 rise_mask_0.75 seed=0 4.48s
829 done imagenet resnet50 ILSVRC2012_val_00009781 lime_mask_0.25 seed=0 2.22s
830 done imagenet resnet50 ILSVRC2012_val_00009781 rise_mask_0.25 seed=4 4.48s
831 done imagenet resnet50 ILSVRC2012_val_00009781 lime_mask_0.25 seed=3 2.19s
832 done imagenet resnet50 ILSVRC2012_val_00009781 lime_slic_200 seed=1 2.23s
833 done imagenet resnet50 ILSVRC2012_val_00009781 lime_slic_200 seed=4 2.23s
834 done imagenet resnet50 ILSVRC2012_val_00009781 rise_mask_0.25 seed=0 4.47s
835 done imagenet resnet50 ILSVRC2012_val_00009781 lime_mask_0.75 seed=0 2.21s
836 done imagenet resnet50 ILSVRC2012_val_00009781 lime_slic_50 seed=3 2.20s
837 done imagenet resnet50 ILSVRC2012_val_00009781 lime_slic_300 seed=0 2.25s
838 done imagenet resnet50 ILSVRC2012_val_00009781 lime_mask_0.75 seed=2 2.21s
839 done imagenet resnet50 ILSVRC2012_val_00009781 lime_slic_50 seed=0 2.21s
840 done imagenet resnet50 ILSVRC2012_val_00009781 lime_mask_0.25 seed=2 2.21s
841 done imagenet resnet50 ILSVRC2012_val_00009781 rise_grid_14 seed=3 3.64s
842 done imagenet resnet50 ILSVRC2012_val_00009781 lime_slic_50 seed=1 2.21s
843 done imagenet resnet50 ILSVRC2012_val_00009781 lime_slic_300 seed=3 2.26s
844 done imagenet resnet50 ILSVRC2012_val_00009781 rise_mask_0.75 seed=1 3.29s
845 done imagenet resnet50 ILSVRC2012_val_00009781 lime_slic_300 seed=1 2.26s
846 done imagenet resnet50 ILSVRC2012_val_00009781 lime_mask_0.25 seed=4 2.21s
847 done imagenet resnet50 ILSVRC2012_val_00009781 rise_grid_10 seed=3 3.21s
848 done imagenet resnet50 ILSVRC2012_val_00009781 rise_grid_10 seed=1 3.23s
849 done imagenet resnet50 ILSVRC2012_val_00009781 rise_mask_0.75 seed=3 3.28s
850 done imagenet resnet50 ILSVRC2012_val_00009781 rise_grid_4 seed=3 3.63s
851 done imagenet resnet50 ILSVRC2012_val_00010310 rise_mask_0.75 seed=2 3.29s
852 done imagenet resnet50 ILSVRC2012_val_00010310 rise_mask_0.25 seed=1 3.30s
853 done imagenet resnet50 ILSVRC2012_val_00010310 rise_grid_14 seed=2 3.09s
854 done imagenet resnet50 ILSVRC2012_val_00010310 rise_mask_0.75 seed=0 3.29s
855 done imagenet resnet50 ILSVRC2012_val_00010310 lime_slic_50 seed=0 2.22s
856 done imagenet resnet50 ILSVRC2012_val_00010310 rise_grid_10 seed=2 3.45s
857 done imagenet resnet50 ILSVRC2012_val_00010310 rise_mask_0.25 seed=3 3.75s
858 done imagenet resnet50 ILSVRC2012_val_00010310 rise_grid_10 seed=0 3.41s
859 done imagenet resnet50 ILSVRC2012_val_00010310 lime_slic_50 seed=1 2.35s
860 done imagenet resnet50 ILSVRC2012_val_00010310 rise_grid_4 seed=0 3.88s
861 done imagenet resnet50 ILSVRC2012_val_00010310 rise_mask_0.75 seed=4 3.72s
862 done imagenet resnet50 ILSVRC2012_val_00010310 rise_mask_0.75 seed=3 3.43s
863 done imagenet resnet50 ILSVRC2012_val_00010310 lime_slic_50 seed=4 2.34s
864 done imagenet resnet50 ILSVRC2012_val_00010310 rise_mask_0.25 seed=4 3.44s
865 done imagenet resnet50 ILSVRC2012_val_00010310 rise_grid_14 seed=1 3.22s
866 done imagenet resnet50 ILSVRC2012_val_00010310 lime_mask_0.75 seed=2 2.36s
867 done imagenet resnet50 ILSVRC2012_val_00010310 lime_slic_300 seed=2 2.37s
868 done imagenet resnet50 ILSVRC2012_val_00010310 lime_slic_50 seed=3 2.31s
869 done imagenet resnet50 ILSVRC2012_val_00010310 rise_mask_0.75 seed=1 3.89s
870 done imagenet resnet50 ILSVRC2012_val_00010310 rise_grid_4 seed=3 3.74s
871 done imagenet resnet50 ILSVRC2012_val_00010310 lime_mask_0.75 seed=1 2.29s
872 done imagenet resnet50 ILSVRC2012_val_00010310 lime_mask_0.25 seed=4 2.30s
873 done imagenet resnet50 ILSVRC2012_val_00010310 rise_grid_14 seed=3 3.49s
874 done imagenet resnet50 ILSVRC2012_val_00010310 lime_slic_50 seed=2 2.31s
875 done imagenet resnet50 ILSVRC2012_val_00010310 lime_slic_200 seed=2 2.28s
876 done imagenet resnet50 ILSVRC2012_val_00010310 rise_grid_10 seed=3 4.40s
877 done imagenet resnet50 ILSVRC2012_val_00010310 lime_mask_0.25 seed=2 2.24s
878 done imagenet resnet50 ILSVRC2012_val_00010310 rise_grid_4 seed=4 4.95s
879 done imagenet resnet50 ILSVRC2012_val_00010310 lime_mask_0.25 seed=3 2.30s
880 done imagenet resnet50 ILSVRC2012_val_00010310 lime_mask_0.75 seed=4 2.16s
881 done imagenet resnet50 ILSVRC2012_val_00010310 lime_slic_200 seed=1 2.20s
882 done imagenet resnet50 ILSVRC2012_val_00010310 rise_grid_4 seed=1 4.65s
883 done imagenet resnet50 ILSVRC2012_val_00010310 lime_slic_300 seed=4 2.21s
884 done imagenet resnet50 ILSVRC2012_val_00010310 lime_mask_0.75 seed=3 2.20s
885 done imagenet resnet50 ILSVRC2012_val_00010310 lime_mask_0.25 seed=1 2.12s
886 done imagenet resnet50 ILSVRC2012_val_00010310 lime_slic_300 seed=3 2.20s
887 done imagenet resnet50 ILSVRC2012_val_00010310 lime_slic_200 seed=3 2.16s
888 done imagenet resnet50 ILSVRC2012_val_00010310 rise_grid_10 seed=1 3.32s
889 done imagenet resnet50 ILSVRC2012_val_00010310 lime_mask_0.75 seed=0 2.29s
890 done imagenet resnet50 ILSVRC2012_val_00010310 lime_slic_300 seed=0 2.24s
891 done imagenet resnet50 ILSVRC2012_val_00010310 lime_slic_300 seed=1 2.22s
892 done imagenet resnet50 ILSVRC2012_val_00010310 rise_mask_0.25 seed=2 3.48s
893 done imagenet resnet50 ILSVRC2012_val_00010310 lime_slic_200 seed=4 2.30s
894 done imagenet resnet50 ILSVRC2012_val_00010310 lime_slic_200 seed=0 2.31s
895 done imagenet resnet50 ILSVRC2012_val_00010310 rise_mask_0.25 seed=0 3.31s
896 done imagenet resnet50 ILSVRC2012_val_00010310 rise_grid_14 seed=0 3.11s
897 done imagenet resnet50 ILSVRC2012_val_00010310 rise_grid_10 seed=4 3.27s
898 done imagenet resnet50 ILSVRC2012_val_00010310 rise_grid_4 seed=2 3.65s
899 done imagenet resnet50 ILSVRC2012_val_00010310 lime_mask_0.25 seed=0 2.26s
900 done imagenet resnet50 ILSVRC2012_val_00010310 rise_grid_14 seed=4 3.11s
901 done imagenet resnet50 ILSVRC2012_val_00011535 lime_slic_200 seed=3 2.29s
902 done imagenet resnet50 ILSVRC2012_val_00011535 lime_slic_300 seed=0 2.31s
903 done imagenet resnet50 ILSVRC2012_val_00011535 lime_slic_200 seed=1 2.29s
904 done imagenet resnet50 ILSVRC2012_val_00011535 rise_grid_14 seed=4 3.09s
905 done imagenet resnet50 ILSVRC2012_val_00011535 lime_slic_50 seed=2 2.25s
906 done imagenet resnet50 ILSVRC2012_val_00011535 lime_slic_300 seed=2 2.32s
907 done imagenet resnet50 ILSVRC2012_val_00011535 lime_slic_300 seed=1 2.31s
908 done imagenet resnet50 ILSVRC2012_val_00011535 rise_mask_0.75 seed=3 3.30s
909 done imagenet resnet50 ILSVRC2012_val_00011535 rise_grid_14 seed=1 3.11s
910 done imagenet resnet50 ILSVRC2012_val_00011535 rise_mask_0.25 seed=2 3.31s
911 done imagenet resnet50 ILSVRC2012_val_00011535 rise_grid_10 seed=3 3.27s
912 done imagenet resnet50 ILSVRC2012_val_00011535 lime_mask_0.25 seed=1 2.25s
913 done imagenet resnet50 ILSVRC2012_val_00011535 rise_grid_4 seed=0 3.66s
914 done imagenet resnet50 ILSVRC2012_val_00011535 rise_grid_10 seed=0 3.26s
915 done imagenet resnet50 ILSVRC2012_val_00011535 rise_mask_0.75 seed=1 3.85s
916 done imagenet resnet50 ILSVRC2012_val_00011535 rise_grid_4 seed=1 3.80s
917 done imagenet resnet50 ILSVRC2012_val_00011535 lime_slic_50 seed=1 2.31s
918 done imagenet resnet50 ILSVRC2012_val_00011535 lime_mask_0.75 seed=3 2.32s
919 done imagenet resnet50 ILSVRC2012_val_00011535 lime_mask_0.75 seed=4 2.26s
920 done imagenet resnet50 ILSVRC2012_val_00011535 lime_mask_0.25 seed=0 2.23s
921 done imagenet resnet50 ILSVRC2012_val_00011535 rise_grid_10 seed=1 4.43s
922 done imagenet resnet50 ILSVRC2012_val_00011535 rise_grid_10 seed=2 4.44s
923 done imagenet resnet50 ILSVRC2012_val_00011535 rise_mask_0.25 seed=3 4.49s
924 done imagenet resnet50 ILSVRC2012_val_00011535 rise_grid_14 seed=3 4.23s
925 done imagenet resnet50 ILSVRC2012_val_00011535 rise_grid_4 seed=4 4.89s
926 done imagenet resnet50 ILSVRC2012_val_00011535 lime_mask_0.75 seed=1 2.24s
927 done imagenet resnet50 ILSVRC2012_val_00011535 lime_slic_200 seed=4 2.26s
928 done imagenet resnet50 ILSVRC2012_val_00011535 lime_slic_300 seed=3 2.25s
929 done imagenet resnet50 ILSVRC2012_val_00011535 lime_slic_50 seed=4 2.19s
930 done imagenet resnet50 ILSVRC2012_val_00011535 rise_mask_0.25 seed=1 4.47s
931 done imagenet resnet50 ILSVRC2012_val_00011535 rise_grid_10 seed=4 4.42s
932 done imagenet resnet50 ILSVRC2012_val_00011535 rise_mask_0.75 seed=2 4.48s
933 done imagenet resnet50 ILSVRC2012_val_00011535 lime_mask_0.75 seed=2 2.28s
934 done imagenet resnet50 ILSVRC2012_val_00011535 lime_slic_300 seed=4 2.33s
935 done imagenet resnet50 ILSVRC2012_val_00011535 rise_mask_0.75 seed=0 3.35s
936 done imagenet resnet50 ILSVRC2012_val_00011535 rise_mask_0.25 seed=4 3.33s
937 done imagenet resnet50 ILSVRC2012_val_00011535 rise_grid_14 seed=0 3.11s
938 done imagenet resnet50 ILSVRC2012_val_00011535 lime_mask_0.25 seed=4 2.26s
939 done imagenet resnet50 ILSVRC2012_val_00011535 lime_slic_200 seed=0 2.28s
940 done imagenet resnet50 ILSVRC2012_val_00011535 rise_mask_0.75 seed=4 3.31s
941 done imagenet resnet50 ILSVRC2012_val_00011535 rise_grid_4 seed=2 3.66s
942 done imagenet resnet50 ILSVRC2012_val_00011535 rise_mask_0.25 seed=0 3.31s
943 done imagenet resnet50 ILSVRC2012_val_00011535 lime_slic_50 seed=0 2.25s
944 done imagenet resnet50 ILSVRC2012_val_00011535 lime_slic_200 seed=2 2.30s
945 done imagenet resnet50 ILSVRC2012_val_00011535 lime_mask_0.25 seed=2 2.25s
946 done imagenet resnet50 ILSVRC2012_val_00011535 rise_grid_4 seed=3 3.66s
947 done imagenet resnet50 ILSVRC2012_val_00011535 lime_slic_50 seed=3 2.23s
948 done imagenet resnet50 ILSVRC2012_val_00011535 lime_mask_0.75 seed=0 2.23s
949 done imagenet resnet50 ILSVRC2012_val_00011535 rise_grid_14 seed=2 3.07s
950 done imagenet resnet50 ILSVRC2012_val_00011535 lime_mask_0.25 seed=3 2.18s
951 done imagenet resnet50 ILSVRC2012_val_00012331 rise_grid_4 seed=2 3.66s
952 done imagenet resnet50 ILSVRC2012_val_00012331 lime_slic_200 seed=3 2.26s
953 done imagenet resnet50 ILSVRC2012_val_00012331 lime_slic_50 seed=2 2.20s
954 done imagenet resnet50 ILSVRC2012_val_00012331 lime_slic_300 seed=2 2.23s
955 done imagenet resnet50 ILSVRC2012_val_00012331 lime_mask_0.25 seed=4 2.19s
956 done imagenet resnet50 ILSVRC2012_val_00012331 rise_grid_14 seed=0 3.09s
957 done imagenet resnet50 ILSVRC2012_val_00012331 lime_slic_300 seed=3 2.25s
958 done imagenet resnet50 ILSVRC2012_val_00012331 lime_slic_200 seed=4 2.23s
959 done imagenet resnet50 ILSVRC2012_val_00012331 rise_mask_0.75 seed=1 3.31s
960 done imagenet resnet50 ILSVRC2012_val_00012331 rise_mask_0.75 seed=4 3.30s
961 done imagenet resnet50 ILSVRC2012_val_00012331 lime_mask_0.75 seed=1 2.20s
962 done imagenet resnet50 ILSVRC2012_val_00012331 lime_mask_0.25 seed=0 2.19s
963 done imagenet resnet50 ILSVRC2012_val_00012331 lime_slic_200 seed=1 2.24s
964 done imagenet resnet50 ILSVRC2012_val_00012331 rise_grid_4 seed=3 3.65s
965 done imagenet resnet50 ILSVRC2012_val_00012331 rise_grid_14 seed=2 3.10s
966 done imagenet resnet50 ILSVRC2012_val_00012331 rise_mask_0.75 seed=0 3.31s
967 done imagenet resnet50 ILSVRC2012_val_00012331 rise_mask_0.25 seed=0 3.94s
968 done imagenet resnet50 ILSVRC2012_val_00012331 lime_slic_50 seed=1 2.28s
969 done imagenet resnet50 ILSVRC2012_val_00012331 rise_mask_0.25 seed=2 3.34s
970 done imagenet resnet50 ILSVRC2012_val_00012331 lime_slic_50 seed=0 2.27s
971 done imagenet resnet50 ILSVRC2012_val_00012331 rise_grid_10 seed=4 3.28s
972 done imagenet resnet50 ILSVRC2012_val_00012331 rise_mask_0.25 seed=3 3.33s
973 done imagenet resnet50 ILSVRC2012_val_00012331 lime_slic_300 seed=1 2.34s
974 done imagenet resnet50 ILSVRC2012_val_00012331 rise_grid_14 seed=3 3.11s
975 done imagenet resnet50 ILSVRC2012_val_00012331 rise_grid_4 seed=4 3.70s
976 done imagenet resnet50 ILSVRC2012_val_00012331 rise_mask_0.25 seed=1 3.58s
977 done imagenet resnet50 ILSVRC2012_val_00012331 rise_grid_14 seed=4 3.14s
978 done imagenet resnet50 ILSVRC2012_val_00012331 rise_grid_4 seed=1 3.71s
979 done imagenet resnet50 ILSVRC2012_val_00012331 rise_mask_0.25 seed=4 3.35s
980 done imagenet resnet50 ILSVRC2012_val_00012331 lime_mask_0.75 seed=0 2.21s
981 done imagenet resnet50 ILSVRC2012_val_00012331 rise_grid_10 seed=2 3.28s
982 done imagenet resnet50 ILSVRC2012_val_00012331 rise_grid_10 seed=1 3.29s
983 done imagenet resnet50 ILSVRC2012_val_00012331 lime_mask_0.25 seed=1 2.22s
984 done imagenet resnet50 ILSVRC2012_val_00012331 rise_mask_0.75 seed=2 3.31s
985 done imagenet resnet50 ILSVRC2012_val_00012331 lime_mask_0.75 seed=4 2.21s
986 done imagenet resnet50 ILSVRC2012_val_00012331 lime_mask_0.75 seed=2 2.21s
987 done imagenet resnet50 ILSVRC2012_val_00012331 lime_slic_50 seed=4 2.21s
988 done imagenet resnet50 ILSVRC2012_val_00012331 rise_grid_10 seed=0 3.26s
989 done imagenet resnet50 ILSVRC2012_val_00012331 lime_mask_0.75 seed=3 2.23s
990 done imagenet resnet50 ILSVRC2012_val_00012331 lime_slic_200 seed=2 2.26s
991 done imagenet resnet50 ILSVRC2012_val_00012331 lime_mask_0.25 seed=2 2.23s
992 done imagenet resnet50 ILSVRC2012_val_00012331 lime_slic_300 seed=4 2.27s
993 done imagenet resnet50 ILSVRC2012_val_00012331 rise_mask_0.75 seed=3 3.31s
994 done imagenet resnet50 ILSVRC2012_val_00012331 rise_grid_4 seed=0 3.64s
995 done imagenet resnet50 ILSVRC2012_val_00012331 rise_grid_10 seed=3 3.26s
996 done imagenet resnet50 ILSVRC2012_val_00012331 rise_grid_14 seed=1 3.76s
997 done imagenet resnet50 ILSVRC2012_val_00012331 lime_slic_50 seed=3 2.23s
998 done imagenet resnet50 ILSVRC2012_val_00012331 lime_mask_0.25 seed=3 2.21s
999 done imagenet resnet50 ILSVRC2012_val_00012331 lime_slic_200 seed=0 2.27s
1000 done imagenet resnet50 ILSVRC2012_val_00012331 lime_slic_300 seed=0 2.25s
1001 done imagenet resnet50 ILSVRC2012_val_00013600 lime_mask_0.25 seed=4 2.16s
1002 done imagenet resnet50 ILSVRC2012_val_00013600 rise_mask_0.75 seed=3 3.30s
1003 done imagenet resnet50 ILSVRC2012_val_00013600 rise_grid_4 seed=0 3.66s
1004 done imagenet resnet50 ILSVRC2012_val_00013600 rise_mask_0.75 seed=0 4.11s
1005 done imagenet resnet50 ILSVRC2012_val_00013600 rise_grid_14 seed=3 4.23s
1006 done imagenet resnet50 ILSVRC2012_val_00013600 lime_mask_0.75 seed=2 2.18s
1007 done imagenet resnet50 ILSVRC2012_val_00013600 rise_grid_10 seed=1 4.42s
1008 done imagenet resnet50 ILSVRC2012_val_00013600 rise_mask_0.75 seed=4 3.43s
1009 done imagenet resnet50 ILSVRC2012_val_00013600 rise_grid_4 seed=1 3.71s
1010 done imagenet resnet50 ILSVRC2012_val_00013600 lime_mask_0.25 seed=2 2.17s
1011 done imagenet resnet50 ILSVRC2012_val_00013600 lime_slic_300 seed=1 2.25s
1012 done imagenet resnet50 ILSVRC2012_val_00013600 lime_slic_50 seed=1 2.24s
1013 done imagenet resnet50 ILSVRC2012_val_00013600 lime_slic_200 seed=3 2.31s
1014 done imagenet resnet50 ILSVRC2012_val_00013600 lime_mask_0.75 seed=3 2.22s
1015 done imagenet resnet50 ILSVRC2012_val_00013600 rise_grid_14 seed=0 3.33s
1016 done imagenet resnet50 ILSVRC2012_val_00013600 rise_grid_4 seed=2 3.66s
1017 done imagenet resnet50 ILSVRC2012_val_00013600 rise_mask_0.25 seed=1 3.33s
1018 done imagenet resnet50 ILSVRC2012_val_00013600 rise_grid_10 seed=4 3.25s
1019 done imagenet resnet50 ILSVRC2012_val_00013600 lime_slic_300 seed=3 2.32s
1020 done imagenet resnet50 ILSVRC2012_val_00013600 rise_mask_0.25 seed=0 4.50s
1021 done imagenet resnet50 ILSVRC2012_val_00013600 rise_grid_10 seed=0 4.44s
1022 done imagenet resnet50 ILSVRC2012_val_00013600 lime_slic_50 seed=2 2.27s
1023 done imagenet resnet50 ILSVRC2012_val_00013600 lime_mask_0.75 seed=4 2.29s
1024 done imagenet resnet50 ILSVRC2012_val_00013600 rise_grid_14 seed=4 4.25s
1025 done imagenet resnet50 ILSVRC2012_val_00013600 lime_slic_300 seed=4 2.35s
1026 done imagenet resnet50 ILSVRC2012_val_00013600 lime_slic_50 seed=4 2.27s
1027 done imagenet resnet50 ILSVRC2012_val_00013600 rise_mask_0.25 seed=3 4.50s
1028 done imagenet resnet50 ILSVRC2012_val_00013600 lime_slic_50 seed=0 2.27s
1029 done imagenet resnet50 ILSVRC2012_val_00013600 lime_mask_0.25 seed=0 2.27s
1030 done imagenet resnet50 ILSVRC2012_val_00013600 rise_grid_4 seed=3 4.90s
1031 done imagenet resnet50 ILSVRC2012_val_00013600 rise_mask_0.25 seed=4 4.50s
1032 done imagenet resnet50 ILSVRC2012_val_00013600 rise_grid_10 seed=2 4.07s
1033 done imagenet resnet50 ILSVRC2012_val_00013600 lime_mask_0.25 seed=3 2.23s
1034 done imagenet resnet50 ILSVRC2012_val_00013600 lime_slic_200 seed=1 2.27s
1035 done imagenet resnet50 ILSVRC2012_val_00013600 rise_grid_14 seed=1 4.24s
1036 done imagenet resnet50 ILSVRC2012_val_00013600 rise_grid_4 seed=4 4.88s
1037 done imagenet resnet50 ILSVRC2012_val_00013600 rise_mask_0.75 seed=1 4.03s
1038 done imagenet resnet50 ILSVRC2012_val_00013600 lime_slic_200 seed=0 2.30s
1039 done imagenet resnet50 ILSVRC2012_val_00013600 lime_mask_0.75 seed=0 2.28s
1040 done imagenet resnet50 ILSVRC2012_val_00013600 lime_slic_300 seed=2 2.35s
1041 done imagenet resnet50 ILSVRC2012_val_00013600 lime_slic_300 seed=0 2.35s
1042 done imagenet resnet50 ILSVRC2012_val_00013600 rise_mask_0.25 seed=2 4.39s
1043 done imagenet resnet50 ILSVRC2012_val_00013600 rise_grid_14 seed=2 4.25s
1044 done imagenet resnet50 ILSVRC2012_val_00013600 lime_mask_0.25 seed=1 2.28s
1045 done imagenet resnet50 ILSVRC2012_val_00013600 lime_slic_50 seed=3 2.27s
1046 done imagenet resnet50 ILSVRC2012_val_00013600 lime_mask_0.75 seed=1 2.26s
1047 done imagenet resnet50 ILSVRC2012_val_00013600 lime_slic_200 seed=2 2.33s
1048 done imagenet resnet50 ILSVRC2012_val_00013600 rise_grid_10 seed=3 4.43s
1049 done imagenet resnet50 ILSVRC2012_val_00013600 lime_slic_200 seed=4 2.32s
1050 done imagenet resnet50 ILSVRC2012_val_00013600 rise_mask_0.75 seed=2 3.51s
1051 done imagenet resnet50 ILSVRC2012_val_00014108 lime_slic_200 seed=0 2.32s
1052 done imagenet resnet50 ILSVRC2012_val_00014108 rise_mask_0.25 seed=4 3.34s
1053 done imagenet resnet50 ILSVRC2012_val_00014108 rise_grid_4 seed=2 3.66s
1054 done imagenet resnet50 ILSVRC2012_val_00014108 rise_grid_4 seed=4 3.68s
1055 done imagenet resnet50 ILSVRC2012_val_00014108 rise_grid_4 seed=0 3.68s
1056 done imagenet resnet50 ILSVRC2012_val_00014108 rise_mask_0.75 seed=4 3.33s
1057 done imagenet resnet50 ILSVRC2012_val_00014108 lime_slic_300 seed=1 2.34s
1058 done imagenet resnet50 ILSVRC2012_val_00014108 rise_grid_10 seed=1 3.27s
1059 done imagenet resnet50 ILSVRC2012_val_00014108 lime_mask_0.25 seed=4 2.27s
1060 done imagenet resnet50 ILSVRC2012_val_00014108 lime_mask_0.75 seed=1 2.27s
1061 done imagenet resnet50 ILSVRC2012_val_00014108 rise_mask_0.75 seed=3 3.32s
1062 done imagenet resnet50 ILSVRC2012_val_00014108 lime_mask_0.25 seed=3 2.26s
1063 done imagenet resnet50 ILSVRC2012_val_00014108 lime_mask_0.25 seed=1 2.26s
1064 done imagenet resnet50 ILSVRC2012_val_00014108 rise_grid_14 seed=2 3.11s
1065 done imagenet resnet50 ILSVRC2012_val_00014108 rise_grid_14 seed=4 3.12s
1066 done imagenet resnet50 ILSVRC2012_val_00014108 rise_grid_4 seed=3 3.94s
1067 done imagenet resnet50 ILSVRC2012_val_00014108 rise_mask_0.25 seed=0 3.87s
1068 done imagenet resnet50 ILSVRC2012_val_00014108 lime_slic_200 seed=2 2.32s
1069 done imagenet resnet50 ILSVRC2012_val_00014108 rise_mask_0.75 seed=0 3.54s
1070 done imagenet resnet50 ILSVRC2012_val_00014108 lime_slic_50 seed=0 2.22s
1071 done imagenet resnet50 ILSVRC2012_val_00014108 lime_mask_0.25 seed=2 2.19s
1072 done imagenet resnet50 ILSVRC2012_val_00014108 lime_mask_0.75 seed=0 2.20s
1073 done imagenet resnet50 ILSVRC2012_val_00014108 lime_slic_200 seed=4 2.25s
1074 done imagenet resnet50 ILSVRC2012_val_00014108 rise_grid_10 seed=3 3.28s
1075 done imagenet resnet50 ILSVRC2012_val_00014108 lime_slic_50 seed=3 2.24s
1076 done imagenet resnet50 ILSVRC2012_val_00014108 rise_grid_10 seed=4 3.28s
1077 done imagenet resnet50 ILSVRC2012_val_00014108 rise_grid_10 seed=2 3.26s
1078 done imagenet resnet50 ILSVRC2012_val_00014108 lime_slic_200 seed=3 2.23s
1079 done imagenet resnet50 ILSVRC2012_val_00014108 rise_mask_0.75 seed=1 3.96s
1080 done imagenet resnet50 ILSVRC2012_val_00014108 rise_mask_0.75 seed=2 3.32s
1081 done imagenet resnet50 ILSVRC2012_val_00014108 lime_slic_300 seed=0 2.34s
1082 done imagenet resnet50 ILSVRC2012_val_00014108 lime_slic_50 seed=2 2.20s
1083 done imagenet resnet50 ILSVRC2012_val_00014108 lime_slic_200 seed=1 2.22s
1084 done imagenet resnet50 ILSVRC2012_val_00014108 lime_slic_300 seed=4 2.26s
1085 done imagenet resnet50 ILSVRC2012_val_00014108 rise_grid_4 seed=1 3.64s
1086 done imagenet resnet50 ILSVRC2012_val_00014108 rise_grid_14 seed=3 3.09s
1087 done imagenet resnet50 ILSVRC2012_val_00014108 lime_mask_0.75 seed=3 2.18s
1088 done imagenet resnet50 ILSVRC2012_val_00014108 rise_mask_0.25 seed=2 3.29s
1089 done imagenet resnet50 ILSVRC2012_val_00014108 lime_slic_50 seed=1 2.24s
1090 done imagenet resnet50 ILSVRC2012_val_00014108 lime_slic_50 seed=4 2.25s
1091 done imagenet resnet50 ILSVRC2012_val_00014108 rise_grid_14 seed=0 3.12s
1092 done imagenet resnet50 ILSVRC2012_val_00014108 rise_grid_14 seed=1 3.14s
1093 done imagenet resnet50 ILSVRC2012_val_00014108 lime_mask_0.25 seed=0 2.21s
1094 done imagenet resnet50 ILSVRC2012_val_00014108 lime_slic_300 seed=2 2.28s
1095 done imagenet resnet50 ILSVRC2012_val_00014108 rise_mask_0.25 seed=3 3.34s
1096 done imagenet resnet50 ILSVRC2012_val_00014108 lime_mask_0.75 seed=4 2.21s
1097 done imagenet resnet50 ILSVRC2012_val_00014108 rise_mask_0.25 seed=1 3.30s
1098 done imagenet resnet50 ILSVRC2012_val_00014108 rise_grid_10 seed=0 3.27s
1099 done imagenet resnet50 ILSVRC2012_val_00014108 lime_slic_300 seed=3 2.29s
1100 done imagenet resnet50 ILSVRC2012_val_00014108 lime_mask_0.75 seed=2 2.23s
1101 done imagenet resnet50 ILSVRC2012_val_00014806 lime_mask_0.25 seed=1 2.19s
1102 done imagenet resnet50 ILSVRC2012_val_00014806 rise_grid_14 seed=2 3.11s
1103 done imagenet resnet50 ILSVRC2012_val_00014806 rise_mask_0.25 seed=4 3.31s
1104 done imagenet resnet50 ILSVRC2012_val_00014806 lime_mask_0.75 seed=1 2.21s
1105 done imagenet resnet50 ILSVRC2012_val_00014806 rise_mask_0.25 seed=0 3.30s
1106 done imagenet resnet50 ILSVRC2012_val_00014806 lime_slic_200 seed=0 2.24s
1107 done imagenet resnet50 ILSVRC2012_val_00014806 rise_mask_0.75 seed=3 3.34s
1108 done imagenet resnet50 ILSVRC2012_val_00014806 lime_mask_0.25 seed=2 2.20s
1109 done imagenet resnet50 ILSVRC2012_val_00014806 rise_mask_0.75 seed=1 3.96s
1110 done imagenet resnet50 ILSVRC2012_val_00014806 rise_mask_0.25 seed=3 3.38s
1111 done imagenet resnet50 ILSVRC2012_val_00014806 rise_grid_10 seed=3 3.25s
1112 done imagenet resnet50 ILSVRC2012_val_00014806 rise_grid_10 seed=4 3.30s
1113 done imagenet resnet50 ILSVRC2012_val_00014806 lime_slic_50 seed=3 2.25s
1114 done imagenet resnet50 ILSVRC2012_val_00014806 lime_slic_200 seed=1 2.30s
1115 done imagenet resnet50 ILSVRC2012_val_00014806 lime_slic_300 seed=2 2.31s
1116 done imagenet resnet50 ILSVRC2012_val_00014806 lime_slic_300 seed=0 2.35s
1117 done imagenet resnet50 ILSVRC2012_val_00014806 rise_grid_4 seed=2 3.68s
1118 done imagenet resnet50 ILSVRC2012_val_00014806 lime_mask_0.75 seed=0 2.22s
1119 done imagenet resnet50 ILSVRC2012_val_00014806 lime_mask_0.25 seed=0 2.21s
1120 done imagenet resnet50 ILSVRC2012_val_00014806 rise_grid_10 seed=2 3.25s
1121 done imagenet resnet50 ILSVRC2012_val_00014806 lime_slic_200 seed=3 2.25s
1122 done imagenet resnet50 ILSVRC2012_val_00014806 rise_grid_4 seed=0 3.65s
1123 done imagenet resnet50 ILSVRC2012_val_00014806 rise_mask_0.25 seed=1 3.30s
1124 done imagenet resnet50 ILSVRC2012_val_00014806 rise_grid_14 seed=3 3.10s
1125 done imagenet resnet50 ILSVRC2012_val_00014806 rise_grid_4 seed=3 4.22s
1126 done imagenet resnet50 ILSVRC2012_val_00014806 lime_slic_50 seed=2 2.24s
1127 done imagenet resnet50 ILSVRC2012_val_00014806 lime_mask_0.75 seed=3 2.24s
1128 done imagenet resnet50 ILSVRC2012_val_00014806 rise_grid_14 seed=1 3.64s
1129 done imagenet resnet50 ILSVRC2012_val_00014806 lime_slic_50 seed=0 2.27s
1130 done imagenet resnet50 ILSVRC2012_val_00014806 lime_mask_0.75 seed=2 2.27s
1131 done imagenet resnet50 ILSVRC2012_val_00014806 lime_slic_300 seed=4 2.29s
1132 done imagenet resnet50 ILSVRC2012_val_00014806 lime_mask_0.25 seed=4 2.26s
1133 done imagenet resnet50 ILSVRC2012_val_00014806 lime_slic_200 seed=2 2.31s
1134 done imagenet resnet50 ILSVRC2012_val_00014806 rise_mask_0.75 seed=0 3.49s
1135 done imagenet resnet50 ILSVRC2012_val_00014806 lime_slic_200 seed=4 2.27s
1136 done imagenet resnet50 ILSVRC2012_val_00014806 rise_grid_4 seed=4 3.96s
1137 done imagenet resnet50 ILSVRC2012_val_00014806 lime_mask_0.75 seed=4 2.22s
1138 done imagenet resnet50 ILSVRC2012_val_00014806 rise_grid_10 seed=0 3.27s
1139 done imagenet resnet50 ILSVRC2012_val_00014806 lime_slic_300 seed=3 2.29s
1140 done imagenet resnet50 ILSVRC2012_val_00014806 rise_mask_0.75 seed=2 3.31s
1141 done imagenet resnet50 ILSVRC2012_val_00014806 lime_slic_50 seed=4 2.22s
1142 done imagenet resnet50 ILSVRC2012_val_00014806 lime_slic_50 seed=1 2.24s
1143 done imagenet resnet50 ILSVRC2012_val_00014806 rise_mask_0.75 seed=4 3.71s
1144 done imagenet resnet50 ILSVRC2012_val_00014806 lime_mask_0.25 seed=3 2.22s
1145 done imagenet resnet50 ILSVRC2012_val_00014806 lime_slic_300 seed=1 2.27s
1146 done imagenet resnet50 ILSVRC2012_val_00014806 rise_mask_0.25 seed=2 3.30s
1147 done imagenet resnet50 ILSVRC2012_val_00014806 rise_grid_14 seed=0 3.11s
1148 done imagenet resnet50 ILSVRC2012_val_00014806 rise_grid_4 seed=1 3.67s
1149 done imagenet resnet50 ILSVRC2012_val_00014806 rise_grid_10 seed=1 3.25s
1150 done imagenet resnet50 ILSVRC2012_val_00014806 rise_grid_14 seed=4 3.10s
1151 done imagenet resnet50 ILSVRC2012_val_00015124 rise_grid_14 seed=0 3.13s
1152 done imagenet resnet50 ILSVRC2012_val_00015124 lime_slic_300 seed=0 2.31s
1153 done imagenet resnet50 ILSVRC2012_val_00015124 rise_grid_10 seed=1 3.25s
1154 done imagenet resnet50 ILSVRC2012_val_00015124 lime_mask_0.25 seed=2 2.23s
1155 done imagenet resnet50 ILSVRC2012_val_00015124 rise_mask_0.25 seed=1 3.33s
1156 done imagenet resnet50 ILSVRC2012_val_00015124 lime_slic_200 seed=3 2.28s
1157 done imagenet resnet50 ILSVRC2012_val_00015124 rise_grid_4 seed=3 3.83s
1158 done imagenet resnet50 ILSVRC2012_val_00015124 rise_grid_14 seed=1 3.11s
1159 done imagenet resnet50 ILSVRC2012_val_00015124 rise_mask_0.75 seed=1 3.98s
1160 done imagenet resnet50 ILSVRC2012_val_00015124 rise_mask_0.75 seed=2 4.49s
1161 done imagenet resnet50 ILSVRC2012_val_00015124 rise_grid_10 seed=2 4.43s
1162 done imagenet resnet50 ILSVRC2012_val_00015124 lime_mask_0.25 seed=3 2.24s
1163 done imagenet resnet50 ILSVRC2012_val_00015124 rise_mask_0.75 seed=4 4.49s
1164 done imagenet resnet50 ILSVRC2012_val_00015124 rise_grid_4 seed=0 4.90s
1165 done imagenet resnet50 ILSVRC2012_val_00015124 lime_slic_200 seed=1 2.31s
1166 done imagenet resnet50 ILSVRC2012_val_00015124 rise_mask_0.75 seed=3 4.54s
1167 done imagenet resnet50 ILSVRC2012_val_00015124 lime_slic_50 seed=1 2.25s
1168 done imagenet resnet50 ILSVRC2012_val_00015124 lime_mask_0.75 seed=4 2.28s
1169 done imagenet resnet50 ILSVRC2012_val_00015124 lime_mask_0.75 seed=2 2.27s
1170 done imagenet resnet50 ILSVRC2012_val_00015124 lime_slic_50 seed=3 2.26s
1171 done imagenet resnet50 ILSVRC2012_val_00015124 lime_slic_50 seed=4 2.26s
1172 done imagenet resnet50 ILSVRC2012_val_00015124 lime_slic_200 seed=2 2.30s
1173 done imagenet resnet50 ILSVRC2012_val_00015124 rise_grid_4 seed=4 4.88s
1174 done imagenet resnet50 ILSVRC2012_val_00015124 lime_mask_0.75 seed=1 2.27s
1175 done imagenet resnet50 ILSVRC2012_val_00015124 rise_grid_10 seed=4 4.43s
1176 done imagenet resnet50 ILSVRC2012_val_00015124 lime_mask_0.75 seed=3 2.28s
1177 done imagenet resnet50 ILSVRC2012_val_00015124 rise_grid_14 seed=4 4.24s
1178 done imagenet resnet50 ILSVRC2012_val_00015124 lime_slic_200 seed=0 2.31s
1179 done imagenet resnet50 ILSVRC2012_val_00015124 lime_slic_50 seed=0 2.25s
1180 done imagenet resnet50 ILSVRC2012_val_00015124 rise_grid_14 seed=3 4.24s
1181 done imagenet resnet50 ILSVRC2012_val_00015124 lime_slic_50 seed=2 2.24s
1182 done imagenet resnet50 ILSVRC2012_val_00015124 lime_mask_0.25 seed=4 2.25s
1183 done imagenet resnet50 ILSVRC2012_val_00015124 rise_mask_0.25 seed=3 4.49s
1184 done imagenet resnet50 ILSVRC2012_val_00015124 lime_mask_0.75 seed=0 2.27s
1185 done imagenet resnet50 ILSVRC2012_val_00015124 rise_mask_0.75 seed=0 4.49s
1186 done imagenet resnet50 ILSVRC2012_val_00015124 rise_mask_0.25 seed=2 4.49s
1187 done imagenet resnet50 ILSVRC2012_val_00015124 lime_mask_0.25 seed=1 2.28s
1188 done imagenet resnet50 ILSVRC2012_val_00015124 rise_grid_14 seed=2 4.26s
1189 done imagenet resnet50 ILSVRC2012_val_00015124 rise_grid_4 seed=1 4.88s
1190 done imagenet resnet50 ILSVRC2012_val_00015124 rise_grid_4 seed=2 4.87s
1191 done imagenet resnet50 ILSVRC2012_val_00015124 lime_slic_300 seed=4 2.28s
1192 done imagenet resnet50 ILSVRC2012_val_00015124 rise_grid_10 seed=0 4.42s
1193 done imagenet resnet50 ILSVRC2012_val_00015124 lime_slic_300 seed=3 2.29s
1194 done imagenet resnet50 ILSVRC2012_val_00015124 rise_grid_10 seed=3 4.43s
1195 done imagenet resnet50 ILSVRC2012_val_00015124 lime_slic_300 seed=1 2.29s
1196 done imagenet resnet50 ILSVRC2012_val_00015124 rise_mask_0.25 seed=4 3.64s
1197 done imagenet resnet50 ILSVRC2012_val_00015124 lime_mask_0.25 seed=0 2.31s
1198 done imagenet resnet50 ILSVRC2012_val_00015124 lime_slic_200 seed=4 2.35s
1199 done imagenet resnet50 ILSVRC2012_val_00015124 rise_mask_0.25 seed=0 3.56s
1200 done imagenet resnet50 ILSVRC2012_val_00015124 lime_slic_300 seed=2 2.39s
1201 done imagenet resnet50 ILSVRC2012_val_00015975 lime_slic_50 seed=2 2.26s
1202 done imagenet resnet50 ILSVRC2012_val_00015975 lime_slic_300 seed=3 2.31s
1203 done imagenet resnet50 ILSVRC2012_val_00015975 rise_mask_0.25 seed=1 4.49s
1204 done imagenet resnet50 ILSVRC2012_val_00015975 rise_grid_4 seed=1 4.95s
1205 done imagenet resnet50 ILSVRC2012_val_00015975 lime_slic_50 seed=0 2.29s
1206 done imagenet resnet50 ILSVRC2012_val_00015975 rise_grid_10 seed=3 3.33s
1207 done imagenet resnet50 ILSVRC2012_val_00015975 rise_mask_0.75 seed=0 3.32s
1208 done imagenet resnet50 ILSVRC2012_val_00015975 rise_mask_0.25 seed=3 3.32s
1209 done imagenet resnet50 ILSVRC2012_val_00015975 rise_mask_0.25 seed=4 3.33s
1210 done imagenet resnet50 ILSVRC2012_val_00015975 rise_grid_14 seed=2 3.11s
1211 done imagenet resnet50 ILSVRC2012_val_00015975 lime_slic_50 seed=4 2.27s
1212 done imagenet resnet50 ILSVRC2012_val_00015975 rise_grid_4 seed=4 3.64s
1213 done imagenet resnet50 ILSVRC2012_val_00015975 rise_grid_10 seed=2 3.27s
1214 done imagenet resnet50 ILSVRC2012_val_00015975 lime_mask_0.25 seed=2 2.24s
1215 done imagenet resnet50 ILSVRC2012_val_00015975 rise_grid_10 seed=4 3.51s
1216 done imagenet resnet50 ILSVRC2012_val_00015975 lime_mask_0.75 seed=2 2.22s
1217 done imagenet resnet50 ILSVRC2012_val_00015975 rise_mask_0.75 seed=1 3.36s
1218 done imagenet resnet50 ILSVRC2012_val_00015975 lime_slic_300 seed=0 2.35s
1219 done imagenet resnet50 ILSVRC2012_val_00015975 lime_slic_200 seed=1 2.29s
1220 done imagenet resnet50 ILSVRC2012_val_00015975 lime_mask_0.25 seed=1 2.25s
1221 done imagenet resnet50 ILSVRC2012_val_00015975 rise_grid_14 seed=1 3.17s
1222 done imagenet resnet50 ILSVRC2012_val_00015975 lime_slic_300 seed=2 2.33s
1223 done imagenet resnet50 ILSVRC2012_val_00015975 lime_mask_0.25 seed=3 2.33s
1224 done imagenet resnet50 ILSVRC2012_val_00015975 lime_slic_300 seed=1 2.33s
1225 done imagenet resnet50 ILSVRC2012_val_00015975 lime_mask_0.25 seed=4 2.26s
1226 done imagenet resnet50 ILSVRC2012_val_00015975 lime_slic_50 seed=3 2.25s
1227 done imagenet resnet50 ILSVRC2012_val_00015975 rise_grid_14 seed=3 4.24s
1228 done imagenet resnet50 ILSVRC2012_val_00015975 rise_grid_10 seed=0 4.43s
1229 done imagenet resnet50 ILSVRC2012_val_00015975 lime_mask_0.75 seed=3 2.27s
1230 done imagenet resnet50 ILSVRC2012_val_00015975 rise_mask_0.25 seed=0 4.49s
1231 done imagenet resnet50 ILSVRC2012_val_00015975 rise_grid_14 seed=4 4.24s
1232 done imagenet resnet50 ILSVRC2012_val_00015975 rise_grid_4 seed=0 4.90s
1233 done imagenet resnet50 ILSVRC2012_val_00015975 rise_grid_10 seed=1 3.45s
1234 done imagenet resnet50 ILSVRC2012_val_00015975 rise_mask_0.75 seed=2 3.60s
1235 done imagenet resnet50 ILSVRC2012_val_00015975 lime_mask_0.25 seed=0 2.28s
1236 done imagenet resnet50 ILSVRC2012_val_00015975 lime_slic_200 seed=2 2.32s
1237 done imagenet resnet50 ILSVRC2012_val_00015975 rise_mask_0.25 seed=2 4.51s
1238 done imagenet resnet50 ILSVRC2012_val_00015975 lime_mask_0.75 seed=4 2.29s
1239 done imagenet resnet50 ILSVRC2012_val_00015975 lime_slic_200 seed=3 2.30s
1240 done imagenet resnet50 ILSVRC2012_val_00015975 rise_mask_0.75 seed=4 3.52s
1241 done imagenet resnet50 ILSVRC2012_val_00015975 rise_grid_4 seed=3 3.72s
1242 done imagenet resnet50 ILSVRC2012_val_00015975 lime_slic_200 seed=4 2.30s
1243 done imagenet resnet50 ILSVRC2012_val_00015975 rise_grid_14 seed=0 3.15s
1244 done imagenet resnet50 ILSVRC2012_val_00015975 rise_mask_0.75 seed=3 3.36s
1245 done imagenet resnet50 ILSVRC2012_val_00015975 lime_slic_50 seed=1 2.29s
1246 done imagenet resnet50 ILSVRC2012_val_00015975 lime_mask_0.75 seed=1 2.29s
1247 done imagenet resnet50 ILSVRC2012_val_00015975 lime_mask_0.75 seed=0 2.29s
1248 done imagenet resnet50 ILSVRC2012_val_00015975 lime_slic_200 seed=0 2.30s
1249 done imagenet resnet50 ILSVRC2012_val_00015975 lime_slic_300 seed=4 2.35s
1250 done imagenet resnet50 ILSVRC2012_val_00015975 rise_grid_4 seed=2 3.72s
1251 done imagenet resnet50 ILSVRC2012_val_00017759 lime_slic_50 seed=3 2.27s
1252 done imagenet resnet50 ILSVRC2012_val_00017759 rise_grid_4 seed=1 3.70s
1253 done imagenet resnet50 ILSVRC2012_val_00017759 rise_grid_14 seed=4 3.17s
1254 done imagenet resnet50 ILSVRC2012_val_00017759 rise_mask_0.25 seed=3 3.37s
1255 done imagenet resnet50 ILSVRC2012_val_00017759 rise_mask_0.25 seed=4 3.38s
1256 done imagenet resnet50 ILSVRC2012_val_00017759 rise_grid_4 seed=2 3.75s
1257 done imagenet resnet50 ILSVRC2012_val_00017759 rise_grid_14 seed=3 3.17s
1258 done imagenet resnet50 ILSVRC2012_val_00017759 rise_mask_0.75 seed=0 3.39s
1259 done imagenet resnet50 ILSVRC2012_val_00017759 rise_mask_0.25 seed=1 3.82s
1260 done imagenet resnet50 ILSVRC2012_val_00017759 rise_grid_10 seed=1 3.30s
1261 done imagenet resnet50 ILSVRC2012_val_00017759 lime_mask_0.25 seed=2 2.22s
1262 done imagenet resnet50 ILSVRC2012_val_00017759 lime_slic_50 seed=2 2.28s
1263 done imagenet resnet50 ILSVRC2012_val_00017759 rise_mask_0.25 seed=0 4.49s
1264 done imagenet resnet50 ILSVRC2012_val_00017759 lime_mask_0.75 seed=0 2.26s
1265 done imagenet resnet50 ILSVRC2012_val_00017759 lime_slic_300 seed=3 2.34s
1266 done imagenet resnet50 ILSVRC2012_val_00017759 rise_grid_4 seed=0 3.85s
1267 done imagenet resnet50 ILSVRC2012_val_00017759 rise_grid_10 seed=0 3.28s
1268 done imagenet resnet50 ILSVRC2012_val_00017759 lime_mask_0.75 seed=2 2.30s
1269 done imagenet resnet50 ILSVRC2012_val_00017759 rise_grid_14 seed=0 3.12s
1270 done imagenet resnet50 ILSVRC2012_val_00017759 lime_slic_50 seed=4 2.28s
1271 done imagenet resnet50 ILSVRC2012_val_00017759 rise_grid_14 seed=2 3.12s
1272 done imagenet resnet50 ILSVRC2012_val_00017759 lime_mask_0.25 seed=1 2.28s
1273 done imagenet resnet50 ILSVRC2012_val_00017759 rise_mask_0.75 seed=1 3.32s
1274 done imagenet resnet50 ILSVRC2012_val_00017759 rise_mask_0.25 seed=2 4.19s
1275 done imagenet resnet50 ILSVRC2012_val_00017759 lime_slic_200 seed=2 2.26s
1276 done imagenet resnet50 ILSVRC2012_val_00017759 lime_slic_300 seed=2 2.27s
1277 done imagenet resnet50 ILSVRC2012_val_00017759 rise_grid_10 seed=2 4.28s
1278 done imagenet resnet50 ILSVRC2012_val_00017759 lime_mask_0.75 seed=3 2.22s
1279 done imagenet resnet50 ILSVRC2012_val_00017759 rise_grid_4 seed=3 3.67s
1280 done imagenet resnet50 ILSVRC2012_val_00017759 lime_slic_50 seed=1 2.23s
1281 done imagenet resnet50 ILSVRC2012_val_00017759 rise_grid_14 seed=1 4.24s
1282 done imagenet resnet50 ILSVRC2012_val_00017759 lime_mask_0.25 seed=4 2.22s
1283 done imagenet resnet50 ILSVRC2012_val_00017759 lime_mask_0.75 seed=4 2.23s
1284 done imagenet resnet50 ILSVRC2012_val_00017759 rise_grid_10 seed=3 3.40s
1285 done imagenet resnet50 ILSVRC2012_val_00017759 rise_mask_0.75 seed=2 3.29s
1286 done imagenet resnet50 ILSVRC2012_val_00017759 lime_mask_0.25 seed=3 2.23s
1287 done imagenet resnet50 ILSVRC2012_val_00017759 lime_slic_200 seed=4 2.27s
1288 done imagenet resnet50 ILSVRC2012_val_00017759 lime_mask_0.75 seed=1 2.23s
1289 done imagenet resnet50 ILSVRC2012_val_00017759 rise_mask_0.75 seed=3 4.52s
1290 done imagenet resnet50 ILSVRC2012_val_00017759 lime_slic_300 seed=1 2.29s
1291 done imagenet resnet50 ILSVRC2012_val_00017759 lime_slic_200 seed=3 2.28s
1292 done imagenet resnet50 ILSVRC2012_val_00017759 lime_slic_300 seed=0 2.29s
1293 done imagenet resnet50 ILSVRC2012_val_00017759 rise_mask_0.75 seed=4 3.32s
1294 done imagenet resnet50 ILSVRC2012_val_00017759 rise_grid_4 seed=4 3.66s
1295 done imagenet resnet50 ILSVRC2012_val_00017759 lime_slic_300 seed=4 2.30s
1296 done imagenet resnet50 ILSVRC2012_val_00017759 rise_grid_10 seed=4 3.26s
1297 done imagenet resnet50 ILSVRC2012_val_00017759 lime_slic_200 seed=0 2.28s
1298 done imagenet resnet50 ILSVRC2012_val_00017759 lime_mask_0.25 seed=0 2.21s
1299 done imagenet resnet50 ILSVRC2012_val_00017759 lime_slic_200 seed=1 2.24s
1300 done imagenet resnet50 ILSVRC2012_val_00017759 lime_slic_50 seed=0 2.19s
1301 done imagenet resnet50 ILSVRC2012_val_00023695 rise_mask_0.75 seed=0 4.47s
1302 done imagenet resnet50 ILSVRC2012_val_00023695 lime_slic_200 seed=1 2.19s
1303 done imagenet resnet50 ILSVRC2012_val_00023695 lime_slic_50 seed=3 2.21s
1304 done imagenet resnet50 ILSVRC2012_val_00023695 lime_mask_0.25 seed=1 2.21s
1305 done imagenet resnet50 ILSVRC2012_val_00023695 lime_slic_50 seed=1 2.19s
1306 done imagenet resnet50 ILSVRC2012_val_00023695 rise_grid_14 seed=3 4.23s
1307 done imagenet resnet50 ILSVRC2012_val_00023695 rise_mask_0.25 seed=2 4.49s
1308 done imagenet resnet50 ILSVRC2012_val_00023695 lime_mask_0.75 seed=2 2.23s
1309 done imagenet resnet50 ILSVRC2012_val_00023695 rise_mask_0.75 seed=1 4.49s
1310 done imagenet resnet50 ILSVRC2012_val_00023695 rise_grid_4 seed=2 4.93s
1311 done imagenet resnet50 ILSVRC2012_val_00023695 lime_slic_300 seed=4 2.33s
1312 done imagenet resnet50 ILSVRC2012_val_00023695 lime_slic_300 seed=1 2.33s
1313 done imagenet resnet50 ILSVRC2012_val_00023695 rise_grid_14 seed=2 4.24s
1314 done imagenet resnet50 ILSVRC2012_val_00023695 lime_mask_0.75 seed=1 2.26s
1315 done imagenet resnet50 ILSVRC2012_val_00023695 rise_grid_10 seed=3 4.47s
1316 done imagenet resnet50 ILSVRC2012_val_00023695 lime_slic_50 seed=2 2.22s
1317 done imagenet resnet50 ILSVRC2012_val_00023695 rise_mask_0.75 seed=3 3.28s
1318 done imagenet resnet50 ILSVRC2012_val_00023695 lime_mask_0.25 seed=2 2.21s
1319 done imagenet resnet50 ILSVRC2012_val_00023695 lime_mask_0.75 seed=3 2.22s
1320 done imagenet resnet50 ILSVRC2012_val_00023695 rise_mask_0.25 seed=4 3.29s
1321 done imagenet resnet50 ILSVRC2012_val_00023695 rise_grid_4 seed=1 3.65s
1322 done imagenet resnet50 ILSVRC2012_val_00023695 lime_slic_50 seed=0 2.22s
1323 done imagenet resnet50 ILSVRC2012_val_00023695 rise_mask_0.75 seed=4 4.31s
1324 done imagenet resnet50 ILSVRC2012_val_00023695 rise_grid_10 seed=0 4.04s
1325 done imagenet resnet50 ILSVRC2012_val_00023695 rise_mask_0.25 seed=3 3.29s
1326 done imagenet resnet50 ILSVRC2012_val_00023695 lime_slic_300 seed=0 2.27s
1327 done imagenet resnet50 ILSVRC2012_val_00023695 rise_grid_4 seed=3 3.63s
1328 done imagenet resnet50 ILSVRC2012_val_00023695 lime_mask_0.25 seed=0 2.20s
1329 done imagenet resnet50 ILSVRC2012_val_00023695 lime_mask_0.75 seed=0 2.20s
1330 done imagenet resnet50 ILSVRC2012_val_00023695 lime_mask_0.25 seed=3 2.18s
1331 done imagenet resnet50 ILSVRC2012_val_00023695 lime_mask_0.25 seed=4 2.17s
1332 done imagenet resnet50 ILSVRC2012_val_00023695 rise_grid_14 seed=0 3.17s
1333 done imagenet resnet50 ILSVRC2012_val_00023695 lime_slic_200 seed=3 2.23s
1334 done imagenet resnet50 ILSVRC2012_val_00023695 rise_mask_0.25 seed=1 3.28s
1335 done imagenet resnet50 ILSVRC2012_val_00023695 lime_slic_300 seed=2 2.26s
1336 done imagenet resnet50 ILSVRC2012_val_00023695 lime_slic_300 seed=3 2.26s
1337 done imagenet resnet50 ILSVRC2012_val_00023695 lime_slic_200 seed=2 2.24s
1338 done imagenet resnet50 ILSVRC2012_val_00023695 rise_grid_4 seed=0 4.30s
1339 done imagenet resnet50 ILSVRC2012_val_00023695 rise_grid_10 seed=2 4.41s
1340 done imagenet resnet50 ILSVRC2012_val_00023695 rise_grid_10 seed=1 4.41s
1341 done imagenet resnet50 ILSVRC2012_val_00023695 rise_grid_14 seed=4 4.23s
1342 done imagenet resnet50 ILSVRC2012_val_00023695 lime_mask_0.75 seed=4 2.21s
1343 done imagenet resnet50 ILSVRC2012_val_00023695 lime_slic_50 seed=4 2.20s
1344 done imagenet resnet50 ILSVRC2012_val_00023695 rise_grid_10 seed=4 4.03s
1345 done imagenet resnet50 ILSVRC2012_val_00023695 rise_mask_0.25 seed=0 3.28s
1346 done imagenet resnet50 ILSVRC2012_val_00023695 rise_grid_4 seed=4 3.63s
1347 done imagenet resnet50 ILSVRC2012_val_00023695 lime_slic_200 seed=0 2.23s
1348 done imagenet resnet50 ILSVRC2012_val_00023695 rise_grid_14 seed=1 3.08s
1349 done imagenet resnet50 ILSVRC2012_val_00023695 rise_mask_0.75 seed=2 3.29s
1350 done imagenet resnet50 ILSVRC2012_val_00023695 lime_slic_200 seed=4 2.23s
1351 done imagenet resnet50 ILSVRC2012_val_00025180 lime_mask_0.75 seed=4 2.19s
1352 done imagenet resnet50 ILSVRC2012_val_00025180 lime_slic_300 seed=1 2.26s
1353 done imagenet resnet50 ILSVRC2012_val_00025180 rise_mask_0.75 seed=3 3.29s
1354 done imagenet resnet50 ILSVRC2012_val_00025180 lime_slic_200 seed=0 2.22s
1355 done imagenet resnet50 ILSVRC2012_val_00025180 rise_mask_0.25 seed=4 3.56s
1356 done imagenet resnet50 ILSVRC2012_val_00025180 lime_mask_0.25 seed=2 2.19s
1357 done imagenet resnet50 ILSVRC2012_val_00025180 rise_grid_4 seed=1 4.88s
1358 done imagenet resnet50 ILSVRC2012_val_00025180 rise_mask_0.25 seed=3 4.48s
1359 done imagenet resnet50 ILSVRC2012_val_00025180 rise_grid_10 seed=4 4.42s
1360 done imagenet resnet50 ILSVRC2012_val_00025180 rise_grid_4 seed=3 4.87s
1361 done imagenet resnet50 ILSVRC2012_val_00025180 rise_grid_10 seed=2 4.42s
1362 done imagenet resnet50 ILSVRC2012_val_00025180 rise_grid_14 seed=1 4.24s
1363 done imagenet resnet50 ILSVRC2012_val_00025180 rise_mask_0.25 seed=1 4.48s
1364 done imagenet resnet50 ILSVRC2012_val_00025180 rise_grid_14 seed=0 4.24s
1365 done imagenet resnet50 ILSVRC2012_val_00025180 rise_grid_14 seed=3 4.24s
1366 done imagenet resnet50 ILSVRC2012_val_00025180 lime_slic_200 seed=1 2.22s
1367 done imagenet resnet50 ILSVRC2012_val_00025180 rise_grid_4 seed=2 4.87s
1368 done imagenet resnet50 ILSVRC2012_val_00025180 lime_mask_0.75 seed=3 2.20s
1369 done imagenet resnet50 ILSVRC2012_val_00025180 rise_grid_4 seed=0 4.88s
1370 done imagenet resnet50 ILSVRC2012_val_00025180 rise_mask_0.25 seed=0 4.47s
1371 done imagenet resnet50 ILSVRC2012_val_00025180 lime_slic_50 seed=4 2.19s
1372 done imagenet resnet50 ILSVRC2012_val_00025180 lime_slic_50 seed=1 2.18s
1373 done imagenet resnet50 ILSVRC2012_val_00025180 lime_slic_300 seed=2 2.25s
1374 done imagenet resnet50 ILSVRC2012_val_00025180 lime_mask_0.25 seed=4 2.19s
1375 done imagenet resnet50 ILSVRC2012_val_00025180 lime_slic_200 seed=4 2.23s
1376 done imagenet resnet50 ILSVRC2012_val_00025180 lime_slic_50 seed=2 2.19s
1377 done imagenet resnet50 ILSVRC2012_val_00025180 lime_slic_50 seed=3 2.20s
1378 done imagenet resnet50 ILSVRC2012_val_00025180 lime_slic_200 seed=2 2.21s
1379 done imagenet resnet50 ILSVRC2012_val_00025180 lime_slic_200 seed=3 2.24s
1380 done imagenet resnet50 ILSVRC2012_val_00025180 rise_grid_10 seed=0 4.32s
1381 done imagenet resnet50 ILSVRC2012_val_00025180 lime_mask_0.75 seed=0 2.33s
1382 done imagenet resnet50 ILSVRC2012_val_00025180 rise_mask_0.75 seed=2 3.47s
1383 done imagenet resnet50 ILSVRC2012_val_00025180 lime_mask_0.25 seed=0 2.30s
1384 done imagenet resnet50 ILSVRC2012_val_00025180 lime_slic_50 seed=0 2.28s
1385 done imagenet resnet50 ILSVRC2012_val_00025180 rise_mask_0.75 seed=4 3.46s
1386 done imagenet resnet50 ILSVRC2012_val_00025180 lime_mask_0.75 seed=1 2.29s
1387 done imagenet resnet50 ILSVRC2012_val_00025180 lime_mask_0.25 seed=1 2.27s
1388 done imagenet resnet50 ILSVRC2012_val_00025180 lime_slic_300 seed=3 2.33s
1389 done imagenet resnet50 ILSVRC2012_val_00025180 lime_mask_0.25 seed=3 2.30s
1390 done imagenet resnet50 ILSVRC2012_val_00025180 rise_grid_10 seed=3 3.39s
1391 done imagenet resnet50 ILSVRC2012_val_00025180 lime_slic_300 seed=4 2.32s
1392 done imagenet resnet50 ILSVRC2012_val_00025180 lime_slic_300 seed=0 2.34s
1393 done imagenet resnet50 ILSVRC2012_val_00025180 rise_grid_10 seed=1 3.41s
1394 done imagenet resnet50 ILSVRC2012_val_00025180 rise_mask_0.25 seed=2 3.48s
1395 done imagenet resnet50 ILSVRC2012_val_00025180 rise_grid_14 seed=2 3.23s
1396 done imagenet resnet50 ILSVRC2012_val_00025180 rise_grid_14 seed=4 3.27s
1397 done imagenet resnet50 ILSVRC2012_val_00025180 rise_mask_0.75 seed=1 3.49s
1398 done imagenet resnet50 ILSVRC2012_val_00025180 rise_mask_0.75 seed=0 3.44s
1399 done imagenet resnet50 ILSVRC2012_val_00025180 rise_grid_4 seed=4 3.82s
1400 done imagenet resnet50 ILSVRC2012_val_00025180 lime_mask_0.75 seed=2 2.31s
1401 done imagenet resnet50 ILSVRC2012_val_00026967 lime_mask_0.75 seed=0 2.32s
1402 done imagenet resnet50 ILSVRC2012_val_00026967 lime_mask_0.25 seed=3 2.31s
1403 done imagenet resnet50 ILSVRC2012_val_00026967 rise_grid_14 seed=3 3.26s
1404 done imagenet resnet50 ILSVRC2012_val_00026967 rise_grid_4 seed=0 3.83s
1405 done imagenet resnet50 ILSVRC2012_val_00026967 lime_slic_300 seed=1 2.36s
1406 done imagenet resnet50 ILSVRC2012_val_00026967 rise_grid_4 seed=4 3.81s
1407 done imagenet resnet50 ILSVRC2012_val_00026967 lime_slic_50 seed=3 2.28s
1408 done imagenet resnet50 ILSVRC2012_val_00026967 lime_slic_50 seed=4 2.29s
1409 done imagenet resnet50 ILSVRC2012_val_00026967 lime_slic_200 seed=3 2.32s
1410 done imagenet resnet50 ILSVRC2012_val_00026967 rise_grid_10 seed=3 3.40s
1411 done imagenet resnet50 ILSVRC2012_val_00026967 lime_mask_0.75 seed=4 2.29s
1412 done imagenet resnet50 ILSVRC2012_val_00026967 rise_grid_14 seed=1 3.21s
1413 done imagenet resnet50 ILSVRC2012_val_00026967 lime_slic_300 seed=4 2.34s
1414 done imagenet resnet50 ILSVRC2012_val_00026967 lime_mask_0.75 seed=3 2.31s
1415 done imagenet resnet50 ILSVRC2012_val_00026967 lime_mask_0.25 seed=2 2.20s
1416 done imagenet resnet50 ILSVRC2012_val_00026967 lime_mask_0.25 seed=0 2.19s
1417 done imagenet resnet50 ILSVRC2012_val_00026967 rise_grid_14 seed=0 4.24s
1418 done imagenet resnet50 ILSVRC2012_val_00026967 rise_mask_0.25 seed=2 4.48s
1419 done imagenet resnet50 ILSVRC2012_val_00026967 rise_grid_4 seed=1 4.88s
1420 done imagenet resnet50 ILSVRC2012_val_00026967 lime_slic_300 seed=0 2.25s
1421 done imagenet resnet50 ILSVRC2012_val_00026967 lime_slic_200 seed=2 2.21s
1422 done imagenet resnet50 ILSVRC2012_val_00026967 lime_slic_300 seed=3 2.25s
1423 done imagenet resnet50 ILSVRC2012_val_00026967 lime_slic_200 seed=1 2.24s
1424 done imagenet resnet50 ILSVRC2012_val_00026967 lime_mask_0.25 seed=4 2.19s
1425 done imagenet resnet50 ILSVRC2012_val_00026967 rise_mask_0.75 seed=2 3.61s
1426 done imagenet resnet50 ILSVRC2012_val_00026967 lime_slic_50 seed=1 2.24s
1427 done imagenet resnet50 ILSVRC2012_val_00026967 rise_grid_4 seed=2 3.71s
1428 done imagenet resnet50 ILSVRC2012_val_00026967 lime_mask_0.25 seed=1 2.26s
1429 done imagenet resnet50 ILSVRC2012_val_00026967 rise_mask_0.75 seed=3 3.46s
1430 done imagenet resnet50 ILSVRC2012_val_00026967 rise_mask_0.25 seed=3 3.58s
1431 done imagenet resnet50 ILSVRC2012_val_00026967 rise_grid_14 seed=2 3.16s
1432 done imagenet resnet50 ILSVRC2012_val_00026967 rise_grid_10 seed=0 3.32s
1433 done imagenet resnet50 ILSVRC2012_val_00026967 lime_mask_0.75 seed=1 2.24s
1434 done imagenet resnet50 ILSVRC2012_val_00026967 lime_mask_0.75 seed=2 2.23s
1435 done imagenet resnet50 ILSVRC2012_val_00026967 rise_mask_0.25 seed=0 3.35s
1436 done imagenet resnet50 ILSVRC2012_val_00026967 rise_grid_10 seed=4 3.32s
1437 done imagenet resnet50 ILSVRC2012_val_00026967 lime_slic_200 seed=4 2.30s
1438 done imagenet resnet50 ILSVRC2012_val_00026967 rise_mask_0.75 seed=0 3.47s
1439 done imagenet resnet50 ILSVRC2012_val_00026967 lime_slic_50 seed=0 2.27s
1440 done imagenet resnet50 ILSVRC2012_val_00026967 rise_grid_10 seed=2 3.31s
1441 done imagenet resnet50 ILSVRC2012_val_00026967 rise_grid_10 seed=1 3.40s
1442 done imagenet resnet50 ILSVRC2012_val_00026967 lime_slic_50 seed=2 2.30s
1443 done imagenet resnet50 ILSVRC2012_val_00026967 lime_slic_200 seed=0 2.26s
1444 done imagenet resnet50 ILSVRC2012_val_00026967 rise_grid_14 seed=4 3.27s
1445 done imagenet resnet50 ILSVRC2012_val_00026967 lime_slic_300 seed=2 2.33s
1446 done imagenet resnet50 ILSVRC2012_val_00026967 rise_grid_4 seed=3 4.92s
1447 done imagenet resnet50 ILSVRC2012_val_00026967 rise_mask_0.25 seed=1 4.11s
1448 done imagenet resnet50 ILSVRC2012_val_00026967 rise_mask_0.75 seed=1 3.99s
1449 done imagenet resnet50 ILSVRC2012_val_00026967 rise_mask_0.75 seed=4 4.50s
1450 done imagenet resnet50 ILSVRC2012_val_00026967 rise_mask_0.25 seed=4 4.54s
1451 done imagenet resnet50 ILSVRC2012_val_00029916 rise_grid_14 seed=3 3.29s
1452 done imagenet resnet50 ILSVRC2012_val_00029916 rise_mask_0.25 seed=2 3.37s
1453 done imagenet resnet50 ILSVRC2012_val_00029916 lime_slic_200 seed=0 2.30s
1454 done imagenet resnet50 ILSVRC2012_val_00029916 lime_mask_0.25 seed=2 2.27s
1455 done imagenet resnet50 ILSVRC2012_val_00029916 lime_slic_50 seed=3 2.27s
1456 done imagenet resnet50 ILSVRC2012_val_00029916 lime_mask_0.25 seed=4 2.25s
1457 done imagenet resnet50 ILSVRC2012_val_00029916 rise_mask_0.25 seed=3 3.36s
1458 done imagenet resnet50 ILSVRC2012_val_00029916 lime_slic_200 seed=1 2.30s
1459 done imagenet resnet50 ILSVRC2012_val_00029916 lime_slic_200 seed=4 2.29s
1460 done imagenet resnet50 ILSVRC2012_val_00029916 lime_mask_0.75 seed=0 2.26s
1461 done imagenet resnet50 ILSVRC2012_val_00029916 rise_grid_14 seed=2 3.31s
1462 done imagenet resnet50 ILSVRC2012_val_00029916 lime_mask_0.25 seed=1 2.26s
1463 done imagenet resnet50 ILSVRC2012_val_00029916 rise_grid_4 seed=4 3.69s
1464 done imagenet resnet50 ILSVRC2012_val_00029916 lime_mask_0.75 seed=4 2.26s
1465 done imagenet resnet50 ILSVRC2012_val_00029916 lime_slic_300 seed=1 2.31s
1466 done imagenet resnet50 ILSVRC2012_val_00029916 rise_grid_14 seed=4 3.12s
1467 done imagenet resnet50 ILSVRC2012_val_00029916 rise_mask_0.75 seed=4 3.31s
1468 done imagenet resnet50 ILSVRC2012_val_00029916 rise_grid_14 seed=1 3.10s
1469 done imagenet resnet50 ILSVRC2012_val_00029916 rise_mask_0.75 seed=1 3.39s
1470 done imagenet resnet50 ILSVRC2012_val_00029916 rise_grid_4 seed=1 3.74s
1471 done imagenet resnet50 ILSVRC2012_val_00029916 lime_slic_50 seed=4 2.25s
1472 done imagenet resnet50 ILSVRC2012_val_00029916 lime_mask_0.25 seed=3 2.24s
1473 done imagenet resnet50 ILSVRC2012_val_00029916 rise_mask_0.75 seed=0 3.39s
1474 done imagenet resnet50 ILSVRC2012_val_00029916 rise_grid_10 seed=4 3.37s
1475 done imagenet resnet50 ILSVRC2012_val_00029916 rise_mask_0.75 seed=3 3.38s
1476 done imagenet resnet50 ILSVRC2012_val_00029916 lime_slic_300 seed=4 2.32s
1477 done imagenet resnet50 ILSVRC2012_val_00029916 lime_mask_0.25 seed=0 2.26s
1478 done imagenet resnet50 ILSVRC2012_val_00029916 lime_slic_200 seed=3 2.29s
1479 done imagenet resnet50 ILSVRC2012_val_00029916 rise_grid_10 seed=0 3.37s
1480 done imagenet resnet50 ILSVRC2012_val_00029916 rise_grid_4 seed=2 3.90s
1481 done imagenet resnet50 ILSVRC2012_val_00029916 lime_slic_50 seed=0 2.25s
1482 done imagenet resnet50 ILSVRC2012_val_00029916 rise_grid_10 seed=1 4.43s
1483 done imagenet resnet50 ILSVRC2012_val_00029916 rise_grid_4 seed=0 4.89s
1484 done imagenet resnet50 ILSVRC2012_val_00029916 lime_slic_50 seed=2 2.24s
1485 done imagenet resnet50 ILSVRC2012_val_00029916 lime_mask_0.75 seed=1 2.25s
1486 done imagenet resnet50 ILSVRC2012_val_00029916 lime_slic_200 seed=2 2.26s
1487 done imagenet resnet50 ILSVRC2012_val_00029916 lime_slic_300 seed=3 2.31s
1488 done imagenet resnet50 ILSVRC2012_val_00029916 lime_mask_0.75 seed=3 2.26s
1489 done imagenet resnet50 ILSVRC2012_val_00029916 lime_mask_0.75 seed=2 2.26s
1490 done imagenet resnet50 ILSVRC2012_val_00029916 rise_mask_0.25 seed=4 3.28s
1491 done imagenet resnet50 ILSVRC2012_val_00029916 rise_mask_0.75 seed=2 3.31s
1492 done imagenet resnet50 ILSVRC2012_val_00029916 rise_grid_10 seed=2 3.25s
1493 done imagenet resnet50 ILSVRC2012_val_00029916 lime_slic_300 seed=2 2.31s
1494 done imagenet resnet50 ILSVRC2012_val_00029916 rise_grid_10 seed=3 3.25s
1495 done imagenet resnet50 ILSVRC2012_val_00029916 lime_slic_50 seed=1 2.25s
1496 done imagenet resnet50 ILSVRC2012_val_00029916 rise_mask_0.25 seed=1 3.30s
1497 done imagenet resnet50 ILSVRC2012_val_00029916 rise_grid_14 seed=0 3.10s
1498 done imagenet resnet50 ILSVRC2012_val_00029916 rise_grid_4 seed=3 4.27s
1499 done imagenet resnet50 ILSVRC2012_val_00029916 rise_mask_0.25 seed=0 3.42s
1500 done imagenet resnet50 ILSVRC2012_val_00029916 lime_slic_300 seed=0 2.35s
1501 done imagenet resnet50 ILSVRC2012_val_00030571 lime_mask_0.75 seed=0 2.25s
1502 done imagenet resnet50 ILSVRC2012_val_00030571 lime_mask_0.25 seed=4 2.25s
1503 done imagenet resnet50 ILSVRC2012_val_00030571 lime_mask_0.75 seed=3 2.25s
1504 done imagenet resnet50 ILSVRC2012_val_00030571 lime_slic_50 seed=0 2.24s
1505 done imagenet resnet50 ILSVRC2012_val_00030571 lime_mask_0.75 seed=2 2.25s
1506 done imagenet resnet50 ILSVRC2012_val_00030571 rise_grid_4 seed=3 4.05s
1507 done imagenet resnet50 ILSVRC2012_val_00030571 rise_grid_4 seed=1 3.74s
1508 done imagenet resnet50 ILSVRC2012_val_00030571 rise_grid_4 seed=4 3.74s
1509 done imagenet resnet50 ILSVRC2012_val_00030571 lime_slic_200 seed=1 2.38s
1510 done imagenet resnet50 ILSVRC2012_val_00030571 lime_mask_0.25 seed=2 2.30s
1511 done imagenet resnet50 ILSVRC2012_val_00030571 lime_slic_200 seed=2 2.32s
1512 done imagenet resnet50 ILSVRC2012_val_00030571 lime_slic_200 seed=4 2.33s
1513 done imagenet resnet50 ILSVRC2012_val_00030571 lime_mask_0.25 seed=0 2.28s
1514 done imagenet resnet50 ILSVRC2012_val_00030571 rise_mask_0.75 seed=2 3.38s
1515 done imagenet resnet50 ILSVRC2012_val_00030571 rise_grid_10 seed=2 3.32s
1516 done imagenet resnet50 ILSVRC2012_val_00030571 rise_grid_4 seed=0 4.92s
1517 done imagenet resnet50 ILSVRC2012_val_00030571 rise_mask_0.75 seed=4 4.35s
1518 done imagenet resnet50 ILSVRC2012_val_00030571 lime_mask_0.25 seed=3 2.31s
1519 done imagenet resnet50 ILSVRC2012_val_00030571 rise_grid_14 seed=2 3.35s
1520 done imagenet resnet50 ILSVRC2012_val_00030571 lime_slic_300 seed=3 2.36s
1521 done imagenet resnet50 ILSVRC2012_val_00030571 rise_mask_0.25 seed=2 3.37s
1522 done imagenet resnet50 ILSVRC2012_val_00030571 rise_mask_0.25 seed=4 4.11s
1523 done imagenet resnet50 ILSVRC2012_val_00030571 lime_slic_300 seed=0 2.30s
1524 done imagenet resnet50 ILSVRC2012_val_00030571 rise_grid_14 seed=4 4.24s
1525 done imagenet resnet50 ILSVRC2012_val_00030571 lime_slic_50 seed=4 2.25s
1526 done imagenet resnet50 ILSVRC2012_val_00030571 lime_slic_200 seed=0 2.28s
1527 done imagenet resnet50 ILSVRC2012_val_00030571 rise_grid_10 seed=1 3.78s
1528 done imagenet resnet50 ILSVRC2012_val_00030571 lime_slic_50 seed=2 2.26s
1529 done imagenet resnet50 ILSVRC2012_val_00030571 rise_mask_0.75 seed=0 3.31s
1530 done imagenet resnet50 ILSVRC2012_val_00030571 rise_grid_14 seed=1 3.13s
1531 done imagenet resnet50 ILSVRC2012_val_00030571 rise_grid_10 seed=0 3.25s
1532 done imagenet resnet50 ILSVRC2012_val_00030571 lime_slic_50 seed=1 2.26s
1533 done imagenet resnet50 ILSVRC2012_val_00030571 rise_mask_0.25 seed=0 3.31s
1534 done imagenet resnet50 ILSVRC2012_val_00030571 rise_mask_0.75 seed=3 3.52s
1535 done imagenet resnet50 ILSVRC2012_val_00030571 lime_slic_300 seed=2 2.34s
1536 done imagenet resnet50 ILSVRC2012_val_00030571 lime_slic_200 seed=3 2.31s
1537 done imagenet resnet50 ILSVRC2012_val_00030571 lime_mask_0.25 seed=1 2.27s
1538 done imagenet resnet50 ILSVRC2012_val_00030571 rise_mask_0.25 seed=1 3.32s
1539 done imagenet resnet50 ILSVRC2012_val_00030571 rise_mask_0.75 seed=1 3.32s
1540 done imagenet resnet50 ILSVRC2012_val_00030571 rise_grid_10 seed=4 3.26s
1541 done imagenet resnet50 ILSVRC2012_val_00030571 lime_mask_0.75 seed=1 2.27s
1542 done imagenet resnet50 ILSVRC2012_val_00030571 lime_slic_300 seed=4 2.32s
1543 done imagenet resnet50 ILSVRC2012_val_00030571 lime_slic_300 seed=1 2.32s
1544 done imagenet resnet50 ILSVRC2012_val_00030571 rise_grid_14 seed=3 3.11s
1545 done imagenet resnet50 ILSVRC2012_val_00030571 lime_slic_50 seed=3 2.21s
1546 done imagenet resnet50 ILSVRC2012_val_00030571 rise_grid_10 seed=3 3.24s
1547 done imagenet resnet50 ILSVRC2012_val_00030571 lime_mask_0.75 seed=4 2.21s
1548 done imagenet resnet50 ILSVRC2012_val_00030571 rise_grid_14 seed=0 3.10s
1549 done imagenet resnet50 ILSVRC2012_val_00030571 rise_grid_4 seed=2 3.66s
1550 done imagenet resnet50 ILSVRC2012_val_00030571 rise_mask_0.25 seed=3 3.34s
1551 done imagenet resnet50 ILSVRC2012_val_00031395 lime_slic_200 seed=3 2.26s
1552 done imagenet resnet50 ILSVRC2012_val_00031395 rise_grid_14 seed=4 3.42s
1553 done imagenet resnet50 ILSVRC2012_val_00031395 lime_slic_300 seed=1 2.27s
1554 done imagenet resnet50 ILSVRC2012_val_00031395 lime_slic_50 seed=4 2.22s
1555 done imagenet resnet50 ILSVRC2012_val_00031395 rise_mask_0.75 seed=1 3.30s
1556 done imagenet resnet50 ILSVRC2012_val_00031395 lime_slic_300 seed=2 2.31s
1557 done imagenet resnet50 ILSVRC2012_val_00031395 rise_mask_0.75 seed=3 3.46s
1558 done imagenet resnet50 ILSVRC2012_val_00031395 rise_grid_4 seed=1 3.64s
1559 done imagenet resnet50 ILSVRC2012_val_00031395 rise_grid_10 seed=2 3.24s
1560 done imagenet resnet50 ILSVRC2012_val_00031395 lime_mask_0.75 seed=2 2.21s
1561 done imagenet resnet50 ILSVRC2012_val_00031395 rise_grid_4 seed=2 3.65s
1562 done imagenet resnet50 ILSVRC2012_val_00031395 lime_slic_50 seed=0 2.22s
1563 done imagenet resnet50 ILSVRC2012_val_00031395 rise_mask_0.75 seed=0 3.27s
1564 done imagenet resnet50 ILSVRC2012_val_00031395 lime_slic_200 seed=1 2.28s
1565 done imagenet resnet50 ILSVRC2012_val_00031395 rise_grid_4 seed=3 3.78s
1566 done imagenet resnet50 ILSVRC2012_val_00031395 lime_slic_200 seed=0 2.27s
1567 done imagenet resnet50 ILSVRC2012_val_00031395 lime_slic_200 seed=2 2.26s
1568 done imagenet resnet50 ILSVRC2012_val_00031395 lime_slic_300 seed=3 2.25s
1569 done imagenet resnet50 ILSVRC2012_val_00031395 rise_grid_10 seed=4 3.27s
1570 done imagenet resnet50 ILSVRC2012_val_00031395 lime_slic_50 seed=3 2.19s
1571 done imagenet resnet50 ILSVRC2012_val_00031395 lime_mask_0.25 seed=4 2.21s
1572 done imagenet resnet50 ILSVRC2012_val_00031395 rise_mask_0.25 seed=2 3.63s
1573 done imagenet resnet50 ILSVRC2012_val_00031395 lime_slic_200 seed=4 2.24s
1574 done imagenet resnet50 ILSVRC2012_val_00031395 lime_slic_50 seed=1 2.20s
1575 done imagenet resnet50 ILSVRC2012_val_00031395 lime_mask_0.75 seed=3 2.20s
1576 done imagenet resnet50 ILSVRC2012_val_00031395 lime_mask_0.75 seed=0 2.18s
1577 done imagenet resnet50 ILSVRC2012_val_00031395 lime_mask_0.25 seed=3 2.19s
1578 done imagenet resnet50 ILSVRC2012_val_00031395 rise_grid_4 seed=0 3.64s
1579 done imagenet resnet50 ILSVRC2012_val_00031395 rise_grid_14 seed=1 3.08s
1580 done imagenet resnet50 ILSVRC2012_val_00031395 rise_grid_14 seed=3 3.08s
1581 done imagenet resnet50 ILSVRC2012_val_00031395 lime_slic_300 seed=4 2.25s
1582 done imagenet resnet50 ILSVRC2012_val_00031395 lime_mask_0.25 seed=2 2.20s
1583 done imagenet resnet50 ILSVRC2012_val_00031395 rise_grid_10 seed=0 3.26s
1584 done imagenet resnet50 ILSVRC2012_val_00031395 rise_grid_14 seed=2 3.17s
1585 done imagenet resnet50 ILSVRC2012_val_00031395 rise_grid_4 seed=4 3.70s
1586 done imagenet resnet50 ILSVRC2012_val_00031395 rise_mask_0.75 seed=2 3.30s
1587 done imagenet resnet50 ILSVRC2012_val_00031395 lime_mask_0.25 seed=0 2.23s
1588 done imagenet resnet50 ILSVRC2012_val_00031395 lime_slic_50 seed=2 2.22s
1589 done imagenet resnet50 ILSVRC2012_val_00031395 rise_mask_0.25 seed=0 3.34s
1590 done imagenet resnet50 ILSVRC2012_val_00031395 lime_slic_300 seed=0 2.28s
1591 done imagenet resnet50 ILSVRC2012_val_00031395 rise_grid_10 seed=1 3.33s
1592 done imagenet resnet50 ILSVRC2012_val_00031395 lime_mask_0.75 seed=1 2.23s
1593 done imagenet resnet50 ILSVRC2012_val_00031395 lime_mask_0.25 seed=1 2.22s
1594 done imagenet resnet50 ILSVRC2012_val_00031395 rise_mask_0.25 seed=3 3.31s
1595 done imagenet resnet50 ILSVRC2012_val_00031395 rise_mask_0.25 seed=1 3.31s
1596 done imagenet resnet50 ILSVRC2012_val_00031395 rise_mask_0.75 seed=4 3.81s
1597 done imagenet resnet50 ILSVRC2012_val_00031395 rise_mask_0.25 seed=4 3.44s
1598 done imagenet resnet50 ILSVRC2012_val_00031395 lime_mask_0.75 seed=4 2.28s
1599 done imagenet resnet50 ILSVRC2012_val_00031395 rise_grid_10 seed=3 3.29s
1600 done imagenet resnet50 ILSVRC2012_val_00031395 rise_grid_14 seed=0 3.10s
1601 done imagenet resnet50 ILSVRC2012_val_00033911 rise_mask_0.25 seed=0 3.81s
1602 done imagenet resnet50 ILSVRC2012_val_00033911 lime_slic_300 seed=2 2.27s
1603 done imagenet resnet50 ILSVRC2012_val_00033911 lime_slic_50 seed=4 2.25s
1604 done imagenet resnet50 ILSVRC2012_val_00033911 rise_grid_14 seed=1 3.20s
1605 done imagenet resnet50 ILSVRC2012_val_00033911 rise_mask_0.25 seed=2 4.01s
1606 done imagenet resnet50 ILSVRC2012_val_00033911 lime_slic_300 seed=0 2.33s
1607 done imagenet resnet50 ILSVRC2012_val_00033911 rise_mask_0.25 seed=1 4.49s
1608 done imagenet resnet50 ILSVRC2012_val_00033911 rise_grid_10 seed=1 4.43s
1609 done imagenet resnet50 ILSVRC2012_val_00033911 rise_mask_0.25 seed=4 4.10s
1610 done imagenet resnet50 ILSVRC2012_val_00033911 rise_grid_4 seed=1 3.82s
1611 done imagenet resnet50 ILSVRC2012_val_00033911 rise_grid_4 seed=3 3.65s
1612 done imagenet resnet50 ILSVRC2012_val_00033911 rise_mask_0.75 seed=0 3.31s
1613 done imagenet resnet50 ILSVRC2012_val_00033911 lime_mask_0.25 seed=1 2.28s
1614 done imagenet resnet50 ILSVRC2012_val_00033911 lime_slic_50 seed=3 2.26s
1615 done imagenet resnet50 ILSVRC2012_val_00033911 rise_grid_14 seed=3 3.11s
1616 done imagenet resnet50 ILSVRC2012_val_00033911 lime_slic_200 seed=3 2.26s
1617 done imagenet resnet50 ILSVRC2012_val_00033911 rise_mask_0.75 seed=4 3.30s
1618 done imagenet resnet50 ILSVRC2012_val_00033911 lime_slic_50 seed=0 2.22s
1619 done imagenet resnet50 ILSVRC2012_val_00033911 lime_mask_0.75 seed=4 2.21s
1620 done imagenet resnet50 ILSVRC2012_val_00033911 lime_slic_200 seed=0 2.25s
1621 done imagenet resnet50 ILSVRC2012_val_00033911 lime_slic_200 seed=2 2.25s
1622 done imagenet resnet50 ILSVRC2012_val_00033911 lime_slic_50 seed=1 2.23s
1623 done imagenet resnet50 ILSVRC2012_val_00033911 lime_slic_200 seed=1 2.24s
1624 done imagenet resnet50 ILSVRC2012_val_00033911 rise_mask_0.75 seed=2 3.41s
1625 done imagenet resnet50 ILSVRC2012_val_00033911 lime_mask_0.25 seed=4 2.23s
1626 done imagenet resnet50 ILSVRC2012_val_00033911 lime_mask_0.25 seed=0 2.23s
1627 done imagenet resnet50 ILSVRC2012_val_00033911 lime_mask_0.75 seed=3 2.23s
1628 done imagenet resnet50 ILSVRC2012_val_00033911 lime_slic_200 seed=4 2.26s
1629 done imagenet resnet50 ILSVRC2012_val_00033911 rise_mask_0.75 seed=3 3.33s
1630 done imagenet resnet50 ILSVRC2012_val_00033911 rise_grid_14 seed=4 3.09s
1631 done imagenet resnet50 ILSVRC2012_val_00033911 rise_grid_4 seed=0 4.39s
1632 done imagenet resnet50 ILSVRC2012_val_00033911 rise_grid_4 seed=4 3.91s
1633 done imagenet resnet50 ILSVRC2012_val_00033911 rise_grid_10 seed=4 3.25s
1634 done imagenet resnet50 ILSVRC2012_val_00033911 lime_slic_300 seed=3 2.27s
1635 done imagenet resnet50 ILSVRC2012_val_00033911 lime_slic_300 seed=1 2.26s
1636 done imagenet resnet50 ILSVRC2012_val_00033911 lime_slic_300 seed=4 2.27s
1637 done imagenet resnet50 ILSVRC2012_val_00033911 rise_mask_0.75 seed=1 3.29s
1638 done imagenet resnet50 ILSVRC2012_val_00033911 lime_mask_0.25 seed=2 2.20s
1639 done imagenet resnet50 ILSVRC2012_val_00033911 rise_grid_10 seed=2 3.28s
1640 done imagenet resnet50 ILSVRC2012_val_00033911 lime_mask_0.75 seed=1 2.22s
1641 done imagenet resnet50 ILSVRC2012_val_00033911 lime_mask_0.25 seed=3 2.21s
1642 done imagenet resnet50 ILSVRC2012_val_00033911 rise_mask_0.25 seed=3 3.33s
1643 done imagenet resnet50 ILSVRC2012_val_00033911 rise_grid_14 seed=0 3.10s
1644 done imagenet resnet50 ILSVRC2012_val_00033911 rise_grid_14 seed=2 3.09s
1645 done imagenet resnet50 ILSVRC2012_val_00033911 lime_slic_50 seed=2 2.21s
1646 done imagenet resnet50 ILSVRC2012_val_00033911 lime_mask_0.75 seed=2 2.21s
1647 done imagenet resnet50 ILSVRC2012_val_00033911 rise_grid_10 seed=0 3.24s
1648 done imagenet resnet50 ILSVRC2012_val_00033911 rise_grid_10 seed=3 3.24s
1649 done imagenet resnet50 ILSVRC2012_val_00033911 lime_mask_0.75 seed=0 2.22s
1650 done imagenet resnet50 ILSVRC2012_val_00033911 rise_grid_4 seed=2 3.63s
1651 done imagenet resnet50 ILSVRC2012_val_00038443 lime_mask_0.25 seed=3 2.19s
1652 done imagenet resnet50 ILSVRC2012_val_00038443 rise_grid_10 seed=0 3.43s
1653 done imagenet resnet50 ILSVRC2012_val_00038443 rise_mask_0.25 seed=0 3.30s
1654 done imagenet resnet50 ILSVRC2012_val_00038443 lime_slic_300 seed=0 2.30s
1655 done imagenet resnet50 ILSVRC2012_val_00038443 rise_mask_0.75 seed=1 3.30s
1656 done imagenet resnet50 ILSVRC2012_val_00038443 lime_slic_300 seed=4 2.31s
1657 done imagenet resnet50 ILSVRC2012_val_00038443 rise_mask_0.25 seed=4 3.30s
1658 done imagenet resnet50 ILSVRC2012_val_00038443 rise_mask_0.75 seed=0 3.31s
1659 done imagenet resnet50 ILSVRC2012_val_00038443 rise_grid_14 seed=4 3.09s
1660 done imagenet resnet50 ILSVRC2012_val_00038443 rise_grid_4 seed=4 3.64s
1661 done imagenet resnet50 ILSVRC2012_val_00038443 lime_slic_50 seed=4 2.24s
1662 done imagenet resnet50 ILSVRC2012_val_00038443 lime_mask_0.75 seed=0 2.21s
1663 done imagenet resnet50 ILSVRC2012_val_00038443 lime_slic_200 seed=1 2.27s
1664 done imagenet resnet50 ILSVRC2012_val_00038443 rise_mask_0.75 seed=2 3.29s
1665 done imagenet resnet50 ILSVRC2012_val_00038443 rise_mask_0.25 seed=2 3.30s
1666 done imagenet resnet50 ILSVRC2012_val_00038443 rise_grid_14 seed=3 3.08s
1667 done imagenet resnet50 ILSVRC2012_val_00038443 lime_slic_200 seed=3 2.27s
1668 done imagenet resnet50 ILSVRC2012_val_00038443 rise_grid_14 seed=1 3.09s
1669 done imagenet resnet50 ILSVRC2012_val_00038443 lime_mask_0.25 seed=0 2.23s
1670 done imagenet resnet50 ILSVRC2012_val_00038443 rise_mask_0.75 seed=4 3.28s
1671 done imagenet resnet50 ILSVRC2012_val_00038443 lime_slic_300 seed=3 2.33s
1672 done imagenet resnet50 ILSVRC2012_val_00038443 lime_slic_50 seed=0 2.24s
1673 done imagenet resnet50 ILSVRC2012_val_00038443 rise_grid_4 seed=2 3.64s
1674 done imagenet resnet50 ILSVRC2012_val_00038443 lime_slic_200 seed=4 2.28s
1675 done imagenet resnet50 ILSVRC2012_val_00038443 rise_mask_0.75 seed=3 3.30s
1676 done imagenet resnet50 ILSVRC2012_val_00038443 rise_mask_0.25 seed=1 3.30s
1677 done imagenet resnet50 ILSVRC2012_val_00038443 rise_grid_10 seed=4 3.26s
1678 done imagenet resnet50 ILSVRC2012_val_00038443 rise_grid_14 seed=2 3.13s
1679 done imagenet resnet50 ILSVRC2012_val_00038443 lime_slic_300 seed=2 2.31s
1680 done imagenet resnet50 ILSVRC2012_val_00038443 lime_mask_0.75 seed=1 2.28s
1681 done imagenet resnet50 ILSVRC2012_val_00038443 lime_slic_200 seed=2 2.30s
1682 done imagenet resnet50 ILSVRC2012_val_00038443 lime_mask_0.75 seed=4 2.26s
1683 done imagenet resnet50 ILSVRC2012_val_00038443 rise_grid_4 seed=3 3.64s
1684 done imagenet resnet50 ILSVRC2012_val_00038443 lime_slic_200 seed=0 2.28s
1685 done imagenet resnet50 ILSVRC2012_val_00038443 rise_grid_10 seed=3 3.25s
1686 done imagenet resnet50 ILSVRC2012_val_00038443 rise_grid_4 seed=0 3.66s
1687 done imagenet resnet50 ILSVRC2012_val_00038443 rise_grid_4 seed=1 3.65s
1688 done imagenet resnet50 ILSVRC2012_val_00038443 lime_mask_0.25 seed=2 2.27s
1689 done imagenet resnet50 ILSVRC2012_val_00038443 rise_mask_0.25 seed=3 3.40s
1690 done imagenet resnet50 ILSVRC2012_val_00038443 lime_mask_0.75 seed=2 2.28s
1691 done imagenet resnet50 ILSVRC2012_val_00038443 lime_mask_0.25 seed=4 2.25s
1692 done imagenet resnet50 ILSVRC2012_val_00038443 lime_mask_0.75 seed=3 2.25s
1693 done imagenet resnet50 ILSVRC2012_val_00038443 rise_grid_10 seed=2 3.24s
1694 done imagenet resnet50 ILSVRC2012_val_00038443 rise_grid_14 seed=0 3.09s
1695 done imagenet resnet50 ILSVRC2012_val_00038443 rise_grid_10 seed=1 3.26s
1696 done imagenet resnet50 ILSVRC2012_val_00038443 lime_slic_50 seed=1 2.23s
1697 done imagenet resnet50 ILSVRC2012_val_00038443 lime_mask_0.25 seed=1 2.23s
1698 done imagenet resnet50 ILSVRC2012_val_00038443 lime_slic_50 seed=3 2.23s
1699 done imagenet resnet50 ILSVRC2012_val_00038443 lime_slic_300 seed=1 2.29s
1700 done imagenet resnet50 ILSVRC2012_val_00038443 lime_slic_50 seed=2 2.24s
1701 done imagenet resnet50 ILSVRC2012_val_00039743 lime_slic_50 seed=3 2.17s
1702 done imagenet resnet50 ILSVRC2012_val_00039743 lime_slic_200 seed=3 2.23s
1703 done imagenet resnet50 ILSVRC2012_val_00039743 rise_mask_0.75 seed=2 3.30s
1704 done imagenet resnet50 ILSVRC2012_val_00039743 lime_mask_0.75 seed=4 2.19s
1705 done imagenet resnet50 ILSVRC2012_val_00039743 lime_slic_200 seed=2 2.22s
1706 done imagenet resnet50 ILSVRC2012_val_00039743 lime_slic_50 seed=2 2.19s
1707 done imagenet resnet50 ILSVRC2012_val_00039743 rise_grid_10 seed=3 3.23s
1708 done imagenet resnet50 ILSVRC2012_val_00039743 rise_grid_10 seed=4 3.26s
1709 done imagenet resnet50 ILSVRC2012_val_00039743 rise_grid_4 seed=1 3.65s
1710 done imagenet resnet50 ILSVRC2012_val_00039743 rise_mask_0.25 seed=2 3.30s
1711 done imagenet resnet50 ILSVRC2012_val_00039743 rise_mask_0.75 seed=1 3.39s
1712 done imagenet resnet50 ILSVRC2012_val_00039743 lime_mask_0.75 seed=1 2.18s
1713 done imagenet resnet50 ILSVRC2012_val_00039743 rise_grid_10 seed=0 3.24s
1714 done imagenet resnet50 ILSVRC2012_val_00039743 rise_mask_0.75 seed=4 3.30s
1715 done imagenet resnet50 ILSVRC2012_val_00039743 lime_mask_0.75 seed=0 2.20s
1716 done imagenet resnet50 ILSVRC2012_val_00039743 lime_mask_0.75 seed=3 2.20s
1717 done imagenet resnet50 ILSVRC2012_val_00039743 lime_slic_300 seed=4 2.30s
1718 done imagenet resnet50 ILSVRC2012_val_00039743 lime_slic_50 seed=1 2.24s
1719 done imagenet resnet50 ILSVRC2012_val_00039743 lime_mask_0.25 seed=0 2.24s
1720 done imagenet resnet50 ILSVRC2012_val_00039743 lime_slic_300 seed=2 2.28s
1721 done imagenet resnet50 ILSVRC2012_val_00039743 rise_mask_0.25 seed=1 3.29s
1722 done imagenet resnet50 ILSVRC2012_val_00039743 rise_grid_10 seed=1 3.24s
1723 done imagenet resnet50 ILSVRC2012_val_00039743 lime_mask_0.25 seed=1 2.31s
1724 done imagenet resnet50 ILSVRC2012_val_00039743 lime_slic_300 seed=0 2.31s
1725 done imagenet resnet50 ILSVRC2012_val_00039743 lime_slic_50 seed=0 2.22s
1726 done imagenet resnet50 ILSVRC2012_val_00039743 rise_grid_10 seed=2 3.24s
1727 done imagenet resnet50 ILSVRC2012_val_00039743 lime_slic_50 seed=4 2.21s
1728 done imagenet resnet50 ILSVRC2012_val_00039743 lime_slic_200 seed=4 2.44s
1729 done imagenet resnet50 ILSVRC2012_val_00039743 rise_grid_14 seed=1 3.09s
1730 done imagenet resnet50 ILSVRC2012_val_00039743 lime_mask_0.25 seed=2 2.21s
1731 done imagenet resnet50 ILSVRC2012_val_00039743 rise_grid_4 seed=2 3.64s
1732 done imagenet resnet50 ILSVRC2012_val_00039743 rise_grid_14 seed=4 3.10s
1733 done imagenet resnet50 ILSVRC2012_val_00039743 rise_grid_14 seed=0 4.24s
1734 done imagenet resnet50 ILSVRC2012_val_00039743 rise_grid_14 seed=2 4.26s
1735 done imagenet resnet50 ILSVRC2012_val_00039743 rise_mask_0.75 seed=0 3.49s
1736 done imagenet resnet50 ILSVRC2012_val_00039743 lime_slic_300 seed=3 2.32s
1737 done imagenet resnet50 ILSVRC2012_val_00039743 lime_slic_300 seed=1 2.34s
1738 done imagenet resnet50 ILSVRC2012_val_00039743 lime_mask_0.25 seed=4 2.32s
1739 done imagenet resnet50 ILSVRC2012_val_00039743 rise_grid_4 seed=3 3.65s
1740 done imagenet resnet50 ILSVRC2012_val_00039743 lime_slic_200 seed=0 2.31s
1741 done imagenet resnet50 ILSVRC2012_val_00039743 rise_mask_0.75 seed=3 3.31s
1742 done imagenet resnet50 ILSVRC2012_val_00039743 lime_mask_0.25 seed=3 2.27s
1743 done imagenet resnet50 ILSVRC2012_val_00039743 lime_mask_0.75 seed=2 2.28s
1744 done imagenet resnet50 ILSVRC2012_val_00039743 lime_slic_200 seed=1 2.31s
1745 done imagenet resnet50 ILSVRC2012_val_00039743 rise_mask_0.25 seed=3 3.31s
1746 done imagenet resnet50 ILSVRC2012_val_00039743 rise_grid_14 seed=3 3.11s
1747 done imagenet resnet50 ILSVRC2012_val_00039743 rise_mask_0.25 seed=4 4.49s
1748 done imagenet resnet50 ILSVRC2012_val_00039743 rise_grid_4 seed=0 4.09s
1749 done imagenet resnet50 ILSVRC2012_val_00039743 rise_mask_0.25 seed=0 3.31s
1750 done imagenet resnet50 ILSVRC2012_val_00039743 rise_grid_4 seed=4 3.65s
1751 done imagenet resnet50 ILSVRC2012_val_00043823 lime_mask_0.25 seed=4 2.21s
1752 done imagenet resnet50 ILSVRC2012_val_00043823 rise_mask_0.75 seed=3 3.32s
1753 done imagenet resnet50 ILSVRC2012_val_00043823 rise_grid_14 seed=4 3.08s
1754 done imagenet resnet50 ILSVRC2012_val_00043823 rise_grid_4 seed=1 3.65s
1755 done imagenet resnet50 ILSVRC2012_val_00043823 rise_grid_10 seed=0 3.26s
1756 done imagenet resnet50 ILSVRC2012_val_00043823 lime_slic_300 seed=1 2.25s
1757 done imagenet resnet50 ILSVRC2012_val_00043823 rise_mask_0.25 seed=2 3.29s
1758 done imagenet resnet50 ILSVRC2012_val_00043823 lime_slic_200 seed=4 2.23s
1759 done imagenet resnet50 ILSVRC2012_val_00043823 lime_slic_300 seed=3 2.24s
1760 done imagenet resnet50 ILSVRC2012_val_00043823 lime_slic_50 seed=0 2.20s
1761 done imagenet resnet50 ILSVRC2012_val_00043823 lime_mask_0.25 seed=0 2.19s
1762 done imagenet resnet50 ILSVRC2012_val_00043823 lime_mask_0.75 seed=0 2.19s
1763 done imagenet resnet50 ILSVRC2012_val_00043823 rise_grid_4 seed=2 3.63s
1764 done imagenet resnet50 ILSVRC2012_val_00043823 lime_slic_200 seed=3 2.24s
1765 done imagenet resnet50 ILSVRC2012_val_00043823 lime_slic_200 seed=0 2.22s
1766 done imagenet resnet50 ILSVRC2012_val_00043823 rise_mask_0.25 seed=1 3.29s
1767 done imagenet resnet50 ILSVRC2012_val_00043823 lime_mask_0.25 seed=3 2.20s
1768 done imagenet resnet50 ILSVRC2012_val_00043823 rise_grid_14 seed=1 3.08s
1769 done imagenet resnet50 ILSVRC2012_val_00043823 lime_mask_0.25 seed=1 2.17s
1770 done imagenet resnet50 ILSVRC2012_val_00043823 lime_mask_0.75 seed=1 2.17s
1771 done imagenet resnet50 ILSVRC2012_val_00043823 rise_grid_4 seed=3 3.73s
1772 done imagenet resnet50 ILSVRC2012_val_00043823 lime_mask_0.25 seed=2 2.20s
1773 done imagenet resnet50 ILSVRC2012_val_00043823 rise_grid_14 seed=0 3.17s
1774 done imagenet resnet50 ILSVRC2012_val_00043823 rise_grid_14 seed=2 3.09s
1775 done imagenet resnet50 ILSVRC2012_val_00043823 lime_slic_300 seed=0 2.28s
1776 done imagenet resnet50 ILSVRC2012_val_00043823 lime_slic_300 seed=4 2.28s
1777 done imagenet resnet50 ILSVRC2012_val_00043823 lime_slic_300 seed=2 2.28s
1778 done imagenet resnet50 ILSVRC2012_val_00043823 lime_slic_50 seed=2 2.23s
1779 done imagenet resnet50 ILSVRC2012_val_00043823 lime_mask_0.75 seed=3 2.23s
1780 done imagenet resnet50 ILSVRC2012_val_00043823 rise_mask_0.75 seed=0 3.29s
1781 done imagenet resnet50 ILSVRC2012_val_00043823 rise_mask_0.25 seed=4 3.37s
1782 done imagenet resnet50 ILSVRC2012_val_00043823 rise_mask_0.25 seed=0 3.37s
1783 done imagenet resnet50 ILSVRC2012_val_00043823 rise_grid_10 seed=2 3.24s
1784 done imagenet resnet50 ILSVRC2012_val_00043823 lime_mask_0.75 seed=2 2.22s
1785 done imagenet resnet50 ILSVRC2012_val_00043823 rise_grid_4 seed=0 3.66s
1786 done imagenet resnet50 ILSVRC2012_val_00043823 rise_mask_0.25 seed=3 3.29s
1787 done imagenet resnet50 ILSVRC2012_val_00043823 rise_grid_10 seed=1 3.26s
1788 done imagenet resnet50 ILSVRC2012_val_00043823 rise_grid_10 seed=3 3.26s
1789 done imagenet resnet50 ILSVRC2012_val_00043823 rise_mask_0.75 seed=2 3.29s
1790 done imagenet resnet50 ILSVRC2012_val_00043823 lime_mask_0.75 seed=4 2.23s
1791 done imagenet resnet50 ILSVRC2012_val_00043823 lime_slic_50 seed=3 2.23s
1792 done imagenet resnet50 ILSVRC2012_val_00043823 rise_grid_14 seed=3 3.09s
1793 done imagenet resnet50 ILSVRC2012_val_00043823 rise_mask_0.75 seed=1 3.33s
1794 done imagenet resnet50 ILSVRC2012_val_00043823 rise_grid_10 seed=4 4.44s
1795 done imagenet resnet50 ILSVRC2012_val_00043823 rise_mask_0.75 seed=4 4.49s
1796 done imagenet resnet50 ILSVRC2012_val_00043823 lime_slic_50 seed=1 2.21s
1797 done imagenet resnet50 ILSVRC2012_val_00043823 lime_slic_200 seed=2 2.22s
1798 done imagenet resnet50 ILSVRC2012_val_00043823 lime_slic_50 seed=4 2.20s
1799 done imagenet resnet50 ILSVRC2012_val_00043823 rise_grid_4 seed=4 4.90s
1800 done imagenet resnet50 ILSVRC2012_val_00043823 lime_slic_200 seed=1 2.21s
1801 done imagenet resnet50 ILSVRC2012_val_00045743 rise_mask_0.75 seed=1 4.49s
1802 done imagenet resnet50 ILSVRC2012_val_00045743 lime_slic_50 seed=1 2.22s
1803 done imagenet resnet50 ILSVRC2012_val_00045743 rise_mask_0.75 seed=4 3.41s
1804 done imagenet resnet50 ILSVRC2012_val_00045743 rise_mask_0.75 seed=0 3.46s
1805 done imagenet resnet50 ILSVRC2012_val_00045743 rise_mask_0.25 seed=4 3.34s
1806 done imagenet resnet50 ILSVRC2012_val_00045743 lime_slic_200 seed=0 2.33s
1807 done imagenet resnet50 ILSVRC2012_val_00045743 rise_grid_4 seed=1 3.69s
1808 done imagenet resnet50 ILSVRC2012_val_00045743 lime_mask_0.75 seed=3 2.29s
1809 done imagenet resnet50 ILSVRC2012_val_00045743 rise_mask_0.75 seed=3 3.33s
1810 done imagenet resnet50 ILSVRC2012_val_00045743 rise_grid_4 seed=0 3.68s
1811 done imagenet resnet50 ILSVRC2012_val_00045743 rise_grid_14 seed=0 3.10s
1812 done imagenet resnet50 ILSVRC2012_val_00045743 lime_slic_50 seed=4 2.28s
1813 done imagenet resnet50 ILSVRC2012_val_00045743 rise_grid_10 seed=3 3.31s
1814 done imagenet resnet50 ILSVRC2012_val_00045743 lime_slic_200 seed=2 2.32s
1815 done imagenet resnet50 ILSVRC2012_val_00045743 lime_slic_300 seed=1 2.34s
1816 done imagenet resnet50 ILSVRC2012_val_00045743 lime_mask_0.25 seed=1 2.27s
1817 done imagenet resnet50 ILSVRC2012_val_00045743 lime_slic_50 seed=0 2.28s
1818 done imagenet resnet50 ILSVRC2012_val_00045743 lime_slic_300 seed=3 2.33s
1819 done imagenet resnet50 ILSVRC2012_val_00045743 rise_grid_10 seed=1 3.25s
1820 done imagenet resnet50 ILSVRC2012_val_00045743 rise_grid_10 seed=0 3.27s
1821 done imagenet resnet50 ILSVRC2012_val_00045743 rise_grid_14 seed=2 3.12s
1822 done imagenet resnet50 ILSVRC2012_val_00045743 lime_mask_0.25 seed=3 2.26s
1823 done imagenet resnet50 ILSVRC2012_val_00045743 lime_slic_300 seed=2 2.31s
1824 done imagenet resnet50 ILSVRC2012_val_00045743 rise_grid_10 seed=4 3.24s
1825 done imagenet resnet50 ILSVRC2012_val_00045743 rise_grid_4 seed=4 3.67s
1826 done imagenet resnet50 ILSVRC2012_val_00045743 rise_grid_14 seed=1 3.10s
1827 done imagenet resnet50 ILSVRC2012_val_00045743 rise_mask_0.25 seed=3 3.30s
1828 done imagenet resnet50 ILSVRC2012_val_00045743 lime_slic_300 seed=0 2.31s
1829 done imagenet resnet50 ILSVRC2012_val_00045743 lime_slic_200 seed=4 2.29s
1830 done imagenet resnet50 ILSVRC2012_val_00045743 rise_grid_4 seed=2 3.65s
1831 done imagenet resnet50 ILSVRC2012_val_00045743 lime_slic_200 seed=3 2.28s
1832 done imagenet resnet50 ILSVRC2012_val_00045743 rise_mask_0.25 seed=1 3.29s
1833 done imagenet resnet50 ILSVRC2012_val_00045743 lime_mask_0.75 seed=0 2.25s
1834 done imagenet resnet50 ILSVRC2012_val_00045743 lime_slic_50 seed=2 2.26s
1835 done imagenet resnet50 ILSVRC2012_val_00045743 rise_mask_0.75 seed=2 3.29s
1836 done imagenet resnet50 ILSVRC2012_val_00045743 rise_grid_10 seed=2 3.27s
1837 done imagenet resnet50 ILSVRC2012_val_00045743 rise_grid_4 seed=3 3.65s
1838 done imagenet resnet50 ILSVRC2012_val_00045743 lime_mask_0.25 seed=0 2.24s
1839 done imagenet resnet50 ILSVRC2012_val_00045743 rise_grid_14 seed=3 3.12s
1840 done imagenet resnet50 ILSVRC2012_val_00045743 lime_slic_50 seed=3 2.28s
1841 done imagenet resnet50 ILSVRC2012_val_00045743 rise_mask_0.25 seed=0 3.30s
1842 done imagenet resnet50 ILSVRC2012_val_00045743 lime_mask_0.75 seed=4 2.26s
1843 done imagenet resnet50 ILSVRC2012_val_00045743 lime_mask_0.25 seed=4 2.26s
1844 done imagenet resnet50 ILSVRC2012_val_00045743 rise_grid_14 seed=4 3.10s
1845 done imagenet resnet50 ILSVRC2012_val_00045743 lime_slic_300 seed=4 2.31s
1846 done imagenet resnet50 ILSVRC2012_val_00045743 lime_mask_0.75 seed=1 2.23s
1847 done imagenet resnet50 ILSVRC2012_val_00045743 rise_mask_0.25 seed=2 3.27s
1848 done imagenet resnet50 ILSVRC2012_val_00045743 lime_mask_0.25 seed=2 2.22s
1849 done imagenet resnet50 ILSVRC2012_val_00045743 lime_mask_0.75 seed=2 2.26s
1850 done imagenet resnet50 ILSVRC2012_val_00045743 lime_slic_200 seed=1 2.31s
1851 done imagenet resnet50 ILSVRC2012_val_00046462 rise_grid_4 seed=3 3.67s
1852 done imagenet resnet50 ILSVRC2012_val_00046462 lime_mask_0.25 seed=2 2.22s
1853 done imagenet resnet50 ILSVRC2012_val_00046462 lime_slic_300 seed=0 2.30s
1854 done imagenet resnet50 ILSVRC2012_val_00046462 lime_slic_50 seed=0 2.27s
1855 done imagenet resnet50 ILSVRC2012_val_00046462 rise_mask_0.25 seed=0 3.31s
1856 done imagenet resnet50 ILSVRC2012_val_00046462 rise_mask_0.75 seed=4 3.31s
1857 done imagenet resnet50 ILSVRC2012_val_00046462 lime_slic_300 seed=4 2.34s
1858 done imagenet resnet50 ILSVRC2012_val_00046462 rise_grid_4 seed=0 3.65s
1859 done imagenet resnet50 ILSVRC2012_val_00046462 rise_grid_10 seed=1 3.26s
1860 done imagenet resnet50 ILSVRC2012_val_00046462 rise_mask_0.25 seed=2 3.32s
1861 done imagenet resnet50 ILSVRC2012_val_00046462 lime_mask_0.25 seed=1 2.27s
1862 done imagenet resnet50 ILSVRC2012_val_00046462 rise_grid_14 seed=1 3.10s
1863 done imagenet resnet50 ILSVRC2012_val_00046462 lime_slic_300 seed=1 2.33s
1864 done imagenet resnet50 ILSVRC2012_val_00046462 rise_grid_4 seed=4 3.66s
1865 done imagenet resnet50 ILSVRC2012_val_00046462 rise_mask_0.75 seed=2 3.31s
1866 done imagenet resnet50 ILSVRC2012_val_00046462 lime_mask_0.25 seed=3 2.27s
1867 done imagenet resnet50 ILSVRC2012_val_00046462 lime_mask_0.75 seed=3 2.29s
1868 done imagenet resnet50 ILSVRC2012_val_00046462 lime_mask_0.75 seed=1 2.28s
1869 done imagenet resnet50 ILSVRC2012_val_00046462 rise_grid_4 seed=1 3.66s
1870 done imagenet resnet50 ILSVRC2012_val_00046462 lime_slic_200 seed=1 2.31s
1871 done imagenet resnet50 ILSVRC2012_val_00046462 rise_mask_0.25 seed=3 3.32s
1872 done imagenet resnet50 ILSVRC2012_val_00046462 rise_grid_14 seed=2 3.11s
1873 done imagenet resnet50 ILSVRC2012_val_00046462 lime_mask_0.75 seed=2 2.28s
1874 done imagenet resnet50 ILSVRC2012_val_00046462 lime_slic_200 seed=4 2.31s
1875 done imagenet resnet50 ILSVRC2012_val_00046462 rise_mask_0.75 seed=1 3.31s
1876 done imagenet resnet50 ILSVRC2012_val_00046462 lime_mask_0.25 seed=0 2.25s
1877 done imagenet resnet50 ILSVRC2012_val_00046462 rise_grid_14 seed=4 3.10s
1878 done imagenet resnet50 ILSVRC2012_val_00046462 rise_grid_14 seed=3 3.11s
1879 done imagenet resnet50 ILSVRC2012_val_00046462 rise_grid_4 seed=2 3.66s
1880 done imagenet resnet50 ILSVRC2012_val_00046462 rise_grid_10 seed=4 3.25s
1881 done imagenet resnet50 ILSVRC2012_val_00046462 rise_grid_10 seed=2 3.25s
1882 done imagenet resnet50 ILSVRC2012_val_00046462 rise_mask_0.75 seed=3 3.34s
1883 done imagenet resnet50 ILSVRC2012_val_00046462 rise_grid_10 seed=0 3.27s
1884 done imagenet resnet50 ILSVRC2012_val_00046462 lime_slic_200 seed=3 2.31s
1885 done imagenet resnet50 ILSVRC2012_val_00046462 rise_grid_14 seed=0 3.14s
1886 done imagenet resnet50 ILSVRC2012_val_00046462 lime_mask_0.75 seed=4 2.28s
1887 done imagenet resnet50 ILSVRC2012_val_00046462 lime_slic_50 seed=4 2.26s
1888 done imagenet resnet50 ILSVRC2012_val_00046462 lime_slic_200 seed=0 2.28s
1889 done imagenet resnet50 ILSVRC2012_val_00046462 lime_mask_0.25 seed=4 2.26s
1890 done imagenet resnet50 ILSVRC2012_val_00046462 lime_mask_0.75 seed=0 2.26s
1891 done imagenet resnet50 ILSVRC2012_val_00046462 rise_mask_0.25 seed=4 3.29s
1892 done imagenet resnet50 ILSVRC2012_val_00046462 rise_mask_0.25 seed=1 3.32s
1893 done imagenet resnet50 ILSVRC2012_val_00046462 lime_slic_50 seed=1 2.26s
1894 done imagenet resnet50 ILSVRC2012_val_00046462 rise_grid_10 seed=3 3.25s
1895 done imagenet resnet50 ILSVRC2012_val_00046462 lime_slic_300 seed=3 2.30s
1896 done imagenet resnet50 ILSVRC2012_val_00046462 lime_slic_200 seed=2 2.25s
1897 done imagenet resnet50 ILSVRC2012_val_00046462 rise_mask_0.75 seed=0 4.48s
1898 done imagenet resnet50 ILSVRC2012_val_00046462 lime_slic_50 seed=2 2.19s
1899 done imagenet resnet50 ILSVRC2012_val_00046462 lime_slic_50 seed=3 2.20s
1900 done imagenet resnet50 ILSVRC2012_val_00046462 lime_slic_300 seed=2 2.27s
1901 done imagenet vgg13 ILSVRC2012_val_00000319 lime_slic_300 seed=1 2.30s
1902 done imagenet vgg13 ILSVRC2012_val_00000319 rise_mask_0.25 seed=0 4.52s
1903 done imagenet vgg13 ILSVRC2012_val_00000319 rise_grid_4 seed=4 4.91s
1904 done imagenet vgg13 ILSVRC2012_val_00000319 lime_mask_0.75 seed=3 2.23s
1905 done imagenet vgg13 ILSVRC2012_val_00000319 rise_mask_0.75 seed=1 3.32s
1906 done imagenet vgg13 ILSVRC2012_val_00000319 rise_grid_14 seed=4 3.11s
1907 done imagenet vgg13 ILSVRC2012_val_00000319 rise_grid_10 seed=4 3.28s
1908 done imagenet vgg13 ILSVRC2012_val_00000319 rise_grid_14 seed=2 3.13s
1909 done imagenet vgg13 ILSVRC2012_val_00000319 rise_mask_0.25 seed=2 3.33s
1910 done imagenet vgg13 ILSVRC2012_val_00000319 rise_grid_10 seed=2 3.38s
1911 done imagenet vgg13 ILSVRC2012_val_00000319 lime_mask_0.25 seed=1 2.28s
1912 done imagenet vgg13 ILSVRC2012_val_00000319 lime_slic_200 seed=1 2.27s
1913 done imagenet vgg13 ILSVRC2012_val_00000319 lime_mask_0.25 seed=3 2.24s
1914 done imagenet vgg13 ILSVRC2012_val_00000319 lime_mask_0.25 seed=4 2.24s
1915 done imagenet vgg13 ILSVRC2012_val_00000319 lime_slic_200 seed=3 2.20s
1916 done imagenet vgg13 ILSVRC2012_val_00000319 lime_mask_0.75 seed=4 2.24s
1917 done imagenet vgg13 ILSVRC2012_val_00000319 rise_mask_0.75 seed=4 3.50s
1918 done imagenet vgg13 ILSVRC2012_val_00000319 lime_slic_50 seed=4 2.24s
1919 done imagenet vgg13 ILSVRC2012_val_00000319 rise_grid_4 seed=0 3.69s
1920 done imagenet vgg13 ILSVRC2012_val_00000319 lime_mask_0.25 seed=2 2.24s
1921 done imagenet vgg13 ILSVRC2012_val_00000319 rise_grid_14 seed=3 3.16s
1922 done imagenet vgg13 ILSVRC2012_val_00000319 lime_slic_50 seed=2 2.22s
1923 done imagenet vgg13 ILSVRC2012_val_00000319 rise_mask_0.25 seed=3 3.33s
1924 done imagenet vgg13 ILSVRC2012_val_00000319 rise_grid_10 seed=1 3.34s
1925 done imagenet vgg13 ILSVRC2012_val_00000319 rise_mask_0.75 seed=3 3.36s
1926 done imagenet vgg13 ILSVRC2012_val_00000319 lime_mask_0.25 seed=0 2.29s
1927 done imagenet vgg13 ILSVRC2012_val_00000319 rise_mask_0.75 seed=2 3.34s
1928 done imagenet vgg13 ILSVRC2012_val_00000319 lime_slic_50 seed=3 2.28s
1929 done imagenet vgg13 ILSVRC2012_val_00000319 rise_grid_4 seed=3 3.66s
1930 done imagenet vgg13 ILSVRC2012_val_00000319 rise_grid_10 seed=3 3.29s
1931 done imagenet vgg13 ILSVRC2012_val_00000319 rise_grid_4 seed=1 3.69s
1932 done imagenet vgg13 ILSVRC2012_val_00000319 rise_mask_0.25 seed=4 3.34s
1933 done imagenet vgg13 ILSVRC2012_val_00000319 lime_slic_200 seed=2 2.33s
1934 done imagenet vgg13 ILSVRC2012_val_00000319 rise_grid_14 seed=1 3.14s
1935 done imagenet vgg13 ILSVRC2012_val_00000319 lime_slic_300 seed=0 2.37s
1936 done imagenet vgg13 ILSVRC2012_val_00000319 rise_grid_4 seed=2 3.70s
1937 done imagenet vgg13 ILSVRC2012_val_00000319 rise_mask_0.75 seed=0 3.35s
1938 done imagenet vgg13 ILSVRC2012_val_00000319 lime_slic_300 seed=2 2.36s
1939 done imagenet vgg13 ILSVRC2012_val_00000319 lime_slic_200 seed=0 2.34s
1940 done imagenet vgg13 ILSVRC2012_val_00000319 lime_mask_0.75 seed=1 2.30s
1941 done imagenet vgg13 ILSVRC2012_val_00000319 rise_grid_14 seed=0 3.13s
1942 done imagenet vgg13 ILSVRC2012_val_00000319 lime_slic_200 seed=4 2.33s
1943 done imagenet vgg13 ILSVRC2012_val_00000319 lime_mask_0.75 seed=0 2.28s
1944 done imagenet vgg13 ILSVRC2012_val_00000319 lime_slic_50 seed=1 2.28s
1945 done imagenet vgg13 ILSVRC2012_val_00000319 rise_grid_10 seed=0 3.25s
1946 done imagenet vgg13 ILSVRC2012_val_00000319 lime_mask_0.75 seed=2 2.29s
1947 done imagenet vgg13 ILSVRC2012_val_00000319 lime_slic_300 seed=3 2.35s
1948 done imagenet vgg13 ILSVRC2012_val_00000319 lime_slic_50 seed=0 2.30s
1949 done imagenet vgg13 ILSVRC2012_val_00000319 rise_mask_0.25 seed=1 3.35s
1950 done imagenet vgg13 ILSVRC2012_val_00000319 lime_slic_300 seed=4 2.35s
1951 done imagenet vgg13 ILSVRC2012_val_00000604 rise_grid_4 seed=1 3.70s
1952 done imagenet vgg13 ILSVRC2012_val_00000604 lime_slic_200 seed=0 2.34s
1953 done imagenet vgg13 ILSVRC2012_val_00000604 rise_grid_10 seed=2 3.30s
1954 done imagenet vgg13 ILSVRC2012_val_00000604 rise_grid_4 seed=4 3.68s
1955 done imagenet vgg13 ILSVRC2012_val_00000604 rise_grid_14 seed=2 3.13s
1956 done imagenet vgg13 ILSVRC2012_val_00000604 lime_mask_0.75 seed=2 2.29s
1957 done imagenet vgg13 ILSVRC2012_val_00000604 lime_mask_0.25 seed=4 2.30s
1958 done imagenet vgg13 ILSVRC2012_val_00000604 rise_mask_0.75 seed=1 3.35s
1959 done imagenet vgg13 ILSVRC2012_val_00000604 lime_mask_0.75 seed=3 2.31s
1960 done imagenet vgg13 ILSVRC2012_val_00000604 lime_slic_300 seed=0 2.36s
1961 done imagenet vgg13 ILSVRC2012_val_00000604 rise_mask_0.75 seed=2 3.35s
1962 done imagenet vgg13 ILSVRC2012_val_00000604 lime_slic_50 seed=1 2.30s
1963 done imagenet vgg13 ILSVRC2012_val_00000604 rise_mask_0.75 seed=3 3.35s
1964 done imagenet vgg13 ILSVRC2012_val_00000604 lime_slic_300 seed=1 2.36s
1965 done imagenet vgg13 ILSVRC2012_val_00000604 rise_mask_0.75 seed=0 3.35s
1966 done imagenet vgg13 ILSVRC2012_val_00000604 lime_mask_0.25 seed=0 2.30s
1967 done imagenet vgg13 ILSVRC2012_val_00000604 lime_mask_0.75 seed=4 2.31s
1968 done imagenet vgg13 ILSVRC2012_val_00000604 lime_mask_0.25 seed=2 2.31s
1969 done imagenet vgg13 ILSVRC2012_val_00000604 lime_slic_50 seed=3 2.30s
1970 done imagenet vgg13 ILSVRC2012_val_00000604 rise_mask_0.25 seed=1 3.36s
1971 done imagenet vgg13 ILSVRC2012_val_00000604 lime_slic_50 seed=2 2.30s
1972 done imagenet vgg13 ILSVRC2012_val_00000604 lime_mask_0.25 seed=3 2.31s
1973 done imagenet vgg13 ILSVRC2012_val_00000604 lime_mask_0.75 seed=0 2.29s
1974 done imagenet vgg13 ILSVRC2012_val_00000604 rise_grid_14 seed=4 3.68s
1975 done imagenet vgg13 ILSVRC2012_val_00000604 rise_grid_10 seed=0 3.30s
1976 done imagenet vgg13 ILSVRC2012_val_00000604 rise_grid_14 seed=3 3.14s
1977 done imagenet vgg13 ILSVRC2012_val_00000604 rise_mask_0.25 seed=4 3.35s
1978 done imagenet vgg13 ILSVRC2012_val_00000604 lime_slic_300 seed=2 2.34s
1979 done imagenet vgg13 ILSVRC2012_val_00000604 lime_slic_300 seed=4 2.36s
1980 done imagenet vgg13 ILSVRC2012_val_00000604 lime_mask_0.75 seed=1 2.28s
1981 done imagenet vgg13 ILSVRC2012_val_00000604 lime_slic_50 seed=0 2.26s
1982 done imagenet vgg13 ILSVRC2012_val_00000604 rise_grid_10 seed=3 3.27s
1983 done imagenet vgg13 ILSVRC2012_val_00000604 lime_slic_200 seed=3 2.32s
1984 done imagenet vgg13 ILSVRC2012_val_00000604 rise_grid_14 seed=1 3.13s
1985 done imagenet vgg13 ILSVRC2012_val_00000604 rise_grid_4 seed=3 3.69s
1986 done imagenet vgg13 ILSVRC2012_val_00000604 rise_mask_0.25 seed=0 3.35s
1987 done imagenet vgg13 ILSVRC2012_val_00000604 rise_mask_0.75 seed=4 3.35s
1988 done imagenet vgg13 ILSVRC2012_val_00000604 lime_slic_300 seed=3 2.33s
1989 done imagenet vgg13 ILSVRC2012_val_00000604 lime_slic_200 seed=1 2.31s
1990 done imagenet vgg13 ILSVRC2012_val_00000604 lime_slic_50 seed=4 2.28s
1991 done imagenet vgg13 ILSVRC2012_val_00000604 rise_grid_4 seed=2 3.69s
1992 done imagenet vgg13 ILSVRC2012_val_00000604 lime_slic_200 seed=4 2.33s
1993 done imagenet vgg13 ILSVRC2012_val_00000604 rise_grid_4 seed=0 3.74s
1994 done imagenet vgg13 ILSVRC2012_val_00000604 rise_grid_14 seed=0 3.24s
1995 done imagenet vgg13 ILSVRC2012_val_00000604 rise_grid_10 seed=4 3.44s
1996 done imagenet vgg13 ILSVRC2012_val_00000604 rise_grid_10 seed=1 3.34s
1997 done imagenet vgg13 ILSVRC2012_val_00000604 rise_mask_0.25 seed=3 3.34s
1998 done imagenet vgg13 ILSVRC2012_val_00000604 rise_mask_0.25 seed=2 3.34s
1999 done imagenet vgg13 ILSVRC2012_val_00000604 lime_slic_200 seed=2 2.33s
2000 done imagenet vgg13 ILSVRC2012_val_00000604 lime_mask_0.25 seed=1 2.28s
2001 done imagenet vgg13 ILSVRC2012_val_00002263 lime_slic_300 seed=2 2.33s
2002 done imagenet vgg13 ILSVRC2012_val_00002263 rise_mask_0.25 seed=3 3.36s
2003 done imagenet vgg13 ILSVRC2012_val_00002263 rise_mask_0.75 seed=1 3.36s
2004 done imagenet vgg13 ILSVRC2012_val_00002263 lime_slic_300 seed=3 2.35s
2005 done imagenet vgg13 ILSVRC2012_val_00002263 lime_mask_0.25 seed=1 2.29s
2006 done imagenet vgg13 ILSVRC2012_val_00002263 lime_mask_0.25 seed=3 2.29s
2007 done imagenet vgg13 ILSVRC2012_val_00002263 lime_slic_300 seed=4 2.35s
2008 done imagenet vgg13 ILSVRC2012_val_00002263 lime_mask_0.25 seed=2 2.29s
2009 done imagenet vgg13 ILSVRC2012_val_00002263 rise_grid_14 seed=4 3.15s
2010 done imagenet vgg13 ILSVRC2012_val_00002263 rise_grid_4 seed=0 3.71s
2011 done imagenet vgg13 ILSVRC2012_val_00002263 rise_mask_0.75 seed=4 3.35s
2012 done imagenet vgg13 ILSVRC2012_val_00002263 rise_grid_10 seed=0 3.31s
2013 done imagenet vgg13 ILSVRC2012_val_00002263 lime_slic_300 seed=1 2.34s
2014 done imagenet vgg13 ILSVRC2012_val_00002263 lime_mask_0.25 seed=4 2.30s
2015 done imagenet vgg13 ILSVRC2012_val_00002263 rise_mask_0.25 seed=2 3.36s
2016 done imagenet vgg13 ILSVRC2012_val_00002263 rise_grid_4 seed=3 3.71s
2017 done imagenet vgg13 ILSVRC2012_val_00002263 lime_slic_300 seed=0 2.36s
2018 done imagenet vgg13 ILSVRC2012_val_00002263 rise_grid_4 seed=4 3.71s
2019 done imagenet vgg13 ILSVRC2012_val_00002263 lime_slic_50 seed=0 2.28s
2020 done imagenet vgg13 ILSVRC2012_val_00002263 lime_slic_200 seed=0 2.25s
2021 done imagenet vgg13 ILSVRC2012_val_00002263 lime_mask_0.75 seed=1 2.29s
2022 done imagenet vgg13 ILSVRC2012_val_00002263 rise_grid_14 seed=0 3.15s
2023 done imagenet vgg13 ILSVRC2012_val_00002263 lime_slic_200 seed=4 2.32s
2024 done imagenet vgg13 ILSVRC2012_val_00002263 rise_mask_0.75 seed=0 3.35s
2025 done imagenet vgg13 ILSVRC2012_val_00002263 lime_slic_50 seed=1 2.29s
2026 done imagenet vgg13 ILSVRC2012_val_00002263 rise_mask_0.75 seed=3 3.35s
2027 done imagenet vgg13 ILSVRC2012_val_00002263 rise_grid_14 seed=2 3.14s
2028 done imagenet vgg13 ILSVRC2012_val_00002263 rise_mask_0.75 seed=2 3.35s
2029 done imagenet vgg13 ILSVRC2012_val_00002263 lime_mask_0.75 seed=2 2.30s
2030 done imagenet vgg13 ILSVRC2012_val_00002263 rise_grid_10 seed=2 3.28s
2031 done imagenet vgg13 ILSVRC2012_val_00002263 lime_slic_50 seed=3 2.28s
2032 done imagenet vgg13 ILSVRC2012_val_00002263 rise_grid_10 seed=1 3.30s
2033 done imagenet vgg13 ILSVRC2012_val_00002263 rise_mask_0.25 seed=1 3.35s
2034 done imagenet vgg13 ILSVRC2012_val_00002263 lime_slic_50 seed=2 2.22s
2035 done imagenet vgg13 ILSVRC2012_val_00002263 lime_mask_0.75 seed=0 2.25s
2036 done imagenet vgg13 ILSVRC2012_val_00002263 rise_grid_14 seed=3 3.16s
2037 done imagenet vgg13 ILSVRC2012_val_00002263 lime_slic_200 seed=3 2.32s
2038 done imagenet vgg13 ILSVRC2012_val_00002263 lime_slic_200 seed=1 2.33s
2039 done imagenet vgg13 ILSVRC2012_val_00002263 lime_slic_50 seed=4 2.29s
2040 done imagenet vgg13 ILSVRC2012_val_00002263 lime_mask_0.25 seed=0 2.29s
2041 done imagenet vgg13 ILSVRC2012_val_00002263 rise_grid_10 seed=4 3.31s
2042 done imagenet vgg13 ILSVRC2012_val_00002263 lime_mask_0.75 seed=4 2.30s
2043 done imagenet vgg13 ILSVRC2012_val_00002263 rise_grid_4 seed=2 3.74s
2044 done imagenet vgg13 ILSVRC2012_val_00002263 rise_grid_4 seed=1 3.70s
2045 done imagenet vgg13 ILSVRC2012_val_00002263 rise_grid_14 seed=1 3.16s
2046 done imagenet vgg13 ILSVRC2012_val_00002263 lime_mask_0.75 seed=3 2.30s
2047 done imagenet vgg13 ILSVRC2012_val_00002263 rise_mask_0.25 seed=0 3.36s
2048 done imagenet vgg13 ILSVRC2012_val_00002263 rise_grid_10 seed=3 3.31s
2049 done imagenet vgg13 ILSVRC2012_val_00002263 rise_mask_0.25 seed=4 3.37s
2050 done imagenet vgg13 ILSVRC2012_val_00002263 lime_slic_200 seed=2 2.34s
2051 done imagenet vgg13 ILSVRC2012_val_00002769 rise_grid_4 seed=2 3.74s
2052 done imagenet vgg13 ILSVRC2012_val_00002769 lime_slic_200 seed=3 2.35s
2053 done imagenet vgg13 ILSVRC2012_val_00002769 lime_slic_300 seed=1 2.37s
2054 done imagenet vgg13 ILSVRC2012_val_00002769 lime_slic_50 seed=3 2.32s
2055 done imagenet vgg13 ILSVRC2012_val_00002769 rise_grid_4 seed=4 3.72s
2056 done imagenet vgg13 ILSVRC2012_val_00002769 lime_mask_0.25 seed=3 2.30s
2057 done imagenet vgg13 ILSVRC2012_val_00002769 rise_mask_0.75 seed=0 3.36s
2058 done imagenet vgg13 ILSVRC2012_val_00002769 lime_mask_0.75 seed=4 2.31s
2059 done imagenet vgg13 ILSVRC2012_val_00002769 lime_mask_0.25 seed=1 2.29s
2060 done imagenet vgg13 ILSVRC2012_val_00002769 lime_mask_0.25 seed=4 2.24s
2061 done imagenet vgg13 ILSVRC2012_val_00002769 rise_mask_0.25 seed=1 3.36s
2062 done imagenet vgg13 ILSVRC2012_val_00002769 lime_slic_300 seed=0 2.35s
2063 done imagenet vgg13 ILSVRC2012_val_00002769 rise_grid_14 seed=4 3.14s
2064 done imagenet vgg13 ILSVRC2012_val_00002769 lime_mask_0.25 seed=2 2.29s
2065 done imagenet vgg13 ILSVRC2012_val_00002769 rise_grid_10 seed=2 3.30s
2066 done imagenet vgg13 ILSVRC2012_val_00002769 rise_grid_4 seed=0 3.70s
2067 done imagenet vgg13 ILSVRC2012_val_00002769 lime_slic_300 seed=3 2.33s
2068 done imagenet vgg13 ILSVRC2012_val_00002769 rise_grid_10 seed=4 3.31s
2069 done imagenet vgg13 ILSVRC2012_val_00002769 rise_mask_0.75 seed=3 3.36s
2070 done imagenet vgg13 ILSVRC2012_val_00002769 rise_mask_0.25 seed=0 3.35s
2071 done imagenet vgg13 ILSVRC2012_val_00002769 lime_slic_50 seed=0 2.30s
2072 done imagenet vgg13 ILSVRC2012_val_00002769 rise_grid_14 seed=0 4.30s
2073 done imagenet vgg13 ILSVRC2012_val_00002769 rise_mask_0.75 seed=2 4.56s
2074 done imagenet vgg13 ILSVRC2012_val_00002769 rise_grid_14 seed=3 4.29s
2075 done imagenet vgg13 ILSVRC2012_val_00002769 rise_mask_0.25 seed=3 4.54s
2076 done imagenet vgg13 ILSVRC2012_val_00002769 rise_mask_0.25 seed=2 4.54s
2077 done imagenet vgg13 ILSVRC2012_val_00002769 rise_grid_10 seed=0 4.47s
2078 done imagenet vgg13 ILSVRC2012_val_00002769 lime_slic_200 seed=1 2.32s
2079 done imagenet vgg13 ILSVRC2012_val_00002769 rise_grid_14 seed=1 4.29s
2080 done imagenet vgg13 ILSVRC2012_val_00002769 lime_mask_0.75 seed=3 2.30s
2081 done imagenet vgg13 ILSVRC2012_val_00002769 lime_slic_200 seed=0 2.33s
2082 done imagenet vgg13 ILSVRC2012_val_00002769 rise_mask_0.75 seed=4 4.54s
2083 done imagenet vgg13 ILSVRC2012_val_00002769 rise_grid_4 seed=3 4.94s
2084 done imagenet vgg13 ILSVRC2012_val_00002769 lime_slic_50 seed=2 2.30s
2085 done imagenet vgg13 ILSVRC2012_val_00002769 rise_grid_14 seed=2 4.29s
2086 done imagenet vgg13 ILSVRC2012_val_00002769 rise_grid_10 seed=1 4.48s
2087 done imagenet vgg13 ILSVRC2012_val_00002769 lime_mask_0.75 seed=1 2.30s
2088 done imagenet vgg13 ILSVRC2012_val_00002769 rise_mask_0.25 seed=4 4.54s
2089 done imagenet vgg13 ILSVRC2012_val_00002769 lime_mask_0.75 seed=0 2.32s
2090 done imagenet vgg13 ILSVRC2012_val_00002769 rise_grid_4 seed=1 4.93s
2091 done imagenet vgg13 ILSVRC2012_val_00002769 lime_slic_200 seed=4 2.32s
2092 done imagenet vgg13 ILSVRC2012_val_00002769 lime_slic_300 seed=2 2.35s
2093 done imagenet vgg13 ILSVRC2012_val_00002769 lime_slic_50 seed=1 2.28s
2094 done imagenet vgg13 ILSVRC2012_val_00002769 lime_mask_0.25 seed=0 2.27s
2095 done imagenet vgg13 ILSVRC2012_val_00002769 lime_slic_200 seed=2 2.34s
2096 done imagenet vgg13 ILSVRC2012_val_00002769 lime_mask_0.75 seed=2 2.30s
2097 done imagenet vgg13 ILSVRC2012_val_00002769 lime_slic_300 seed=4 2.35s
2098 done imagenet vgg13 ILSVRC2012_val_00002769 rise_mask_0.75 seed=1 4.54s
2099 done imagenet vgg13 ILSVRC2012_val_00002769 rise_grid_10 seed=3 4.48s
2100 done imagenet vgg13 ILSVRC2012_val_00002769 lime_slic_50 seed=4 2.30s
2101 done imagenet vgg13 ILSVRC2012_val_00004344 lime_slic_200 seed=3 2.34s
2102 done imagenet vgg13 ILSVRC2012_val_00004344 lime_slic_300 seed=2 2.36s
2103 done imagenet vgg13 ILSVRC2012_val_00004344 lime_slic_50 seed=1 2.30s
2104 done imagenet vgg13 ILSVRC2012_val_00004344 rise_grid_14 seed=4 4.29s
2105 done imagenet vgg13 ILSVRC2012_val_00004344 rise_mask_0.75 seed=2 4.54s
2106 done imagenet vgg13 ILSVRC2012_val_00004344 lime_slic_300 seed=0 2.35s
2107 done imagenet vgg13 ILSVRC2012_val_00004344 rise_grid_4 seed=0 4.94s
2108 done imagenet vgg13 ILSVRC2012_val_00004344 lime_mask_0.75 seed=2 2.30s
2109 done imagenet vgg13 ILSVRC2012_val_00004344 rise_mask_0.25 seed=4 3.62s
2110 done imagenet vgg13 ILSVRC2012_val_00004344 rise_mask_0.75 seed=4 3.54s
2111 done imagenet vgg13 ILSVRC2012_val_00004344 rise_grid_14 seed=2 3.16s
2112 done imagenet vgg13 ILSVRC2012_val_00004344 rise_grid_10 seed=2 3.44s
2113 done imagenet vgg13 ILSVRC2012_val_00004344 rise_grid_4 seed=2 3.75s
2114 done imagenet vgg13 ILSVRC2012_val_00004344 rise_grid_4 seed=4 3.77s
2115 done imagenet vgg13 ILSVRC2012_val_00004344 lime_mask_0.25 seed=4 2.31s
2116 done imagenet vgg13 ILSVRC2012_val_00004344 rise_grid_10 seed=3 3.36s
2117 done imagenet vgg13 ILSVRC2012_val_00004344 rise_mask_0.75 seed=3 3.41s
2118 done imagenet vgg13 ILSVRC2012_val_00004344 lime_slic_50 seed=2 2.30s
2119 done imagenet vgg13 ILSVRC2012_val_00004344 rise_grid_14 seed=3 3.19s
2120 done imagenet vgg13 ILSVRC2012_val_00004344 lime_mask_0.25 seed=0 2.31s
2121 done imagenet vgg13 ILSVRC2012_val_00004344 rise_grid_14 seed=1 3.19s
2122 done imagenet vgg13 ILSVRC2012_val_00004344 rise_grid_4 seed=1 3.81s
2123 done imagenet vgg13 ILSVRC2012_val_00004344 lime_mask_0.75 seed=3 2.30s
2124 done imagenet vgg13 ILSVRC2012_val_00004344 lime_mask_0.25 seed=1 2.30s
2125 done imagenet vgg13 ILSVRC2012_val_00004344 rise_grid_14 seed=0 3.10s
2126 done imagenet vgg13 ILSVRC2012_val_00004344 lime_slic_50 seed=4 2.29s
2127 done imagenet vgg13 ILSVRC2012_val_00004344 lime_slic_300 seed=4 2.35s
2128 done imagenet vgg13 ILSVRC2012_val_00004344 rise_mask_0.25 seed=1 4.41s
2129 done imagenet vgg13 ILSVRC2012_val_00004344 lime_mask_0.75 seed=4 2.30s
2130 done imagenet vgg13 ILSVRC2012_val_00004344 lime_slic_200 seed=0 2.32s
2131 done imagenet vgg13 ILSVRC2012_val_00004344 rise_grid_10 seed=4 3.31s
2132 done imagenet vgg13 ILSVRC2012_val_00004344 rise_mask_0.75 seed=1 3.38s
2133 done imagenet vgg13 ILSVRC2012_val_00004344 lime_mask_0.75 seed=1 2.31s
2134 done imagenet vgg13 ILSVRC2012_val_00004344 lime_slic_200 seed=4 2.30s
2135 done imagenet vgg13 ILSVRC2012_val_00004344 lime_slic_300 seed=3 2.35s
2136 done imagenet vgg13 ILSVRC2012_val_00004344 lime_slic_200 seed=1 2.33s
2137 done imagenet vgg13 ILSVRC2012_val_00004344 rise_grid_10 seed=0 3.34s
2138 done imagenet vgg13 ILSVRC2012_val_00004344 rise_grid_10 seed=1 3.30s
2139 done imagenet vgg13 ILSVRC2012_val_00004344 rise_mask_0.25 seed=2 3.36s
2140 done imagenet vgg13 ILSVRC2012_val_00004344 lime_slic_50 seed=3 2.30s
2141 done imagenet vgg13 ILSVRC2012_val_00004344 rise_grid_4 seed=3 3.67s
2142 done imagenet vgg13 ILSVRC2012_val_00004344 lime_mask_0.25 seed=2 2.29s
2143 done imagenet vgg13 ILSVRC2012_val_00004344 lime_mask_0.75 seed=0 2.30s
2144 done imagenet vgg13 ILSVRC2012_val_00004344 lime_slic_50 seed=0 2.30s
2145 done imagenet vgg13 ILSVRC2012_val_00004344 rise_mask_0.25 seed=3 3.48s
2146 done imagenet vgg13 ILSVRC2012_val_00004344 lime_mask_0.25 seed=3 2.32s
2147 done imagenet vgg13 ILSVRC2012_val_00004344 lime_slic_300 seed=1 2.38s
2148 done imagenet vgg13 ILSVRC2012_val_00004344 lime_slic_200 seed=2 2.35s
2149 done imagenet vgg13 ILSVRC2012_val_00004344 rise_mask_0.25 seed=0 3.41s
2150 done imagenet vgg13 ILSVRC2012_val_00004344 rise_mask_0.75 seed=0 3.42s
2151 done imagenet vgg13 ILSVRC2012_val_00005454 rise_grid_4 seed=2 3.75s
2152 done imagenet vgg13 ILSVRC2012_val_00005454 lime_slic_300 seed=4 2.36s
2153 done imagenet vgg13 ILSVRC2012_val_00005454 lime_slic_50 seed=3 2.30s
2154 done imagenet vgg13 ILSVRC2012_val_00005454 rise_grid_4 seed=4 3.77s
2155 done imagenet vgg13 ILSVRC2012_val_00005454 lime_mask_0.75 seed=1 2.33s
2156 done imagenet vgg13 ILSVRC2012_val_00005454 rise_mask_0.75 seed=3 3.42s
2157 done imagenet vgg13 ILSVRC2012_val_00005454 rise_grid_10 seed=2 3.37s
2158 done imagenet vgg13 ILSVRC2012_val_00005454 lime_slic_200 seed=1 2.36s
2159 done imagenet vgg13 ILSVRC2012_val_00005454 rise_grid_14 seed=4 4.29s
2160 done imagenet vgg13 ILSVRC2012_val_00005454 lime_mask_0.25 seed=3 2.31s
2161 done imagenet vgg13 ILSVRC2012_val_00005454 lime_slic_300 seed=2 2.37s
2162 done imagenet vgg13 ILSVRC2012_val_00005454 rise_grid_4 seed=1 4.26s
2163 done imagenet vgg13 ILSVRC2012_val_00005454 rise_mask_0.75 seed=1 3.38s
2164 done imagenet vgg13 ILSVRC2012_val_00005454 lime_slic_200 seed=0 2.31s
2165 done imagenet vgg13 ILSVRC2012_val_00005454 lime_slic_50 seed=4 2.28s
2166 done imagenet vgg13 ILSVRC2012_val_00005454 lime_mask_0.75 seed=2 2.28s
2167 done imagenet vgg13 ILSVRC2012_val_00005454 rise_grid_14 seed=0 3.14s
2168 done imagenet vgg13 ILSVRC2012_val_00005454 rise_grid_4 seed=0 3.70s
2169 done imagenet vgg13 ILSVRC2012_val_00005454 rise_grid_10 seed=1 3.30s
2170 done imagenet vgg13 ILSVRC2012_val_00005454 rise_mask_0.25 seed=4 3.35s
2171 done imagenet vgg13 ILSVRC2012_val_00005454 rise_mask_0.25 seed=1 3.35s
2172 done imagenet vgg13 ILSVRC2012_val_00005454 rise_mask_0.25 seed=2 3.35s
2173 done imagenet vgg13 ILSVRC2012_val_00005454 rise_mask_0.25 seed=0 3.35s
2174 done imagenet vgg13 ILSVRC2012_val_00005454 rise_grid_10 seed=3 3.35s
2175 done imagenet vgg13 ILSVRC2012_val_00005454 rise_grid_4 seed=3 4.94s
2176 done imagenet vgg13 ILSVRC2012_val_00005454 rise_grid_14 seed=2 4.29s
2177 done imagenet vgg13 ILSVRC2012_val_00005454 rise_grid_10 seed=0 4.48s
2178 done imagenet vgg13 ILSVRC2012_val_00005454 lime_slic_300 seed=3 2.38s
2179 done imagenet vgg13 ILSVRC2012_val_00005454 lime_slic_300 seed=1 2.37s
2180 done imagenet vgg13 ILSVRC2012_val_00005454 rise_grid_10 seed=4 4.50s
2181 done imagenet vgg13 ILSVRC2012_val_00005454 lime_slic_200 seed=3 2.34s
2182 done imagenet vgg13 ILSVRC2012_val_00005454 rise_mask_0.25 seed=3 4.54s
2183 done imagenet vgg13 ILSVRC2012_val_00005454 rise_grid_14 seed=3 4.29s
2184 done imagenet vgg13 ILSVRC2012_val_00005454 rise_mask_0.75 seed=4 4.55s
2185 done imagenet vgg13 ILSVRC2012_val_00005454 lime_mask_0.75 seed=0 2.31s
2186 done imagenet vgg13 ILSVRC2012_val_00005454 lime_slic_50 seed=1 2.30s
2187 done imagenet vgg13 ILSVRC2012_val_00005454 lime_slic_200 seed=4 2.34s
2188 done imagenet vgg13 ILSVRC2012_val_00005454 lime_slic_50 seed=0 2.29s
2189 done imagenet vgg13 ILSVRC2012_val_00005454 lime_mask_0.25 seed=1 2.31s
2190 done imagenet vgg13 ILSVRC2012_val_00005454 lime_mask_0.75 seed=4 2.32s
2191 done imagenet vgg13 ILSVRC2012_val_00005454 lime_mask_0.75 seed=3 2.32s
2192 done imagenet vgg13 ILSVRC2012_val_00005454 rise_mask_0.75 seed=0 4.54s
2193 done imagenet vgg13 ILSVRC2012_val_00005454 rise_mask_0.75 seed=2 4.53s
2194 done imagenet vgg13 ILSVRC2012_val_00005454 rise_grid_14 seed=1 4.29s
2195 done imagenet vgg13 ILSVRC2012_val_00005454 lime_slic_300 seed=0 2.39s
2196 done imagenet vgg13 ILSVRC2012_val_00005454 lime_mask_0.25 seed=0 2.34s
2197 done imagenet vgg13 ILSVRC2012_val_00005454 lime_mask_0.25 seed=2 2.31s
2198 done imagenet vgg13 ILSVRC2012_val_00005454 lime_slic_200 seed=2 2.35s
2199 done imagenet vgg13 ILSVRC2012_val_00005454 lime_mask_0.25 seed=4 2.32s
2200 done imagenet vgg13 ILSVRC2012_val_00005454 lime_slic_50 seed=2 2.31s
2201 done imagenet vgg13 ILSVRC2012_val_00005904 rise_mask_0.25 seed=0 4.55s
2202 done imagenet vgg13 ILSVRC2012_val_00005904 lime_slic_300 seed=4 2.39s
2203 done imagenet vgg13 ILSVRC2012_val_00005904 rise_grid_10 seed=1 4.49s
2204 done imagenet vgg13 ILSVRC2012_val_00005904 lime_slic_50 seed=4 2.31s
2205 done imagenet vgg13 ILSVRC2012_val_00005904 lime_slic_200 seed=2 2.37s
2206 done imagenet vgg13 ILSVRC2012_val_00005904 rise_grid_10 seed=2 4.49s
2207 done imagenet vgg13 ILSVRC2012_val_00005904 lime_mask_0.75 seed=1 2.30s
2208 done imagenet vgg13 ILSVRC2012_val_00005904 lime_mask_0.75 seed=4 2.31s
2209 done imagenet vgg13 ILSVRC2012_val_00005904 lime_slic_300 seed=3 2.38s
2210 done imagenet vgg13 ILSVRC2012_val_00005904 lime_mask_0.25 seed=0 2.32s
2211 done imagenet vgg13 ILSVRC2012_val_00005904 lime_slic_50 seed=0 2.31s
2212 done imagenet vgg13 ILSVRC2012_val_00005904 rise_grid_14 seed=3 4.30s
2213 done imagenet vgg13 ILSVRC2012_val_00005904 rise_grid_14 seed=1 4.30s
2214 done imagenet vgg13 ILSVRC2012_val_00005904 lime_mask_0.75 seed=0 2.32s
2215 done imagenet vgg13 ILSVRC2012_val_00005904 rise_mask_0.25 seed=1 3.84s
2216 done imagenet vgg13 ILSVRC2012_val_00005904 rise_grid_14 seed=4 3.14s
2217 done imagenet vgg13 ILSVRC2012_val_00005904 rise_grid_10 seed=3 3.31s
2218 done imagenet vgg13 ILSVRC2012_val_00005904 lime_mask_0.25 seed=1 2.27s
2219 done imagenet vgg13 ILSVRC2012_val_00005904 rise_mask_0.25 seed=3 4.31s
2220 done imagenet vgg13 ILSVRC2012_val_00005904 rise_mask_0.25 seed=2 4.07s
2221 done imagenet vgg13 ILSVRC2012_val_00005904 rise_mask_0.75 seed=0 3.35s
2222 done imagenet vgg13 ILSVRC2012_val_00005904 lime_mask_0.25 seed=2 2.25s
2223 done imagenet vgg13 ILSVRC2012_val_00005904 lime_slic_200 seed=1 2.25s
2224 done imagenet vgg13 ILSVRC2012_val_00005904 lime_mask_0.25 seed=3 2.29s
2225 done imagenet vgg13 ILSVRC2012_val_00005904 rise_mask_0.75 seed=2 3.54s
2226 done imagenet vgg13 ILSVRC2012_val_00005904 lime_mask_0.25 seed=4 2.33s
2227 done imagenet vgg13 ILSVRC2012_val_00005904 rise_mask_0.75 seed=1 3.35s
2228 done imagenet vgg13 ILSVRC2012_val_00005904 lime_slic_200 seed=0 2.34s
2229 done imagenet vgg13 ILSVRC2012_val_00005904 lime_mask_0.75 seed=3 2.31s
2230 done imagenet vgg13 ILSVRC2012_val_00005904 rise_mask_0.75 seed=3 3.35s
2231 done imagenet vgg13 ILSVRC2012_val_00005904 rise_grid_4 seed=2 3.70s
2232 done imagenet vgg13 ILSVRC2012_val_00005904 lime_slic_50 seed=2 2.32s
2233 done imagenet vgg13 ILSVRC2012_val_00005904 lime_slic_50 seed=1 2.31s
2234 done imagenet vgg13 ILSVRC2012_val_00005904 rise_mask_0.75 seed=4 3.35s
2235 done imagenet vgg13 ILSVRC2012_val_00005904 rise_grid_10 seed=4 3.30s
2236 done imagenet vgg13 ILSVRC2012_val_00005904 rise_grid_14 seed=2 3.18s
2237 done imagenet vgg13 ILSVRC2012_val_00005904 rise_mask_0.25 seed=4 3.36s
2238 done imagenet vgg13 ILSVRC2012_val_00005904 lime_mask_0.75 seed=2 2.33s
2239 done imagenet vgg13 ILSVRC2012_val_00005904 rise_grid_4 seed=1 3.67s
2240 done imagenet vgg13 ILSVRC2012_val_00005904 rise_grid_10 seed=0 3.29s
2241 done imagenet vgg13 ILSVRC2012_val_00005904 lime_slic_200 seed=4 2.34s
2242 done imagenet vgg13 ILSVRC2012_val_00005904 rise_grid_14 seed=0 3.14s
2243 done imagenet vgg13 ILSVRC2012_val_00005904 rise_grid_4 seed=0 3.69s
2244 done imagenet vgg13 ILSVRC2012_val_00005904 lime_slic_300 seed=1 2.36s
2245 done imagenet vgg13 ILSVRC2012_val_00005904 rise_grid_4 seed=4 3.70s
2246 done imagenet vgg13 ILSVRC2012_val_00005904 lime_slic_50 seed=3 2.31s
2247 done imagenet vgg13 ILSVRC2012_val_00005904 lime_slic_200 seed=3 2.32s
2248 done imagenet vgg13 ILSVRC2012_val_00005904 rise_grid_4 seed=3 3.69s
2249 done imagenet vgg13 ILSVRC2012_val_00005904 lime_slic_300 seed=0 2.37s
2250 done imagenet vgg13 ILSVRC2012_val_00005904 lime_slic_300 seed=2 2.38s
2251 done imagenet vgg13 ILSVRC2012_val_00006283 lime_mask_0.75 seed=0 2.31s
2252 done imagenet vgg13 ILSVRC2012_val_00006283 rise_grid_4 seed=2 3.70s
2253 done imagenet vgg13 ILSVRC2012_val_00006283 rise_grid_10 seed=0 3.29s
2254 done imagenet vgg13 ILSVRC2012_val_00006283 rise_grid_4 seed=4 3.69s
2255 done imagenet vgg13 ILSVRC2012_val_00006283 lime_mask_0.75 seed=2 2.30s
2256 done imagenet vgg13 ILSVRC2012_val_00006283 lime_mask_0.75 seed=1 2.31s
2257 done imagenet vgg13 ILSVRC2012_val_00006283 rise_grid_10 seed=3 3.30s
2258 done imagenet vgg13 ILSVRC2012_val_00006283 lime_slic_200 seed=1 2.34s
2259 done imagenet vgg13 ILSVRC2012_val_00006283 rise_mask_0.75 seed=3 3.34s
2260 done imagenet vgg13 ILSVRC2012_val_00006283 lime_slic_300 seed=0 2.37s
2261 done imagenet vgg13 ILSVRC2012_val_00006283 rise_grid_14 seed=0 3.14s
2262 done imagenet vgg13 ILSVRC2012_val_00006283 lime_mask_0.75 seed=3 2.31s
2263 done imagenet vgg13 ILSVRC2012_val_00006283 rise_mask_0.25 seed=3 3.34s
2264 done imagenet vgg13 ILSVRC2012_val_00006283 rise_mask_0.25 seed=0 3.33s
2265 done imagenet vgg13 ILSVRC2012_val_00006283 rise_grid_14 seed=4 3.17s
2266 done imagenet vgg13 ILSVRC2012_val_00006283 rise_mask_0.75 seed=4 3.34s
2267 done imagenet vgg13 ILSVRC2012_val_00006283 rise_grid_14 seed=3 3.17s
2268 done imagenet vgg13 ILSVRC2012_val_00006283 rise_mask_0.75 seed=2 3.34s
2269 done imagenet vgg13 ILSVRC2012_val_00006283 lime_mask_0.25 seed=0 2.31s
2270 done imagenet vgg13 ILSVRC2012_val_00006283 lime_slic_300 seed=4 2.38s
2271 done imagenet vgg13 ILSVRC2012_val_00006283 lime_slic_200 seed=3 2.36s
2272 done imagenet vgg13 ILSVRC2012_val_00006283 lime_slic_200 seed=2 2.35s
2273 done imagenet vgg13 ILSVRC2012_val_00006283 lime_mask_0.25 seed=4 2.30s
2274 done imagenet vgg13 ILSVRC2012_val_00006283 lime_mask_0.25 seed=3 2.30s
2275 done imagenet vgg13 ILSVRC2012_val_00006283 rise_grid_14 seed=1 3.12s
2276 done imagenet vgg13 ILSVRC2012_val_00006283 lime_slic_300 seed=1 2.34s
2277 done imagenet vgg13 ILSVRC2012_val_00006283 lime_mask_0.25 seed=2 2.31s
2278 done imagenet vgg13 ILSVRC2012_val_00006283 rise_grid_4 seed=3 3.70s
2279 done imagenet vgg13 ILSVRC2012_val_00006283 lime_slic_50 seed=2 2.31s
2280 done imagenet vgg13 ILSVRC2012_val_00006283 rise_grid_10 seed=1 3.29s
2281 done imagenet vgg13 ILSVRC2012_val_00006283 lime_slic_50 seed=0 2.32s
2282 done imagenet vgg13 ILSVRC2012_val_00006283 lime_slic_50 seed=1 2.32s
2283 done imagenet vgg13 ILSVRC2012_val_00006283 rise_mask_0.25 seed=1 3.35s
2284 done imagenet vgg13 ILSVRC2012_val_00006283 lime_slic_50 seed=3 2.31s
2285 done imagenet vgg13 ILSVRC2012_val_00006283 rise_grid_10 seed=2 3.29s
2286 done imagenet vgg13 ILSVRC2012_val_00006283 lime_slic_300 seed=3 2.39s
2287 done imagenet vgg13 ILSVRC2012_val_00006283 rise_mask_0.25 seed=4 3.35s
2288 done imagenet vgg13 ILSVRC2012_val_00006283 rise_grid_4 seed=0 3.70s
2289 done imagenet vgg13 ILSVRC2012_val_00006283 lime_slic_300 seed=2 2.38s
2290 done imagenet vgg13 ILSVRC2012_val_00006283 rise_grid_14 seed=2 3.14s
2291 done imagenet vgg13 ILSVRC2012_val_00006283 lime_slic_50 seed=4 2.31s
2292 done imagenet vgg13 ILSVRC2012_val_00006283 rise_mask_0.25 seed=2 3.35s
2293 done imagenet vgg13 ILSVRC2012_val_00006283 lime_mask_0.75 seed=4 2.32s
2294 done imagenet vgg13 ILSVRC2012_val_00006283 rise_mask_0.75 seed=0 3.36s
2295 done imagenet vgg13 ILSVRC2012_val_00006283 lime_mask_0.25 seed=1 2.35s
2296 done imagenet vgg13 ILSVRC2012_val_00006283 lime_slic_200 seed=4 2.34s
2297 done imagenet vgg13 ILSVRC2012_val_00006283 rise_grid_4 seed=1 3.71s
2298 done imagenet vgg13 ILSVRC2012_val_00006283 rise_mask_0.75 seed=1 3.35s
2299 done imagenet vgg13 ILSVRC2012_val_00006283 rise_grid_10 seed=4 3.30s
2300 done imagenet vgg13 ILSVRC2012_val_00006283 lime_slic_200 seed=0 2.35s
2301 done imagenet vgg13 ILSVRC2012_val_00006551 rise_grid_10 seed=2 3.30s
2302 done imagenet vgg13 ILSVRC2012_val_00006551 lime_slic_300 seed=1 2.36s
2303 done imagenet vgg13 ILSVRC2012_val_00006551 rise_mask_0.25 seed=2 3.35s
2304 done imagenet vgg13 ILSVRC2012_val_00006551 rise_mask_0.75 seed=3 3.33s
2305 done imagenet vgg13 ILSVRC2012_val_00006551 rise_grid_4 seed=0 3.70s
2306 done imagenet vgg13 ILSVRC2012_val_00006551 rise_mask_0.25 seed=1 3.35s
2307 done imagenet vgg13 ILSVRC2012_val_00006551 lime_mask_0.75 seed=4 2.31s
2308 done imagenet vgg13 ILSVRC2012_val_00006551 rise_grid_14 seed=2 3.14s
2309 done imagenet vgg13 ILSVRC2012_val_00006551 rise_grid_4 seed=1 3.70s
2310 done imagenet vgg13 ILSVRC2012_val_00006551 rise_mask_0.75 seed=1 3.35s
2311 done imagenet vgg13 ILSVRC2012_val_00006551 rise_grid_10 seed=4 3.30s
2312 done imagenet vgg13 ILSVRC2012_val_00006551 lime_slic_300 seed=2 2.37s
2313 done imagenet vgg13 ILSVRC2012_val_00006551 lime_slic_50 seed=2 2.31s
2314 done imagenet vgg13 ILSVRC2012_val_00006551 rise_mask_0.75 seed=2 3.35s
2315 done imagenet vgg13 ILSVRC2012_val_00006551 rise_grid_4 seed=4 3.74s
2316 done imagenet vgg13 ILSVRC2012_val_00006551 lime_slic_300 seed=3 2.37s
2317 done imagenet vgg13 ILSVRC2012_val_00006551 lime_slic_200 seed=3 2.35s
2318 done imagenet vgg13 ILSVRC2012_val_00006551 lime_slic_300 seed=4 2.38s
2319 done imagenet vgg13 ILSVRC2012_val_00006551 rise_grid_14 seed=1 3.14s
2320 done imagenet vgg13 ILSVRC2012_val_00006551 rise_mask_0.75 seed=4 3.35s
2321 done imagenet vgg13 ILSVRC2012_val_00006551 lime_mask_0.25 seed=4 2.32s
2322 done imagenet vgg13 ILSVRC2012_val_00006551 lime_slic_200 seed=2 2.34s
2323 done imagenet vgg13 ILSVRC2012_val_00006551 rise_mask_0.25 seed=4 3.35s
2324 done imagenet vgg13 ILSVRC2012_val_00006551 lime_slic_300 seed=0 2.38s
2325 done imagenet vgg13 ILSVRC2012_val_00006551 lime_slic_50 seed=0 2.31s
2326 done imagenet vgg13 ILSVRC2012_val_00006551 lime_mask_0.25 seed=2 2.31s
2327 done imagenet vgg13 ILSVRC2012_val_00006551 lime_mask_0.75 seed=0 2.31s
2328 done imagenet vgg13 ILSVRC2012_val_00006551 lime_mask_0.25 seed=0 2.31s
2329 done imagenet vgg13 ILSVRC2012_val_00006551 lime_slic_200 seed=0 2.34s
2330 done imagenet vgg13 ILSVRC2012_val_00006551 lime_slic_50 seed=1 2.32s
2331 done imagenet vgg13 ILSVRC2012_val_00006551 rise_grid_10 seed=3 3.30s
2332 done imagenet vgg13 ILSVRC2012_val_00006551 rise_mask_0.25 seed=3 3.42s
2333 done imagenet vgg13 ILSVRC2012_val_00006551 lime_mask_0.25 seed=3 2.31s
2334 done imagenet vgg13 ILSVRC2012_val_00006551 rise_grid_14 seed=0 3.16s
2335 done imagenet vgg13 ILSVRC2012_val_00006551 lime_slic_200 seed=1 2.35s
2336 done imagenet vgg13 ILSVRC2012_val_00006551 rise_grid_10 seed=0 3.30s
2337 done imagenet vgg13 ILSVRC2012_val_00006551 lime_slic_50 seed=4 2.31s
2338 done imagenet vgg13 ILSVRC2012_val_00006551 rise_grid_10 seed=1 4.48s
2339 done imagenet vgg13 ILSVRC2012_val_00006551 lime_mask_0.75 seed=3 2.29s
2340 done imagenet vgg13 ILSVRC2012_val_00006551 lime_mask_0.25 seed=1 2.30s
2341 done imagenet vgg13 ILSVRC2012_val_00006551 rise_mask_0.25 seed=0 4.54s
2342 done imagenet vgg13 ILSVRC2012_val_00006551 lime_slic_50 seed=3 2.29s
2343 done imagenet vgg13 ILSVRC2012_val_00006551 rise_grid_4 seed=2 4.93s
2344 done imagenet vgg13 ILSVRC2012_val_00006551 rise_grid_14 seed=3 4.28s
2345 done imagenet vgg13 ILSVRC2012_val_00006551 lime_slic_200 seed=4 2.32s
2346 done imagenet vgg13 ILSVRC2012_val_00006551 rise_grid_14 seed=4 4.28s
2347 done imagenet vgg13 ILSVRC2012_val_00006551 lime_mask_0.75 seed=2 2.29s
2348 done imagenet vgg13 ILSVRC2012_val_00006551 rise_mask_0.75 seed=0 4.53s
2349 done imagenet vgg13 ILSVRC2012_val_00006551 lime_mask_0.75 seed=1 2.30s
2350 done imagenet vgg13 ILSVRC2012_val_00006551 rise_grid_4 seed=3 4.93s
2351 done imagenet vgg13 ILSVRC2012_val_00006920 lime_mask_0.25 seed=3 2.29s
2352 done imagenet vgg13 ILSVRC2012_val_00006920 rise_mask_0.75 seed=2 4.53s
2353 done imagenet vgg13 ILSVRC2012_val_00006920 rise_mask_0.25 seed=1 4.53s
2354 done imagenet vgg13 ILSVRC2012_val_00006920 rise_mask_0.25 seed=2 4.53s
2355 done imagenet vgg13 ILSVRC2012_val_00006920 lime_slic_50 seed=3 2.28s
2356 done imagenet vgg13 ILSVRC2012_val_00006920 rise_mask_0.75 seed=3 4.53s
2357 done imagenet vgg13 ILSVRC2012_val_00006920 lime_slic_200 seed=4 2.33s
2358 done imagenet vgg13 ILSVRC2012_val_00006920 rise_grid_10 seed=1 4.47s
2359 done imagenet vgg13 ILSVRC2012_val_00006920 lime_slic_200 seed=1 2.33s
2360 done imagenet vgg13 ILSVRC2012_val_00006920 lime_slic_50 seed=0 2.29s
2361 done imagenet vgg13 ILSVRC2012_val_00006920 rise_grid_14 seed=4 4.31s
2362 done imagenet vgg13 ILSVRC2012_val_00006920 lime_slic_300 seed=1 2.35s
2363 done imagenet vgg13 ILSVRC2012_val_00006920 rise_grid_4 seed=3 4.93s
2364 done imagenet vgg13 ILSVRC2012_val_00006920 rise_mask_0.25 seed=3 4.69s
2365 done imagenet vgg13 ILSVRC2012_val_00006920 lime_slic_300 seed=2 2.40s
2366 done imagenet vgg13 ILSVRC2012_val_00006920 rise_grid_10 seed=0 4.47s
2367 done imagenet vgg13 ILSVRC2012_val_00006920 rise_grid_4 seed=2 4.93s
2368 done imagenet vgg13 ILSVRC2012_val_00006920 rise_grid_4 seed=1 4.93s
2369 done imagenet vgg13 ILSVRC2012_val_00006920 rise_mask_0.75 seed=0 4.56s
2370 done imagenet vgg13 ILSVRC2012_val_00006920 lime_slic_200 seed=3 2.38s
2371 done imagenet vgg13 ILSVRC2012_val_00006920 rise_grid_14 seed=0 4.28s
2372 done imagenet vgg13 ILSVRC2012_val_00006920 rise_mask_0.75 seed=1 4.54s
2373 done imagenet vgg13 ILSVRC2012_val_00006920 lime_mask_0.75 seed=3 2.32s
2374 done imagenet vgg13 ILSVRC2012_val_00006920 lime_mask_0.75 seed=4 2.32s
2375 done imagenet vgg13 ILSVRC2012_val_00006920 lime_slic_300 seed=4 2.37s
2376 done imagenet vgg13 ILSVRC2012_val_00006920 lime_slic_300 seed=0 2.36s
2377 done imagenet vgg13 ILSVRC2012_val_00006920 rise_grid_10 seed=3 4.47s
2378 done imagenet vgg13 ILSVRC2012_val_00006920 lime_mask_0.25 seed=1 2.30s
2379 done imagenet vgg13 ILSVRC2012_val_00006920 rise_grid_14 seed=1 4.28s
2380 done imagenet vgg13 ILSVRC2012_val_00006920 rise_mask_0.25 seed=4 4.55s
2381 done imagenet vgg13 ILSVRC2012_val_00006920 rise_grid_14 seed=3 3.44s
2382 done imagenet vgg13 ILSVRC2012_val_00006920 lime_mask_0.75 seed=2 2.25s
2383 done imagenet vgg13 ILSVRC2012_val_00006920 rise_grid_10 seed=4 3.31s
2384 done imagenet vgg13 ILSVRC2012_val_00006920 lime_mask_0.75 seed=1 2.25s
2385 done imagenet vgg13 ILSVRC2012_val_00006920 rise_grid_4 seed=0 3.71s
2386 done imagenet vgg13 ILSVRC2012_val_00006920 lime_mask_0.25 seed=4 2.25s
2387 done imagenet vgg13 ILSVRC2012_val_00006920 lime_slic_200 seed=0 2.25s
2388 done imagenet vgg13 ILSVRC2012_val_00006920 rise_mask_0.25 seed=0 3.40s
2389 done imagenet vgg13 ILSVRC2012_val_00006920 lime_slic_300 seed=3 2.32s
2390 done imagenet vgg13 ILSVRC2012_val_00006920 lime_slic_50 seed=4 2.30s
2391 done imagenet vgg13 ILSVRC2012_val_00006920 lime_slic_50 seed=1 2.26s
2392 done imagenet vgg13 ILSVRC2012_val_00006920 rise_grid_14 seed=2 3.19s
2393 done imagenet vgg13 ILSVRC2012_val_00006920 rise_mask_0.75 seed=4 3.37s
2394 done imagenet vgg13 ILSVRC2012_val_00006920 lime_mask_0.25 seed=2 2.24s
2395 done imagenet vgg13 ILSVRC2012_val_00006920 rise_grid_4 seed=4 3.77s
2396 done imagenet vgg13 ILSVRC2012_val_00006920 lime_mask_0.75 seed=0 2.26s
2397 done imagenet vgg13 ILSVRC2012_val_00006920 lime_slic_50 seed=2 2.28s
2398 done imagenet vgg13 ILSVRC2012_val_00006920 lime_slic_200 seed=2 2.34s
2399 done imagenet vgg13 ILSVRC2012_val_00006920 lime_mask_0.25 seed=0 2.24s
2400 done imagenet vgg13 ILSVRC2012_val_00006920 rise_grid_10 seed=2 3.28s
2401 done imagenet vgg13 ILSVRC2012_val_00007056 rise_grid_14 seed=2 3.12s
2402 done imagenet vgg13 ILSVRC2012_val_00007056 rise_grid_10 seed=4 3.30s
2403 done imagenet vgg13 ILSVRC2012_val_00007056 rise_mask_0.25 seed=3 3.34s
2404 done imagenet vgg13 ILSVRC2012_val_00007056 lime_slic_50 seed=3 2.26s
2405 done imagenet vgg13 ILSVRC2012_val_00007056 lime_slic_200 seed=0 2.27s
2406 done imagenet vgg13 ILSVRC2012_val_00007056 lime_mask_0.25 seed=3 2.25s
2407 done imagenet vgg13 ILSVRC2012_val_00007056 rise_grid_10 seed=0 3.41s
2408 done imagenet vgg13 ILSVRC2012_val_00007056 lime_mask_0.25 seed=1 2.30s
2409 done imagenet vgg13 ILSVRC2012_val_00007056 lime_slic_200 seed=1 2.28s
2410 done imagenet vgg13 ILSVRC2012_val_00007056 lime_mask_0.75 seed=2 2.24s
2411 done imagenet vgg13 ILSVRC2012_val_00007056 rise_mask_0.75 seed=0 3.37s
2412 done imagenet vgg13 ILSVRC2012_val_00007056 lime_slic_50 seed=4 2.30s
2413 done imagenet vgg13 ILSVRC2012_val_00007056 lime_mask_0.75 seed=3 2.29s
2414 done imagenet vgg13 ILSVRC2012_val_00007056 lime_slic_300 seed=0 2.34s
2415 done imagenet vgg13 ILSVRC2012_val_00007056 lime_slic_200 seed=2 2.31s
2416 done imagenet vgg13 ILSVRC2012_val_00007056 rise_grid_4 seed=0 3.69s
2417 done imagenet vgg13 ILSVRC2012_val_00007056 lime_slic_50 seed=0 2.28s
2418 done imagenet vgg13 ILSVRC2012_val_00007056 rise_grid_14 seed=3 3.14s
2419 done imagenet vgg13 ILSVRC2012_val_00007056 lime_slic_300 seed=4 2.35s
2420 done imagenet vgg13 ILSVRC2012_val_00007056 lime_mask_0.75 seed=0 2.32s
2421 done imagenet vgg13 ILSVRC2012_val_00007056 rise_mask_0.75 seed=3 3.45s
2422 done imagenet vgg13 ILSVRC2012_val_00007056 lime_mask_0.75 seed=1 2.30s
2423 done imagenet vgg13 ILSVRC2012_val_00007056 rise_grid_4 seed=4 3.74s
2424 done imagenet vgg13 ILSVRC2012_val_00007056 rise_grid_14 seed=0 3.13s
2425 done imagenet vgg13 ILSVRC2012_val_00007056 rise_grid_4 seed=3 3.70s
2426 done imagenet vgg13 ILSVRC2012_val_00007056 rise_mask_0.75 seed=2 3.35s
2427 done imagenet vgg13 ILSVRC2012_val_00007056 lime_slic_300 seed=3 2.36s
2428 done imagenet vgg13 ILSVRC2012_val_00007056 lime_slic_50 seed=1 2.28s
2429 done imagenet vgg13 ILSVRC2012_val_00007056 lime_mask_0.25 seed=0 2.31s
2430 done imagenet vgg13 ILSVRC2012_val_00007056 rise_grid_4 seed=1 3.70s
2431 done imagenet vgg13 ILSVRC2012_val_00007056 lime_slic_200 seed=3 2.34s
2432 done imagenet vgg13 ILSVRC2012_val_00007056 lime_mask_0.75 seed=4 2.26s
2433 done imagenet vgg13 ILSVRC2012_val_00007056 lime_slic_300 seed=2 2.34s
2434 done imagenet vgg13 ILSVRC2012_val_00007056 rise_grid_10 seed=2 3.38s
2435 done imagenet vgg13 ILSVRC2012_val_00007056 lime_slic_200 seed=4 2.32s
2436 done imagenet vgg13 ILSVRC2012_val_00007056 rise_grid_14 seed=4 3.21s
2437 done imagenet vgg13 ILSVRC2012_val_00007056 rise_grid_4 seed=2 3.94s
2438 done imagenet vgg13 ILSVRC2012_val_00007056 rise_mask_0.25 seed=0 3.49s
2439 done imagenet vgg13 ILSVRC2012_val_00007056 rise_grid_14 seed=1 3.34s
2440 done imagenet vgg13 ILSVRC2012_val_00007056 rise_mask_0.25 seed=2 3.47s
2441 done imagenet vgg13 ILSVRC2012_val_00007056 rise_mask_0.75 seed=4 3.39s
2442 done imagenet vgg13 ILSVRC2012_val_00007056 lime_slic_300 seed=1 2.37s
2443 done imagenet vgg13 ILSVRC2012_val_00007056 rise_grid_10 seed=3 3.30s
2444 done imagenet vgg13 ILSVRC2012_val_00007056 rise_grid_10 seed=1 3.37s
2445 done imagenet vgg13 ILSVRC2012_val_00007056 rise_mask_0.25 seed=1 3.38s
2446 done imagenet vgg13 ILSVRC2012_val_00007056 rise_mask_0.75 seed=1 3.38s
2447 done imagenet vgg13 ILSVRC2012_val_00007056 lime_slic_50 seed=2 2.24s
2448 done imagenet vgg13 ILSVRC2012_val_00007056 rise_mask_0.25 seed=4 3.36s
2449 done imagenet vgg13 ILSVRC2012_val_00007056 lime_mask_0.25 seed=4 2.27s
2450 done imagenet vgg13 ILSVRC2012_val_00007056 lime_mask_0.25 seed=2 2.30s
2451 done imagenet vgg13 ILSVRC2012_val_00007254 rise_mask_0.75 seed=2 3.31s
2452 done imagenet vgg13 ILSVRC2012_val_00007254 lime_slic_50 seed=0 2.24s
2453 done imagenet vgg13 ILSVRC2012_val_00007254 rise_grid_10 seed=0 3.30s
2454 done imagenet vgg13 ILSVRC2012_val_00007254 lime_mask_0.75 seed=0 2.29s
2455 done imagenet vgg13 ILSVRC2012_val_00007254 lime_slic_200 seed=4 2.27s
2456 done imagenet vgg13 ILSVRC2012_val_00007254 rise_grid_10 seed=3 3.97s
2457 done imagenet vgg13 ILSVRC2012_val_00007254 rise_mask_0.25 seed=1 5.26s
2458 done imagenet vgg13 ILSVRC2012_val_00007254 rise_mask_0.75 seed=4 3.50s
2459 done imagenet vgg13 ILSVRC2012_val_00007254 rise_mask_0.25 seed=4 3.49s
2460 done imagenet vgg13 ILSVRC2012_val_00007254 lime_slic_50 seed=1 2.30s
2461 done imagenet vgg13 ILSVRC2012_val_00007254 lime_slic_50 seed=4 2.30s
2462 done imagenet vgg13 ILSVRC2012_val_00007254 rise_mask_0.75 seed=1 3.37s
2463 done imagenet vgg13 ILSVRC2012_val_00007254 rise_grid_10 seed=4 3.32s
2464 done imagenet vgg13 ILSVRC2012_val_00007254 rise_mask_0.25 seed=0 3.73s
2465 done imagenet vgg13 ILSVRC2012_val_00007254 lime_slic_300 seed=2 2.35s
2466 done imagenet vgg13 ILSVRC2012_val_00007254 rise_grid_4 seed=0 3.74s
2467 done imagenet vgg13 ILSVRC2012_val_00007254 lime_mask_0.75 seed=1 2.33s
2468 done imagenet vgg13 ILSVRC2012_val_00007254 lime_mask_0.75 seed=4 2.29s
2469 done imagenet vgg13 ILSVRC2012_val_00007254 lime_slic_300 seed=1 2.40s
2470 done imagenet vgg13 ILSVRC2012_val_00007254 rise_mask_0.25 seed=3 3.48s
2471 done imagenet vgg13 ILSVRC2012_val_00007254 lime_slic_300 seed=0 2.43s
2472 done imagenet vgg13 ILSVRC2012_val_00007254 rise_grid_10 seed=2 3.46s
2473 done imagenet vgg13 ILSVRC2012_val_00007254 rise_mask_0.75 seed=0 3.42s
2474 done imagenet vgg13 ILSVRC2012_val_00007254 rise_grid_4 seed=2 3.86s
2475 done imagenet vgg13 ILSVRC2012_val_00007254 rise_grid_10 seed=1 3.42s
2476 done imagenet vgg13 ILSVRC2012_val_00007254 lime_slic_50 seed=2 2.39s
2477 done imagenet vgg13 ILSVRC2012_val_00007254 lime_mask_0.25 seed=4 2.45s
2478 done imagenet vgg13 ILSVRC2012_val_00007254 lime_slic_300 seed=3 2.47s
2479 done imagenet vgg13 ILSVRC2012_val_00007254 lime_mask_0.25 seed=0 2.34s
2480 done imagenet vgg13 ILSVRC2012_val_00007254 rise_grid_4 seed=1 3.75s
2481 done imagenet vgg13 ILSVRC2012_val_00007254 rise_grid_14 seed=0 3.49s
2482 done imagenet vgg13 ILSVRC2012_val_00007254 lime_slic_50 seed=3 2.37s
2483 done imagenet vgg13 ILSVRC2012_val_00007254 lime_mask_0.25 seed=2 2.31s
2484 done imagenet vgg13 ILSVRC2012_val_00007254 lime_slic_200 seed=0 2.35s
2485 done imagenet vgg13 ILSVRC2012_val_00007254 lime_slic_300 seed=4 2.37s
2486 done imagenet vgg13 ILSVRC2012_val_00007254 lime_mask_0.25 seed=1 2.31s
2487 done imagenet vgg13 ILSVRC2012_val_00007254 lime_slic_200 seed=2 2.36s
2488 done imagenet vgg13 ILSVRC2012_val_00007254 rise_mask_0.25 seed=2 4.54s
2489 done imagenet vgg13 ILSVRC2012_val_00007254 rise_grid_4 seed=4 4.84s
2490 done imagenet vgg13 ILSVRC2012_val_00007254 lime_slic_200 seed=1 2.32s
2491 done imagenet vgg13 ILSVRC2012_val_00007254 rise_grid_4 seed=3 3.70s
2492 done imagenet vgg13 ILSVRC2012_val_00007254 rise_grid_14 seed=1 3.33s
2493 done imagenet vgg13 ILSVRC2012_val_00007254 lime_mask_0.75 seed=2 2.23s
2494 done imagenet vgg13 ILSVRC2012_val_00007254 rise_grid_14 seed=3 3.22s
2495 done imagenet vgg13 ILSVRC2012_val_00007254 lime_mask_0.25 seed=3 2.30s
2496 done imagenet vgg13 ILSVRC2012_val_00007254 rise_mask_0.75 seed=3 3.35s
2497 done imagenet vgg13 ILSVRC2012_val_00007254 rise_grid_14 seed=4 3.16s
2498 done imagenet vgg13 ILSVRC2012_val_00007254 lime_mask_0.75 seed=3 2.24s
2499 done imagenet vgg13 ILSVRC2012_val_00007254 rise_grid_14 seed=2 3.22s
2500 done imagenet vgg13 ILSVRC2012_val_00007254 lime_slic_200 seed=3 2.31s
2501 done imagenet vgg13 ILSVRC2012_val_00007312 rise_mask_0.25 seed=1 3.58s
2502 done imagenet vgg13 ILSVRC2012_val_00007312 lime_slic_200 seed=4 2.29s
2503 done imagenet vgg13 ILSVRC2012_val_00007312 rise_grid_14 seed=3 3.14s
2504 done imagenet vgg13 ILSVRC2012_val_00007312 rise_mask_0.25 seed=4 3.34s
2505 done imagenet vgg13 ILSVRC2012_val_00007312 rise_mask_0.75 seed=3 3.41s
2506 done imagenet vgg13 ILSVRC2012_val_00007312 lime_slic_300 seed=1 2.34s
2507 done imagenet vgg13 ILSVRC2012_val_00007312 lime_mask_0.25 seed=2 2.28s
2508 done imagenet vgg13 ILSVRC2012_val_00007312 lime_mask_0.75 seed=0 2.27s
2509 done imagenet vgg13 ILSVRC2012_val_00007312 lime_slic_50 seed=4 2.29s
2510 done imagenet vgg13 ILSVRC2012_val_00007312 rise_mask_0.75 seed=0 3.44s
2511 done imagenet vgg13 ILSVRC2012_val_00007312 rise_grid_14 seed=4 3.74s
2512 done imagenet vgg13 ILSVRC2012_val_00007312 lime_slic_300 seed=3 3.28s
2513 done imagenet vgg13 ILSVRC2012_val_00007312 rise_grid_10 seed=2 3.87s
2514 done imagenet vgg13 ILSVRC2012_val_00007312 lime_mask_0.25 seed=1 2.26s
2515 done imagenet vgg13 ILSVRC2012_val_00007312 rise_grid_4 seed=2 4.02s
2516 done imagenet vgg13 ILSVRC2012_val_00007312 rise_mask_0.75 seed=1 3.43s
2517 done imagenet vgg13 ILSVRC2012_val_00007312 rise_mask_0.75 seed=4 3.57s
2518 done imagenet vgg13 ILSVRC2012_val_00007312 rise_mask_0.25 seed=3 4.39s
2519 done imagenet vgg13 ILSVRC2012_val_00007312 rise_mask_0.75 seed=2 4.52s
2520 done imagenet vgg13 ILSVRC2012_val_00007312 rise_grid_14 seed=0 4.28s
2521 done imagenet vgg13 ILSVRC2012_val_00007312 lime_slic_300 seed=4 2.33s
2522 done imagenet vgg13 ILSVRC2012_val_00007312 lime_mask_0.75 seed=4 2.28s
2523 done imagenet vgg13 ILSVRC2012_val_00007312 lime_slic_50 seed=0 2.27s
2524 done imagenet vgg13 ILSVRC2012_val_00007312 lime_slic_200 seed=3 2.34s
2525 done imagenet vgg13 ILSVRC2012_val_00007312 rise_mask_0.25 seed=0 4.53s
2526 done imagenet vgg13 ILSVRC2012_val_00007312 rise_grid_10 seed=0 4.48s
2527 done imagenet vgg13 ILSVRC2012_val_00007312 rise_grid_4 seed=0 4.93s
2528 done imagenet vgg13 ILSVRC2012_val_00007312 rise_grid_10 seed=3 4.46s
2529 done imagenet vgg13 ILSVRC2012_val_00007312 lime_mask_0.75 seed=2 2.27s
2530 done imagenet vgg13 ILSVRC2012_val_00007312 rise_grid_14 seed=1 4.33s
2531 done imagenet vgg13 ILSVRC2012_val_00007312 rise_mask_0.25 seed=2 3.38s
2532 done imagenet vgg13 ILSVRC2012_val_00007312 lime_mask_0.25 seed=4 2.29s
2533 done imagenet vgg13 ILSVRC2012_val_00007312 lime_slic_300 seed=0 2.36s
2534 done imagenet vgg13 ILSVRC2012_val_00007312 lime_slic_300 seed=2 2.36s
2535 done imagenet vgg13 ILSVRC2012_val_00007312 rise_grid_4 seed=3 3.71s
2536 done imagenet vgg13 ILSVRC2012_val_00007312 lime_mask_0.75 seed=1 2.32s
2537 done imagenet vgg13 ILSVRC2012_val_00007312 lime_slic_50 seed=3 2.32s
2538 done imagenet vgg13 ILSVRC2012_val_00007312 lime_slic_50 seed=1 2.32s
2539 done imagenet vgg13 ILSVRC2012_val_00007312 lime_slic_200 seed=0 2.36s
2540 done imagenet vgg13 ILSVRC2012_val_00007312 lime_mask_0.75 seed=3 2.33s
2541 done imagenet vgg13 ILSVRC2012_val_00007312 rise_grid_10 seed=4 3.37s
2542 done imagenet vgg13 ILSVRC2012_val_00007312 lime_slic_200 seed=1 2.38s
2543 done imagenet vgg13 ILSVRC2012_val_00007312 lime_slic_50 seed=2 2.36s
2544 done imagenet vgg13 ILSVRC2012_val_00007312 lime_slic_200 seed=2 2.41s
2545 done imagenet vgg13 ILSVRC2012_val_00007312 rise_grid_4 seed=1 3.78s
2546 done imagenet vgg13 ILSVRC2012_val_00007312 rise_grid_10 seed=1 3.38s
2547 done imagenet vgg13 ILSVRC2012_val_00007312 rise_grid_14 seed=2 4.29s
2548 done imagenet vgg13 ILSVRC2012_val_00007312 lime_mask_0.25 seed=0 2.30s
2549 done imagenet vgg13 ILSVRC2012_val_00007312 lime_mask_0.25 seed=3 2.31s
2550 done imagenet vgg13 ILSVRC2012_val_00007312 rise_grid_4 seed=4 4.05s
2551 done imagenet vgg13 ILSVRC2012_val_00007930 rise_grid_10 seed=4 3.31s
2552 done imagenet vgg13 ILSVRC2012_val_00007930 rise_grid_14 seed=4 3.16s
2553 done imagenet vgg13 ILSVRC2012_val_00007930 lime_slic_200 seed=2 2.34s
2554 done imagenet vgg13 ILSVRC2012_val_00007930 lime_mask_0.25 seed=1 2.31s
2555 done imagenet vgg13 ILSVRC2012_val_00007930 rise_grid_4 seed=2 3.82s
2556 done imagenet vgg13 ILSVRC2012_val_00007930 lime_mask_0.75 seed=4 2.30s
2557 done imagenet vgg13 ILSVRC2012_val_00007930 lime_slic_200 seed=1 2.34s
2558 done imagenet vgg13 ILSVRC2012_val_00007930 rise_grid_14 seed=2 3.15s
2559 done imagenet vgg13 ILSVRC2012_val_00007930 rise_grid_14 seed=3 3.25s
2560 done imagenet vgg13 ILSVRC2012_val_00007930 rise_grid_10 seed=2 3.34s
2561 done imagenet vgg13 ILSVRC2012_val_00007930 rise_mask_0.25 seed=2 3.39s
2562 done imagenet vgg13 ILSVRC2012_val_00007930 lime_mask_0.75 seed=3 2.30s
2563 done imagenet vgg13 ILSVRC2012_val_00007930 rise_mask_0.25 seed=0 3.37s
2564 done imagenet vgg13 ILSVRC2012_val_00007930 lime_slic_300 seed=4 2.39s
2565 done imagenet vgg13 ILSVRC2012_val_00007930 lime_mask_0.25 seed=0 2.33s
2566 done imagenet vgg13 ILSVRC2012_val_00007930 lime_slic_300 seed=1 2.38s
2567 done imagenet vgg13 ILSVRC2012_val_00007930 rise_grid_10 seed=1 4.50s
2568 done imagenet vgg13 ILSVRC2012_val_00007930 rise_grid_10 seed=0 3.77s
2569 done imagenet vgg13 ILSVRC2012_val_00007930 rise_mask_0.25 seed=3 3.96s
2570 done imagenet vgg13 ILSVRC2012_val_00007930 lime_mask_0.25 seed=4 2.32s
2571 done imagenet vgg13 ILSVRC2012_val_00007930 rise_mask_0.25 seed=1 3.35s
2572 done imagenet vgg13 ILSVRC2012_val_00007930 lime_slic_50 seed=2 2.32s
2573 done imagenet vgg13 ILSVRC2012_val_00007930 rise_mask_0.75 seed=3 3.37s
2574 done imagenet vgg13 ILSVRC2012_val_00007930 rise_grid_4 seed=3 3.72s
2575 done imagenet vgg13 ILSVRC2012_val_00007930 rise_grid_4 seed=0 3.71s
2576 done imagenet vgg13 ILSVRC2012_val_00007930 lime_slic_50 seed=3 2.37s
2577 done imagenet vgg13 ILSVRC2012_val_00007930 rise_grid_10 seed=3 3.31s
2578 done imagenet vgg13 ILSVRC2012_val_00007930 lime_slic_200 seed=0 2.35s
2579 done imagenet vgg13 ILSVRC2012_val_00007930 lime_slic_50 seed=4 2.32s
2580 done imagenet vgg13 ILSVRC2012_val_00007930 lime_mask_0.25 seed=3 2.31s
2581 done imagenet vgg13 ILSVRC2012_val_00007930 rise_grid_4 seed=1 3.76s
2582 done imagenet vgg13 ILSVRC2012_val_00007930 lime_mask_0.75 seed=2 2.33s
2583 done imagenet vgg13 ILSVRC2012_val_00007930 rise_mask_0.25 seed=4 3.41s
2584 done imagenet vgg13 ILSVRC2012_val_00007930 lime_slic_200 seed=4 2.36s
2585 done imagenet vgg13 ILSVRC2012_val_00007930 lime_slic_50 seed=0 2.30s
2586 done imagenet vgg13 ILSVRC2012_val_00007930 lime_slic_300 seed=0 2.37s
2587 done imagenet vgg13 ILSVRC2012_val_00007930 rise_grid_14 seed=0 3.20s
2588 done imagenet vgg13 ILSVRC2012_val_00007930 lime_mask_0.75 seed=0 2.33s
2589 done imagenet vgg13 ILSVRC2012_val_00007930 lime_mask_0.75 seed=1 2.33s
2590 done imagenet vgg13 ILSVRC2012_val_00007930 rise_mask_0.75 seed=2 3.41s
2591 done imagenet vgg13 ILSVRC2012_val_00007930 lime_slic_300 seed=3 2.38s
2592 done imagenet vgg13 ILSVRC2012_val_00007930 lime_slic_300 seed=2 2.38s
2593 done imagenet vgg13 ILSVRC2012_val_00007930 lime_mask_0.25 seed=2 2.33s
2594 done imagenet vgg13 ILSVRC2012_val_00007930 rise_mask_0.75 seed=0 3.42s
2595 done imagenet vgg13 ILSVRC2012_val_00007930 lime_slic_200 seed=3 2.36s
2596 done imagenet vgg13 ILSVRC2012_val_00007930 rise_mask_0.75 seed=4 3.42s
2597 done imagenet vgg13 ILSVRC2012_val_00007930 rise_mask_0.75 seed=1 3.41s
2598 done imagenet vgg13 ILSVRC2012_val_00007930 rise_grid_4 seed=4 3.79s
2599 done imagenet vgg13 ILSVRC2012_val_00007930 rise_grid_14 seed=1 3.21s
2600 done imagenet vgg13 ILSVRC2012_val_00007930 lime_slic_50 seed=1 2.33s
2601 done imagenet vgg13 ILSVRC2012_val_00008228 lime_slic_300 seed=0 2.39s
2602 done imagenet vgg13 ILSVRC2012_val_00008228 lime_mask_0.25 seed=0 2.32s
2603 done imagenet vgg13 ILSVRC2012_val_00008228 rise_grid_4 seed=2 3.71s
2604 done imagenet vgg13 ILSVRC2012_val_00008228 rise_grid_10 seed=2 3.30s
2605 done imagenet vgg13 ILSVRC2012_val_00008228 lime_slic_50 seed=0 2.30s
2606 done imagenet vgg13 ILSVRC2012_val_00008228 lime_slic_300 seed=4 2.39s
2607 done imagenet vgg13 ILSVRC2012_val_00008228 rise_grid_4 seed=0 3.73s
2608 done imagenet vgg13 ILSVRC2012_val_00008228 rise_mask_0.25 seed=4 3.36s
2609 done imagenet vgg13 ILSVRC2012_val_00008228 rise_mask_0.25 seed=3 3.36s
2610 done imagenet vgg13 ILSVRC2012_val_00008228 rise_mask_0.75 seed=1 3.37s
2611 done imagenet vgg13 ILSVRC2012_val_00008228 lime_slic_50 seed=2 2.32s
2612 done imagenet vgg13 ILSVRC2012_val_00008228 lime_slic_300 seed=3 2.36s
2613 done imagenet vgg13 ILSVRC2012_val_00008228 rise_grid_14 seed=4 3.18s
2614 done imagenet vgg13 ILSVRC2012_val_00008228 rise_grid_14 seed=3 3.20s
2615 done imagenet vgg13 ILSVRC2012_val_00008228 rise_mask_0.75 seed=0 3.42s
2616 done imagenet vgg13 ILSVRC2012_val_00008228 lime_slic_50 seed=3 2.33s
2617 done imagenet vgg13 ILSVRC2012_val_00008228 rise_grid_4 seed=1 3.78s
2618 done imagenet vgg13 ILSVRC2012_val_00008228 rise_grid_4 seed=4 3.72s
2619 done imagenet vgg13 ILSVRC2012_val_00008228 lime_mask_0.25 seed=4 2.33s
2620 done imagenet vgg13 ILSVRC2012_val_00008228 rise_mask_0.25 seed=2 3.42s
2621 done imagenet vgg13 ILSVRC2012_val_00008228 rise_grid_4 seed=3 3.78s
2622 done imagenet vgg13 ILSVRC2012_val_00008228 rise_mask_0.25 seed=1 3.42s
2623 done imagenet vgg13 ILSVRC2012_val_00008228 lime_mask_0.75 seed=1 2.34s
2624 done imagenet vgg13 ILSVRC2012_val_00008228 rise_mask_0.25 seed=0 3.35s
2625 done imagenet vgg13 ILSVRC2012_val_00008228 lime_mask_0.25 seed=2 2.30s
2626 done imagenet vgg13 ILSVRC2012_val_00008228 rise_grid_10 seed=3 3.31s
2627 done imagenet vgg13 ILSVRC2012_val_00008228 rise_mask_0.75 seed=4 3.36s
2628 done imagenet vgg13 ILSVRC2012_val_00008228 rise_grid_14 seed=2 3.15s
2629 done imagenet vgg13 ILSVRC2012_val_00008228 rise_grid_10 seed=0 3.31s
2630 done imagenet vgg13 ILSVRC2012_val_00008228 lime_slic_50 seed=1 2.30s
2631 done imagenet vgg13 ILSVRC2012_val_00008228 rise_grid_10 seed=1 3.26s
2632 done imagenet vgg13 ILSVRC2012_val_00008228 lime_mask_0.75 seed=0 2.33s
2633 done imagenet vgg13 ILSVRC2012_val_00008228 lime_slic_200 seed=2 2.34s
2634 done imagenet vgg13 ILSVRC2012_val_00008228 lime_slic_200 seed=0 2.35s
2635 done imagenet vgg13 ILSVRC2012_val_00008228 lime_slic_300 seed=1 2.37s
2636 done imagenet vgg13 ILSVRC2012_val_00008228 lime_slic_50 seed=4 2.33s
2637 done imagenet vgg13 ILSVRC2012_val_00008228 rise_grid_14 seed=0 3.21s
2638 done imagenet vgg13 ILSVRC2012_val_00008228 lime_mask_0.25 seed=1 2.33s
2639 done imagenet vgg13 ILSVRC2012_val_00008228 rise_mask_0.75 seed=2 3.42s
2640 done imagenet vgg13 ILSVRC2012_val_00008228 lime_mask_0.75 seed=3 2.32s
2641 done imagenet vgg13 ILSVRC2012_val_00008228 lime_slic_200 seed=3 2.33s
2642 done imagenet vgg13 ILSVRC2012_val_00008228 lime_slic_300 seed=2 2.41s
2643 done imagenet vgg13 ILSVRC2012_val_00008228 lime_slic_200 seed=4 2.36s
2644 done imagenet vgg13 ILSVRC2012_val_00008228 rise_grid_14 seed=1 3.22s
2645 done imagenet vgg13 ILSVRC2012_val_00008228 lime_mask_0.75 seed=4 2.35s
2646 done imagenet vgg13 ILSVRC2012_val_00008228 lime_slic_200 seed=1 2.37s
2647 done imagenet vgg13 ILSVRC2012_val_00008228 lime_mask_0.75 seed=2 2.34s
2648 done imagenet vgg13 ILSVRC2012_val_00008228 rise_grid_10 seed=4 3.31s
2649 done imagenet vgg13 ILSVRC2012_val_00008228 lime_mask_0.25 seed=3 2.34s
2650 done imagenet vgg13 ILSVRC2012_val_00008228 rise_mask_0.75 seed=3 3.42s
2651 done imagenet vgg13 ILSVRC2012_val_00009336 lime_mask_0.25 seed=3 2.34s
2652 done imagenet vgg13 ILSVRC2012_val_00009336 lime_mask_0.75 seed=1 2.34s
2653 done imagenet vgg13 ILSVRC2012_val_00009336 lime_mask_0.25 seed=1 2.34s
2654 done imagenet vgg13 ILSVRC2012_val_00009336 lime_mask_0.25 seed=0 2.34s
2655 done imagenet vgg13 ILSVRC2012_val_00009336 rise_grid_14 seed=0 3.21s
2656 done imagenet vgg13 ILSVRC2012_val_00009336 rise_mask_0.75 seed=4 3.37s
2657 done imagenet vgg13 ILSVRC2012_val_00009336 lime_slic_200 seed=0 2.36s
2658 done imagenet vgg13 ILSVRC2012_val_00009336 rise_grid_4 seed=4 3.73s
2659 done imagenet vgg13 ILSVRC2012_val_00009336 rise_grid_10 seed=4 3.37s
2660 done imagenet vgg13 ILSVRC2012_val_00009336 lime_slic_300 seed=2 2.40s
2661 done imagenet vgg13 ILSVRC2012_val_00009336 lime_slic_300 seed=4 2.39s
2662 done imagenet vgg13 ILSVRC2012_val_00009336 rise_mask_0.25 seed=3 3.43s
2663 done imagenet vgg13 ILSVRC2012_val_00009336 lime_slic_200 seed=3 2.37s
2664 done imagenet vgg13 ILSVRC2012_val_00009336 rise_grid_10 seed=0 3.37s
2665 done imagenet vgg13 ILSVRC2012_val_00009336 lime_mask_0.75 seed=0 2.33s
2666 done imagenet vgg13 ILSVRC2012_val_00009336 lime_slic_50 seed=3 2.34s
2667 done imagenet vgg13 ILSVRC2012_val_00009336 rise_grid_10 seed=1 3.39s
2668 done imagenet vgg13 ILSVRC2012_val_00009336 rise_grid_4 seed=1 3.79s
2669 done imagenet vgg13 ILSVRC2012_val_00009336 rise_mask_0.25 seed=0 3.42s
2670 done imagenet vgg13 ILSVRC2012_val_00009336 rise_grid_4 seed=0 3.78s
2671 done imagenet vgg13 ILSVRC2012_val_00009336 rise_mask_0.25 seed=1 3.42s
2672 done imagenet vgg13 ILSVRC2012_val_00009336 rise_grid_14 seed=3 3.17s
2673 done imagenet vgg13 ILSVRC2012_val_00009336 rise_grid_10 seed=2 3.31s
2674 done imagenet vgg13 ILSVRC2012_val_00009336 rise_mask_0.75 seed=2 3.36s
2675 done imagenet vgg13 ILSVRC2012_val_00009336 rise_grid_14 seed=1 3.15s
2676 done imagenet vgg13 ILSVRC2012_val_00009336 lime_slic_300 seed=0 2.36s
2677 done imagenet vgg13 ILSVRC2012_val_00009336 lime_slic_200 seed=2 2.34s
2678 done imagenet vgg13 ILSVRC2012_val_00009336 lime_slic_200 seed=4 2.36s
2679 done imagenet vgg13 ILSVRC2012_val_00009336 rise_grid_4 seed=2 3.72s
2680 done imagenet vgg13 ILSVRC2012_val_00009336 rise_grid_10 seed=3 3.32s
2681 done imagenet vgg13 ILSVRC2012_val_00009336 lime_slic_50 seed=0 2.31s
2682 done imagenet vgg13 ILSVRC2012_val_00009336 lime_slic_50 seed=4 2.23s
2683 done imagenet vgg13 ILSVRC2012_val_00009336 lime_slic_50 seed=1 2.31s
2684 done imagenet vgg13 ILSVRC2012_val_00009336 rise_grid_4 seed=3 3.73s
2685 done imagenet vgg13 ILSVRC2012_val_00009336 rise_mask_0.75 seed=3 3.34s
2686 done imagenet vgg13 ILSVRC2012_val_00009336 lime_mask_0.25 seed=2 2.28s
2687 done imagenet vgg13 ILSVRC2012_val_00009336 lime_slic_50 seed=2 2.27s
2688 done imagenet vgg13 ILSVRC2012_val_00009336 rise_mask_0.75 seed=0 3.34s
2689 done imagenet vgg13 ILSVRC2012_val_00009336 rise_mask_0.25 seed=2 3.33s
2690 done imagenet vgg13 ILSVRC2012_val_00009336 rise_mask_0.25 seed=4 3.33s
2691 done imagenet vgg13 ILSVRC2012_val_00009336 lime_slic_300 seed=1 2.34s
2692 done imagenet vgg13 ILSVRC2012_val_00009336 lime_slic_200 seed=1 2.32s
2693 done imagenet vgg13 ILSVRC2012_val_00009336 rise_grid_14 seed=4 4.03s
2694 done imagenet vgg13 ILSVRC2012_val_00009336 lime_mask_0.75 seed=2 2.27s
2695 done imagenet vgg13 ILSVRC2012_val_00009336 lime_mask_0.25 seed=4 2.27s
2696 done imagenet vgg13 ILSVRC2012_val_00009336 lime_mask_0.75 seed=3 2.27s
2697 done imagenet vgg13 ILSVRC2012_val_00009336 lime_slic_300 seed=3 2.33s
2698 done imagenet vgg13 ILSVRC2012_val_00009336 rise_mask_0.75 seed=1 4.52s
2699 done imagenet vgg13 ILSVRC2012_val_00009336 rise_grid_14 seed=2 4.27s
2700 done imagenet vgg13 ILSVRC2012_val_00009336 lime_mask_0.75 seed=4 2.29s
2701 done imagenet vgg13 ILSVRC2012_val_00009781 rise_grid_10 seed=0 4.46s
2702 done imagenet vgg13 ILSVRC2012_val_00009781 lime_slic_300 seed=4 2.32s
2703 done imagenet vgg13 ILSVRC2012_val_00009781 lime_slic_200 seed=0 2.30s
2704 done imagenet vgg13 ILSVRC2012_val_00009781 rise_grid_4 seed=1 4.92s
2705 done imagenet vgg13 ILSVRC2012_val_00009781 rise_grid_10 seed=4 4.47s
2706 done imagenet vgg13 ILSVRC2012_val_00009781 lime_slic_300 seed=2 2.34s
2707 done imagenet vgg13 ILSVRC2012_val_00009781 lime_mask_0.75 seed=1 2.28s
2708 done imagenet vgg13 ILSVRC2012_val_00009781 rise_grid_10 seed=2 4.47s
2709 done imagenet vgg13 ILSVRC2012_val_00009781 rise_mask_0.75 seed=4 4.53s
2710 done imagenet vgg13 ILSVRC2012_val_00009781 rise_grid_4 seed=4 4.93s
2711 done imagenet vgg13 ILSVRC2012_val_00009781 rise_grid_4 seed=2 4.93s
2712 done imagenet vgg13 ILSVRC2012_val_00009781 lime_mask_0.25 seed=1 2.27s
2713 done imagenet vgg13 ILSVRC2012_val_00009781 rise_grid_14 seed=1 4.28s
2714 done imagenet vgg13 ILSVRC2012_val_00009781 lime_slic_50 seed=2 2.28s
2715 done imagenet vgg13 ILSVRC2012_val_00009781 rise_mask_0.25 seed=3 4.53s
2716 done imagenet vgg13 ILSVRC2012_val_00009781 lime_mask_0.75 seed=3 2.30s
2717 done imagenet vgg13 ILSVRC2012_val_00009781 rise_grid_14 seed=4 4.29s
2718 done imagenet vgg13 ILSVRC2012_val_00009781 lime_mask_0.75 seed=4 2.28s
2719 done imagenet vgg13 ILSVRC2012_val_00009781 rise_mask_0.25 seed=1 4.00s
2720 done imagenet vgg13 ILSVRC2012_val_00009781 rise_grid_14 seed=0 3.15s
2721 done imagenet vgg13 ILSVRC2012_val_00009781 lime_slic_200 seed=3 2.31s
2722 done imagenet vgg13 ILSVRC2012_val_00009781 lime_slic_200 seed=2 2.32s
2723 done imagenet vgg13 ILSVRC2012_val_00009781 rise_mask_0.75 seed=2 3.35s
2724 done imagenet vgg13 ILSVRC2012_val_00009781 rise_grid_14 seed=2 3.13s
2725 done imagenet vgg13 ILSVRC2012_val_00009781 rise_grid_4 seed=0 3.69s
2726 done imagenet vgg13 ILSVRC2012_val_00009781 rise_mask_0.25 seed=2 3.34s
2727 done imagenet vgg13 ILSVRC2012_val_00009781 lime_slic_50 seed=4 2.33s
2728 done imagenet vgg13 ILSVRC2012_val_00009781 rise_mask_0.75 seed=0 4.45s
2729 done imagenet vgg13 ILSVRC2012_val_00009781 lime_mask_0.25 seed=0 2.32s
2730 done imagenet vgg13 ILSVRC2012_val_00009781 rise_mask_0.25 seed=4 4.43s
2731 done imagenet vgg13 ILSVRC2012_val_00009781 lime_mask_0.25 seed=3 2.31s
2732 done imagenet vgg13 ILSVRC2012_val_00009781 lime_slic_200 seed=1 2.37s
2733 done imagenet vgg13 ILSVRC2012_val_00009781 lime_slic_200 seed=4 2.35s
2734 done imagenet vgg13 ILSVRC2012_val_00009781 rise_mask_0.25 seed=0 4.54s
2735 done imagenet vgg13 ILSVRC2012_val_00009781 lime_mask_0.75 seed=0 2.34s
2736 done imagenet vgg13 ILSVRC2012_val_00009781 lime_slic_50 seed=3 2.33s
2737 done imagenet vgg13 ILSVRC2012_val_00009781 lime_slic_300 seed=0 2.38s
2738 done imagenet vgg13 ILSVRC2012_val_00009781 lime_mask_0.75 seed=2 2.34s
2739 done imagenet vgg13 ILSVRC2012_val_00009781 lime_slic_50 seed=0 2.33s
2740 done imagenet vgg13 ILSVRC2012_val_00009781 lime_mask_0.25 seed=2 2.29s
2741 done imagenet vgg13 ILSVRC2012_val_00009781 rise_grid_14 seed=3 4.64s
2742 done imagenet vgg13 ILSVRC2012_val_00009781 lime_slic_50 seed=1 2.32s
2743 done imagenet vgg13 ILSVRC2012_val_00009781 lime_slic_300 seed=3 2.43s
2744 done imagenet vgg13 ILSVRC2012_val_00009781 rise_mask_0.75 seed=1 4.65s
2745 done imagenet vgg13 ILSVRC2012_val_00009781 lime_slic_300 seed=1 2.36s
2746 done imagenet vgg13 ILSVRC2012_val_00009781 lime_mask_0.25 seed=4 2.30s
2747 done imagenet vgg13 ILSVRC2012_val_00009781 rise_grid_10 seed=3 4.50s
2748 done imagenet vgg13 ILSVRC2012_val_00009781 rise_grid_10 seed=1 4.52s
2749 done imagenet vgg13 ILSVRC2012_val_00009781 rise_mask_0.75 seed=3 4.22s
2750 done imagenet vgg13 ILSVRC2012_val_00009781 rise_grid_4 seed=3 4.97s
2751 done imagenet vgg13 ILSVRC2012_val_00010310 rise_mask_0.75 seed=2 4.37s
2752 done imagenet vgg13 ILSVRC2012_val_00010310 rise_mask_0.25 seed=1 4.58s
2753 done imagenet vgg13 ILSVRC2012_val_00010310 rise_grid_14 seed=2 4.35s
2754 done imagenet vgg13 ILSVRC2012_val_00010310 rise_mask_0.75 seed=0 4.54s
2755 done imagenet vgg13 ILSVRC2012_val_00010310 lime_slic_50 seed=0 2.34s
2756 done imagenet vgg13 ILSVRC2012_val_00010310 rise_grid_10 seed=2 4.48s
2757 done imagenet vgg13 ILSVRC2012_val_00010310 rise_mask_0.25 seed=3 3.71s
2758 done imagenet vgg13 ILSVRC2012_val_00010310 rise_grid_10 seed=0 3.30s
2759 done imagenet vgg13 ILSVRC2012_val_00010310 lime_slic_50 seed=1 2.31s
2760 done imagenet vgg13 ILSVRC2012_val_00010310 rise_grid_4 seed=0 4.87s
2761 done imagenet vgg13 ILSVRC2012_val_00010310 rise_mask_0.75 seed=4 4.29s
2762 done imagenet vgg13 ILSVRC2012_val_00010310 rise_mask_0.75 seed=3 4.08s
2763 done imagenet vgg13 ILSVRC2012_val_00010310 lime_slic_50 seed=4 2.36s
2764 done imagenet vgg13 ILSVRC2012_val_00010310 rise_mask_0.25 seed=4 4.56s
2765 done imagenet vgg13 ILSVRC2012_val_00010310 rise_grid_14 seed=1 4.38s
2766 done imagenet vgg13 ILSVRC2012_val_00010310 lime_mask_0.75 seed=2 2.36s
2767 done imagenet vgg13 ILSVRC2012_val_00010310 lime_slic_300 seed=2 2.41s
2768 done imagenet vgg13 ILSVRC2012_val_00010310 lime_slic_50 seed=3 2.35s
2769 done imagenet vgg13 ILSVRC2012_val_00010310 rise_mask_0.75 seed=1 4.58s
2770 done imagenet vgg13 ILSVRC2012_val_00010310 rise_grid_4 seed=3 4.95s
2771 done imagenet vgg13 ILSVRC2012_val_00010310 lime_mask_0.75 seed=1 2.38s
2772 done imagenet vgg13 ILSVRC2012_val_00010310 lime_mask_0.25 seed=4 2.35s
2773 done imagenet vgg13 ILSVRC2012_val_00010310 rise_grid_14 seed=3 3.87s
2774 done imagenet vgg13 ILSVRC2012_val_00010310 lime_slic_50 seed=2 2.34s
2775 done imagenet vgg13 ILSVRC2012_val_00010310 lime_slic_200 seed=2 2.38s
2776 done imagenet vgg13 ILSVRC2012_val_00010310 rise_grid_10 seed=3 4.32s
2777 done imagenet vgg13 ILSVRC2012_val_00010310 lime_mask_0.25 seed=2 2.35s
2778 done imagenet vgg13 ILSVRC2012_val_00010310 rise_grid_4 seed=4 4.76s
2779 done imagenet vgg13 ILSVRC2012_val_00010310 lime_mask_0.25 seed=3 2.38s
2780 done imagenet vgg13 ILSVRC2012_val_00010310 lime_mask_0.75 seed=4 2.32s
2781 done imagenet vgg13 ILSVRC2012_val_00010310 lime_slic_200 seed=1 2.36s
2782 done imagenet vgg13 ILSVRC2012_val_00010310 rise_grid_4 seed=1 4.93s
2783 done imagenet vgg13 ILSVRC2012_val_00010310 lime_slic_300 seed=4 2.37s
2784 done imagenet vgg13 ILSVRC2012_val_00010310 lime_mask_0.75 seed=3 2.31s
2785 done imagenet vgg13 ILSVRC2012_val_00010310 lime_mask_0.25 seed=1 2.30s
2786 done imagenet vgg13 ILSVRC2012_val_00010310 lime_slic_300 seed=3 2.39s
2787 done imagenet vgg13 ILSVRC2012_val_00010310 lime_slic_200 seed=3 2.41s
2788 done imagenet vgg13 ILSVRC2012_val_00010310 rise_grid_10 seed=1 4.46s
2789 done imagenet vgg13 ILSVRC2012_val_00010310 lime_mask_0.75 seed=0 2.35s
2790 done imagenet vgg13 ILSVRC2012_val_00010310 lime_slic_300 seed=0 2.42s
2791 done imagenet vgg13 ILSVRC2012_val_00010310 lime_slic_300 seed=1 2.44s
2792 done imagenet vgg13 ILSVRC2012_val_00010310 rise_mask_0.25 seed=2 4.56s
2793 done imagenet vgg13 ILSVRC2012_val_00010310 lime_slic_200 seed=4 2.31s
2794 done imagenet vgg13 ILSVRC2012_val_00010310 lime_slic_200 seed=0 2.36s
2795 done imagenet vgg13 ILSVRC2012_val_00010310 rise_mask_0.25 seed=0 4.48s
2796 done imagenet vgg13 ILSVRC2012_val_00010310 rise_grid_14 seed=0 3.27s
2797 done imagenet vgg13 ILSVRC2012_val_00010310 rise_grid_10 seed=4 4.59s
2798 done imagenet vgg13 ILSVRC2012_val_00010310 rise_grid_4 seed=2 4.93s
2799 done imagenet vgg13 ILSVRC2012_val_00010310 lime_mask_0.25 seed=0 2.75s
2800 done imagenet vgg13 ILSVRC2012_val_00010310 rise_grid_14 seed=4 4.42s
2801 done imagenet vgg13 ILSVRC2012_val_00011535 lime_slic_200 seed=3 2.39s
2802 done imagenet vgg13 ILSVRC2012_val_00011535 lime_slic_300 seed=0 2.42s
2803 done imagenet vgg13 ILSVRC2012_val_00011535 lime_slic_200 seed=1 2.38s
2804 done imagenet vgg13 ILSVRC2012_val_00011535 rise_grid_14 seed=4 3.88s
2805 done imagenet vgg13 ILSVRC2012_val_00011535 lime_slic_50 seed=2 2.36s
2806 done imagenet vgg13 ILSVRC2012_val_00011535 lime_slic_300 seed=2 2.44s
2807 done imagenet vgg13 ILSVRC2012_val_00011535 lime_slic_300 seed=1 2.43s
2808 done imagenet vgg13 ILSVRC2012_val_00011535 rise_mask_0.75 seed=3 4.57s
2809 done imagenet vgg13 ILSVRC2012_val_00011535 rise_grid_14 seed=1 3.49s
2810 done imagenet vgg13 ILSVRC2012_val_00011535 rise_mask_0.25 seed=2 4.58s
2811 done imagenet vgg13 ILSVRC2012_val_00011535 rise_grid_10 seed=3 4.45s
2812 done imagenet vgg13 ILSVRC2012_val_00011535 lime_mask_0.25 seed=1 2.34s
2813 done imagenet vgg13 ILSVRC2012_val_00011535 rise_grid_4 seed=0 4.95s
2814 done imagenet vgg13 ILSVRC2012_val_00011535 rise_grid_10 seed=0 4.09s
2815 done imagenet vgg13 ILSVRC2012_val_00011535 rise_mask_0.75 seed=1 4.38s
2816 done imagenet vgg13 ILSVRC2012_val_00011535 rise_grid_4 seed=1 5.00s
2817 done imagenet vgg13 ILSVRC2012_val_00011535 lime_slic_50 seed=1 2.39s
2818 done imagenet vgg13 ILSVRC2012_val_00011535 lime_mask_0.75 seed=3 2.34s
2819 done imagenet vgg13 ILSVRC2012_val_00011535 lime_mask_0.75 seed=4 2.35s
2820 done imagenet vgg13 ILSVRC2012_val_00011535 lime_mask_0.25 seed=0 2.35s
2821 done imagenet vgg13 ILSVRC2012_val_00011535 rise_grid_10 seed=1 4.51s
2822 done imagenet vgg13 ILSVRC2012_val_00011535 rise_grid_10 seed=2 4.39s
2823 done imagenet vgg13 ILSVRC2012_val_00011535 rise_mask_0.25 seed=3 4.56s
2824 done imagenet vgg13 ILSVRC2012_val_00011535 rise_grid_14 seed=3 4.31s
2825 done imagenet vgg13 ILSVRC2012_val_00011535 rise_grid_4 seed=4 4.98s
2826 done imagenet vgg13 ILSVRC2012_val_00011535 lime_mask_0.75 seed=1 2.62s
2827 done imagenet vgg13 ILSVRC2012_val_00011535 lime_slic_200 seed=4 2.80s
2828 done imagenet vgg13 ILSVRC2012_val_00011535 lime_slic_300 seed=3 2.84s
2829 done imagenet vgg13 ILSVRC2012_val_00011535 lime_slic_50 seed=4 2.77s
2830 done imagenet vgg13 ILSVRC2012_val_00011535 rise_mask_0.25 seed=1 4.82s
2831 done imagenet vgg13 ILSVRC2012_val_00011535 rise_grid_10 seed=4 4.55s
2832 done imagenet vgg13 ILSVRC2012_val_00011535 rise_mask_0.75 seed=2 4.59s
2833 done imagenet vgg13 ILSVRC2012_val_00011535 lime_mask_0.75 seed=2 2.33s
2834 done imagenet vgg13 ILSVRC2012_val_00011535 lime_slic_300 seed=4 2.39s
2835 done imagenet vgg13 ILSVRC2012_val_00011535 rise_mask_0.75 seed=0 4.44s
2836 done imagenet vgg13 ILSVRC2012_val_00011535 rise_mask_0.25 seed=4 4.52s
2837 done imagenet vgg13 ILSVRC2012_val_00011535 rise_grid_14 seed=0 4.28s
2838 done imagenet vgg13 ILSVRC2012_val_00011535 lime_mask_0.25 seed=4 2.37s
2839 done imagenet vgg13 ILSVRC2012_val_00011535 lime_slic_200 seed=0 2.42s
2840 done imagenet vgg13 ILSVRC2012_val_00011535 rise_mask_0.75 seed=4 4.04s
2841 done imagenet vgg13 ILSVRC2012_val_00011535 rise_grid_4 seed=2 4.74s
2842 done imagenet vgg13 ILSVRC2012_val_00011535 rise_mask_0.25 seed=0 4.47s
2843 done imagenet vgg13 ILSVRC2012_val_00011535 lime_slic_50 seed=0 2.37s
2844 done imagenet vgg13 ILSVRC2012_val_00011535 lime_slic_200 seed=2 2.40s
2845 done imagenet vgg13 ILSVRC2012_val_00011535 lime_mask_0.25 seed=2 2.34s
2846 done imagenet vgg13 ILSVRC2012_val_00011535 rise_grid_4 seed=3 4.95s
2847 done imagenet vgg13 ILSVRC2012_val_00011535 lime_slic_50 seed=3 2.39s
2848 done imagenet vgg13 ILSVRC2012_val_00011535 lime_mask_0.75 seed=0 2.36s
2849 done imagenet vgg13 ILSVRC2012_val_00011535 rise_grid_14 seed=2 4.32s
2850 done imagenet vgg13 ILSVRC2012_val_00011535 lime_mask_0.25 seed=3 2.39s
2851 done imagenet vgg13 ILSVRC2012_val_00012331 rise_grid_4 seed=2 4.96s
2852 done imagenet vgg13 ILSVRC2012_val_00012331 lime_slic_200 seed=3 2.29s
2853 done imagenet vgg13 ILSVRC2012_val_00012331 lime_slic_50 seed=2 2.33s
2854 done imagenet vgg13 ILSVRC2012_val_00012331 lime_slic_300 seed=2 2.38s
2855 done imagenet vgg13 ILSVRC2012_val_00012331 lime_mask_0.25 seed=4 2.32s
2856 done imagenet vgg13 ILSVRC2012_val_00012331 rise_grid_14 seed=0 4.13s
2857 done imagenet vgg13 ILSVRC2012_val_00012331 lime_slic_300 seed=3 2.39s
2858 done imagenet vgg13 ILSVRC2012_val_00012331 lime_slic_200 seed=4 2.37s
2859 done imagenet vgg13 ILSVRC2012_val_00012331 rise_mask_0.75 seed=1 4.22s
2860 done imagenet vgg13 ILSVRC2012_val_00012331 rise_mask_0.75 seed=4 3.51s
2861 done imagenet vgg13 ILSVRC2012_val_00012331 lime_mask_0.75 seed=1 2.86s
2862 done imagenet vgg13 ILSVRC2012_val_00012331 lime_mask_0.25 seed=0 2.89s
2863 done imagenet vgg13 ILSVRC2012_val_00012331 lime_slic_200 seed=1 2.85s
2864 done imagenet vgg13 ILSVRC2012_val_00012331 rise_grid_4 seed=3 5.20s
2865 done imagenet vgg13 ILSVRC2012_val_00012331 rise_grid_14 seed=2 4.63s
2866 done imagenet vgg13 ILSVRC2012_val_00012331 rise_mask_0.75 seed=0 4.56s
2867 done imagenet vgg13 ILSVRC2012_val_00012331 rise_mask_0.25 seed=0 4.52s
2868 done imagenet vgg13 ILSVRC2012_val_00012331 lime_slic_50 seed=1 2.28s
2869 done imagenet vgg13 ILSVRC2012_val_00012331 rise_mask_0.25 seed=2 4.73s
2870 done imagenet vgg13 ILSVRC2012_val_00012331 lime_slic_50 seed=0 2.35s
2871 done imagenet vgg13 ILSVRC2012_val_00012331 rise_grid_10 seed=4 4.47s
2872 done imagenet vgg13 ILSVRC2012_val_00012331 rise_mask_0.25 seed=3 4.85s
2873 done imagenet vgg13 ILSVRC2012_val_00012331 lime_slic_300 seed=1 2.38s
2874 done imagenet vgg13 ILSVRC2012_val_00012331 rise_grid_14 seed=3 4.32s
2875 done imagenet vgg13 ILSVRC2012_val_00012331 rise_grid_4 seed=4 5.00s
2876 done imagenet vgg13 ILSVRC2012_val_00012331 rise_mask_0.25 seed=1 4.54s
2877 done imagenet vgg13 ILSVRC2012_val_00012331 rise_grid_14 seed=4 3.57s
2878 done imagenet vgg13 ILSVRC2012_val_00012331 rise_grid_4 seed=1 4.65s
2879 done imagenet vgg13 ILSVRC2012_val_00012331 rise_mask_0.25 seed=4 4.58s
2880 done imagenet vgg13 ILSVRC2012_val_00012331 lime_mask_0.75 seed=0 2.37s
2881 done imagenet vgg13 ILSVRC2012_val_00012331 rise_grid_10 seed=2 4.38s
2882 done imagenet vgg13 ILSVRC2012_val_00012331 rise_grid_10 seed=1 3.30s
2883 done imagenet vgg13 ILSVRC2012_val_00012331 lime_mask_0.25 seed=1 2.27s
2884 done imagenet vgg13 ILSVRC2012_val_00012331 rise_mask_0.75 seed=2 3.55s
2885 done imagenet vgg13 ILSVRC2012_val_00012331 lime_mask_0.75 seed=4 2.28s
2886 done imagenet vgg13 ILSVRC2012_val_00012331 lime_mask_0.75 seed=2 2.28s
2887 done imagenet vgg13 ILSVRC2012_val_00012331 lime_slic_50 seed=4 2.28s
2888 done imagenet vgg13 ILSVRC2012_val_00012331 rise_grid_10 seed=0 3.67s
2889 done imagenet vgg13 ILSVRC2012_val_00012331 lime_mask_0.75 seed=3 2.33s
2890 done imagenet vgg13 ILSVRC2012_val_00012331 lime_slic_200 seed=2 2.33s
2891 done imagenet vgg13 ILSVRC2012_val_00012331 lime_mask_0.25 seed=2 2.30s
2892 done imagenet vgg13 ILSVRC2012_val_00012331 lime_slic_300 seed=4 2.38s
2893 done imagenet vgg13 ILSVRC2012_val_00012331 rise_mask_0.75 seed=3 4.19s
2894 done imagenet vgg13 ILSVRC2012_val_00012331 rise_grid_4 seed=0 4.93s
2895 done imagenet vgg13 ILSVRC2012_val_00012331 rise_grid_10 seed=3 4.38s
2896 done imagenet vgg13 ILSVRC2012_val_00012331 rise_grid_14 seed=1 4.32s
2897 done imagenet vgg13 ILSVRC2012_val_00012331 lime_slic_50 seed=3 2.31s
2898 done imagenet vgg13 ILSVRC2012_val_00012331 lime_mask_0.25 seed=3 2.29s
2899 done imagenet vgg13 ILSVRC2012_val_00012331 lime_slic_200 seed=0 2.40s
2900 done imagenet vgg13 ILSVRC2012_val_00012331 lime_slic_300 seed=0 2.40s
2901 done imagenet vgg13 ILSVRC2012_val_00013600 lime_mask_0.25 seed=4 2.36s
2902 done imagenet vgg13 ILSVRC2012_val_00013600 rise_mask_0.75 seed=3 3.90s
2903 done imagenet vgg13 ILSVRC2012_val_00013600 rise_grid_4 seed=0 4.86s
2904 done imagenet vgg13 ILSVRC2012_val_00013600 rise_mask_0.75 seed=0 4.53s
2905 done imagenet vgg13 ILSVRC2012_val_00013600 rise_grid_14 seed=3 3.33s
2906 done imagenet vgg13 ILSVRC2012_val_00013600 lime_mask_0.75 seed=2 2.31s
2907 done imagenet vgg13 ILSVRC2012_val_00013600 rise_grid_10 seed=1 4.50s
2908 done imagenet vgg13 ILSVRC2012_val_00013600 rise_mask_0.75 seed=4 4.50s
2909 done imagenet vgg13 ILSVRC2012_val_00013600 rise_grid_4 seed=1 4.91s
2910 done imagenet vgg13 ILSVRC2012_val_00013600 lime_mask_0.25 seed=2 2.37s
2911 done imagenet vgg13 ILSVRC2012_val_00013600 lime_slic_300 seed=1 2.37s
2912 done imagenet vgg13 ILSVRC2012_val_00013600 lime_slic_50 seed=1 2.33s
2913 done imagenet vgg13 ILSVRC2012_val_00013600 lime_slic_200 seed=3 2.37s
2914 done imagenet vgg13 ILSVRC2012_val_00013600 lime_mask_0.75 seed=3 2.34s
2915 done imagenet vgg13 ILSVRC2012_val_00013600 rise_grid_14 seed=0 4.23s
2916 done imagenet vgg13 ILSVRC2012_val_00013600 rise_grid_4 seed=2 4.77s
2917 done imagenet vgg13 ILSVRC2012_val_00013600 rise_mask_0.25 seed=1 3.52s
2918 done imagenet vgg13 ILSVRC2012_val_00013600 rise_grid_10 seed=4 4.47s
2919 done imagenet vgg13 ILSVRC2012_val_00013600 lime_slic_300 seed=3 2.37s
2920 done imagenet vgg13 ILSVRC2012_val_00013600 rise_mask_0.25 seed=0 4.54s
2921 done imagenet vgg13 ILSVRC2012_val_00013600 rise_grid_10 seed=0 4.64s
2922 done imagenet vgg13 ILSVRC2012_val_00013600 lime_slic_50 seed=2 2.32s
2923 done imagenet vgg13 ILSVRC2012_val_00013600 lime_mask_0.75 seed=4 2.80s
2924 done imagenet vgg13 ILSVRC2012_val_00013600 rise_grid_14 seed=4 4.89s
2925 done imagenet vgg13 ILSVRC2012_val_00013600 lime_slic_300 seed=4 2.83s
2926 done imagenet vgg13 ILSVRC2012_val_00013600 lime_slic_50 seed=4 2.77s
2927 done imagenet vgg13 ILSVRC2012_val_00013600 rise_mask_0.25 seed=3 4.60s
2928 done imagenet vgg13 ILSVRC2012_val_00013600 lime_slic_50 seed=0 2.32s
2929 done imagenet vgg13 ILSVRC2012_val_00013600 lime_mask_0.25 seed=0 2.36s
2930 done imagenet vgg13 ILSVRC2012_val_00013600 rise_grid_4 seed=3 5.83s
2931 done imagenet vgg13 ILSVRC2012_val_00013600 rise_mask_0.25 seed=4 5.05s
2932 done imagenet vgg13 ILSVRC2012_val_00013600 rise_grid_10 seed=2 4.49s
2933 done imagenet vgg13 ILSVRC2012_val_00013600 lime_mask_0.25 seed=3 2.39s
2934 done imagenet vgg13 ILSVRC2012_val_00013600 lime_slic_200 seed=1 2.42s
2935 done imagenet vgg13 ILSVRC2012_val_00013600 rise_grid_14 seed=1 3.87s
2936 done imagenet vgg13 ILSVRC2012_val_00013600 rise_grid_4 seed=4 4.55s
2937 done imagenet vgg13 ILSVRC2012_val_00013600 rise_mask_0.75 seed=1 4.50s
2938 done imagenet vgg13 ILSVRC2012_val_00013600 lime_slic_200 seed=0 2.40s
2939 done imagenet vgg13 ILSVRC2012_val_00013600 lime_mask_0.75 seed=0 2.34s
2940 done imagenet vgg13 ILSVRC2012_val_00013600 lime_slic_300 seed=2 2.42s
2941 done imagenet vgg13 ILSVRC2012_val_00013600 lime_slic_300 seed=0 2.38s
2942 done imagenet vgg13 ILSVRC2012_val_00013600 rise_mask_0.25 seed=2 4.54s
2943 done imagenet vgg13 ILSVRC2012_val_00013600 rise_grid_14 seed=2 4.28s
2944 done imagenet vgg13 ILSVRC2012_val_00013600 lime_mask_0.25 seed=1 2.31s
2945 done imagenet vgg13 ILSVRC2012_val_00013600 lime_slic_50 seed=3 2.33s
2946 done imagenet vgg13 ILSVRC2012_val_00013600 lime_mask_0.75 seed=1 2.28s
2947 done imagenet vgg13 ILSVRC2012_val_00013600 lime_slic_200 seed=2 2.35s
2948 done imagenet vgg13 ILSVRC2012_val_00013600 rise_grid_10 seed=3 4.48s
2949 done imagenet vgg13 ILSVRC2012_val_00013600 lime_slic_200 seed=4 2.37s
2950 done imagenet vgg13 ILSVRC2012_val_00013600 rise_mask_0.75 seed=2 4.56s
2951 done imagenet vgg13 ILSVRC2012_val_00014108 lime_slic_200 seed=0 2.39s
2952 done imagenet vgg13 ILSVRC2012_val_00014108 rise_mask_0.25 seed=4 4.54s
2953 done imagenet vgg13 ILSVRC2012_val_00014108 rise_grid_4 seed=2 4.93s
2954 done imagenet vgg13 ILSVRC2012_val_00014108 rise_grid_4 seed=4 4.93s
2955 done imagenet vgg13 ILSVRC2012_val_00014108 rise_grid_4 seed=0 4.93s
2956 done imagenet vgg13 ILSVRC2012_val_00014108 rise_mask_0.75 seed=4 4.54s
2957 done imagenet vgg13 ILSVRC2012_val_00014108 lime_slic_300 seed=1 2.39s
2958 done imagenet vgg13 ILSVRC2012_val_00014108 rise_grid_10 seed=1 4.48s
2959 done imagenet vgg13 ILSVRC2012_val_00014108 lime_mask_0.25 seed=4 2.32s
2960 done imagenet vgg13 ILSVRC2012_val_00014108 lime_mask_0.75 seed=1 2.31s
2961 done imagenet vgg13 ILSVRC2012_val_00014108 rise_mask_0.75 seed=3 4.53s
2962 done imagenet vgg13 ILSVRC2012_val_00014108 lime_mask_0.25 seed=3 2.32s
2963 done imagenet vgg13 ILSVRC2012_val_00014108 lime_mask_0.25 seed=1 2.30s
2964 done imagenet vgg13 ILSVRC2012_val_00014108 rise_grid_14 seed=2 4.29s
2965 done imagenet vgg13 ILSVRC2012_val_00014108 rise_grid_14 seed=4 4.29s
2966 done imagenet vgg13 ILSVRC2012_val_00014108 rise_grid_4 seed=3 4.04s
2967 done imagenet vgg13 ILSVRC2012_val_00014108 rise_mask_0.25 seed=0 3.34s
2968 done imagenet vgg13 ILSVRC2012_val_00014108 lime_slic_200 seed=2 2.31s
2969 done imagenet vgg13 ILSVRC2012_val_00014108 rise_mask_0.75 seed=0 3.36s
2970 done imagenet vgg13 ILSVRC2012_val_00014108 lime_slic_50 seed=0 2.28s
2971 done imagenet vgg13 ILSVRC2012_val_00014108 lime_mask_0.25 seed=2 2.24s
2972 done imagenet vgg13 ILSVRC2012_val_00014108 lime_mask_0.75 seed=0 2.26s
2973 done imagenet vgg13 ILSVRC2012_val_00014108 lime_slic_200 seed=4 2.30s
2974 done imagenet vgg13 ILSVRC2012_val_00014108 rise_grid_10 seed=3 4.46s
2975 done imagenet vgg13 ILSVRC2012_val_00014108 lime_slic_50 seed=3 2.25s
2976 done imagenet vgg13 ILSVRC2012_val_00014108 rise_grid_10 seed=4 4.46s
2977 done imagenet vgg13 ILSVRC2012_val_00014108 rise_grid_10 seed=2 4.56s
2978 done imagenet vgg13 ILSVRC2012_val_00014108 lime_slic_200 seed=3 2.34s
2979 done imagenet vgg13 ILSVRC2012_val_00014108 rise_mask_0.75 seed=1 3.53s
2980 done imagenet vgg13 ILSVRC2012_val_00014108 rise_mask_0.75 seed=2 3.42s
2981 done imagenet vgg13 ILSVRC2012_val_00014108 lime_slic_300 seed=0 2.37s
2982 done imagenet vgg13 ILSVRC2012_val_00014108 lime_slic_50 seed=2 2.32s
2983 done imagenet vgg13 ILSVRC2012_val_00014108 lime_slic_200 seed=1 2.35s
2984 done imagenet vgg13 ILSVRC2012_val_00014108 lime_slic_300 seed=4 2.37s
2985 done imagenet vgg13 ILSVRC2012_val_00014108 rise_grid_4 seed=1 3.82s
2986 done imagenet vgg13 ILSVRC2012_val_00014108 rise_grid_14 seed=3 3.20s
2987 done imagenet vgg13 ILSVRC2012_val_00014108 lime_mask_0.75 seed=3 2.30s
2988 done imagenet vgg13 ILSVRC2012_val_00014108 rise_mask_0.25 seed=2 4.52s
2989 done imagenet vgg13 ILSVRC2012_val_00014108 lime_slic_50 seed=1 2.25s
2990 done imagenet vgg13 ILSVRC2012_val_00014108 lime_slic_50 seed=4 2.26s
2991 done imagenet vgg13 ILSVRC2012_val_00014108 rise_grid_14 seed=0 3.69s
2992 done imagenet vgg13 ILSVRC2012_val_00014108 rise_grid_14 seed=1 3.15s
2993 done imagenet vgg13 ILSVRC2012_val_00014108 lime_mask_0.25 seed=0 2.29s
2994 done imagenet vgg13 ILSVRC2012_val_00014108 lime_slic_300 seed=2 2.36s
2995 done imagenet vgg13 ILSVRC2012_val_00014108 rise_mask_0.25 seed=3 3.36s
2996 done imagenet vgg13 ILSVRC2012_val_00014108 lime_mask_0.75 seed=4 2.27s
2997 done imagenet vgg13 ILSVRC2012_val_00014108 rise_mask_0.25 seed=1 3.34s
2998 done imagenet vgg13 ILSVRC2012_val_00014108 rise_grid_10 seed=0 3.29s
2999 done imagenet vgg13 ILSVRC2012_val_00014108 lime_slic_300 seed=3 2.31s
3000 done imagenet vgg13 ILSVRC2012_val_00014108 lime_mask_0.75 seed=2 2.28s
3001 done imagenet vgg13 ILSVRC2012_val_00014806 lime_mask_0.25 seed=1 2.25s
3002 done imagenet vgg13 ILSVRC2012_val_00014806 rise_grid_14 seed=2 3.17s
3003 done imagenet vgg13 ILSVRC2012_val_00014806 rise_mask_0.25 seed=4 3.34s
3004 done imagenet vgg13 ILSVRC2012_val_00014806 lime_mask_0.75 seed=1 2.26s
3005 done imagenet vgg13 ILSVRC2012_val_00014806 rise_mask_0.25 seed=0 3.35s
3006 done imagenet vgg13 ILSVRC2012_val_00014806 lime_slic_200 seed=0 2.29s
3007 done imagenet vgg13 ILSVRC2012_val_00014806 rise_mask_0.75 seed=3 3.35s
3008 done imagenet vgg13 ILSVRC2012_val_00014806 lime_mask_0.25 seed=2 2.26s
3009 done imagenet vgg13 ILSVRC2012_val_00014806 rise_mask_0.75 seed=1 3.34s
3010 done imagenet vgg13 ILSVRC2012_val_00014806 rise_mask_0.25 seed=3 3.34s
3011 done imagenet vgg13 ILSVRC2012_val_00014806 rise_grid_10 seed=3 3.29s
3012 done imagenet vgg13 ILSVRC2012_val_00014806 rise_grid_10 seed=4 3.29s
3013 done imagenet vgg13 ILSVRC2012_val_00014806 lime_slic_50 seed=3 2.24s
3014 done imagenet vgg13 ILSVRC2012_val_00014806 lime_slic_200 seed=1 2.28s
3015 done imagenet vgg13 ILSVRC2012_val_00014806 lime_slic_300 seed=2 2.30s
3016 done imagenet vgg13 ILSVRC2012_val_00014806 lime_slic_300 seed=0 2.30s
3017 done imagenet vgg13 ILSVRC2012_val_00014806 rise_grid_4 seed=2 3.70s
3018 done imagenet vgg13 ILSVRC2012_val_00014806 lime_mask_0.75 seed=0 2.25s
3019 done imagenet vgg13 ILSVRC2012_val_00014806 lime_mask_0.25 seed=0 2.23s
3020 done imagenet vgg13 ILSVRC2012_val_00014806 rise_grid_10 seed=2 3.29s
3021 done imagenet vgg13 ILSVRC2012_val_00014806 lime_slic_200 seed=3 2.28s
3022 done imagenet vgg13 ILSVRC2012_val_00014806 rise_grid_4 seed=0 3.68s
3023 done imagenet vgg13 ILSVRC2012_val_00014806 rise_mask_0.25 seed=1 3.33s
3024 done imagenet vgg13 ILSVRC2012_val_00014806 rise_grid_14 seed=3 3.13s
3025 done imagenet vgg13 ILSVRC2012_val_00014806 rise_grid_4 seed=3 3.73s
3026 done imagenet vgg13 ILSVRC2012_val_00014806 lime_slic_50 seed=2 2.25s
3027 done imagenet vgg13 ILSVRC2012_val_00014806 lime_mask_0.75 seed=3 2.26s
3028 done imagenet vgg13 ILSVRC2012_val_00014806 rise_grid_14 seed=1 3.13s
3029 done imagenet vgg13 ILSVRC2012_val_00014806 lime_slic_50 seed=0 2.25s
3030 done imagenet vgg13 ILSVRC2012_val_00014806 lime_mask_0.75 seed=2 2.25s
3031 done imagenet vgg13 ILSVRC2012_val_00014806 lime_slic_300 seed=4 2.30s
3032 done imagenet vgg13 ILSVRC2012_val_00014806 lime_mask_0.25 seed=4 2.25s
3033 done imagenet vgg13 ILSVRC2012_val_00014806 lime_slic_200 seed=2 2.30s
3034 done imagenet vgg13 ILSVRC2012_val_00014806 rise_mask_0.75 seed=0 3.34s
3035 done imagenet vgg13 ILSVRC2012_val_00014806 lime_slic_200 seed=4 2.29s
3036 done imagenet vgg13 ILSVRC2012_val_00014806 rise_grid_4 seed=4 3.72s
3037 done imagenet vgg13 ILSVRC2012_val_00014806 lime_mask_0.75 seed=4 2.25s
3038 done imagenet vgg13 ILSVRC2012_val_00014806 rise_grid_10 seed=0 3.28s
3039 done imagenet vgg13 ILSVRC2012_val_00014806 lime_slic_300 seed=3 2.28s
3040 done imagenet vgg13 ILSVRC2012_val_00014806 rise_mask_0.75 seed=2 3.33s
3041 done imagenet vgg13 ILSVRC2012_val_00014806 lime_slic_50 seed=4 2.24s
3042 done imagenet vgg13 ILSVRC2012_val_00014806 lime_slic_50 seed=1 2.21s
3043 done imagenet vgg13 ILSVRC2012_val_00014806 rise_mask_0.75 seed=4 3.33s
3044 done imagenet vgg13 ILSVRC2012_val_00014806 lime_mask_0.25 seed=3 2.24s
3045 done imagenet vgg13 ILSVRC2012_val_00014806 lime_slic_300 seed=1 2.29s
3046 done imagenet vgg13 ILSVRC2012_val_00014806 rise_mask_0.25 seed=2 3.33s
3047 done imagenet vgg13 ILSVRC2012_val_00014806 rise_grid_14 seed=0 3.12s
3048 done imagenet vgg13 ILSVRC2012_val_00014806 rise_grid_4 seed=1 3.67s
3049 done imagenet vgg13 ILSVRC2012_val_00014806 rise_grid_10 seed=1 3.28s
3050 done imagenet vgg13 ILSVRC2012_val_00014806 rise_grid_14 seed=4 3.13s
3051 done imagenet vgg13 ILSVRC2012_val_00015124 rise_grid_14 seed=0 3.12s
3052 done imagenet vgg13 ILSVRC2012_val_00015124 lime_slic_300 seed=0 2.30s
3053 done imagenet vgg13 ILSVRC2012_val_00015124 rise_grid_10 seed=1 3.27s
3054 done imagenet vgg13 ILSVRC2012_val_00015124 lime_mask_0.25 seed=2 2.24s
3055 done imagenet vgg13 ILSVRC2012_val_00015124 rise_mask_0.25 seed=1 3.33s
3056 done imagenet vgg13 ILSVRC2012_val_00015124 lime_slic_200 seed=3 2.30s
3057 done imagenet vgg13 ILSVRC2012_val_00015124 rise_grid_4 seed=3 3.69s
3058 done imagenet vgg13 ILSVRC2012_val_00015124 rise_grid_14 seed=1 4.27s
3059 done imagenet vgg13 ILSVRC2012_val_00015124 rise_mask_0.75 seed=1 4.53s
3060 done imagenet vgg13 ILSVRC2012_val_00015124 rise_mask_0.75 seed=2 4.53s
3061 done imagenet vgg13 ILSVRC2012_val_00015124 rise_grid_10 seed=2 4.53s
3062 done imagenet vgg13 ILSVRC2012_val_00015124 lime_mask_0.25 seed=3 2.28s
3063 done imagenet vgg13 ILSVRC2012_val_00015124 rise_mask_0.75 seed=4 4.57s
3064 done imagenet vgg13 ILSVRC2012_val_00015124 rise_grid_4 seed=0 4.97s
3065 done imagenet vgg13 ILSVRC2012_val_00015124 lime_slic_200 seed=1 2.26s
3066 done imagenet vgg13 ILSVRC2012_val_00015124 rise_mask_0.75 seed=3 4.51s
3067 done imagenet vgg13 ILSVRC2012_val_00015124 lime_slic_50 seed=1 2.23s
3068 done imagenet vgg13 ILSVRC2012_val_00015124 lime_mask_0.75 seed=4 2.24s
3069 done imagenet vgg13 ILSVRC2012_val_00015124 lime_mask_0.75 seed=2 2.25s
3070 done imagenet vgg13 ILSVRC2012_val_00015124 lime_slic_50 seed=3 2.25s
3071 done imagenet vgg13 ILSVRC2012_val_00015124 lime_slic_50 seed=4 2.24s
3072 done imagenet vgg13 ILSVRC2012_val_00015124 lime_slic_200 seed=2 2.28s
3073 done imagenet vgg13 ILSVRC2012_val_00015124 rise_grid_4 seed=4 4.91s
3074 done imagenet vgg13 ILSVRC2012_val_00015124 lime_mask_0.75 seed=1 2.25s
3075 done imagenet vgg13 ILSVRC2012_val_00015124 rise_grid_10 seed=4 4.46s
3076 done imagenet vgg13 ILSVRC2012_val_00015124 lime_mask_0.75 seed=3 2.30s
3077 done imagenet vgg13 ILSVRC2012_val_00015124 rise_grid_14 seed=4 4.28s
3078 done imagenet vgg13 ILSVRC2012_val_00015124 lime_slic_200 seed=0 2.33s
3079 done imagenet vgg13 ILSVRC2012_val_00015124 lime_slic_50 seed=0 2.29s
3080 done imagenet vgg13 ILSVRC2012_val_00015124 rise_grid_14 seed=3 4.28s
3081 done imagenet vgg13 ILSVRC2012_val_00015124 lime_slic_50 seed=2 2.29s
3082 done imagenet vgg13 ILSVRC2012_val_00015124 lime_mask_0.25 seed=4 2.30s
3083 done imagenet vgg13 ILSVRC2012_val_00015124 rise_mask_0.25 seed=3 4.54s
3084 done imagenet vgg13 ILSVRC2012_val_00015124 lime_mask_0.75 seed=0 2.29s
3085 done imagenet vgg13 ILSVRC2012_val_00015124 rise_mask_0.75 seed=0 4.53s
3086 done imagenet vgg13 ILSVRC2012_val_00015124 rise_mask_0.25 seed=2 4.53s
3087 done imagenet vgg13 ILSVRC2012_val_00015124 lime_mask_0.25 seed=1 2.29s
3088 done imagenet vgg13 ILSVRC2012_val_00015124 rise_grid_14 seed=2 3.89s
3089 done imagenet vgg13 ILSVRC2012_val_00015124 rise_grid_4 seed=1 3.72s
3090 done imagenet vgg13 ILSVRC2012_val_00015124 rise_grid_4 seed=2 3.69s
3091 done imagenet vgg13 ILSVRC2012_val_00015124 lime_slic_300 seed=4 2.32s
3092 done imagenet vgg13 ILSVRC2012_val_00015124 rise_grid_10 seed=0 3.33s
3093 done imagenet vgg13 ILSVRC2012_val_00015124 lime_slic_300 seed=3 2.31s
3094 done imagenet vgg13 ILSVRC2012_val_00015124 rise_grid_10 seed=3 3.27s
3095 done imagenet vgg13 ILSVRC2012_val_00015124 lime_slic_300 seed=1 2.32s
3096 done imagenet vgg13 ILSVRC2012_val_00015124 rise_mask_0.25 seed=4 3.37s
3097 done imagenet vgg13 ILSVRC2012_val_00015124 lime_mask_0.25 seed=0 2.28s
3098 done imagenet vgg13 ILSVRC2012_val_00015124 lime_slic_200 seed=4 2.31s
3099 done imagenet vgg13 ILSVRC2012_val_00015124 rise_mask_0.25 seed=0 3.37s
3100 done imagenet vgg13 ILSVRC2012_val_00015124 lime_slic_300 seed=2 2.33s
3101 done imagenet vgg13 ILSVRC2012_val_00015975 lime_slic_50 seed=2 2.29s
3102 done imagenet vgg13 ILSVRC2012_val_00015975 lime_slic_300 seed=3 2.32s
3103 done imagenet vgg13 ILSVRC2012_val_00015975 rise_mask_0.25 seed=1 4.34s
3104 done imagenet vgg13 ILSVRC2012_val_00015975 rise_grid_4 seed=1 3.71s
3105 done imagenet vgg13 ILSVRC2012_val_00015975 lime_slic_50 seed=0 2.25s
3106 done imagenet vgg13 ILSVRC2012_val_00015975 rise_grid_10 seed=3 3.29s
3107 done imagenet vgg13 ILSVRC2012_val_00015975 rise_mask_0.75 seed=0 3.35s
3108 done imagenet vgg13 ILSVRC2012_val_00015975 rise_mask_0.25 seed=3 3.35s
3109 done imagenet vgg13 ILSVRC2012_val_00015975 rise_mask_0.25 seed=4 3.35s
3110 done imagenet vgg13 ILSVRC2012_val_00015975 rise_grid_14 seed=2 3.15s
3111 done imagenet vgg13 ILSVRC2012_val_00015975 lime_slic_50 seed=4 2.30s
3112 done imagenet vgg13 ILSVRC2012_val_00015975 rise_grid_4 seed=4 4.14s
3113 done imagenet vgg13 ILSVRC2012_val_00015975 rise_grid_10 seed=2 3.30s
3114 done imagenet vgg13 ILSVRC2012_val_00015975 lime_mask_0.25 seed=2 2.29s
3115 done imagenet vgg13 ILSVRC2012_val_00015975 rise_grid_10 seed=4 3.31s
3116 done imagenet vgg13 ILSVRC2012_val_00015975 lime_mask_0.75 seed=2 2.29s
3117 done imagenet vgg13 ILSVRC2012_val_00015975 rise_mask_0.75 seed=1 3.35s
3118 done imagenet vgg13 ILSVRC2012_val_00015975 lime_slic_300 seed=0 2.34s
3119 done imagenet vgg13 ILSVRC2012_val_00015975 lime_slic_200 seed=1 2.31s
3120 done imagenet vgg13 ILSVRC2012_val_00015975 lime_mask_0.25 seed=1 2.28s
3121 done imagenet vgg13 ILSVRC2012_val_00015975 rise_grid_14 seed=1 3.14s
3122 done imagenet vgg13 ILSVRC2012_val_00015975 lime_slic_300 seed=2 2.34s
3123 done imagenet vgg13 ILSVRC2012_val_00015975 lime_mask_0.25 seed=3 2.28s
3124 done imagenet vgg13 ILSVRC2012_val_00015975 lime_slic_300 seed=1 2.36s
3125 done imagenet vgg13 ILSVRC2012_val_00015975 lime_mask_0.25 seed=4 2.34s
3126 done imagenet vgg13 ILSVRC2012_val_00015975 lime_slic_50 seed=3 2.30s
3127 done imagenet vgg13 ILSVRC2012_val_00015975 rise_grid_14 seed=3 3.17s
3128 done imagenet vgg13 ILSVRC2012_val_00015975 rise_grid_10 seed=0 3.29s
3129 done imagenet vgg13 ILSVRC2012_val_00015975 lime_mask_0.75 seed=3 2.28s
3130 done imagenet vgg13 ILSVRC2012_val_00015975 rise_mask_0.25 seed=0 3.35s
3131 done imagenet vgg13 ILSVRC2012_val_00015975 rise_grid_14 seed=4 3.13s
3132 done imagenet vgg13 ILSVRC2012_val_00015975 rise_grid_4 seed=0 3.70s
3133 done imagenet vgg13 ILSVRC2012_val_00015975 rise_grid_10 seed=1 3.29s
3134 done imagenet vgg13 ILSVRC2012_val_00015975 rise_mask_0.75 seed=2 3.38s
3135 done imagenet vgg13 ILSVRC2012_val_00015975 lime_mask_0.25 seed=0 2.29s
3136 done imagenet vgg13 ILSVRC2012_val_00015975 lime_slic_200 seed=2 2.29s
3137 done imagenet vgg13 ILSVRC2012_val_00015975 rise_mask_0.25 seed=2 3.32s
3138 done imagenet vgg13 ILSVRC2012_val_00015975 lime_mask_0.75 seed=4 2.28s
3139 done imagenet vgg13 ILSVRC2012_val_00015975 lime_slic_200 seed=3 2.29s
3140 done imagenet vgg13 ILSVRC2012_val_00015975 rise_mask_0.75 seed=4 3.34s
3141 done imagenet vgg13 ILSVRC2012_val_00015975 rise_grid_4 seed=3 3.69s
3142 done imagenet vgg13 ILSVRC2012_val_00015975 lime_slic_200 seed=4 2.31s
3143 done imagenet vgg13 ILSVRC2012_val_00015975 rise_grid_14 seed=0 3.13s
3144 done imagenet vgg13 ILSVRC2012_val_00015975 rise_mask_0.75 seed=3 3.34s
3145 done imagenet vgg13 ILSVRC2012_val_00015975 lime_slic_50 seed=1 2.29s
3146 done imagenet vgg13 ILSVRC2012_val_00015975 lime_mask_0.75 seed=1 2.27s
3147 done imagenet vgg13 ILSVRC2012_val_00015975 lime_mask_0.75 seed=0 2.27s
3148 done imagenet vgg13 ILSVRC2012_val_00015975 lime_slic_200 seed=0 2.31s
3149 done imagenet vgg13 ILSVRC2012_val_00015975 lime_slic_300 seed=4 2.35s
3150 done imagenet vgg13 ILSVRC2012_val_00015975 rise_grid_4 seed=2 3.71s
3151 done imagenet vgg13 ILSVRC2012_val_00017759 lime_slic_50 seed=3 2.29s
3152 done imagenet vgg13 ILSVRC2012_val_00017759 rise_grid_4 seed=1 3.65s
3153 done imagenet vgg13 ILSVRC2012_val_00017759 rise_grid_14 seed=4 3.13s
3154 done imagenet vgg13 ILSVRC2012_val_00017759 rise_mask_0.25 seed=3 4.53s
3155 done imagenet vgg13 ILSVRC2012_val_00017759 rise_mask_0.25 seed=4 4.53s
3156 done imagenet vgg13 ILSVRC2012_val_00017759 rise_grid_4 seed=2 4.93s
3157 done imagenet vgg13 ILSVRC2012_val_00017759 rise_grid_14 seed=3 4.29s
3158 done imagenet vgg13 ILSVRC2012_val_00017759 rise_mask_0.75 seed=0 4.54s
3159 done imagenet vgg13 ILSVRC2012_val_00017759 rise_mask_0.25 seed=1 4.54s
3160 done imagenet vgg13 ILSVRC2012_val_00017759 rise_grid_10 seed=1 4.48s
3161 done imagenet vgg13 ILSVRC2012_val_00017759 lime_mask_0.25 seed=2 2.32s
3162 done imagenet vgg13 ILSVRC2012_val_00017759 lime_slic_50 seed=2 2.30s
3163 done imagenet vgg13 ILSVRC2012_val_00017759 rise_mask_0.25 seed=0 4.54s
3164 done imagenet vgg13 ILSVRC2012_val_00017759 lime_mask_0.75 seed=0 2.31s
3165 done imagenet vgg13 ILSVRC2012_val_00017759 lime_slic_300 seed=3 2.38s
3166 done imagenet vgg13 ILSVRC2012_val_00017759 rise_grid_4 seed=0 4.94s
3167 done imagenet vgg13 ILSVRC2012_val_00017759 rise_grid_10 seed=0 4.48s
3168 done imagenet vgg13 ILSVRC2012_val_00017759 lime_mask_0.75 seed=2 2.31s
3169 done imagenet vgg13 ILSVRC2012_val_00017759 rise_grid_14 seed=0 4.29s
3170 done imagenet vgg13 ILSVRC2012_val_00017759 lime_slic_50 seed=4 2.30s
3171 done imagenet vgg13 ILSVRC2012_val_00017759 rise_grid_14 seed=2 3.15s
3172 done imagenet vgg13 ILSVRC2012_val_00017759 lime_mask_0.25 seed=1 2.30s
3173 done imagenet vgg13 ILSVRC2012_val_00017759 rise_mask_0.75 seed=1 3.36s
3174 done imagenet vgg13 ILSVRC2012_val_00017759 rise_mask_0.25 seed=2 3.36s
3175 done imagenet vgg13 ILSVRC2012_val_00017759 lime_slic_200 seed=2 2.34s
3176 done imagenet vgg13 ILSVRC2012_val_00017759 lime_slic_300 seed=2 2.36s
3177 done imagenet vgg13 ILSVRC2012_val_00017759 rise_grid_10 seed=2 4.46s
3178 done imagenet vgg13 ILSVRC2012_val_00017759 lime_mask_0.75 seed=3 2.24s
3179 done imagenet vgg13 ILSVRC2012_val_00017759 rise_grid_4 seed=3 4.92s
3180 done imagenet vgg13 ILSVRC2012_val_00017759 lime_slic_50 seed=1 2.26s
3181 done imagenet vgg13 ILSVRC2012_val_00017759 rise_grid_14 seed=1 4.28s
3182 done imagenet vgg13 ILSVRC2012_val_00017759 lime_mask_0.25 seed=4 2.25s
3183 done imagenet vgg13 ILSVRC2012_val_00017759 lime_mask_0.75 seed=4 2.32s
3184 done imagenet vgg13 ILSVRC2012_val_00017759 rise_grid_10 seed=3 4.27s
3185 done imagenet vgg13 ILSVRC2012_val_00017759 rise_mask_0.75 seed=2 4.57s
3186 done imagenet vgg13 ILSVRC2012_val_00017759 lime_mask_0.25 seed=3 2.36s
3187 done imagenet vgg13 ILSVRC2012_val_00017759 lime_slic_200 seed=4 2.39s
3188 done imagenet vgg13 ILSVRC2012_val_00017759 lime_mask_0.75 seed=1 2.38s
3189 done imagenet vgg13 ILSVRC2012_val_00017759 rise_mask_0.75 seed=3 4.47s
3190 done imagenet vgg13 ILSVRC2012_val_00017759 lime_slic_300 seed=1 2.37s
3191 done imagenet vgg13 ILSVRC2012_val_00017759 lime_slic_200 seed=3 2.37s
3192 done imagenet vgg13 ILSVRC2012_val_00017759 lime_slic_300 seed=0 2.36s
3193 done imagenet vgg13 ILSVRC2012_val_00017759 rise_mask_0.75 seed=4 4.54s
3194 done imagenet vgg13 ILSVRC2012_val_00017759 rise_grid_4 seed=4 4.77s
3195 done imagenet vgg13 ILSVRC2012_val_00017759 lime_slic_300 seed=4 2.41s
3196 done imagenet vgg13 ILSVRC2012_val_00017759 rise_grid_10 seed=4 4.20s
3197 done imagenet vgg13 ILSVRC2012_val_00017759 lime_slic_200 seed=0 2.34s
3198 done imagenet vgg13 ILSVRC2012_val_00017759 lime_mask_0.25 seed=0 2.34s
3199 done imagenet vgg13 ILSVRC2012_val_00017759 lime_slic_200 seed=1 2.36s
3200 done imagenet vgg13 ILSVRC2012_val_00017759 lime_slic_50 seed=0 2.30s
3201 done imagenet vgg13 ILSVRC2012_val_00023695 rise_mask_0.75 seed=0 4.56s
3202 done imagenet vgg13 ILSVRC2012_val_00023695 lime_slic_200 seed=1 2.34s
3203 done imagenet vgg13 ILSVRC2012_val_00023695 lime_slic_50 seed=3 2.29s
3204 done imagenet vgg13 ILSVRC2012_val_00023695 lime_mask_0.25 seed=1 2.22s
3205 done imagenet vgg13 ILSVRC2012_val_00023695 lime_slic_50 seed=1 2.31s
3206 done imagenet vgg13 ILSVRC2012_val_00023695 rise_grid_14 seed=3 3.74s
3207 done imagenet vgg13 ILSVRC2012_val_00023695 rise_mask_0.25 seed=2 4.21s
3208 done imagenet vgg13 ILSVRC2012_val_00023695 lime_mask_0.75 seed=2 2.32s
3209 done imagenet vgg13 ILSVRC2012_val_00023695 rise_mask_0.75 seed=1 4.64s
3210 done imagenet vgg13 ILSVRC2012_val_00023695 rise_grid_4 seed=2 5.27s
3211 done imagenet vgg13 ILSVRC2012_val_00023695 lime_slic_300 seed=4 2.71s
3212 done imagenet vgg13 ILSVRC2012_val_00023695 lime_slic_300 seed=1 2.42s
3213 done imagenet vgg13 ILSVRC2012_val_00023695 rise_grid_14 seed=2 4.32s
3214 done imagenet vgg13 ILSVRC2012_val_00023695 lime_mask_0.75 seed=1 2.31s
3215 done imagenet vgg13 ILSVRC2012_val_00023695 rise_grid_10 seed=3 4.49s
3216 done imagenet vgg13 ILSVRC2012_val_00023695 lime_slic_50 seed=2 2.33s
3217 done imagenet vgg13 ILSVRC2012_val_00023695 rise_mask_0.75 seed=3 3.89s
3218 done imagenet vgg13 ILSVRC2012_val_00023695 lime_mask_0.25 seed=2 2.27s
3219 done imagenet vgg13 ILSVRC2012_val_00023695 lime_mask_0.75 seed=3 2.30s
3220 done imagenet vgg13 ILSVRC2012_val_00023695 rise_mask_0.25 seed=4 4.56s
3221 done imagenet vgg13 ILSVRC2012_val_00023695 rise_grid_4 seed=1 4.95s
3222 done imagenet vgg13 ILSVRC2012_val_00023695 lime_slic_50 seed=0 2.30s
3223 done imagenet vgg13 ILSVRC2012_val_00023695 rise_mask_0.75 seed=4 4.56s
3224 done imagenet vgg13 ILSVRC2012_val_00023695 rise_grid_10 seed=0 3.37s
3225 done imagenet vgg13 ILSVRC2012_val_00023695 rise_mask_0.25 seed=3 3.78s
3226 done imagenet vgg13 ILSVRC2012_val_00023695 lime_slic_300 seed=0 2.40s
3227 done imagenet vgg13 ILSVRC2012_val_00023695 rise_grid_4 seed=3 4.78s
3228 done imagenet vgg13 ILSVRC2012_val_00023695 lime_mask_0.25 seed=0 2.36s
3229 done imagenet vgg13 ILSVRC2012_val_00023695 lime_mask_0.75 seed=0 2.35s
3230 done imagenet vgg13 ILSVRC2012_val_00023695 lime_mask_0.25 seed=3 2.34s
3231 done imagenet vgg13 ILSVRC2012_val_00023695 lime_mask_0.25 seed=4 2.35s
3232 done imagenet vgg13 ILSVRC2012_val_00023695 rise_grid_14 seed=0 3.46s
3233 done imagenet vgg13 ILSVRC2012_val_00023695 lime_slic_200 seed=3 2.31s
3234 done imagenet vgg13 ILSVRC2012_val_00023695 rise_mask_0.25 seed=1 3.37s
3235 done imagenet vgg13 ILSVRC2012_val_00023695 lime_slic_300 seed=2 2.31s
3236 done imagenet vgg13 ILSVRC2012_val_00023695 lime_slic_300 seed=3 2.31s
3237 done imagenet vgg13 ILSVRC2012_val_00023695 lime_slic_200 seed=2 2.28s
3238 done imagenet vgg13 ILSVRC2012_val_00023695 rise_grid_4 seed=0 3.71s
3239 done imagenet vgg13 ILSVRC2012_val_00023695 rise_grid_10 seed=2 3.36s
3240 done imagenet vgg13 ILSVRC2012_val_00023695 rise_grid_10 seed=1 4.27s
3241 done imagenet vgg13 ILSVRC2012_val_00023695 rise_grid_14 seed=4 4.29s
3242 done imagenet vgg13 ILSVRC2012_val_00023695 lime_mask_0.75 seed=4 2.26s
3243 done imagenet vgg13 ILSVRC2012_val_00023695 lime_slic_50 seed=4 2.26s
3244 done imagenet vgg13 ILSVRC2012_val_00023695 rise_grid_10 seed=4 4.10s
3245 done imagenet vgg13 ILSVRC2012_val_00023695 rise_mask_0.25 seed=0 3.40s
3246 done imagenet vgg13 ILSVRC2012_val_00023695 rise_grid_4 seed=4 3.74s
3247 done imagenet vgg13 ILSVRC2012_val_00023695 lime_slic_200 seed=0 2.29s
3248 done imagenet vgg13 ILSVRC2012_val_00023695 rise_grid_14 seed=1 3.19s
3249 done imagenet vgg13 ILSVRC2012_val_00023695 rise_mask_0.75 seed=2 3.39s
3250 done imagenet vgg13 ILSVRC2012_val_00023695 lime_slic_200 seed=4 2.31s
3251 done imagenet vgg13 ILSVRC2012_val_00025180 lime_mask_0.75 seed=4 2.24s
3252 done imagenet vgg13 ILSVRC2012_val_00025180 lime_slic_300 seed=1 2.31s
3253 done imagenet vgg13 ILSVRC2012_val_00025180 rise_mask_0.75 seed=3 3.35s
3254 done imagenet vgg13 ILSVRC2012_val_00025180 lime_slic_200 seed=0 2.30s
3255 done imagenet vgg13 ILSVRC2012_val_00025180 rise_mask_0.25 seed=4 3.35s
3256 done imagenet vgg13 ILSVRC2012_val_00025180 lime_mask_0.25 seed=2 2.25s
3257 done imagenet vgg13 ILSVRC2012_val_00025180 rise_grid_4 seed=1 3.73s
3258 done imagenet vgg13 ILSVRC2012_val_00025180 rise_mask_0.25 seed=3 3.36s
3259 done imagenet vgg13 ILSVRC2012_val_00025180 rise_grid_10 seed=4 3.30s
3260 done imagenet vgg13 ILSVRC2012_val_00025180 rise_grid_4 seed=3 3.71s
3261 done imagenet vgg13 ILSVRC2012_val_00025180 rise_grid_10 seed=2 3.29s
3262 done imagenet vgg13 ILSVRC2012_val_00025180 rise_grid_14 seed=1 3.13s
3263 done imagenet vgg13 ILSVRC2012_val_00025180 rise_mask_0.25 seed=1 3.34s
3264 done imagenet vgg13 ILSVRC2012_val_00025180 rise_grid_14 seed=0 3.14s
3265 done imagenet vgg13 ILSVRC2012_val_00025180 rise_grid_14 seed=3 3.14s
3266 done imagenet vgg13 ILSVRC2012_val_00025180 lime_slic_200 seed=1 2.29s
3267 done imagenet vgg13 ILSVRC2012_val_00025180 rise_grid_4 seed=2 3.70s
3268 done imagenet vgg13 ILSVRC2012_val_00025180 lime_mask_0.75 seed=3 2.27s
3269 done imagenet vgg13 ILSVRC2012_val_00025180 rise_grid_4 seed=0 3.66s
3270 done imagenet vgg13 ILSVRC2012_val_00025180 rise_mask_0.25 seed=0 4.31s
3271 done imagenet vgg13 ILSVRC2012_val_00025180 lime_slic_50 seed=4 2.28s
3272 done imagenet vgg13 ILSVRC2012_val_00025180 lime_slic_50 seed=1 2.30s
3273 done imagenet vgg13 ILSVRC2012_val_00025180 lime_slic_300 seed=2 2.31s
3274 done imagenet vgg13 ILSVRC2012_val_00025180 lime_mask_0.25 seed=4 2.29s
3275 done imagenet vgg13 ILSVRC2012_val_00025180 lime_slic_200 seed=4 2.33s
3276 done imagenet vgg13 ILSVRC2012_val_00025180 lime_slic_50 seed=2 2.28s
3277 done imagenet vgg13 ILSVRC2012_val_00025180 lime_slic_50 seed=3 2.29s
3278 done imagenet vgg13 ILSVRC2012_val_00025180 lime_slic_200 seed=2 2.30s
3279 done imagenet vgg13 ILSVRC2012_val_00025180 lime_slic_200 seed=3 2.33s
3280 done imagenet vgg13 ILSVRC2012_val_00025180 rise_grid_10 seed=0 4.48s
3281 done imagenet vgg13 ILSVRC2012_val_00025180 lime_mask_0.75 seed=0 2.31s
3282 done imagenet vgg13 ILSVRC2012_val_00025180 rise_mask_0.75 seed=2 4.54s
3283 done imagenet vgg13 ILSVRC2012_val_00025180 lime_mask_0.25 seed=0 2.29s
3284 done imagenet vgg13 ILSVRC2012_val_00025180 lime_slic_50 seed=0 2.29s
3285 done imagenet vgg13 ILSVRC2012_val_00025180 rise_mask_0.75 seed=4 4.55s
3286 done imagenet vgg13 ILSVRC2012_val_00025180 lime_mask_0.75 seed=1 2.32s
3287 done imagenet vgg13 ILSVRC2012_val_00025180 lime_mask_0.25 seed=1 2.30s
3288 done imagenet vgg13 ILSVRC2012_val_00025180 lime_slic_300 seed=3 2.38s
3289 done imagenet vgg13 ILSVRC2012_val_00025180 lime_mask_0.25 seed=3 2.32s
3290 done imagenet vgg13 ILSVRC2012_val_00025180 rise_grid_10 seed=3 4.55s
3291 done imagenet vgg13 ILSVRC2012_val_00025180 lime_slic_300 seed=4 2.37s
3292 done imagenet vgg13 ILSVRC2012_val_00025180 lime_slic_300 seed=0 2.36s
3293 done imagenet vgg13 ILSVRC2012_val_00025180 rise_grid_10 seed=1 4.48s
3294 done imagenet vgg13 ILSVRC2012_val_00025180 rise_mask_0.25 seed=2 4.54s
3295 done imagenet vgg13 ILSVRC2012_val_00025180 rise_grid_14 seed=2 4.05s
3296 done imagenet vgg13 ILSVRC2012_val_00025180 rise_grid_14 seed=4 3.15s
3297 done imagenet vgg13 ILSVRC2012_val_00025180 rise_mask_0.75 seed=1 3.36s
3298 done imagenet vgg13 ILSVRC2012_val_00025180 rise_mask_0.75 seed=0 3.36s
3299 done imagenet vgg13 ILSVRC2012_val_00025180 rise_grid_4 seed=4 3.78s
3300 done imagenet vgg13 ILSVRC2012_val_00025180 lime_mask_0.75 seed=2 2.30s
3301 done imagenet vgg13 ILSVRC2012_val_00026967 lime_mask_0.75 seed=0 2.30s
3302 done imagenet vgg13 ILSVRC2012_val_00026967 lime_mask_0.25 seed=3 2.29s
3303 done imagenet vgg13 ILSVRC2012_val_00026967 rise_grid_14 seed=3 3.21s
3304 done imagenet vgg13 ILSVRC2012_val_00026967 rise_grid_4 seed=0 3.79s
3305 done imagenet vgg13 ILSVRC2012_val_00026967 lime_slic_300 seed=1 2.40s
3306 done imagenet vgg13 ILSVRC2012_val_00026967 rise_grid_4 seed=4 3.78s
3307 done imagenet vgg13 ILSVRC2012_val_00026967 lime_slic_50 seed=3 2.34s
3308 done imagenet vgg13 ILSVRC2012_val_00026967 lime_slic_50 seed=4 2.34s
3309 done imagenet vgg13 ILSVRC2012_val_00026967 lime_slic_200 seed=3 2.37s
3310 done imagenet vgg13 ILSVRC2012_val_00026967 rise_grid_10 seed=3 3.39s
3311 done imagenet vgg13 ILSVRC2012_val_00026967 lime_mask_0.75 seed=4 2.33s
3312 done imagenet vgg13 ILSVRC2012_val_00026967 rise_grid_14 seed=1 3.19s
3313 done imagenet vgg13 ILSVRC2012_val_00026967 lime_slic_300 seed=4 2.32s
3314 done imagenet vgg13 ILSVRC2012_val_00026967 lime_mask_0.75 seed=3 2.27s
3315 done imagenet vgg13 ILSVRC2012_val_00026967 lime_mask_0.25 seed=2 2.27s
3316 done imagenet vgg13 ILSVRC2012_val_00026967 lime_mask_0.25 seed=0 2.27s
3317 done imagenet vgg13 ILSVRC2012_val_00026967 rise_grid_14 seed=0 4.29s
3318 done imagenet vgg13 ILSVRC2012_val_00026967 rise_mask_0.25 seed=2 4.54s
3319 done imagenet vgg13 ILSVRC2012_val_00026967 rise_grid_4 seed=1 4.94s
3320 done imagenet vgg13 ILSVRC2012_val_00026967 lime_slic_300 seed=0 2.32s
3321 done imagenet vgg13 ILSVRC2012_val_00026967 lime_slic_200 seed=2 2.29s
3322 done imagenet vgg13 ILSVRC2012_val_00026967 lime_slic_300 seed=3 2.33s
3323 done imagenet vgg13 ILSVRC2012_val_00026967 lime_slic_200 seed=1 2.32s
3324 done imagenet vgg13 ILSVRC2012_val_00026967 lime_mask_0.25 seed=4 2.32s
3325 done imagenet vgg13 ILSVRC2012_val_00026967 rise_mask_0.75 seed=2 4.56s
3326 done imagenet vgg13 ILSVRC2012_val_00026967 lime_slic_50 seed=1 2.31s
3327 done imagenet vgg13 ILSVRC2012_val_00026967 rise_grid_4 seed=2 4.90s
3328 done imagenet vgg13 ILSVRC2012_val_00026967 lime_mask_0.25 seed=1 2.31s
3329 done imagenet vgg13 ILSVRC2012_val_00026967 rise_mask_0.75 seed=3 3.36s
3330 done imagenet vgg13 ILSVRC2012_val_00026967 rise_mask_0.25 seed=3 3.36s
3331 done imagenet vgg13 ILSVRC2012_val_00026967 rise_grid_14 seed=2 3.16s
3332 done imagenet vgg13 ILSVRC2012_val_00026967 rise_grid_10 seed=0 3.32s
3333 done imagenet vgg13 ILSVRC2012_val_00026967 lime_mask_0.75 seed=1 2.32s
3334 done imagenet vgg13 ILSVRC2012_val_00026967 lime_mask_0.75 seed=2 2.32s
3335 done imagenet vgg13 ILSVRC2012_val_00026967 rise_mask_0.25 seed=0 3.36s
3336 done imagenet vgg13 ILSVRC2012_val_00026967 rise_grid_10 seed=4 3.31s
3337 done imagenet vgg13 ILSVRC2012_val_00026967 lime_slic_200 seed=4 2.35s
3338 done imagenet vgg13 ILSVRC2012_val_00026967 rise_mask_0.75 seed=0 3.37s
3339 done imagenet vgg13 ILSVRC2012_val_00026967 lime_slic_50 seed=0 2.33s
3340 done imagenet vgg13 ILSVRC2012_val_00026967 rise_grid_10 seed=2 3.30s
3341 done imagenet vgg13 ILSVRC2012_val_00026967 rise_grid_10 seed=1 3.31s
3342 done imagenet vgg13 ILSVRC2012_val_00026967 lime_slic_50 seed=2 2.31s
3343 done imagenet vgg13 ILSVRC2012_val_00026967 lime_slic_200 seed=0 2.35s
3344 done imagenet vgg13 ILSVRC2012_val_00026967 rise_grid_14 seed=4 3.83s
3345 done imagenet vgg13 ILSVRC2012_val_00026967 lime_slic_300 seed=2 2.37s
3346 done imagenet vgg13 ILSVRC2012_val_00026967 rise_grid_4 seed=3 3.73s
3347 done imagenet vgg13 ILSVRC2012_val_00026967 rise_mask_0.25 seed=1 3.39s
3348 done imagenet vgg13 ILSVRC2012_val_00026967 rise_mask_0.75 seed=1 3.37s
3349 done imagenet vgg13 ILSVRC2012_val_00026967 rise_mask_0.75 seed=4 3.35s
3350 done imagenet vgg13 ILSVRC2012_val_00026967 rise_mask_0.25 seed=4 4.23s
3351 done imagenet vgg13 ILSVRC2012_val_00029916 rise_grid_14 seed=3 4.17s
3352 done imagenet vgg13 ILSVRC2012_val_00029916 rise_mask_0.25 seed=2 3.33s
3353 done imagenet vgg13 ILSVRC2012_val_00029916 lime_slic_200 seed=0 2.31s
3354 done imagenet vgg13 ILSVRC2012_val_00029916 lime_mask_0.25 seed=2 2.30s
3355 done imagenet vgg13 ILSVRC2012_val_00029916 lime_slic_50 seed=3 2.30s
3356 done imagenet vgg13 ILSVRC2012_val_00029916 lime_mask_0.25 seed=4 2.28s
3357 done imagenet vgg13 ILSVRC2012_val_00029916 rise_mask_0.25 seed=3 3.35s
3358 done imagenet vgg13 ILSVRC2012_val_00029916 lime_slic_200 seed=1 2.33s
3359 done imagenet vgg13 ILSVRC2012_val_00029916 lime_slic_200 seed=4 2.33s
3360 done imagenet vgg13 ILSVRC2012_val_00029916 lime_mask_0.75 seed=0 2.33s
3361 done imagenet vgg13 ILSVRC2012_val_00029916 rise_grid_14 seed=2 3.93s
3362 done imagenet vgg13 ILSVRC2012_val_00029916 lime_mask_0.25 seed=1 2.23s
3363 done imagenet vgg13 ILSVRC2012_val_00029916 rise_grid_4 seed=4 3.67s
3364 done imagenet vgg13 ILSVRC2012_val_00029916 lime_mask_0.75 seed=4 2.22s
3365 done imagenet vgg13 ILSVRC2012_val_00029916 lime_slic_300 seed=1 2.27s
3366 done imagenet vgg13 ILSVRC2012_val_00029916 rise_grid_14 seed=4 3.11s
3367 done imagenet vgg13 ILSVRC2012_val_00029916 rise_mask_0.75 seed=4 3.37s
3368 done imagenet vgg13 ILSVRC2012_val_00029916 rise_grid_14 seed=1 3.98s
3369 done imagenet vgg13 ILSVRC2012_val_00029916 rise_mask_0.75 seed=1 3.61s
3370 done imagenet vgg13 ILSVRC2012_val_00029916 rise_grid_4 seed=1 3.70s
3371 done imagenet vgg13 ILSVRC2012_val_00029916 lime_slic_50 seed=4 2.23s
3372 done imagenet vgg13 ILSVRC2012_val_00029916 lime_mask_0.25 seed=3 2.25s
3373 done imagenet vgg13 ILSVRC2012_val_00029916 rise_mask_0.75 seed=0 3.95s
3374 done imagenet vgg13 ILSVRC2012_val_00029916 rise_grid_10 seed=4 4.47s
3375 done imagenet vgg13 ILSVRC2012_val_00029916 rise_mask_0.75 seed=3 4.52s
3376 done imagenet vgg13 ILSVRC2012_val_00029916 lime_slic_300 seed=4 2.34s
3377 done imagenet vgg13 ILSVRC2012_val_00029916 lime_mask_0.25 seed=0 2.26s
3378 done imagenet vgg13 ILSVRC2012_val_00029916 lime_slic_200 seed=3 2.29s
3379 done imagenet vgg13 ILSVRC2012_val_00029916 rise_grid_10 seed=0 4.46s
3380 done imagenet vgg13 ILSVRC2012_val_00029916 rise_grid_4 seed=2 4.51s
3381 done imagenet vgg13 ILSVRC2012_val_00029916 lime_slic_50 seed=0 2.26s
3382 done imagenet vgg13 ILSVRC2012_val_00029916 rise_grid_10 seed=1 3.28s
3383 done imagenet vgg13 ILSVRC2012_val_00029916 rise_grid_4 seed=0 3.69s
3384 done imagenet vgg13 ILSVRC2012_val_00029916 lime_slic_50 seed=2 2.26s
3385 done imagenet vgg13 ILSVRC2012_val_00029916 lime_mask_0.75 seed=1 2.26s
3386 done imagenet vgg13 ILSVRC2012_val_00029916 lime_slic_200 seed=2 2.22s
3387 done imagenet vgg13 ILSVRC2012_val_00029916 lime_slic_300 seed=3 2.30s
3388 done imagenet vgg13 ILSVRC2012_val_00029916 lime_mask_0.75 seed=3 2.26s
3389 done imagenet vgg13 ILSVRC2012_val_00029916 lime_mask_0.75 seed=2 2.26s
3390 done imagenet vgg13 ILSVRC2012_val_00029916 rise_mask_0.25 seed=4 3.31s
3391 done imagenet vgg13 ILSVRC2012_val_00029916 rise_mask_0.75 seed=2 3.34s
3392 done imagenet vgg13 ILSVRC2012_val_00029916 rise_grid_10 seed=2 3.89s
3393 done imagenet vgg13 ILSVRC2012_val_00029916 lime_slic_300 seed=2 2.37s
3394 done imagenet vgg13 ILSVRC2012_val_00029916 rise_grid_10 seed=3 4.46s
3395 done imagenet vgg13 ILSVRC2012_val_00029916 lime_slic_50 seed=1 2.30s
3396 done imagenet vgg13 ILSVRC2012_val_00029916 rise_mask_0.25 seed=1 4.51s
3397 done imagenet vgg13 ILSVRC2012_val_00029916 rise_grid_14 seed=0 4.27s
3398 done imagenet vgg13 ILSVRC2012_val_00029916 rise_grid_4 seed=3 4.27s
3399 done imagenet vgg13 ILSVRC2012_val_00029916 rise_mask_0.25 seed=0 3.34s
3400 done imagenet vgg13 ILSVRC2012_val_00029916 lime_slic_300 seed=0 2.37s
3401 done imagenet vgg13 ILSVRC2012_val_00030571 lime_mask_0.75 seed=0 2.30s
3402 done imagenet vgg13 ILSVRC2012_val_00030571 lime_mask_0.25 seed=4 2.26s
3403 done imagenet vgg13 ILSVRC2012_val_00030571 lime_mask_0.75 seed=3 2.27s
3404 done imagenet vgg13 ILSVRC2012_val_00030571 lime_slic_50 seed=0 2.27s
3405 done imagenet vgg13 ILSVRC2012_val_00030571 lime_mask_0.75 seed=2 2.27s
3406 done imagenet vgg13 ILSVRC2012_val_00030571 rise_grid_4 seed=3 3.76s
3407 done imagenet vgg13 ILSVRC2012_val_00030571 rise_grid_4 seed=1 3.67s
3408 done imagenet vgg13 ILSVRC2012_val_00030571 rise_grid_4 seed=4 3.69s
3409 done imagenet vgg13 ILSVRC2012_val_00030571 lime_slic_200 seed=1 2.28s
3410 done imagenet vgg13 ILSVRC2012_val_00030571 lime_mask_0.25 seed=2 2.26s
3411 done imagenet vgg13 ILSVRC2012_val_00030571 lime_slic_200 seed=2 2.29s
3412 done imagenet vgg13 ILSVRC2012_val_00030571 lime_slic_200 seed=4 2.28s
3413 done imagenet vgg13 ILSVRC2012_val_00030571 lime_mask_0.25 seed=0 2.25s
3414 done imagenet vgg13 ILSVRC2012_val_00030571 rise_mask_0.75 seed=2 3.37s
3415 done imagenet vgg13 ILSVRC2012_val_00030571 rise_grid_10 seed=2 3.34s
3416 done imagenet vgg13 ILSVRC2012_val_00030571 rise_grid_4 seed=0 3.72s
3417 done imagenet vgg13 ILSVRC2012_val_00030571 rise_mask_0.75 seed=4 3.35s
3418 done imagenet vgg13 ILSVRC2012_val_00030571 lime_mask_0.25 seed=3 2.29s
3419 done imagenet vgg13 ILSVRC2012_val_00030571 rise_grid_14 seed=2 3.13s
3420 done imagenet vgg13 ILSVRC2012_val_00030571 lime_slic_300 seed=3 2.33s
3421 done imagenet vgg13 ILSVRC2012_val_00030571 rise_mask_0.25 seed=2 4.13s
3422 done imagenet vgg13 ILSVRC2012_val_00030571 rise_mask_0.25 seed=4 4.53s
3423 done imagenet vgg13 ILSVRC2012_val_00030571 lime_slic_300 seed=0 2.34s
3424 done imagenet vgg13 ILSVRC2012_val_00030571 rise_grid_14 seed=4 4.28s
3425 done imagenet vgg13 ILSVRC2012_val_00030571 lime_slic_50 seed=4 2.27s
3426 done imagenet vgg13 ILSVRC2012_val_00030571 lime_slic_200 seed=0 2.31s
3427 done imagenet vgg13 ILSVRC2012_val_00030571 rise_grid_10 seed=1 4.51s
3428 done imagenet vgg13 ILSVRC2012_val_00030571 lime_slic_50 seed=2 2.28s
3429 done imagenet vgg13 ILSVRC2012_val_00030571 rise_mask_0.75 seed=0 4.43s
3430 done imagenet vgg13 ILSVRC2012_val_00030571 rise_grid_14 seed=1 4.30s
3431 done imagenet vgg13 ILSVRC2012_val_00030571 rise_grid_10 seed=0 4.30s
3432 done imagenet vgg13 ILSVRC2012_val_00030571 lime_slic_50 seed=1 2.32s
3433 done imagenet vgg13 ILSVRC2012_val_00030571 rise_mask_0.25 seed=0 4.47s
3434 done imagenet vgg13 ILSVRC2012_val_00030571 rise_mask_0.75 seed=3 4.39s
3435 done imagenet vgg13 ILSVRC2012_val_00030571 lime_slic_300 seed=2 2.38s
3436 done imagenet vgg13 ILSVRC2012_val_00030571 lime_slic_200 seed=3 2.37s
3437 done imagenet vgg13 ILSVRC2012_val_00030571 lime_mask_0.25 seed=1 2.32s
3438 done imagenet vgg13 ILSVRC2012_val_00030571 rise_mask_0.25 seed=1 4.24s
3439 done imagenet vgg13 ILSVRC2012_val_00030571 rise_mask_0.75 seed=1 4.20s
3440 done imagenet vgg13 ILSVRC2012_val_00030571 rise_grid_10 seed=4 3.43s
3441 done imagenet vgg13 ILSVRC2012_val_00030571 lime_mask_0.75 seed=1 2.25s
3442 done imagenet vgg13 ILSVRC2012_val_00030571 lime_slic_300 seed=4 2.29s
3443 done imagenet vgg13 ILSVRC2012_val_00030571 lime_slic_300 seed=1 2.31s
3444 done imagenet vgg13 ILSVRC2012_val_00030571 rise_grid_14 seed=3 3.15s
3445 done imagenet vgg13 ILSVRC2012_val_00030571 lime_slic_50 seed=3 2.23s
3446 done imagenet vgg13 ILSVRC2012_val_00030571 rise_grid_10 seed=3 3.35s
3447 done imagenet vgg13 ILSVRC2012_val_00030571 lime_mask_0.75 seed=4 2.25s
3448 done imagenet vgg13 ILSVRC2012_val_00030571 rise_grid_14 seed=0 3.20s
3449 done imagenet vgg13 ILSVRC2012_val_00030571 rise_grid_4 seed=2 3.70s
3450 done imagenet vgg13 ILSVRC2012_val_00030571 rise_mask_0.25 seed=3 3.34s
3451 done imagenet vgg13 ILSVRC2012_val_00031395 lime_slic_200 seed=3 2.35s
3452 done imagenet vgg13 ILSVRC2012_val_00031395 rise_grid_14 seed=4 4.29s
3453 done imagenet vgg13 ILSVRC2012_val_00031395 lime_slic_300 seed=1 2.34s
3454 done imagenet vgg13 ILSVRC2012_val_00031395 lime_slic_50 seed=4 2.27s
3455 done imagenet vgg13 ILSVRC2012_val_00031395 rise_mask_0.75 seed=1 4.53s
3456 done imagenet vgg13 ILSVRC2012_val_00031395 lime_slic_300 seed=2 2.33s
3457 done imagenet vgg13 ILSVRC2012_val_00031395 rise_mask_0.75 seed=3 4.53s
3458 done imagenet vgg13 ILSVRC2012_val_00031395 rise_grid_4 seed=1 4.93s
3459 done imagenet vgg13 ILSVRC2012_val_00031395 rise_grid_10 seed=2 3.38s
3460 done imagenet vgg13 ILSVRC2012_val_00031395 lime_mask_0.75 seed=2 2.32s
3461 done imagenet vgg13 ILSVRC2012_val_00031395 rise_grid_4 seed=2 3.82s
3462 done imagenet vgg13 ILSVRC2012_val_00031395 lime_slic_50 seed=0 2.30s
3463 done imagenet vgg13 ILSVRC2012_val_00031395 rise_mask_0.75 seed=0 3.45s
3464 done imagenet vgg13 ILSVRC2012_val_00031395 lime_slic_200 seed=1 2.52s
3465 done imagenet vgg13 ILSVRC2012_val_00031395 rise_grid_4 seed=3 3.96s
3466 done imagenet vgg13 ILSVRC2012_val_00031395 lime_slic_200 seed=0 2.31s
3467 done imagenet vgg13 ILSVRC2012_val_00031395 lime_slic_200 seed=2 2.31s
3468 done imagenet vgg13 ILSVRC2012_val_00031395 lime_slic_300 seed=3 2.35s
3469 done imagenet vgg13 ILSVRC2012_val_00031395 rise_grid_10 seed=4 3.31s
3470 done imagenet vgg13 ILSVRC2012_val_00031395 lime_slic_50 seed=3 2.43s
3471 done imagenet vgg13 ILSVRC2012_val_00031395 lime_mask_0.25 seed=4 2.43s
3472 done imagenet vgg13 ILSVRC2012_val_00031395 rise_mask_0.25 seed=2 3.43s
3473 done imagenet vgg13 ILSVRC2012_val_00031395 lime_slic_200 seed=4 2.40s
3474 done imagenet vgg13 ILSVRC2012_val_00031395 lime_slic_50 seed=1 2.53s
3475 done imagenet vgg13 ILSVRC2012_val_00031395 lime_mask_0.75 seed=3 2.44s
3476 done imagenet vgg13 ILSVRC2012_val_00031395 lime_mask_0.75 seed=0 2.56s
3477 done imagenet vgg13 ILSVRC2012_val_00031395 lime_mask_0.25 seed=3 2.33s
3478 done imagenet vgg13 ILSVRC2012_val_00031395 rise_grid_4 seed=0 3.67s
3479 done imagenet vgg13 ILSVRC2012_val_00031395 rise_grid_14 seed=1 3.19s
3480 done imagenet vgg13 ILSVRC2012_val_00031395 rise_grid_14 seed=3 4.83s
3481 done imagenet vgg13 ILSVRC2012_val_00031395 lime_slic_300 seed=4 2.88s
3482 done imagenet vgg13 ILSVRC2012_val_00031395 lime_mask_0.25 seed=2 2.48s
3483 done imagenet vgg13 ILSVRC2012_val_00031395 rise_grid_10 seed=0 3.30s
3484 done imagenet vgg13 ILSVRC2012_val_00031395 rise_grid_14 seed=2 3.14s
3485 done imagenet vgg13 ILSVRC2012_val_00031395 rise_grid_4 seed=4 3.73s
3486 done imagenet vgg13 ILSVRC2012_val_00031395 rise_mask_0.75 seed=2 3.34s
3487 done imagenet vgg13 ILSVRC2012_val_00031395 lime_mask_0.25 seed=0 2.28s
3488 done imagenet vgg13 ILSVRC2012_val_00031395 lime_slic_50 seed=2 2.28s
3489 done imagenet vgg13 ILSVRC2012_val_00031395 rise_mask_0.25 seed=0 3.34s
3490 done imagenet vgg13 ILSVRC2012_val_00031395 lime_slic_300 seed=0 2.32s
3491 done imagenet vgg13 ILSVRC2012_val_00031395 rise_grid_10 seed=1 3.29s
3492 done imagenet vgg13 ILSVRC2012_val_00031395 lime_mask_0.75 seed=1 2.27s
3493 done imagenet vgg13 ILSVRC2012_val_00031395 lime_mask_0.25 seed=1 2.27s
3494 done imagenet vgg13 ILSVRC2012_val_00031395 rise_mask_0.25 seed=3 3.34s
3495 done imagenet vgg13 ILSVRC2012_val_00031395 rise_mask_0.25 seed=1 3.33s
3496 done imagenet vgg13 ILSVRC2012_val_00031395 rise_mask_0.75 seed=4 3.34s
3497 done imagenet vgg13 ILSVRC2012_val_00031395 rise_mask_0.25 seed=4 3.34s
3498 done imagenet vgg13 ILSVRC2012_val_00031395 lime_mask_0.75 seed=4 2.27s
3499 done imagenet vgg13 ILSVRC2012_val_00031395 rise_grid_10 seed=3 4.27s
3500 done imagenet vgg13 ILSVRC2012_val_00031395 rise_grid_14 seed=0 4.29s
3501 done imagenet vgg13 ILSVRC2012_val_00033911 rise_mask_0.25 seed=0 4.51s
3502 done imagenet vgg13 ILSVRC2012_val_00033911 lime_slic_300 seed=2 2.31s
3503 done imagenet vgg13 ILSVRC2012_val_00033911 lime_slic_50 seed=4 2.24s
3504 done imagenet vgg13 ILSVRC2012_val_00033911 rise_grid_14 seed=1 3.46s
3505 done imagenet vgg13 ILSVRC2012_val_00033911 rise_mask_0.25 seed=2 3.81s
3506 done imagenet vgg13 ILSVRC2012_val_00033911 lime_slic_300 seed=0 2.34s
3507 done imagenet vgg13 ILSVRC2012_val_00033911 rise_mask_0.25 seed=1 4.52s
3508 done imagenet vgg13 ILSVRC2012_val_00033911 rise_grid_10 seed=1 3.96s
3509 done imagenet vgg13 ILSVRC2012_val_00033911 rise_mask_0.25 seed=4 3.77s
3510 done imagenet vgg13 ILSVRC2012_val_00033911 rise_grid_4 seed=1 4.02s
3511 done imagenet vgg13 ILSVRC2012_val_00033911 rise_grid_4 seed=3 3.81s
3512 done imagenet vgg13 ILSVRC2012_val_00033911 rise_mask_0.75 seed=0 3.35s
3513 done imagenet vgg13 ILSVRC2012_val_00033911 lime_mask_0.25 seed=1 2.27s
3514 done imagenet vgg13 ILSVRC2012_val_00033911 lime_slic_50 seed=3 2.28s
3515 done imagenet vgg13 ILSVRC2012_val_00033911 rise_grid_14 seed=3 3.14s
3516 done imagenet vgg13 ILSVRC2012_val_00033911 lime_slic_200 seed=3 2.32s
3517 done imagenet vgg13 ILSVRC2012_val_00033911 rise_mask_0.75 seed=4 3.35s
3518 done imagenet vgg13 ILSVRC2012_val_00033911 lime_slic_50 seed=0 2.29s
3519 done imagenet vgg13 ILSVRC2012_val_00033911 lime_mask_0.75 seed=4 2.30s
3520 done imagenet vgg13 ILSVRC2012_val_00033911 lime_slic_200 seed=0 2.32s
3521 done imagenet vgg13 ILSVRC2012_val_00033911 lime_slic_200 seed=2 2.32s
3522 done imagenet vgg13 ILSVRC2012_val_00033911 lime_slic_50 seed=1 2.27s
3523 done imagenet vgg13 ILSVRC2012_val_00033911 lime_slic_200 seed=1 2.30s
3524 done imagenet vgg13 ILSVRC2012_val_00033911 rise_mask_0.75 seed=2 3.33s
3525 done imagenet vgg13 ILSVRC2012_val_00033911 lime_mask_0.25 seed=4 2.26s
3526 done imagenet vgg13 ILSVRC2012_val_00033911 lime_mask_0.25 seed=0 2.27s
3527 done imagenet vgg13 ILSVRC2012_val_00033911 lime_mask_0.75 seed=3 2.27s
3528 done imagenet vgg13 ILSVRC2012_val_00033911 lime_slic_200 seed=4 2.32s
3529 done imagenet vgg13 ILSVRC2012_val_00033911 rise_mask_0.75 seed=3 3.34s
3530 done imagenet vgg13 ILSVRC2012_val_00033911 rise_grid_14 seed=4 3.14s
3531 done imagenet vgg13 ILSVRC2012_val_00033911 rise_grid_4 seed=0 3.70s
3532 done imagenet vgg13 ILSVRC2012_val_00033911 rise_grid_4 seed=4 3.69s
3533 done imagenet vgg13 ILSVRC2012_val_00033911 rise_grid_10 seed=4 3.29s
3534 done imagenet vgg13 ILSVRC2012_val_00033911 lime_slic_300 seed=3 2.34s
3535 done imagenet vgg13 ILSVRC2012_val_00033911 lime_slic_300 seed=1 2.33s
3536 done imagenet vgg13 ILSVRC2012_val_00033911 lime_slic_300 seed=4 2.33s
3537 done imagenet vgg13 ILSVRC2012_val_00033911 rise_mask_0.75 seed=1 3.38s
3538 done imagenet vgg13 ILSVRC2012_val_00033911 lime_mask_0.25 seed=2 2.26s
3539 done imagenet vgg13 ILSVRC2012_val_00033911 rise_grid_10 seed=2 3.39s
3540 done imagenet vgg13 ILSVRC2012_val_00033911 lime_mask_0.75 seed=1 2.23s
3541 done imagenet vgg13 ILSVRC2012_val_00033911 lime_mask_0.25 seed=3 2.22s
3542 done imagenet vgg13 ILSVRC2012_val_00033911 rise_mask_0.25 seed=3 3.32s
3543 done imagenet vgg13 ILSVRC2012_val_00033911 rise_grid_14 seed=0 3.11s
3544 done imagenet vgg13 ILSVRC2012_val_00033911 rise_grid_14 seed=2 3.11s
3545 done imagenet vgg13 ILSVRC2012_val_00033911 lime_slic_50 seed=2 2.22s
3546 done imagenet vgg13 ILSVRC2012_val_00033911 lime_mask_0.75 seed=2 2.21s
3547 done imagenet vgg13 ILSVRC2012_val_00033911 rise_grid_10 seed=0 3.27s
3548 done imagenet vgg13 ILSVRC2012_val_00033911 rise_grid_10 seed=3 3.27s
3549 done imagenet vgg13 ILSVRC2012_val_00033911 lime_mask_0.75 seed=0 2.22s
3550 done imagenet vgg13 ILSVRC2012_val_00033911 rise_grid_4 seed=2 3.67s
3551 done imagenet vgg13 ILSVRC2012_val_00038443 lime_mask_0.25 seed=3 2.21s
3552 done imagenet vgg13 ILSVRC2012_val_00038443 rise_grid_10 seed=0 3.27s
3553 done imagenet vgg13 ILSVRC2012_val_00038443 rise_mask_0.25 seed=0 3.34s
3554 done imagenet vgg13 ILSVRC2012_val_00038443 lime_slic_300 seed=0 2.29s
3555 done imagenet vgg13 ILSVRC2012_val_00038443 rise_mask_0.75 seed=1 3.35s
3556 done imagenet vgg13 ILSVRC2012_val_00038443 lime_slic_300 seed=4 2.29s
3557 done imagenet vgg13 ILSVRC2012_val_00038443 rise_mask_0.25 seed=4 3.33s
3558 done imagenet vgg13 ILSVRC2012_val_00038443 rise_mask_0.75 seed=0 3.34s
3559 done imagenet vgg13 ILSVRC2012_val_00038443 rise_grid_14 seed=4 3.12s
3560 done imagenet vgg13 ILSVRC2012_val_00038443 rise_grid_4 seed=4 3.68s
3561 done imagenet vgg13 ILSVRC2012_val_00038443 lime_slic_50 seed=4 2.23s
3562 done imagenet vgg13 ILSVRC2012_val_00038443 lime_mask_0.75 seed=0 2.26s
3563 done imagenet vgg13 ILSVRC2012_val_00038443 lime_slic_200 seed=1 2.26s
3564 done imagenet vgg13 ILSVRC2012_val_00038443 rise_mask_0.75 seed=2 3.38s
3565 done imagenet vgg13 ILSVRC2012_val_00038443 rise_mask_0.25 seed=2 3.33s
3566 done imagenet vgg13 ILSVRC2012_val_00038443 rise_grid_14 seed=3 3.13s
3567 done imagenet vgg13 ILSVRC2012_val_00038443 lime_slic_200 seed=3 2.27s
3568 done imagenet vgg13 ILSVRC2012_val_00038443 rise_grid_14 seed=1 3.13s
3569 done imagenet vgg13 ILSVRC2012_val_00038443 lime_mask_0.25 seed=0 2.24s
3570 done imagenet vgg13 ILSVRC2012_val_00038443 rise_mask_0.75 seed=4 3.31s
3571 done imagenet vgg13 ILSVRC2012_val_00038443 lime_slic_300 seed=3 2.34s
3572 done imagenet vgg13 ILSVRC2012_val_00038443 lime_slic_50 seed=0 2.30s
3573 done imagenet vgg13 ILSVRC2012_val_00038443 rise_grid_4 seed=2 3.78s
3574 done imagenet vgg13 ILSVRC2012_val_00038443 lime_slic_200 seed=4 2.40s
3575 done imagenet vgg13 ILSVRC2012_val_00038443 rise_mask_0.75 seed=3 4.56s
3576 done imagenet vgg13 ILSVRC2012_val_00038443 rise_mask_0.25 seed=1 4.62s
3577 done imagenet vgg13 ILSVRC2012_val_00038443 rise_grid_10 seed=4 4.57s
3578 done imagenet vgg13 ILSVRC2012_val_00038443 rise_grid_14 seed=2 3.27s
3579 done imagenet vgg13 ILSVRC2012_val_00038443 lime_slic_300 seed=2 2.38s
3580 done imagenet vgg13 ILSVRC2012_val_00038443 lime_mask_0.75 seed=1 2.39s
3581 done imagenet vgg13 ILSVRC2012_val_00038443 lime_slic_200 seed=2 2.30s
3582 done imagenet vgg13 ILSVRC2012_val_00038443 lime_mask_0.75 seed=4 2.28s
3583 done imagenet vgg13 ILSVRC2012_val_00038443 rise_grid_4 seed=3 4.95s
3584 done imagenet vgg13 ILSVRC2012_val_00038443 lime_slic_200 seed=0 2.33s
3585 done imagenet vgg13 ILSVRC2012_val_00038443 rise_grid_10 seed=3 4.23s
3586 done imagenet vgg13 ILSVRC2012_val_00038443 rise_grid_4 seed=0 4.88s
3587 done imagenet vgg13 ILSVRC2012_val_00038443 rise_grid_4 seed=1 4.92s
3588 done imagenet vgg13 ILSVRC2012_val_00038443 lime_mask_0.25 seed=2 2.32s
3589 done imagenet vgg13 ILSVRC2012_val_00038443 rise_mask_0.25 seed=3 4.58s
3590 done imagenet vgg13 ILSVRC2012_val_00038443 lime_mask_0.75 seed=2 2.33s
3591 done imagenet vgg13 ILSVRC2012_val_00038443 lime_mask_0.25 seed=4 2.31s
3592 done imagenet vgg13 ILSVRC2012_val_00038443 lime_mask_0.75 seed=3 2.32s
3593 done imagenet vgg13 ILSVRC2012_val_00038443 rise_grid_10 seed=2 4.22s
3594 done imagenet vgg13 ILSVRC2012_val_00038443 rise_grid_14 seed=0 3.55s
3595 done imagenet vgg13 ILSVRC2012_val_00038443 rise_grid_10 seed=1 4.59s
3596 done imagenet vgg13 ILSVRC2012_val_00038443 lime_slic_50 seed=1 2.33s
3597 done imagenet vgg13 ILSVRC2012_val_00038443 lime_mask_0.25 seed=1 2.26s
3598 done imagenet vgg13 ILSVRC2012_val_00038443 lime_slic_50 seed=3 2.27s
3599 done imagenet vgg13 ILSVRC2012_val_00038443 lime_slic_300 seed=1 2.35s
3600 done imagenet vgg13 ILSVRC2012_val_00038443 lime_slic_50 seed=2 2.26s
3601 done imagenet vgg13 ILSVRC2012_val_00039743 lime_slic_50 seed=3 2.26s
3602 done imagenet vgg13 ILSVRC2012_val_00039743 lime_slic_200 seed=3 2.29s
3603 done imagenet vgg13 ILSVRC2012_val_00039743 rise_mask_0.75 seed=2 4.52s
3604 done imagenet vgg13 ILSVRC2012_val_00039743 lime_mask_0.75 seed=4 2.28s
3605 done imagenet vgg13 ILSVRC2012_val_00039743 lime_slic_200 seed=2 2.31s
3606 done imagenet vgg13 ILSVRC2012_val_00039743 lime_slic_50 seed=2 2.27s
3607 done imagenet vgg13 ILSVRC2012_val_00039743 rise_grid_10 seed=3 3.28s
3608 done imagenet vgg13 ILSVRC2012_val_00039743 rise_grid_10 seed=4 3.29s
3609 done imagenet vgg13 ILSVRC2012_val_00039743 rise_grid_4 seed=1 3.68s
3610 done imagenet vgg13 ILSVRC2012_val_00039743 rise_mask_0.25 seed=2 3.68s
3611 done imagenet vgg13 ILSVRC2012_val_00039743 rise_mask_0.75 seed=1 4.41s
3612 done imagenet vgg13 ILSVRC2012_val_00039743 lime_mask_0.75 seed=1 2.30s
3613 done imagenet vgg13 ILSVRC2012_val_00039743 rise_grid_10 seed=0 4.34s
3614 done imagenet vgg13 ILSVRC2012_val_00039743 rise_mask_0.75 seed=4 4.56s
3615 done imagenet vgg13 ILSVRC2012_val_00039743 lime_mask_0.75 seed=0 2.28s
3616 done imagenet vgg13 ILSVRC2012_val_00039743 lime_mask_0.75 seed=3 2.29s
3617 done imagenet vgg13 ILSVRC2012_val_00039743 lime_slic_300 seed=4 2.34s
3618 done imagenet vgg13 ILSVRC2012_val_00039743 lime_slic_50 seed=1 2.27s
3619 done imagenet vgg13 ILSVRC2012_val_00039743 lime_mask_0.25 seed=0 2.33s
3620 done imagenet vgg13 ILSVRC2012_val_00039743 lime_slic_300 seed=2 2.37s
3621 done imagenet vgg13 ILSVRC2012_val_00039743 rise_mask_0.25 seed=1 4.48s
3622 done imagenet vgg13 ILSVRC2012_val_00039743 rise_grid_10 seed=1 4.36s
3623 done imagenet vgg13 ILSVRC2012_val_00039743 lime_mask_0.25 seed=1 2.28s
3624 done imagenet vgg13 ILSVRC2012_val_00039743 lime_slic_300 seed=0 2.35s
3625 done imagenet vgg13 ILSVRC2012_val_00039743 lime_slic_50 seed=0 2.30s
3626 done imagenet vgg13 ILSVRC2012_val_00039743 rise_grid_10 seed=2 3.91s
3627 done imagenet vgg13 ILSVRC2012_val_00039743 lime_slic_50 seed=4 2.29s
3628 done imagenet vgg13 ILSVRC2012_val_00039743 lime_slic_200 seed=4 2.29s
3629 done imagenet vgg13 ILSVRC2012_val_00039743 rise_grid_14 seed=1 3.28s
3630 done imagenet vgg13 ILSVRC2012_val_00039743 lime_mask_0.25 seed=2 2.28s
3631 done imagenet vgg13 ILSVRC2012_val_00039743 rise_grid_4 seed=2 4.73s
3632 done imagenet vgg13 ILSVRC2012_val_00039743 rise_grid_14 seed=4 4.29s
3633 done imagenet vgg13 ILSVRC2012_val_00039743 rise_grid_14 seed=0 4.32s
3634 done imagenet vgg13 ILSVRC2012_val_00039743 rise_grid_14 seed=2 3.95s
3635 done imagenet vgg13 ILSVRC2012_val_00039743 rise_mask_0.75 seed=0 3.36s
3636 done imagenet vgg13 ILSVRC2012_val_00039743 lime_slic_300 seed=3 2.34s
3637 done imagenet vgg13 ILSVRC2012_val_00039743 lime_slic_300 seed=1 2.34s
3638 done imagenet vgg13 ILSVRC2012_val_00039743 lime_mask_0.25 seed=4 2.29s
3639 done imagenet vgg13 ILSVRC2012_val_00039743 rise_grid_4 seed=3 4.95s
3640 done imagenet vgg13 ILSVRC2012_val_00039743 lime_slic_200 seed=0 2.32s
3641 done imagenet vgg13 ILSVRC2012_val_00039743 rise_mask_0.75 seed=3 3.65s
3642 done imagenet vgg13 ILSVRC2012_val_00039743 lime_mask_0.25 seed=3 2.24s
3643 done imagenet vgg13 ILSVRC2012_val_00039743 lime_mask_0.75 seed=2 2.24s
3644 done imagenet vgg13 ILSVRC2012_val_00039743 lime_slic_200 seed=1 2.28s
3645 done imagenet vgg13 ILSVRC2012_val_00039743 rise_mask_0.25 seed=3 4.41s
3646 done imagenet vgg13 ILSVRC2012_val_00039743 rise_grid_14 seed=3 3.24s
3647 done imagenet vgg13 ILSVRC2012_val_00039743 rise_mask_0.25 seed=4 4.40s
3648 done imagenet vgg13 ILSVRC2012_val_00039743 rise_grid_4 seed=0 4.27s
3649 done imagenet vgg13 ILSVRC2012_val_00039743 rise_mask_0.25 seed=0 4.57s
3650 done imagenet vgg13 ILSVRC2012_val_00039743 rise_grid_4 seed=4 4.37s
3651 done imagenet vgg13 ILSVRC2012_val_00043823 lime_mask_0.25 seed=4 2.31s
3652 done imagenet vgg13 ILSVRC2012_val_00043823 rise_mask_0.75 seed=3 3.80s
3653 done imagenet vgg13 ILSVRC2012_val_00043823 rise_grid_14 seed=4 3.56s
3654 done imagenet vgg13 ILSVRC2012_val_00043823 rise_grid_4 seed=1 4.76s
3655 done imagenet vgg13 ILSVRC2012_val_00043823 rise_grid_10 seed=0 3.96s
3656 done imagenet vgg13 ILSVRC2012_val_00043823 lime_slic_300 seed=1 2.37s
3657 done imagenet vgg13 ILSVRC2012_val_00043823 rise_mask_0.25 seed=2 4.05s
3658 done imagenet vgg13 ILSVRC2012_val_00043823 lime_slic_200 seed=4 2.31s
3659 done imagenet vgg13 ILSVRC2012_val_00043823 lime_slic_300 seed=3 2.35s
3660 done imagenet vgg13 ILSVRC2012_val_00043823 lime_slic_50 seed=0 2.31s
3661 done imagenet vgg13 ILSVRC2012_val_00043823 lime_mask_0.25 seed=0 2.30s
3662 done imagenet vgg13 ILSVRC2012_val_00043823 lime_mask_0.75 seed=0 2.32s
3663 done imagenet vgg13 ILSVRC2012_val_00043823 rise_grid_4 seed=2 3.87s
3664 done imagenet vgg13 ILSVRC2012_val_00043823 lime_slic_200 seed=3 2.28s
3665 done imagenet vgg13 ILSVRC2012_val_00043823 lime_slic_200 seed=0 2.31s
3666 done imagenet vgg13 ILSVRC2012_val_00043823 rise_mask_0.25 seed=1 4.55s
3667 done imagenet vgg13 ILSVRC2012_val_00043823 lime_mask_0.25 seed=3 2.33s
3668 done imagenet vgg13 ILSVRC2012_val_00043823 rise_grid_14 seed=1 4.37s
3669 done imagenet vgg13 ILSVRC2012_val_00043823 lime_mask_0.25 seed=1 2.30s
3670 done imagenet vgg13 ILSVRC2012_val_00043823 lime_mask_0.75 seed=1 2.24s
3671 done imagenet vgg13 ILSVRC2012_val_00043823 rise_grid_4 seed=3 4.94s
3672 done imagenet vgg13 ILSVRC2012_val_00043823 lime_mask_0.25 seed=2 2.33s
3673 done imagenet vgg13 ILSVRC2012_val_00043823 rise_grid_14 seed=0 4.03s
3674 done imagenet vgg13 ILSVRC2012_val_00043823 rise_grid_14 seed=2 4.02s
3675 done imagenet vgg13 ILSVRC2012_val_00043823 lime_slic_300 seed=0 2.35s
3676 done imagenet vgg13 ILSVRC2012_val_00043823 lime_slic_300 seed=4 2.31s
3677 done imagenet vgg13 ILSVRC2012_val_00043823 lime_slic_300 seed=2 2.32s
3678 done imagenet vgg13 ILSVRC2012_val_00043823 lime_slic_50 seed=2 2.29s
3679 done imagenet vgg13 ILSVRC2012_val_00043823 lime_mask_0.75 seed=3 2.30s
3680 done imagenet vgg13 ILSVRC2012_val_00043823 rise_mask_0.75 seed=0 4.44s
3681 done imagenet vgg13 ILSVRC2012_val_00043823 rise_mask_0.25 seed=4 4.26s
3682 done imagenet vgg13 ILSVRC2012_val_00043823 rise_mask_0.25 seed=0 4.55s
3683 done imagenet vgg13 ILSVRC2012_val_00043823 rise_grid_10 seed=2 4.37s
3684 done imagenet vgg13 ILSVRC2012_val_00043823 lime_mask_0.75 seed=2 2.31s
3685 done imagenet vgg13 ILSVRC2012_val_00043823 rise_grid_4 seed=0 4.91s
3686 done imagenet vgg13 ILSVRC2012_val_00043823 rise_mask_0.25 seed=3 4.53s
3687 done imagenet vgg13 ILSVRC2012_val_00043823 rise_grid_10 seed=1 3.33s
3688 done imagenet vgg13 ILSVRC2012_val_00043823 rise_grid_10 seed=3 4.24s
3689 done imagenet vgg13 ILSVRC2012_val_00043823 rise_mask_0.75 seed=2 4.28s
3690 done imagenet vgg13 ILSVRC2012_val_00043823 lime_mask_0.75 seed=4 2.36s
3691 done imagenet vgg13 ILSVRC2012_val_00043823 lime_slic_50 seed=3 2.36s
3692 done imagenet vgg13 ILSVRC2012_val_00043823 rise_grid_14 seed=3 4.14s
3693 done imagenet vgg13 ILSVRC2012_val_00043823 rise_mask_0.75 seed=1 3.97s
3694 done imagenet vgg13 ILSVRC2012_val_00043823 rise_grid_10 seed=4 4.49s
3695 done imagenet vgg13 ILSVRC2012_val_00043823 rise_mask_0.75 seed=4 4.41s
3696 done imagenet vgg13 ILSVRC2012_val_00043823 lime_slic_50 seed=1 2.31s
3697 done imagenet vgg13 ILSVRC2012_val_00043823 lime_slic_200 seed=2 2.37s
3698 done imagenet vgg13 ILSVRC2012_val_00043823 lime_slic_50 seed=4 2.28s
3699 done imagenet vgg13 ILSVRC2012_val_00043823 rise_grid_4 seed=4 4.97s
3700 done imagenet vgg13 ILSVRC2012_val_00043823 lime_slic_200 seed=1 2.32s
3701 done imagenet vgg13 ILSVRC2012_val_00045743 rise_mask_0.75 seed=1 3.76s
3702 done imagenet vgg13 ILSVRC2012_val_00045743 lime_slic_50 seed=1 2.29s
3703 done imagenet vgg13 ILSVRC2012_val_00045743 rise_mask_0.75 seed=4 4.22s
3704 done imagenet vgg13 ILSVRC2012_val_00045743 rise_mask_0.75 seed=0 4.43s
3705 done imagenet vgg13 ILSVRC2012_val_00045743 rise_mask_0.25 seed=4 3.68s
3706 done imagenet vgg13 ILSVRC2012_val_00045743 lime_slic_200 seed=0 2.34s
3707 done imagenet vgg13 ILSVRC2012_val_00045743 rise_grid_4 seed=1 4.92s
3708 done imagenet vgg13 ILSVRC2012_val_00045743 lime_mask_0.75 seed=3 2.24s
3709 done imagenet vgg13 ILSVRC2012_val_00045743 rise_mask_0.75 seed=3 4.29s
3710 done imagenet vgg13 ILSVRC2012_val_00045743 rise_grid_4 seed=0 4.92s
3711 done imagenet vgg13 ILSVRC2012_val_00045743 rise_grid_14 seed=0 4.31s
3712 done imagenet vgg13 ILSVRC2012_val_00045743 lime_slic_50 seed=4 2.33s
3713 done imagenet vgg13 ILSVRC2012_val_00045743 rise_grid_10 seed=3 4.47s
3714 done imagenet vgg13 ILSVRC2012_val_00045743 lime_slic_200 seed=2 2.36s
3715 done imagenet vgg13 ILSVRC2012_val_00045743 lime_slic_300 seed=1 2.39s
3716 done imagenet vgg13 ILSVRC2012_val_00045743 lime_mask_0.25 seed=1 2.33s
3717 done imagenet vgg13 ILSVRC2012_val_00045743 lime_slic_50 seed=0 2.31s
3718 done imagenet vgg13 ILSVRC2012_val_00045743 lime_slic_300 seed=3 2.36s
3719 done imagenet vgg13 ILSVRC2012_val_00045743 rise_grid_10 seed=1 3.96s
3720 done imagenet vgg13 ILSVRC2012_val_00045743 rise_grid_10 seed=0 4.46s
3721 done imagenet vgg13 ILSVRC2012_val_00045743 rise_grid_14 seed=2 4.31s
3722 done imagenet vgg13 ILSVRC2012_val_00045743 lime_mask_0.25 seed=3 2.33s
3723 done imagenet vgg13 ILSVRC2012_val_00045743 lime_slic_300 seed=2 2.38s
3724 done imagenet vgg13 ILSVRC2012_val_00045743 rise_grid_10 seed=4 4.47s
3725 done imagenet vgg13 ILSVRC2012_val_00045743 rise_grid_4 seed=4 4.96s
3726 done imagenet vgg13 ILSVRC2012_val_00045743 rise_grid_14 seed=1 4.38s
3727 done imagenet vgg13 ILSVRC2012_val_00045743 rise_mask_0.25 seed=3 4.16s
3728 done imagenet vgg13 ILSVRC2012_val_00045743 lime_slic_300 seed=0 2.40s
3729 done imagenet vgg13 ILSVRC2012_val_00045743 lime_slic_200 seed=4 2.38s
3730 done imagenet vgg13 ILSVRC2012_val_00045743 rise_grid_4 seed=2 4.63s
3731 done imagenet vgg13 ILSVRC2012_val_00045743 lime_slic_200 seed=3 2.33s
3732 done imagenet vgg13 ILSVRC2012_val_00045743 rise_mask_0.25 seed=1 4.32s
3733 done imagenet vgg13 ILSVRC2012_val_00045743 lime_mask_0.75 seed=0 2.34s
3734 done imagenet vgg13 ILSVRC2012_val_00045743 lime_slic_50 seed=2 2.31s
3735 done imagenet vgg13 ILSVRC2012_val_00045743 rise_mask_0.75 seed=2 4.55s
3736 done imagenet vgg13 ILSVRC2012_val_00045743 rise_grid_10 seed=2 3.82s
3737 done imagenet vgg13 ILSVRC2012_val_00045743 rise_grid_4 seed=3 3.69s
3738 done imagenet vgg13 ILSVRC2012_val_00045743 lime_mask_0.25 seed=0 2.22s
3739 done imagenet vgg13 ILSVRC2012_val_00045743 rise_grid_14 seed=3 3.52s
3740 done imagenet vgg13 ILSVRC2012_val_00045743 lime_slic_50 seed=3 2.23s
3741 done imagenet vgg13 ILSVRC2012_val_00045743 rise_mask_0.25 seed=0 4.46s
3742 done imagenet vgg13 ILSVRC2012_val_00045743 lime_mask_0.75 seed=4 2.26s
3743 done imagenet vgg13 ILSVRC2012_val_00045743 lime_mask_0.25 seed=4 2.37s
3744 done imagenet vgg13 ILSVRC2012_val_00045743 rise_grid_14 seed=4 3.26s
3745 done imagenet vgg13 ILSVRC2012_val_00045743 lime_slic_300 seed=4 2.29s
3746 done imagenet vgg13 ILSVRC2012_val_00045743 lime_mask_0.75 seed=1 2.26s
3747 done imagenet vgg13 ILSVRC2012_val_00045743 rise_mask_0.25 seed=2 3.55s
3748 done imagenet vgg13 ILSVRC2012_val_00045743 lime_mask_0.25 seed=2 2.28s
3749 done imagenet vgg13 ILSVRC2012_val_00045743 lime_mask_0.75 seed=2 2.26s
3750 done imagenet vgg13 ILSVRC2012_val_00045743 lime_slic_200 seed=1 2.30s
3751 done imagenet vgg13 ILSVRC2012_val_00046462 rise_grid_4 seed=3 4.82s
3752 done imagenet vgg13 ILSVRC2012_val_00046462 lime_mask_0.25 seed=2 2.33s
3753 done imagenet vgg13 ILSVRC2012_val_00046462 lime_slic_300 seed=0 2.39s
3754 done imagenet vgg13 ILSVRC2012_val_00046462 lime_slic_50 seed=0 2.33s
3755 done imagenet vgg13 ILSVRC2012_val_00046462 rise_mask_0.25 seed=0 4.65s
3756 done imagenet vgg13 ILSVRC2012_val_00046462 rise_mask_0.75 seed=4 3.76s
3757 done imagenet vgg13 ILSVRC2012_val_00046462 lime_slic_300 seed=4 2.32s
3758 done imagenet vgg13 ILSVRC2012_val_00046462 rise_grid_4 seed=0 4.90s
3759 done imagenet vgg13 ILSVRC2012_val_00046462 rise_grid_10 seed=1 3.99s
3760 done imagenet vgg13 ILSVRC2012_val_00046462 rise_mask_0.25 seed=2 4.53s
3761 done imagenet vgg13 ILSVRC2012_val_00046462 lime_mask_0.25 seed=1 2.29s
3762 done imagenet vgg13 ILSVRC2012_val_00046462 rise_grid_14 seed=1 4.29s
3763 done imagenet vgg13 ILSVRC2012_val_00046462 lime_slic_300 seed=1 2.37s
3764 done imagenet vgg13 ILSVRC2012_val_00046462 rise_grid_4 seed=4 4.75s
3765 done imagenet vgg13 ILSVRC2012_val_00046462 rise_mask_0.75 seed=2 4.24s
3766 done imagenet vgg13 ILSVRC2012_val_00046462 lime_mask_0.25 seed=3 2.26s
3767 done imagenet vgg13 ILSVRC2012_val_00046462 lime_mask_0.75 seed=3 2.29s
3768 done imagenet vgg13 ILSVRC2012_val_00046462 lime_mask_0.75 seed=1 2.32s
3769 done imagenet vgg13 ILSVRC2012_val_00046462 rise_grid_4 seed=1 4.90s
3770 done imagenet vgg13 ILSVRC2012_val_00046462 lime_slic_200 seed=1 2.35s
3771 done imagenet vgg13 ILSVRC2012_val_00046462 rise_mask_0.25 seed=3 4.22s
3772 done imagenet vgg13 ILSVRC2012_val_00046462 rise_grid_14 seed=2 3.31s
3773 done imagenet vgg13 ILSVRC2012_val_00046462 lime_mask_0.75 seed=2 2.28s
3774 done imagenet vgg13 ILSVRC2012_val_00046462 lime_slic_200 seed=4 2.38s
3775 done imagenet vgg13 ILSVRC2012_val_00046462 rise_mask_0.75 seed=1 4.53s
3776 done imagenet vgg13 ILSVRC2012_val_00046462 lime_mask_0.25 seed=0 2.34s
3777 done imagenet vgg13 ILSVRC2012_val_00046462 rise_grid_14 seed=4 4.29s
3778 done imagenet vgg13 ILSVRC2012_val_00046462 rise_grid_14 seed=3 3.88s
3779 done imagenet vgg13 ILSVRC2012_val_00046462 rise_grid_4 seed=2 4.41s
3780 done imagenet vgg13 ILSVRC2012_val_00046462 rise_grid_10 seed=4 4.46s
3781 done imagenet vgg13 ILSVRC2012_val_00046462 rise_grid_10 seed=2 4.27s
3782 done imagenet vgg13 ILSVRC2012_val_00046462 rise_mask_0.75 seed=3 5.38s
3783 done imagenet vgg13 ILSVRC2012_val_00046462 rise_grid_10 seed=0 4.52s
3784 done imagenet vgg13 ILSVRC2012_val_00046462 lime_slic_200 seed=3 2.81s
3785 done imagenet vgg13 ILSVRC2012_val_00046462 rise_grid_14 seed=0 4.26s
3786 done imagenet vgg13 ILSVRC2012_val_00046462 lime_mask_0.75 seed=4 2.32s
3787 done imagenet vgg13 ILSVRC2012_val_00046462 lime_slic_50 seed=4 2.33s
3788 done imagenet vgg13 ILSVRC2012_val_00046462 lime_slic_200 seed=0 2.37s
3789 done imagenet vgg13 ILSVRC2012_val_00046462 lime_mask_0.25 seed=4 2.28s
3790 done imagenet vgg13 ILSVRC2012_val_00046462 lime_mask_0.75 seed=0 2.32s
3791 done imagenet vgg13 ILSVRC2012_val_00046462 rise_mask_0.25 seed=4 3.86s
3792 done imagenet vgg13 ILSVRC2012_val_00046462 rise_mask_0.25 seed=1 4.57s
3793 done imagenet vgg13 ILSVRC2012_val_00046462 lime_slic_50 seed=1 2.35s
3794 done imagenet vgg13 ILSVRC2012_val_00046462 rise_grid_10 seed=3 4.12s
3795 done imagenet vgg13 ILSVRC2012_val_00046462 lime_slic_300 seed=3 2.31s
3796 done imagenet vgg13 ILSVRC2012_val_00046462 lime_slic_200 seed=2 2.29s
3797 done imagenet vgg13 ILSVRC2012_val_00046462 rise_mask_0.75 seed=0 3.38s
3798 done imagenet vgg13 ILSVRC2012_val_00046462 lime_slic_50 seed=2 2.26s
3799 done imagenet vgg13 ILSVRC2012_val_00046462 lime_slic_50 seed=3 2.24s
3800 done imagenet vgg13 ILSVRC2012_val_00046462 lime_slic_300 seed=2 2.29s
